timestamp,x_sgp4,y_sgp4,z_sgp4,vx,vy,vz,satellite,x_cpf,y_cpf,z_cpf,dx,dy,dz,residual
2026-07-11 00:00:00,-5119.847282545135,-3737.3118633204417,4654.209579451903,1.2947075204746554,-6.083681351435713,-3.4653324530735494,AJISAI (EGS),1875.497685,-6054.8083799999995,4654.367848,6995.344967545136,-2317.4965166795578,0.15826854809711222,7369.236143918165
2026-07-11 00:04:00,-4691.236897280707,-5098.109166975384,3719.461103863274,2.263137578246694,-5.211529950656205,-4.29364382676392,AJISAI (EGS),3194.666344,-6147.400078,3719.624561,7885.903241280707,-1049.2909110246155,0.16345713672626516,7955.405795653586
2026-07-11 00:08:00,-4042.0069261834597,-6219.140151273791,2609.42577263108,3.125919345551821,-4.093439513978195,-4.9202248747092545,AJISAI (EGS),4365.565048,-5996.307734,2609.586323,8407.57197418346,222.83241727379118,0.16055036892021235,8410.524407731045
2026-07-11 00:12:00,-3202.5394918681563,-7047.454820136581,1376.3205355701784,3.8421399153590023,-2.781833314469855,-5.315106220424079,AJISAI (EGS),5341.833017,-5602.36647,1376.469431,8544.372508868157,1445.0883501365806,0.14889542982155035,8665.713007720266
2026-07-11 00:16:00,-2212.254265389384,-7543.872351780603,78.26574362634886,4.377720133075122,-1.3385780782240944,-5.459282443516133,AJISAI (EGS),6085.976829,-4976.3720140000005,78.394479,8298.231094389384,2567.5003377806024,0.12873537365113918,8686.35120732331
2026-07-11 00:20:00,-1117.7520708928362,-7684.900133380723,-1223.4818286598336,4.707154583413231,0.16799382765343251,-5.345743172521313,AJISAI (EGS),6570.843927,-4138.938798,-1223.379999,7688.595997892836,3545.9613353807226,0.10182965983358372,8466.897319632386
2026-07-11 00:24:00,29.40915288878408,-7463.886351289571,-2467.468700370072,4.814814791274971,1.6664606520341645,-4.979869503510795,AJISAI (EGS),6780.610519000001,-3119.908562,-2467.3979870000003,6751.201366111217,4343.977789289571,0.07071337007164402,8028.004915582915
2026-07-11 00:28:00,1175.188489479677,-6891.336024754568,-3594.9986161414954,4.695717515480004,3.085866547647853,-4.3791545729328005,AJISAI (EGS),6711.234361,-1957.3205719999999,-3594.961554,5536.045871520323,4934.015452754568,0.03706214149542575,7415.680169813939
2026-07-11 00:32:00,2265.6512129837342,-5994.37619676213,-4552.940268693411,4.355712507341233,4.359216565870248,-3.5722740572503877,AJISAI (EGS),6370.361166000001,-695.989617,-4552.938073,4104.709953016267,5298.38657976213,0.0021956934106128756,6702.3536274206745
2026-07-11 00:36:00,3249.5339695671255,-4815.411888450076,-5296.2420454446565,3.8111019086616302,5.426691477317938,-2.5975926017410518,AJISAI (EGS),5776.713224,614.240683,-5296.274595,2527.1792544328746,5429.652571450076,-0.03254955534339388,5988.970030961066
2026-07-11 00:40:00,4080.656017094128,-3410.061630198898,-5790.032851063431,3.0877516998761445,6.238413421230802,-1.501231214847303,AJISAI (EGS),4959.0139850000005,1920.489338,-5790.098897,878.3579679058726,5330.550968198898,-0.0660459365690258,5402.433372908175
2026-07-11 00:44:00,4720.0649259599795,-1844.4943043860128,-6011.2200316227145,2.2197836621277305,6.756657874805529,-0.33483205655514925,AJISAI (EGS),3954.526531,3168.9850269999997,-6011.316946000001,-765.5383949599795,5013.479331386013,-0.096914377286339,5071.589893690641
2026-07-11 00:48:00,5137.82746108935,-192.30684795600644,-5949.527137198494,1.2479417006648765,6.957465015619595,0.8468554656922685,AJISAI (EGS),2807.2953909999997,4307.282781999999,-5949.650905,-2330.532070089351,4499.589629956005,-0.12376780150680133,5067.315520375758
2026-07-11 00:52:00,5314.397775101471,1468.9112806961439,-5607.941187312875,0.21771519837668374,6.8316392302354805,1.988467913364714,AJISAI (EGS),1566.178634,5286.470018,-5608.0876339999995,-3748.219141101471,3817.558737303856,-0.1464466871248078,5350.037519861996
2026-07-11 00:56:00,5241.5129028435085,3061.180018621471,-5002.560082333202,-0.8227140239014487,6.385135487735985,3.036522798285532,AJISAI (EGS),282.752293,6063.281297,-5002.726267,-4958.760609843508,3002.1012783785295,-0.16618466679756239,5796.716216876146
2026-07-11 01:00:00,4922.580171301453,4509.749130326891,-4161.848002171345,-1.8246435939494614,5.638823756076201,3.9418457194746845,AJISAI (EGS),-990.832341,6602.0398399999995,-4162.032548,-5913.412512301454,2092.2907096731087,-0.18454582865524571,6272.649200177303
2026-07-11 01:04:00,4372.535232937141,5746.585832901645,-3125.3240476332653,-2.741078602450375,4.627613578716103,4.661851085675796,AJISAI (EGS),-2203.962145,6876.341064,-3125.524602,-6576.497377937141,1129.7552310983556,-0.2005543667346501,6672.830335354724
2026-07-11 01:08:00,3617.1665091549676,6713.574162426542,-1941.730548974464,-3.5289343244132167,3.398926724171946,5.162578226438542,AJISAI (EGS),-3309.5645729999997,6870.39178,-1941.939509,-6926.731082154967,156.81761757345794,-0.20896002553604376,6928.505992877355
2026-07-11 01:12:00,2691.924297816865,7365.270807682708,-666.7534705361985,-4.15110811101169,2.010535876958422,5.420366926221247,AJISAI (EGS),-4265.9216830000005,6579.9322680000005,-666.9581509999999,-6957.845980816865,-785.338539682708,-0.20468046380142368,7002.026660658646
2026-07-11 01:16:00,1640.2605209864,7671.072473906928,639.6040255325096,-4.578297427801455,0.5278398242237187,5.423053772148166,AJISAI (EGS),-5038.22818,6012.677948,639.415762,-6678.4887009864,-1658.3945259069287,-0.18826353250960892,6881.314101841613
2026-07-11 01:20:00,511.57506750052875,7616.67430857877,1915.8673643644515,-4.790440987286389,-0.9792920595480827,5.170591415653909,AJISAI (EGS),-5599.825360999999,5188.231047,1915.702666,-6111.400428500528,-2428.44326157877,-0.164698364451624,6576.211059516667
2026-07-11 01:24:00,-641.1280390301049,7204.73763922393,3102.009667042723,-4.777682336762129,-2.439919385373161,4.675036486459323,AJISAI (EGS),-5933.051642,4137.446005,3101.871279,-5291.923602969895,-3067.2916342239305,-0.13838804272290872,6116.594919414006
2026-07-11 01:28:00,-1763.7520077707275,6454.734050014168,4142.291957910559,-4.540797014364539,-3.7854592863988397,3.959909320417651,AJISAI (EGS),-6029.6813250000005,2901.275208,4142.180097,-4265.929317229273,-3553.458842014168,-0.11186091055878933,5552.046712159196
2026-07-11 01:32:00,-2803.6555032449455,5401.984374710421,4987.879939240026,-4.091075341282463,-4.952934497458621,3.0589854232019156,AJISAI (EGS),-5890.953746,1529.153056,4987.793746,-3087.2982427550546,-3872.8313187104213,-0.08619324002575013,4952.800507827064
2026-07-11 01:36:00,-3712.110965953336,4095.9575101119144,5599.112503064322,-3.4496997772645717,-5.887868497096231,2.014620422979937,AJISAI (EGS),-5527.21395,76.99533500000001,5599.0503770000005,-1815.1029840466645,-4018.9621751119143,-0.06212606432109169,4409.8362567713375
2026-07-11 01:40:00,-4446.559733928516,2597.928998789369,5947.324190697942,-2.6466871750794763,-6.546710147486294,0.8757284796693213,AJISAI (EGS),-4957.210144000001,-1395.091977,5947.282432,-510.65041007148466,-3993.020975789369,-0.04175869794198661,4025.541001672179
2026-07-11 01:44:00,-4972.569224654232,978.1209005929818,6016.152414175476,-1.7194771123082644,-6.8987246950309355,-0.3044711804566157,AJISAI (EGS),-4207.1038229999995,-2825.300001,6016.124858,765.4654016542327,-3803.420901592982,-0.027556175476092903,3879.6839866880123
2026-07-11 01:48:00,-5265.41637954807,-687.5453149115322,5802.285626591443,-0.7112406682775062,-6.927325603968429,-1.4708451019036495,AJISAI (EGS),-3309.249343,-4152.7089989999995,5802.265786999999,1956.16703654807,-3465.1636840884676,-0.01983959144399705,3979.189469326188
2026-07-11 01:52:00,-5311.237710260511,-2320.947104258897,5315.628678291433,0.3310309255240308,-6.630834748746056,-2.5688008179781723,AJISAI (EGS),-2300.795745,-5319.889315,5315.611163,3010.4419652605116,-2998.9422107411033,-0.01751529143348307,4249.28408203936
2026-07-11 01:56:00,-5107.699080800259,-3845.371125260432,4578.877544645648,1.3586093334967093,-6.0226508343894185,-3.546743610838323,AJISAI (EGS),-1222.166863,-6275.410196999999,4578.85765,3885.5322178002593,-2430.039071739567,-0.01989464564849186,4582.843059296325
2026-07-11 02:00:00,-4664.14995661704,-5189.089564419911,3626.5111672652774,2.323233012991133,-5.1307912348841835,-4.358464311647184,AJISAI (EGS),-115.470444,-6976.162064,3626.485095,4548.67951261704,-1787.0724995800892,-0.02607226527743478,4887.137549520903
2026-07-11 02:04:00,-4001.240953631776,-6288.747386277839,2503.22753896259,3.1793625258221656,-3.996768398701014,-4.965364882318629,AJISAI (EGS),977.116176,-7389.384832000001,2503.1918689999998,4978.357129631776,-1100.6374457221618,-0.035669962590418436,5098.572594202586
2026-07-11 02:08:00,-3150.003535280444,-7092.397898921505,1261.876855799757,3.886388545843495,-2.673782527424101,-5.338401682908388,AJISAI (EGS),2014.927087,-7494.293855000001,1261.8283549999999,5164.930622280444,-401.89595607849606,-0.0485007997572211,5180.543281822364
2026-07-11 02:12:00,-2150.417918115928,-7562.024976881233,-39.02427437516408,4.4106656149895125,-1.2242612914362512,-5.459610285253434,AJISAI (EGS),2960.2987239999998,-7283.2048159999995,-39.08773,5110.716642115927,278.8201608812333,-0.06345562483591749,5118.316645357256
2026-07-11 02:16:00,-1049.527791436492,-7675.405711731535,-1338.0812104655017,4.727230921586934,0.2831536042515071,-5.32308297667769,AJISAI (EGS),3779.90891,-6762.074891,-1338.159797,4829.4367014364925,913.3308207315349,-0.07858653449829944,4915.041408518932
2026-07-11 02:20:00,100.80641764045048,-7427.199896546627,-2573.9686978087543,4.821077545601753,1.777002342156663,-4.935305475818199,AJISAI (EGS),4445.906173,-5950.41053,-2574.060984,4345.09975535955,1476.7893665466272,-0.09228619124587567,4589.204585294444
2026-07-11 02:24:00,1246.396434894075,-6829.200462406113,-3688.3780167109962,4.6878871993682445,3.186563137154781,-4.31481748602065,AJISAI (EGS),4936.783472,-4880.533687,-3688.481955,3690.387037105925,1948.6667754061127,-0.10393828900396329,4173.279129894653
2026-07-11 02:28:00,2333.321264328591,-5909.735113277875,-4628.804075365827,4.334180973506246,4.445329690330412,-3.491228732555708,AJISAI (EGS),5237.965154,-3596.243237,-4628.918488,2904.6438896714094,2313.491876277875,-0.11441263417327718,3713.381316334134
2026-07-11 02:32:00,3310.4896701137445,-4712.264822740121,-5351.027585085252,3.7769042004720936,5.494193526904723,-2.5036809484156497,AJISAI (EGS),5342.097868,-2150.9470770000003,-5351.152532,2031.6081978862553,2561.317745740121,-0.12494691474785213,3269.2171050533834
2026-07-11 02:36:00,4132.041011912096,-3293.2709845896097,-5821.1740785124575,3.042508523685933,6.284167483665458,-1.3988829451137095,AJISAI (EGS),5249.0591699999995,-605.367956,-5821.309588,1117.0181580879034,2687.9030285896097,-0.13550948754254932,2910.7648951713895
2026-07-11 02:40:00,4759.474218727157,-1719.5546223417186,-6017.263715894492,2.1656205276038,6.778551142733472,-0.2288548681122034,AJISAI (EGS),4965.711617,975.065378,-6017.409417000001,206.23739827284317,2694.620000341719,-0.14570110550903337,2702.500847718048
2026-07-11 02:44:00,5163.41701453133,-65.08775331015917,-5930.197238642225,1.1873900743073007,6.954495061546877,0.9514964061467116,AJISAI (EGS),4505.43295,2523.0263130000003,-5930.352196000001,-657.9840645313298,2588.1140663101596,-0.1549573577758565,2670.4451826280692
2026-07-11 02:48:00,5324.968633388255,1592.4372784168186,-5564.149812489377,0.1535995139118689,6.803954031157641,2.086873634170458,AJISAI (EGS),3887.459609,3972.1780580000004,-5564.311896,-1437.5090243882546,2379.740779583182,-0.16208351062323345,2780.2155311198276
2026-07-11 02:52:00,5236.5667686173,3175.2138318658126,-4936.365013747204,-0.8874009196805028,6.3340275661924075,3.1240811580520917,AJISAI (EGS),3136.080174,5260.0333200000005,-4936.531409,-2100.4865946173,2084.819488134188,-0.1663952527960646,2959.4790521236096
2026-07-11 02:56:00,4902.343936205343,4608.934417451827,-4076.358262271963,-1.8868741787002927,5.5666774806004655,4.014442659912032,AJISAI (EGS),2279.705296,6330.678945000001,-4076.5266460000003,-2622.638640205343,1721.7445275481732,-0.1683837280370426,3137.2978315093537
2026-07-11 03:00:00,4337.952642611557,5826.259899377689,-3024.556645143097,-2.797930071148661,4.53780405091892,4.716064622355024,AJISAI (EGS),1349.8393780000001,7137.251865,-3024.725475,-2988.113264611557,1310.991965622311,-0.16882985690335772,3263.053913832456
2026-07-11 03:04:00,3569.856231521358,6769.988724444296,-1830.4236929025392,-3.577728008940341,3.295669942280897,5.195845364623375,AJISAI (EGS),379.981386,7644.054978,-1830.591634,-3189.874845521358,874.066253555704,-0.16794109746092545,3307.4602603658027
2026-07-11 03:08:00,2634.1052860632312,7395.771206575473,-550.1440613932884,-4.189541132346973,1.8986933153682715,5.43111260701214,AJISAI (EGS),-595.515983,7828.203366000001,-550.307331,-3229.621269063231,432.4321594245275,-0.16326960671153756,3258.443054703752
2026-07-11 03:12:00,1574.6476100594664,7674.225268019202,756.0282540679793,-4.604557569812559,0.4126855061572419,5.4107717513449884,AJISAI (EGS),-1542.5892379999998,7680.707780000001,755.8763739999999,-3117.236848059466,6.482511980798336,-0.15188006797939124,3117.243592170629
2026-07-11 03:16:00,441.24988963684564,7592.33572784382,2026.6285867754154,-4.803296226029973,-1.0923289289389304,5.135870006804216,AJISAI (EGS),-2428.573485,7206.939399,2026.4933899999999,-2869.8233746368455,-385.3963288438199,-0.1351967754155794,2895.5857007134973
2026-07-11 03:20:00,-712.8639148319921,7154.058978995147,3201.8999851332737,-4.7765386788672775,-2.545519715632296,4.619526874937745,AJISAI (EGS),-3223.246388,6426.437213,3201.7833509999996,-2510.382473168008,-727.6217659951471,-0.11663413327414673,2613.7049583957523
2026-07-11 03:24:00,-1833.5336860461712,6380.104186025749,4226.619189600424,-4.525721749979226,-3.8786700539253656,3.886239526961324,AJISAI (EGS),-3899.765248,5372.059491999999,4226.520088,-2066.231561953829,-1008.0446940257498,-0.09910160042363714,2299.0143502354995
2026-07-11 03:28:00,-2868.21285204052,5306.913519608571,5052.686977848147,-4.06278651316418,-5.029400207450476,2.9706275837724228,AJISAI (EGS),-4435.467697,4088.537714,5052.601553,-1567.2548449594801,-1218.3758056085708,-0.08542484814643103,1985.1265350195445
2026-07-11 03:32:00,-3768.4204786970627,3984.909490325066,5641.360249063492,-3.4095255606924835,-5.944027246257608,1.9157217715748336,AJISAI (EGS),-4812.522944,2630.516198,5641.282375,-1044.1024653029376,-1354.3932923250663,-0.07787406349234516,1710.1260638944646
2026-07-11 03:36:00,-4491.983538650351,2476.111367692586,5965.030649226999,-2.596500253698155,-6.579948251722397,0.7709168871971647,AJISAI (EGS),-5018.426782,1060.174648,5964.954138,-526.4432433496486,-1415.9367196925862,-0.07651122699917323,1510.6353923089007
2026-07-11 03:40:00,-5004.975839172031,851.2431531076757,6008.483030686447,-1.6616089350562526,-6.907487780760096,-0.4102975968268608,AJISAI (EGS),-5046.338498,-555.4532310000001,6008.402769,-41.362658827969426,-1406.6963841076758,-0.08026168644664722,1407.3043711467917
2026-07-11 03:44:00,-5283.278848355121,-813.5349366413781,5769.591979233723,-0.6483792255151447,-6.911186003119814,-1.5727368463544422,AJISAI (EGS),-4895.265149,-2147.349659,5769.503894,388.0136993551214,-1333.814722358622,-0.08808523372226773,1389.106314227555
2026-07-11 03:48:00,-5313.7054656214905,-2440.135709344539,5259.434230206831,0.39595752271244,-6.5905148694999545,-2.6619784344564588,AJISAI (EGS),-4570.0991349999995,-3647.463823,5259.3365810000005,743.606330621491,-1207.328113655461,-0.09764920683028322,1417.9532991246854
2026-07-11 03:52:00,-5094.640334725401,-3952.155438871597,4501.810530771143,1.4225617066859355,-5.960000757445827,-3.626815816213205,AJISAI (EGS),-4081.505591,-4991.639985999999,4501.705218,1013.1347437254008,-1039.484547128402,-0.10531277114296245,1451.5406104388028
2026-07-11 03:56:00,-4636.161926019305,-5278.439034378892,3532.1862358024723,2.383199183103733,-5.048717567718841,-4.421635512603137,AJISAI (EGS),-3445.651031,-6122.404198,3532.077757,1190.5108950193048,-843.9651636211083,-0.10847880247229114,1459.3126465337443
2026-07-11 04:00:00,-3959.6260803185,-6356.444097209659,2396.07980731177,3.232501648618005,-3.899111843072531,-5.0086223517373245,AJISAI (EGS),-2683.7706639999997,-6991.492623,2395.973545,1275.8554163185004,-635.048525790341,-0.1062623117700241,1425.16444130122
2026-07-11 04:04:00,-3096.711316177331,-7135.2409370211335,1146.9546454573867,3.9301723124303964,-2.565144456028268,-5.359670632990692,AJISAI (EGS),-1821.568109,-7562.003439,1146.8551750000001,1275.1432071773309,-426.76250197886657,-0.09947045738658744,1344.6622036036126
2026-07-11 04:08:00,-2087.9540130772903,-7577.98752593163,-156.29884238101351,4.443007805298701,-1.1097846325662815,-5.457864691334399,AJISAI (EGS),-888.450563,-7810.056773,-156.38784099999998,1199.5034500772904,-232.0692470683698,-0.08899861898646577,1221.7465654148396
2026-07-11 04:12:00,-980.834467832778,-7663.735143049639,-1452.1718605857805,4.746595037394255,0.398037953885944,-5.298402071352546,AJISAI (EGS),83.387482,-7725.865298000001,-1452.247555,1064.2219498327781,-62.13015495036143,-0.07569441421946976,1066.0340146494766
2026-07-11 04:16:00,172.49215842855455,-7388.454450815526,-2679.4910637890857,4.826553922932143,1.8868472908278173,-4.888870274677945,AJISAI (EGS),1060.005342,-7314.14372,-2679.5525610000004,887.5131835714453,74.31073081552586,-0.06149721091469473,890.6187397025545
2026-07-11 04:20:00,1317.6990011865346,-6765.220401190742,-3780.357639876991,4.679234267910279,3.2861764770328197,-4.248847571974044,AJISAI (EGS),2006.841461,-6593.833394,-3780.4064470000003,689.1424598134654,171.38700719074222,-0.048807123009282805,710.1343806165763
2026-07-11 04:24:00,2400.888055344682,-5823.550734469251,-4702.912616618523,4.311829501644406,4.530026290267953,-3.4088653276648664,AJISAI (EGS),2889.879681,-5597.166183,-4702.952692,488.9916256553179,226.38455146925116,-0.04007538147652667,538.8532051598105
2026-07-11 04:28:00,3371.149468641709,-4607.947714916643,-5403.785527557071,3.7419272418724647,5.560014109232856,-2.408826579426105,AJISAI (EGS),3676.815528,-4368.129306,-5403.824192,305.666059358291,239.81840891664342,-0.03866444292907545,388.51590777454123
2026-07-11 04:32:00,4182.951556571945,-3175.7377644798617,-5850.1109484739,2.996562332466799,6.328054781629956,-1.2960098805923415,AJISAI (EGS),4338.18241,-2960.4240099999997,-5850.159076,155.23085342805553,215.31375447986193,-0.04812752609996096,265.4366836751761
2026-07-11 04:36:00,4798.252716002633,-1594.3339622504943,-6021.029759360491,2.110862462399555,6.798479454575092,-0.1227939881839824,AJISAI (EGS),4848.400883,-1435.036545,-6021.098497999999,50.1481669973673,159.2974172504944,-0.06873863950841042,167.004522456353
2026-07-11 04:40:00,5188.248724793255,61.938019674171294,-5908.623069363076,1.1263787154981943,6.949552806177665,1.0557766865928297,AJISAI (EGS),5186.728556,142.45622899999998,-5908.720811,-1.5201687932549248,80.51820932582868,-0.0977416369241837,80.53261761314815
2026-07-11 04:44:00,5334.689740340913,1715.304843321018,-5518.252575260724,0.08918070227704043,6.774380188847276,2.1844910122742207,AJISAI (EGS),5338.087595,1704.736418,-5518.38462,3.3978546590869882,-10.56842532101814,-0.13204473927544313,11.10200278613669
2026-07-11 04:48:00,5230.718469951122,3288.1547927349907,-4868.301189004722,-0.9522196132331905,6.281202247444469,3.21045953200174,AJISAI (EGS),5293.742443,3185.634877,-4868.469107,63.02397304887836,-102.51991573499072,-0.16791799527800322,120.34277085736592
2026-07-11 04:52:00,4881.1952561309645,4706.643369646029,-3989.3247067429493,-1.9490581254665111,5.493065545972073,4.085522211886662,AJISAI (EGS),5051.801197,4522.950173,-3989.526732,170.6059408690353,-183.6931966460288,-0.2020252570505363,250.6982615975824
2026-07-11 04:56:00,4302.490173914694,5904.143174778273,-2922.643187626854,-2.854557715651155,4.446850215445628,4.768493836855042,AJISAI (EGS),4617.5093289999995,5661.091166,-2922.8755619999997,315.0191550853051,-243.05200877827247,-0.23237437314583076,397.88365264190264
2026-07-11 05:00:00,3521.740148106301,6824.382095980669,-1718.4227844416916,-3.626130620549539,3.191645252021872,5.227145014577795,AJISAI (EGS),4003.302231,6553.430431,-1718.6799429999999,481.56208289369897,-270.9516649806692,-0.25715855830821965,552.5548937139537
2026-07-11 05:04:00,2575.592638173309,7424.115205579409,-433.325525618829,-4.2274342031509535,1.7864965022155626,5.439800792511676,AJISAI (EGS),3228.59177,7164.259831,-433.60011099999997,652.9991318266912,-259.8553745794088,-0.2745853811709935,702.8034983274832
2026-07-11 05:08:00,1508.4859935109228,7675.188204830525,872.166780297049,-4.630154773312696,0.2976077323721808,5.396440072114902,AJISAI (EGS),2319.272207,7470.253116999999,871.884731,810.7862134890772,-204.93508783052584,-0.28204929704895676,836.2850911978921
2026-07-11 05:12:00,370.54672765882805,7565.877162499734,2136.622906231736,-4.815397440496055,-1.2048625067730412,5.099204168897839,AJISAI (EGS),1306.946434,7461.3567379999995,2136.346926,936.3997063411718,-104.52042449973487,-0.2759802317359572,942.2149464631337
2026-07-11 05:16:00,-784.7894524548317,7101.430044956323,3300.578635103449,-4.7745859276972995,-2.6502148856159278,4.5622699171519026,AJISAI (EGS),227.89872200000002,7141.067865,3300.32358,1012.6881744548317,39.637820043676584,-0.25505510344873983,1013.4636453823
2026-07-11 05:20:00,-1903.3080376355665,6303.785285552527,4309.347339261456,-4.509820428967413,-3.970617800483546,3.811101211471754,AJISAI (EGS),-878.149719,6526.10064,4309.125516,1025.1583186355665,222.3153544474726,-0.22182326145593834,1048.987008640415
2026-07-11 05:24:00,-2932.566422290637,5210.493800516382,5115.58289538987,-4.0336929505857295,-5.104305434211311,2.8811479539003595,AJISAI (EGS),-1969.459734,5645.469418,5115.403095,963.1066882906371,434.9756174836175,-0.17980038987025182,1056.777324304223
2026-07-11 05:28:00,-3824.3393408786765,3872.915583486224,5681.4745649491,-3.368604754957677,-5.998401479234289,1.8160994010081524,AJISAI (EGS),-3003.809204,4539.0482170000005,5681.342531,820.5301368786763,666.1326335137765,-0.1320339490994229,1056.883346633441
2026-07-11 05:32:00,-4536.847925201988,2353.7948018667757,5980.481243324356,-2.5456588958703037,-6.6112606787560395,0.6658126189320334,AJISAI (EGS),-3940.0839840000003,3255.703838,5980.398295,596.7639412019876,901.9090361332242,-0.08294832435603894,1081.4652642864287
2026-07-11 05:36:00,-5036.680079932678,724.3367338605227,5998.540821284378,-1.6032085152749254,-6.914272773308531,-0.5159720789740075,AJISAI (EGS),-4739.88029,1851.100035,5998.505786999999,296.7997899326783,1126.7633011394773,-0.035034284378525626,1165.1976885173674
2026-07-11 05:40:00,-5300.328425591099,-939.0813096794483,5734.714893817868,-0.5851327308579951,-6.893107014988441,-1.67403833625416,AJISAI (EGS),-5369.065914,385.264301,5734.7275070000005,-68.73748840890039,1324.3456106794483,0.012613182132554357,1326.1282513383753
2026-07-11 05:44:00,-5315.287533287904,-2558.4292904874214,5201.248189803432,0.46110312842273865,-6.548384285138075,-2.7541535619644035,AJISAI (EGS),-5799.243853,-1079.9812220000001,5201.309453,-483.95631971209605,1478.4480684874213,0.06126319656777923,1555.642122840804
2026-07-11 05:48:00,-5080.664502175458,-4057.634187964097,4423.037649934446,1.4865554484895735,-5.895753795790244,-3.705518538061864,AJISAI (EGS),-6009.0647,-2483.6263050000002,4423.148106,-928.4001978245415,1574.0078829640966,0.1104560655539899,1827.4101223190999
2026-07-11 05:52:00,-4607.268618508757,-5366.133096639246,3436.522018931533,2.4430257358402856,-4.965337218826238,-4.483133215304438,AJISAI (EGS),-5985.331386,-3768.025604,3436.680127,-1378.062767491243,1598.1074926392462,0.15810806846729974,2110.214343182579
2026-07-11 05:56:00,-3917.160690934944,-6422.213134233452,2288.023212933144,3.2853257308120765,-3.8005024246965786,-5.049980629344824,AJISAI (EGS),-5723.829475,-4881.299889999999,2288.224407,-1806.6687840650557,1540.913244233453,0.20119406685626018,2374.545380077674
2026-07-11 06:00:00,-3042.663873054243,-7175.974966368775,1031.597536684577,3.9734801820784433,-2.4559544244443274,-5.378904863058966,AJISAI (EGS),-5229.821910000001,-5779.481044,1031.833812,-2187.1580369457574,1396.4939223687752,0.2362753154229722,2594.967361955709
2026-07-11 06:04:00,-2024.8661845718802,-7591.759664177053,-273.5134213275616,4.4747361990439165,-0.9951844187161822,-5.454046346298356,AJISAI (EGS),-4518.1547359999995,-6428.298073,-273.253747,-2493.2885514281193,1163.4615911770534,0.25967432756164044,2751.387057877813
2026-07-11 06:08:00,-911.6781388636244,-7649.89674490901,-1565.7104724870624,4.7652374792595324,0.5126113958088925,-5.271709996080823,AJISAI (EGS),-3612.940943,-6804.513376,-1565.442132,-2701.2628041363755,845.3833689090097,0.26834048706245994,2830.4582401874927
2026-07-11 06:12:00,244.45823920875594,-7347.666568042679,-2783.9957967612945,4.8312359610198925,1.995962626965375,-4.840581777806063,AJISAI (EGS),-2546.8164150000002,-6896.739625,-2783.735695,-2791.274654208756,450.92694304267843,0.26010176129466345,2827.4634163580176
2026-07-11 06:16:00,1389.086354247976,-6699.41980905441,-3870.9026845770686,4.6697525781818285,3.3846779005684757,-4.181270100756856,AJISAI (EGS),-1359.7905930000002,-6705.700369,-3870.669042,-2748.876947247976,-6.280559945590539,0.2336425770686219,2748.8841319949147
2026-07-11 06:20:00,2468.3405196329063,-5735.853268178741,-4775.237917094442,4.288653994781422,4.6132832272896955,-3.325215214280081,AJISAI (EGS),-97.740943,-6243.9344249999995,-4775.049568,-2566.081462632906,-508.08115682125845,0.18834909444194636,2615.897660509762
2026-07-11 06:24:00,3431.501575562138,-4502.495558912864,-5454.496007136627,3.706169119348357,5.624136616448691,-2.3130654318094805,AJISAI (EGS),1189.376385,-5534.9804189999995,-5454.3707110000005,-2242.125190562138,-1032.4848600871355,0.12529613662627526,2468.43075093501
2026-07-11 06:28:00,4233.375671278645,-3057.5000957716875,-5876.832599971853,2.949913459706763,6.370065906091941,-1.1926508345209559,AJISAI (EGS),2449.517017,-4612.110279,-5876.78453,-1783.8586542786452,-1554.610183228313,0.048069971852783056,2366.213118582667
2026-07-11 06:32:00,4836.388787948072,-1468.8718064973805,-6022.516784969938,2.055512043351425,6.816440947131077,-0.016689339807742263,AJISAI (EGS),3630.658446,-3516.6961570000003,-6022.5557149999995,-1205.7303419480718,-2047.8243505026198,-0.03893003006123763,2376.4196240397523
2026-07-11 06:36:00,5212.311842789128,188.73145428432733,-5884.8127880978955,1.064912367980473,6.942643977094494,1.159657061347173,AJISAI (EGS),4682.94945,-2296.299504,-5884.9435650000005,-529.3623927891276,-2485.0309582843274,-0.13077690210502624,2540.787953299832
2026-07-11 06:40:00,5343.551729910459,1837.477222358516,-5470.266795331453,0.024465509873895057,6.7429307754782535,2.281283240953745,AJISAI (EGS),5560.816107,-1002.575468,-5470.4872350000005,217.26437708954109,-2840.052690358516,-0.22043966854744212,2848.350951367896
2026-07-11 06:44:00,5223.960474532571,3399.9701157842414,-4798.394299064259,-1.0171616234627419,6.226679408591418,3.295625238891936,AJISAI (EGS),6224.950514,310.921636,-4798.695224,1000.9900394674287,-3089.0484797842414,-0.30092493574102264,3247.1836505079527
2026-07-11 06:48:00,4859.128805659602,4802.848707412903,-3900.7802184428133,-2.0111855964870395,5.418013792191973,4.155057367230315,AJISAI (EGS),6644.105803,1590.953698,-3901.1467549999998,1784.9769973403982,-3211.895009412903,-0.36653655718646405,3674.5629082756095
2026-07-11 06:52:00,4266.144978438297,5980.2151852657,-2819.622223598172,-2.9109508185279727,4.3547827305034925,4.819118721930426,AJISAI (EGS),6796.613167,2786.7518,-2820.035195,2530.4681885617038,-3193.4633852657,-0.41297140182814474,4074.491111402845
2026-07-11 06:56:00,3472.818034124721,6876.741599598646,-1605.7702281957531,-3.674131107628335,3.086886707329498,5.2564651881805915,AJISAI (EGS),6671.5438619999995,3852.027687,-1606.2091950000001,3198.7258278752784,-3024.713912598646,-0.4389668042470021,4402.35634265061
2026-07-11 07:00:00,2516.3887648466766,7450.298545319352,-316.34211568292847,-4.264776506841696,1.6739812475464415,5.446428139532173,AJISAI (EGS),6269.437935,4746.763911999999,-316.786579,3753.0491701533233,-2703.534633319353,-0.44446331707155196,4625.416498510528
2026-07-11 07:04:00,1441.7805948500377,7673.965654435488,987.9756090924558,-4.6550790009171354,0.1826423079397131,5.380064212754763,AJISAI (EGS),5602.539806,5438.70017,987.546433,4160.759211149962,-2235.2654844354884,-0.4291760924558048,4723.169400230102
2026-07-11 07:08:00,299.4727719036905,7537.311398046956,2245.8086764927557,-4.826735850392459,-1.31685875748798,5.060607912214803,AJISAI (EGS),4694.514064,5904.453468999999,2245.41467,4395.04129209631,-1632.857929046957,-0.39400649275557953,4688.561947007231
2026-07-11 07:12:00,-856.8955447465355,7046.871412176136,3398.0082881645626,-4.771816946510971,-2.7539742775028873,4.503287427413389,AJISAI (EGS),3579.6400860000003,6130.228481,3397.666924,4436.535630746535,-916.6429311761358,-0.3413641645624921,4530.240918835138
2026-07-11 07:16:00,-1973.0644695367878,6225.804716059536,4390.44514307973,-4.493087846385737,-4.0612767577368825,3.7345228907154224,AJISAI (EGS),2301.516198,6112.094993,4390.1709009999995,4274.580667536788,-113.70972305953637,-0.27424207973035664,4276.092826355181
2026-07-11 07:20:00,-2996.704624162393,5112.758069407225,5176.543939849182,-4.003791577671995,-5.177630408081892,2.790580363734066,AJISAI (EGS),911.337225,5855.840785,5176.3476040000005,3908.041849162393,743.0827155927755,-0.19633584918119595,3978.0602126620856
2026-07-11 07:24:00,-3879.855492539517,3760.0125794715145,5719.440298328924,-3.326936531790781,-6.050978262786145,1.7157908669809152,AJISAI (EGS),-534.1737489999999,5376.432261,5719.329893,3345.681743539517,1616.4196815284854,-0.11040532892366173,3715.696291151311
2026-07-11 07:28:00,-4581.1409100388255,2231.018319083667,5993.670110896559,-2.4941645683651457,-6.640641857520861,0.5604552464269914,AJISAI (EGS),-1975.088256,4697.132654,5993.651059999999,2606.0526540388255,2466.114334916333,-0.019050896559747343,3587.9284202538893
2026-07-11 07:32:00,-5067.670588968542,597.4410886689653,5986.329486019177,-1.5442795879657476,-6.91908168935896,-0.6214548113510538,AJISAI (EGS),-3350.7519190000003,3848.342452,5986.401983,1716.9186699685415,3250.9013633310346,0.07249698082250688,3676.434332155266
2026-07-11 07:36:00,-5316.554911363921,-1064.1463790034265,5697.667476554886,-0.5215070727067019,-6.873098177474699,-1.7747112984221103,AJISAI (EGS),-4602.330186,2866.224738,5697.826161,714.2247253639207,3930.3711170034267,0.15868444511397684,3994.738301926258
2026-07-11 07:40:00,-5315.975364016955,-2675.792950980502,5141.09248775116,0.5264599217218263,-6.504459691656821,-2.8452912228192013,AJISAI (EGS),-5675.335849,1791.169762,5141.330261,-359.36048498304535,4466.962712980502,0.2377732488403126,4481.394414003469
2026-07-11 07:44:00,-5065.765110116606,-4161.777277543587,4342.588664682294,1.550581144321774,-5.829933129229535,-3.7828217534737565,AJISAI (EGS),-6522.0385240000005,666.151166,4342.898327,-1456.2734138833948,4827.928443543587,0.30966231770617014,5042.779531949771
2026-07-11 07:48:00,-4577.465967531719,-5452.147900888172,3339.5547392999606,2.5027021160807617,-4.880678854636497,-4.54293383690639,AJISAI (EGS),-7103.649511,-464.966737,3339.926464,-2526.1835434682807,4987.181163888173,0.37172470003952185,5590.490085395931
2026-07-11 07:52:00,-3873.8433354714275,-6486.038057202983,2179.098740673192,3.337823619498301,-3.70097298563384,-5.0894237879043756,AJISAI (EGS),-7392.183328,-1559.113264,2179.518168,-3518.3399925285726,4926.924793202983,0.4194273268080906,6054.19725453536
2026-07-11 07:56:00,-2987.8624456291654,-7214.591774251617,915.8493290754732,4.016300993277671,-2.3462478705018626,-5.396096950279919,AJISAI (EGS),-7371.895511,-2575.63121,916.2981,-4384.033065370834,4638.960564251616,0.4487709245267979,6382.765955002722
2026-07-11 08:00:00,-1961.1582934745638,-7603.341820372293,-390.62349587454196,4.505840208869038,-0.8804969206340743,-5.448156735750469,AJISAI (EGS),-7040.19916,-3477.770148,-390.16666,-5079.040866525436,4125.571672372293,0.45683587454198005,6543.46987128505
2026-07-11 08:04:00,-842.0650839807519,-7633.899568151799,-1678.653953192539,4.783148760379138,0.6268386536324753,-5.243017064015449,AJISAI (EGS),-6407.987239,-4233.988058,-1678.21192,-5565.922155019248,3399.911510151799,0.44203319253892914,6522.184289637187
2026-07-11 08:08:00,316.69628033423965,-7304.853468662281,-2887.443286952915,4.835115708057161,2.1043158285492862,-4.790458568142436,AJISAI (EGS),-5499.325313,-4819.004271,-2887.039989,-5816.02159333424,2485.849197662281,0.40329795291518167,6324.994353380688
2026-07-11 08:12:00,1460.548424084994,-6631.823221458313,-3959.9788990500406,4.659436040606495,3.4820392123362263,-4.112110944682052,AJISAI (EGS),-4350.51941,-5214.560733,-3959.638929,-5811.067834084994,1417.2624884583129,0.3399700500403924,5981.399706515854
2026-07-11 08:16:00,2535.6673725545133,-5646.673364780298,-4845.752680268909,4.264650449220077,4.695077928236052,-3.240310237671931,AJISAI (EGS),-3008.609693,-5409.8697680000005,-4845.499534,-5544.277065554514,236.80359678029708,0.25314626890940417,5549.331868537409
2026-07-11 08:20:00,3491.5340099337445,-4395.9436472937,-5503.139933333041,3.669628049693576,5.686545069536416,-2.216433770245876,AJISAI (EGS),-1529.372676,-5401.749421,-5502.993557,-5020.9066859337445,-1005.8057737063,0.14637633304118935,5120.659061556543
2026-07-11 08:24:00,4283.301220282406,-2938.596247425526,-5901.329007353223,2.902562402938809,6.410192110859215,-1.088844792227499,AJISAI (EGS),25.06495,-5194.466226,-5901.303317,-4258.236270282406,-2255.8699785744734,0.025690353222671547,4818.87180722233
2026-07-11 08:28:00,4873.870691739539,-1343.207620154264,-6021.724273188938,1.9995720403955164,6.832434426471108,0.08941914137393858,AJISAI (EGS),1588.885084,-4799.318394999999,-6021.8248810000005,-3284.9856077395393,-3456.1107748457352,-0.10060781106221839,4768.2105806248355
2026-07-11 08:32:00,5235.595555598184,315.25370991794415,-5858.775394992502,1.0029959905842039,6.93377495178747,1.2630984312373315,AJISAI (EGS),3095.393059,-4234.000545,-5858.99871,-2140.2024965981836,-4549.254254917944,-0.22331500749805855,5027.542247679647
2026-07-11 08:36:00,5351.54522551113,1958.9179897329227,-5420.210579964941,-0.040539089718785136,6.709619468638524,2.377213814700639,AJISAI (EGS),4479.880694,-3521.7909419999996,-5420.545655,-871.66453151113,-5480.708931732923,-0.3350750350591625,5549.591837436951
2026-07-11 08:40:00,5216.285294276023,3510.6274802458033,-4726.670732474765,-1.0822182423033235,6.170479462206008,3.3795460439909184,AJISAI (EGS),5682.427275,-2690.594611,-4727.100137,466.1419807239772,-6201.222091245803,-0.4294045252354408,6218.717227494469
2026-07-11 08:44:00,4836.1393567064815,4897.523733487179,-3810.75825473996,-2.0732465406692024,5.341548499109217,4.223021693600717,AJISAI (EGS),6650.525203,-1771.878543,-3811.258238,1814.3858462935186,-6669.402276487179,-0.4999832600396985,6911.795929772947
2026-07-11 08:48:00,4228.914353377261,6054.45613085701,-2715.532724663427,-2.9670984754253014,4.261632574167924,4.867919951589367,AJISAI (EGS),7341.427138,-799.529188,-2716.0752820000002,3112.5127846227388,-6853.9853188570105,-0.5425573365732816,7527.605919541477
2026-07-11 08:52:00,3423.089851013354,6927.055291997073,-1492.508678823137,-3.7217182684458754,2.9814285417844495,5.283794652068921,AJISAI (EGS),7724.102052,191.339375,-1493.063879,4301.012200986646,-6735.715916997074,-0.5552001768630817,7991.781727235233
2026-07-11 08:56:00,2456.496293884607,7474.317725456281,-199.23814794286517,-4.301557120425559,1.5611833878880423,5.450992094741683,AJISAI (EGS),7780.6961710000005,1165.589564,-199.77693299999999,5324.199877115394,-6308.728161456281,-0.5387850571348167,8255.12905028846
2026-07-11 09:00:00,1374.5365746296652,7670.562733520598,1103.4108710399023,-4.679320155724203,0.06782490811069909,5.3616504347461715,AJISAI (EGS),7507.413319,2089.238489,1102.914542,6132.876744370335,-5581.324244520598,-0.4963290399023208,8292.367438220186
2026-07-11 09:04:00,228.0354583755736,7506.651917325007,2354.14456004413,-4.837302662932972,-1.4282839240590688,5.020095982404511,AJISAI (EGS),6914.7559009999995,2930.568318,2353.712512,6686.720442624426,-4576.0835993250075,-0.432048044129715,8102.639790370064
2026-07-11 09:08:00,-929.1728413634,6990.404270018558,3494.152091275617,-4.768224631308441,-2.856767683431806,4.442601870877352,AJISAI (EGS),6027.108459,3661.127939,3493.800875,6956.2813003634,-3329.2763310185583,-0.3512162756169346,7711.9342931211995
2026-07-11 09:12:00,-2042.7921585854572,6146.190347534874,4469.881956015917,-4.475518872677768,-4.150621674339159,3.6565336181815646,AJISAI (EGS),4881.688368,4256.592995,4469.6223310000005,6924.4805265854575,-1889.5973525348736,-0.2596250159167539,7177.674329835059
2026-07-11 09:16:00,-3060.615660598978,5013.73954664161,5235.547090882917,-3.9730794337862645,-5.249355955304508,2.698959044553023,AJISAI (EGS),3526.923154,4697.463793,5235.38463,6587.538814598978,-316.2757536416102,-0.1624608829170029,6595.126838248315
2026-07-11 09:20:00,-3934.9566986319637,3646.237486946214,5755.2431070228595,-3.2845202148780994,-6.101745309637127,1.6148339768435873,AJISAI (EGS),2020.342392,4969.591506,5755.180291000001,5955.299090631964,1323.3540190537856,-0.06281602285889676,6100.5617054967615
2026-07-11 09:24:00,-4624.85037499408,2107.8209976575367,6004.592241682488,-2.442018922371213,-6.66808688522476,0.45488443561804875,AJISAI (EGS),426.089224,5064.5282290000005,6004.630295,5050.93959899408,2956.7072313424637,0.03805331751209451,5852.700956482174
2026-07-11 09:28:00,-5097.935921232675,470.5955634807093,5971.853580197361,-1.4848260986428288,-6.92191720982372,-0.7267060443957851,AJISAI (EGS),-1187.830772,4979.710864,5971.992126,3910.105149232675,4509.11530051929,0.13854580263887328,5968.336710560823
2026-07-11 09:32:00,-5331.948071465713,-1188.6923458084148,5658.463653893972,-0.4575083668983497,-6.851169662881935,-1.8747176850016694,AJISAI (EGS),-2752.4548790000003,4718.489014000001,5658.698737,2579.4931924657126,5907.181359808415,0.23508310602755955,6445.81855181396
2026-07-11 09:36:00,-5315.760429698942,-2792.192196385969,5078.989802292093,0.5920198492099958,-6.458758363344459,-2.9353568181809084,AJISAI (EGS),-4200.812278,4290.003315999999,5079.311414,1114.9481516989417,7082.195512385968,0.32161170790641336,7169.421368567405
2026-07-11 09:40:00,-5049.935761688887,-4264.555144244262,4260.493976930442,1.6146291557448225,-5.762562432625001,-3.8586959597155617,AJISAI (EGS),-5470.812913,3708.9185509999998,4260.887167000001,-420.87715131111236,7973.473695244262,0.39319006955884106,7984.573908471658
2026-07-11 09:44:00,-4546.750034027759,-5536.460234561989,3241.3211190637558,2.562217567134984,-4.794771526547146,-4.601014435803256,AJISAI (EGS),-6507.966272,2995.0031630000003,3241.768162,-1961.2162379722404,8531.463397561989,0.4470429362440882,8753.984066462159
2026-07-11 09:48:00,-3829.672735904296,-6547.903140455608,2069.3477092833036,3.3899839943031096,-3.6005566188075386,-5.126936633353642,AJISAI (EGS),-7267.8009139999995,2172.551907,2069.827934,-3438.1281780957033,8720.455047455609,0.4802247166962843,9373.743213590047
2026-07-11 09:52:00,-2932.3084808193444,-7251.08390469881,799.7539727813346,4.058623459601285,-2.2360603310544063,-5.411240259795738,AJISAI (EGS),-7717.865854000001,1269.659351,800.243967,-4785.557373180656,8520.74325569881,0.4899942186654016,9772.646787929809
2026-07-11 09:56:00,-1896.8344322438945,-7612.735184624938,-507.5845916005957,4.536309169496328,-0.7657583479929568,-5.440198145648873,AJISAI (EGS),-7839.206924,317.353524,-507.109667,-5942.372491756106,7930.088708624938,0.47492460059567065,9909.49534451648
2026-07-11 10:00:00,-772.0018271664499,-7615.753391293867,-1790.9594398320394,4.800319363824861,0.7406846690764005,-5.212334357384503,AJISAI (EGS),-7627.225413,-651.390964,-1790.524541,-6855.22358583355,6964.362427293867,0.43489883203938007,9772.227720412993
2026-07-11 10:04:00,389.1976559795243,-7260.033030909377,-2989.794331418869,4.838185228183448,2.2118747344945286,-4.738519925926064,AJISAI (EGS),-7091.863042999999,-1602.727412,-2989.422634,-7481.060698979523,5657.305618909377,0.3716974188691893,9379.305741136632
2026-07-11 10:08:00,1532.0749035939302,-6562.45573013983,-4047.552593643562,4.648278624718147,3.578232697530256,-4.041396567819263,AJISAI (EGS),-6257.102997000001,-2503.0596,-4047.264358,-7789.177900593932,4059.39613013983,0.288235643562075,8783.506668271784
2026-07-11 10:12:00,2602.8571114135852,-5556.0421040329875,-4914.430298479813,4.2398149604382285,4.775388391672696,-3.15418270421259,AJISAI (EGS),-5159.817505,-3320.167977,-4914.242791000001,-7762.674616413586,2235.8741270329874,0.18750747981266613,8078.2578782436985
2026-07-11 10:16:00,3551.234601065135,-4288.3275568959025,-5549.6989977767835,3.6323023859083854,5.747224121950566,-2.118968173455972,AJISAI (EGS),-3848.041271,-4024.298643,-5549.625305,-7399.2758720651345,264.0289138959024,0.07369277678390063,7403.985055612209
2026-07-11 10:20:00,4332.715914871448,-2819.0646165676567,-5923.590983833462,2.8545098294384528,6.448425313519098,-0.984630896980019,AJISAI (EGS),-2378.7747740000004,-4589.183416,-5923.638094999999,-6711.490688871449,-1770.1187994323432,-0.047111166537433746,6940.996170084767
2026-07-11 10:24:00,4910.686575875,-1217.3808361599536,-6018.652562127654,1.943045421760425,6.84645936639726,0.1954915213988567,AJISAI (EGS),-815.434645,-4992.964971,-6018.819541,-5726.121220875,-3775.5841348400468,-0.16697887234568043,6858.826417346689
2026-07-11 10:28:00,5258.088991923006,441.4661362545597,-5830.520728319278,0.9406347615554297,6.922952753780008,1.3660618576745092,AJISAI (EGS),774.929891,-5219.006942,-5830.79804,-4483.159100923006,-5660.473078254559,-0.27731168072205037,7220.780502877456
2026-07-11 10:32:00,5358.660846377817,2079.5910598647274,-5368.102817388287,-0.10582589263373504,6.674460545159661,2.472246542686531,AJISAI (EGS),2324.53708,-5256.568568,-5368.472457999999,-3034.1237663778165,-7336.159627864727,-0.36964061171238427,7938.8377771463
2026-07-11 10:36:00,5207.6854922499915,3620.0950412459656,-4653.157565665312,-1.147380533111231,6.112623347866321,3.4621901714269785,AJISAI (EGS),3767.777024,-5101.324558,-4653.595047000001,-1439.9084682499915,-8721.419599245966,-0.43748133468852757,8839.48507631749
2026-07-11 10:40:00,4812.221785641238,4990.642341748035,-3719.292835040548,-2.135230693602424,5.263696375745162,4.289389345038314,AJISAI (EGS),5044.013699,-4755.702649,-3719.7705920000003,231.79191335876203,-9746.344990748035,-0.4777569594521083,9749.100902033457
2026-07-11 10:44:00,4190.79574845153,6126.846891539767,-2610.4140708004998,-3.02298959666352,4.167431031784147,4.914878889121091,AJISAI (EGS),6100.168968999999,-4229.010093999999,-2610.9039279999997,1909.3732205484694,-10355.856985539765,-0.48985719949996565,10530.40741093432
2026-07-11 10:48:00,3372.555752799973,6975.311966924326,-1378.6810247661517,-3.768880754134691,2.8753051546666017,5.30912293245712,AJISAI (EGS),6892.975838,-3537.3268900000003,-1379.155452,3520.420085200027,-10512.638856924326,-0.47442723384824603,11086.430153005798
2026-07-11 10:52:00,2395.9180757096206,7496.170004170303,-82.05798565493487,-4.337765018575864,1.448138771776962,5.453490895821417,AJISAI (EGS),7390.797263,-2703.145685,-82.491403,4994.87918729038,-10199.315689170304,-0.43341734506513774,11356.70985853001
2026-07-11 10:56:00,1306.759334888187,7664.985301407203,1218.428839246787,-4.702868086188878,-0.04680893571799513,5.341205780135544,AJISAI (EGS),7574.917958,-1754.751231,1218.057849,6268.158623111813,-9419.736532407203,-0.3709902467869597,11314.647542106277
2026-07-11 11:00:00,156.24247194397182,7473.91289333368,2461.5895438521093,-4.847089078246124,-1.5391045406623742,4.977683854334411,AJISAI (EGS),7440.243233,-725.3493540000001,2461.296059,7284.000761056029,-8199.26224733368,-0.2934848521094864,10967.432177759272
2026-07-11 11:04:00,-1001.6117469122615,6932.050412169344,3588.973681049111,-4.763801916581746,-2.9585653160267458,4.380236354410363,AJISAI (EGS),6995.3701710000005,348.029291,3588.766096,7996.981917912262,-6584.021121169344,-0.20758504911100317,10358.622203870129
2026-07-11 11:08:00,-2112.48005100641,6064.970540293603,4547.627763234079,-4.457108459624605,-4.238627823859437,3.577162972679842,AJISAI (EGS),6262.036494,1425.808651,4547.508575,8374.51654500641,-4639.161889293603,-0.1191882340790471,9573.627860527384
2026-07-11 11:12:00,-3124.2875283077774,4913.471807203453,5292.570068311272,-3.9415536795461934,-5.31946350317465,2.606318615822695,AJISAI (EGS),5273.995375,2467.2788250000003,5292.536455,8398.282903307778,-2446.1929822034526,-0.03361331127143785,8747.28619809041
2026-07-11 11:16:00,-3989.630551441037,3531.627518693758,5788.869464323965,-3.241355285757008,-6.150690980913271,1.5132667757246514,AJISAI (EGS),4075.39194,3432.088253,5788.914301,8065.022491441037,-99.5392656937579,0.04483667603471986,8065.63672966214
2026-07-11 11:20:00,-4667.96407107631,1984.2419614956912,6013.243479123273,-2.3892237990010403,-6.693591527227677,0.3491399324981034,AJISAI (EGS),2718.73365,4281.765452,6013.3582750000005,7386.69772107631,2297.5234905043085,0.11479587672783964,7735.755775950475
2026-07-11 11:24:00,-5127.464549636755,343.8393897488051,5955.118512798703,-1.4248522081068529,-6.922782677285854,-0.831686108926941,AJISAI (EGS),1262.553912,4981.221762,5955.296265,6390.018461636755,4637.382372251195,0.17775220129715308,7895.419636607071
2026-07-11 11:28:00,-5346.497643431578,-1312.6816812277855,5617.118167514872,-0.39314296038132285,-6.8273322729601675,-1.974019687536719,AJISAI (EGS),-231.12533,5500.187497000001,5617.353341,5115.372313431578,6812.8691782277865,0.2351734851281435,8519.519963001147
2026-07-11 11:32:00,-5314.634230132549,-2907.5929467859446,5014.963550937301,0.6577746227728766,-6.411298145402872,-3.024316141316375,AJISAI (EGS),-1699.434664,5814.533917000001,5015.250354000001,3615.199566132549,8722.126863785945,0.28680306269961875,9441.67172767606
2026-07-11 11:36:00,-5033.170143333518,-4365.938766504187,4176.784616649054,1.6786896198263803,-5.693665866122327,-3.9331121860068854,AJISAI (EGS),-3081.30586,5907.42971,4177.1140940000005,1951.8642833335184,10273.368476504187,0.3294773509460356,10457.144645797836
2026-07-11 11:40:00,-4515.117013508469,-5619.047530415287,3141.858365992535,2.621561131746836,-4.707644658942462,-4.657352721152653,AJISAI (EGS),-4320.029845999999,5770.277058000001,3142.216716,195.08716750846997,11389.324588415288,0.3583500074651056,11390.995290650519
2026-07-11 11:44:00,-3784.6477928501577,-6607.793377285202,1958.8117555889671,3.441795369879676,-3.4992866542905667,-5.162504711295607,AJISAI (EGS),-5365.625807,5403.366899000001,1959.1810600000001,-1580.9780141498427,12011.160276285202,0.36930441103299927,12114.762185046084
2026-07-11 11:48:00,-2876.0036386445854,-7285.44465952933,683.3555515496668,4.100436173416702,-2.125427427302778,-5.424328947578375,AJISAI (EGS),-6176.915763,4816.192176,683.716189,-3300.9121243554146,12101.63683552933,0.360637450333229,12543.748844815744
2026-07-11 11:52:00,-1831.8989298219024,-7619.941705901935,-624.3522921792634,4.566132342332782,-0.6510048347342512,-5.430173661240265,AJISAI (EGS),-6723.1985159999995,4027.37561,-624.019169,-4891.299586178097,11647.317315901935,0.3331231792633389,12632.688249538422
2026-07-11 11:56:00,-701.495140650848,-7595.468714620272,-1902.5843160996633,4.816739747751724,0.8541146155692969,-5.179673722621798,AJISAI (EGS),-6985.43467,3064.190408,-1902.2947960000001,-6283.939529349152,10659.659122620273,0.2895200996631502,12374.014251761646
2026-07-11 12:00:00,461.95349172344,-7213.223781869197,-3091.010148920466,4.840436607072683,2.3186075562971706,-4.684785820499849,AJISAI (EGS),-6956.882064,1961.677524,-3090.7766039999997,-7418.83555572344,9174.901305869198,0.23354492046610176,11799.065006594796
2026-07-11 12:04:00,1603.655247514917,-6491.342971666709,-4133.590653398353,4.636274364978017,3.673231131032406,-3.9691540151990243,AJISAI (EGS),-6643.154426,761.3911750000001,-4133.421514,-8246.809673514917,7252.7341466667085,0.16913939835376368,10982.350496228602
2026-07-11 12:08:00,2669.89801582192,-5463.99098180144,-4981.2448626876485,4.214143729021106,4.854193194096499,-3.066865368781661,AJISAI (EGS),-6061.717994,-490.170251,-4981.144563,-8731.616009821919,4973.820730801441,0.10029968764865771,10048.88107279555
2026-07-11 12:12:00,3610.5909902993953,-4179.683134410845,-5594.155680812039,3.594190623109081,5.806159062968477,-2.0207055205362985,AJISAI (EGS),-5240.87549,-1743.377293,-5594.125190000001,-8851.466480299396,2436.305841410845,0.03049081203789683,9180.634237659513
2026-07-11 12:16:00,4381.6073165581665,-2698.943713578286,-5943.610184741308,2.8057565818846797,6.484758096130464,-0.8800484357976835,AJISAI (EGS),-4218.31063,-2947.445764,-5943.646946999999,-8599.917946558166,-248.5020504217141,-0.03676225869094196,8603.507538088665
2026-07-11 12:20:00,4946.824484659067,-1091.4308405462107,-6013.302847361197,1.8859353590858219,6.858515906674302,0.3014878822721969,AJISAI (EGS),-3039.286682,-4052.493285,-6013.399715,-7986.111166659067,-2961.0624444537893,-0.09686763880290528,8517.385888614806
2026-07-11 12:24:00,5279.781227700954,567.3302873206926,-5800.059460892848,0.877834082770662,6.910185048531048,1.4685085766920003,AJISAI (EGS),-1754.59498,-5011.602619,-5800.204224,-7034.376207700954,-5578.932906320693,-0.1447631071523574,8978.136834870222
2026-07-11 12:28:00,5364.88921404445,2199.460700205568,-5313.963169904182,-0.17138746176442238,6.637468874725076,2.566345562162078,AJISAI (EGS),-418.343282,-5782.818544,-5314.139491000001,-5783.232496044449,-7982.279244205568,-0.17632109581882105,9857.107084072317
2026-07-11 12:32:00,5198.153689686738,3728.341440799568,-4577.88255297544,-1.212639329230244,6.053132523481707,3.5435263164020063,AJISAI (EGS),914.32965,-6331.004097,-4578.071565,-4283.824039686739,-10059.345537799567,-0.18901202455981547,10933.507263800195
2026-07-11 12:36:00,4787.3710804439625,5082.1790258701985,-3626.4185280912766,-2.197127577764796,5.184484549430628,4.3541350723274945,AJISAI (EGS),2189.5279649999998,-6629.479496,-3626.600512,-2597.8431154439627,-11711.658521870198,-0.18198390872339587,11996.321695356146
2026-07-11 12:40:00,4151.786772823419,6197.369033077128,-2504.306035477339,-3.0786129090172953,4.072209683237345,4.959977594857286,AJISAI (EGS),3356.7773650000004,-6661.366307,-2504.462515,-795.0094078234183,-12858.735340077128,-0.1564795226613569,12883.288187771088
2026-07-11 12:44:00,3321.2160924216596,7021.501157761569,-1264.3303718841446,-3.8156070718416726,2.7685510969413456,5.3324403196408445,AJISAI (EGS),4371.026242999999,-6420.561473000001,-1264.447867,1049.8101505783397,-13442.06263076157,-0.11749511585549044,13482.994813296453
2026-07-11 12:48:00,2334.6571887906007,7515.853397310082,35.153978038373594,-4.373389077858557,1.3348832453002673,5.453923572284,AJISAI (EGS),5194.387531,-5912.270028,35.082119,2859.7303422093996,-13428.123425310081,-0.07185903837359575,13729.259133714324
2026-07-11 12:52:00,1238.454523455761,7657.239955774858,1332.9859461050942,-4.725712591116975,-0.16122384994581643,5.318738068579775,AJISAI (EGS),5797.535653,-5153.044564,1332.961456,4559.081129544239,-12810.284519774857,-0.024490105094173487,13597.375122572352
2026-07-11 12:56:00,84.10174939627483,7439.1091817710585,2568.102954979554,-4.856086294875109,-1.6492874451465063,4.933387725645996,AJISAI (EGS),6160.698509,-4170.317686,2568.124497,6076.596759603725,-11609.426867771059,0.02154202044584963,13103.580441139555
2026-07-11 13:00:00,-1074.202419266056,6871.832226427317,3682.4371974630967,-4.758541781131829,-3.0593378186855644,4.3162146172203935,AJISAI (EGS),6274.211081,-3001.438533,3682.500575,7348.413500266057,-9873.270759427318,0.06337753690331738,12307.747822565736
2026-07-11 13:04:00,-2182.1168621460097,5982.174132612602,4623.653191282719,-4.437851646340054,-4.325271012434706,3.496441046770558,AJISAI (EGS),6138.621306,-1692.251686,4623.75109,8320.73816814601,-7674.425818612603,0.0978987172811685,11319.518334178963
2026-07-11 13:08:00,-3187.708018936374,4811.9887668347865,5347.59134032785,-3.9092116028592256,-5.387935084917037,2.512694072144171,AJISAI (EGS),5764.362379,-295.283927,5347.713967000001,8952.070397936375,-5107.272693834787,0.12262667215054535,10306.493040498133
2026-07-11 13:12:00,-4043.8644732001117,3416.220076897922,5820.306663962251,-3.1974413896936857,-6.1978042883223035,1.4111275325950037,AJISAI (EGS),5171.031644999999,1132.375909,5820.443433,9214.896118200111,-2283.8441678979216,0.13676903774921811,9493.695522354117
2026-07-11 13:16:00,-4710.469622448638,1860.3203651719045,6019.620521923498,-2.3357812347438025,-6.717152216672334,0.24326154877059275,AJISAI (EGS),4386.334406999999,2531.412111,6019.762078,9096.804029448638,671.0917458280956,0.14155607650172897,9121.524417637092
2026-07-11 13:20:00,-5156.244870252756,217.21166988920464,5936.130544583548,-1.3643622971247873,-6.9216820932041845,-0.9363554305262475,AJISAI (EGS),3444.759077,3842.7403870000003,5936.270812,8601.003947252757,3625.5287171107957,0.14026741645193397,9333.902045710973
2026-07-11 13:24:00,-5360.193342734865,-1436.077139922911,5573.646569016768,-0.32841743474926965,-6.801597433717871,-2.072579750999634,AJISAI (EGS),2386.0487289999996,5010.000127,5573.784342,7746.242071734865,6446.077266922912,0.13777298323202558,10077.508540509258
2026-07-11 13:28:00,-5312.588299899905,-3021.961548829911,4949.037881885168,0.7237157174968056,-6.362097446347034,-3.1121353907508773,AJISAI (EGS),1253.530994,5981.991002000001,4949.175983,6566.119293899905,9003.952550829912,0.13810111483235232,11143.836150015532
2026-07-11 13:32:00,-5015.462031970854,-4465.899674513063,4091.492230286613,1.7427524486994406,-5.623268065161771,-4.006042005135415,AJISAI (EGS),92.365644,6714.958656999999,4091.6343960000004,5107.827675970854,11180.858331513062,0.14216571338738504,12292.334872471949
2026-07-11 13:36:00,-4482.563243144566,-5699.887873799366,3041.204159373279,2.680721653292027,-4.619328037040008,-4.711927062157587,AJISAI (EGS),-1052.232091,7174.633834,3041.352735,3430.3311521445657,12874.521707799366,0.14857562672114,13323.68121203916
2026-07-11 13:40:00,-3738.7675921848663,-6665.694484088478,1847.532818525982,3.4932460985811282,-3.397196645486139,-5.196114313183434,AJISAI (EGS),-2136.733491,7337.92339,1847.6864110000001,1602.0341011848664,14003.617874088479,0.15359247401806897,14094.957497220068
2026-07-11 13:44:00,-2818.949798053735,-7317.668099058507,566.6982657074282,4.141727609752587,-2.014384850096719,-5.435357962938941,AJISAI (EGS),-3120.937022,7194.148584,566.850355,-301.9872239462652,14511.816683058507,0.15208929257187265,14514.958482519098
2026-07-11 13:48:00,-1766.356356421667,-7624.964089201552,-740.8822565284908,4.595298920204397,-0.5362724244846708,-5.418087165644945,AJISAI (EGS),-3969.442925,6745.750577,-740.739272,-2203.086568578333,14370.714666201551,0.14298452849072874,14538.60483218645
2026-07-11 13:52:00,-630.552048489516,-7573.056753974871,-2013.4862286039652,4.832400350705677,0.9670939116860281,-5.145047765176338,AJISAI (EGS),-4652.901323,6008.401900000001,-2013.357166,-4022.349274510484,13581.45865397487,0.129062603965167,14164.5795162596
2026-07-11 13:56:00,534.9546622891316,-7164.444888270483,-3191.0523946227095,4.8418619575957065,2.424482889442197,-4.629276901853263,AJISAI (EGS),-5148.972346,5010.489488,-3190.940148,-5683.927008289131,12174.934376270483,0.1122466227093355,13436.37054098504
2026-07-11 14:00:00,1675.2786715570344,-6418.511115798968,-4218.060550395081,4.623417366646141,3.76700778620105,-3.8954109018274625,AJISAI (EGS),-5442.959368,3791.99459,-4217.9670590000005,-7118.238039557034,10210.505705798967,0.0934913950804912,12446.83652839912
2026-07-11 14:04:00,2736.778148249413,-5370.55189664825,-5046.171171964201,4.187633066623641,4.931471495857686,-2.9783914220488157,AJISAI (EGS),-5528.1057630000005,2402.832046,-5046.0973650000005,-8264.883911249413,7773.38394264825,0.07380696420023014,11346.09201406804
2026-07-11 14:08:00,3669.5906329975573,-4070.046481891616,-5636.493257801008,3.555291404432257,5.863335820780062,-1.9216829772166393,AJISAI (EGS),-5405.565609,900.736811,-5636.438311,-9075.156241997558,4970.783292891616,0.05494680100855476,10347.325614117728
2026-07-11 14:12:00,4429.962840444527,-2578.272147195933,-5961.379110456783,2.7563036839957475,6.519183705659091,-0.7751368252482774,AJISAI (EGS),-5084.075234,-651.196255,-5961.339914,-9514.038074444527,1927.0758921959332,0.03919645678251982,9707.241728616798
2026-07-11 14:16:00,4982.272362859965,-965.3969577258787,-6005.677181444153,1.8282452324679033,6.868604851026418,0.40736833624464946,AJISAI (EGS),-4579.365414,-2187.2048309999996,-6005.6492769999995,-9561.637776859965,-1221.807873274121,0.027904444153136865,9639.384391954129
2026-07-11 14:20:00,5300.661291866331,692.8079354471218,-5767.4030961834915,0.8145995838296364,6.895480139114155,1.5704000129493352,AJISAI (EGS),-3913.359692,-3641.669287,-5767.381097,-9214.020983866332,-4334.477222447122,0.021999183491061558,10182.626158488092
2026-07-11 14:24:00,5370.22095893929,2318.491543874709,-5257.812066719531,-0.23721612396343345,6.5986599132634565,2.6594753517686884,AJISAI (EGS),-3113.206275,-4951.931252,-5257.790113,-8483.42723393929,-7270.422795874709,0.021953719530756644,11172.626605449563
2026-07-11 14:28:00,5187.682573066614,3835.3358185935026,-4500.874116420269,-1.2779852327451156,5.99202895640745,3.623523657274133,AJISAI (EGS),-2210.1808300000002,-6061.016484,-4500.846638,-7397.863403066614,-9896.352302593503,0.027478420269289927,12355.815304067763
2026-07-11 14:32:00,4761.582347891339,5172.108887709719,-3532.1704390607856,-2.25892650292417,5.103940554759153,4.417234233156686,AJISAI (EGS),-1238.4956499999998,-6920.153123,-3532.1327730000003,-6000.077997891339,-12092.26201070972,0.03766606078534096,13499.027243392464
2026-07-11 14:36:00,4111.885201995542,6266.004812513657,-2397.248770600266,-3.1339569576886426,3.976000390081425,5.003198833669676,AJISAI (EGS),-234.049992,-7490.975993,-2397.197994,-4345.935193995542,-13756.980805513656,0.0507766002660901,14427.115914009233
2026-07-11 14:40:00,3269.071427981376,7065.613139779233,-1149.5000269890108,-3.8618855880508796,2.6612010571782676,5.353737872184932,AJISAI (EGS),766.841221,-7747.310020999999,-1149.435886,-2502.230206981376,-14812.923160779232,0.06414098901086618,15022.77765860874
2026-07-11 14:44:00,2272.7169449710864,7533.366677208447,152.35333713565217,-4.408418081101188,1.2214526376611392,5.452289945951471,AJISAI (EGS),1728.700069,-7676.432462000001,152.428424,-544.0168759710864,-15209.799139208448,0.0750868643478384,15219.52509844001
2026-07-11 14:48:00,1169.6280381456745,7647.334028067546,1447.0387999729821,-4.747843424770869,-0.27538463257794193,5.294255894064229,AJISAI (EGS),2618.0755,-7279.738585,1447.1189709999999,1448.4474618543254,-14927.072613067547,0.08017102701774093,14997.182963875945
2026-07-11 14:52:00,11.621482330250341,7402.256313289612,2673.644476068836,-4.864285515366,-1.7587997913205964,4.8872245100180445,AJISAI (EGS),3404.632418,-6572.765726,2673.7222319999996,3393.01093566975,-13975.022039289612,0.07775593116366508,14381.02097259617
2026-07-11 14:56:00,-1146.9347680392207,6809.772684276211,3774.5072973596853,-4.752437253951672,-3.1590562756079787,4.250561021264565,AJISAI (EGS),4062.095842,-5584.557742,3774.578792,5209.030610039221,-12394.33042627621,0.07149464031454045,13444.457096407921
2026-07-11 15:00:00,-2251.69107638803,5897.830428202025,4697.929519025486,-4.417743565306655,-4.410527586150022,3.4143984350323584,AJISAI (EGS),4569.015147,-4356.4166430000005,4697.994806,6820.70622338803,-10254.247071202026,0.06528697451358312,12315.503091115763
2026-07-11 15:04:00,-3250.8647204467866,4709.324668062358,5400.5901314330085,-3.8760506249673212,-5.45475334429625,2.418120770092828,AJISAI (EGS),4909.341676,-2940.119811,5400.649641,8160.206396446787,-7649.444479062358,0.05950956699143717,11184.94386550107
2026-07-11 15:08:00,-4097.64571888908,3300.052738406072,5849.542824764481,-3.1527783415501047,-6.243074896066002,1.3084547262884774,AJISAI (EGS),5072.819114,-1395.687716,5849.595832999999,9170.46483288908,-4695.740454406072,0.053008235518063884,10302.786209041267
2026-07-11 15:12:00,-4752.354530586275,1736.095379034996,6023.7209253031315,-2.2816934668646223,-6.738766053868235,0.13728914749036822,AJISAI (EGS),5055.189887,211.195048,6023.767237,9807.544417586276,-1524.900331034996,0.04631169686854264,9925.384049227674
2026-07-11 15:16:00,-5184.265207677371,90.75136281930605,5914.896785890212,-1.3033609710059935,-6.918620114883701,-1.0406745439082354,AJISAI (EGS),4858.225464,1811.990439,5914.938097,10042.490671677371,1721.239076180694,0.04131110978778452,10188.92942608815
2026-07-11 15:20:00,-5373.0248691145425,-1558.8417735250025,5528.065214307878,-0.2633386096368908,-6.773977190004411,-2.170360587759136,AJISAI (EGS),4489.595416,3338.233976,5528.105109,9862.620285114543,4897.075749525003,0.03989469212228869,11011.4771845802
2026-07-11 15:24:00,-5309.614215334992,-3135.2647875953235,4881.23766515398,0.7898343697655131,-6.311175230176444,-3.198781183316087,AJISAI (EGS),3962.587497,4724.4718490000005,4881.281257000001,9272.201712334992,7859.736636595324,0.04359184602071764,12155.21223972527
2026-07-11 15:28:00,-4996.805302231632,-4564.409959898495,4004.6490689551115,1.806807329306024,-5.55139413028898,-4.077457544887358,AJISAI (EGS),3295.683032,5911.099654,4004.7022930000003,8292.488334231632,10475.509613898495,0.05322404488879329,13360.451506108628
2026-07-11 15:32:00,-4449.08520885832,-5778.96000964231,2939.396635722141,2.7396877771662984,-4.529851794573987,-4.764716497097846,AJISAI (EGS),2511.988983,6846.987371,2939.465264,6961.07419185832,12625.94738064231,0.06862827785880654,14417.735646349403
2026-07-11 15:36:00,-3692.0314116203767,-6721.592904184775,1735.553123047785,3.5443243733130707,-3.294320355207008,-5.227752482195675,AJISAI (EGS),1638.531148,7491.771696000001,1735.641781,5330.562559620377,14213.364600184776,0.08865795221504413,15180.073467136861
2026-07-11 15:40:00,-2761.1490626708987,-7347.749042462753,449.8264150973058,4.1824861303188055,-1.9029683452257693,-5.444323050690239,AJISAI (EGS),705.413919,7817.695328,449.935834,3466.562981670899,15165.444370462752,0.10941890269418764,15556.598660101246
2026-07-11 15:44:00,-1700.2115282017173,-7627.805792392485,-857.130235922433,4.623798032214366,-0.4215970560598623,-5.40394333809295,AJISAI (EGS),-255.133829,7810.883257,-857.0049869999999,1445.0776992017172,15438.689049392486,0.1252489224331157,15506.171969130513
2026-07-11 15:48:00,-559.1798299984287,-7548.529434248303,-2123.62310310327,4.8472915970280015,1.079588234412676,-5.108469844004871,AJISAI (EGS),-1209.7956100000001,7471.983042000001,-2123.48982,-650.6157800015715,15020.512476248303,0.13328310327005966,15034.596634432277
2026-07-11 15:52:00,608.1917894477605,-7113.716147026956,-3289.8831746083874,4.8424534255549245,2.52946972457299,-4.572014491907027,AJISAI (EGS),-2125.257132,6816.126757,-3289.750005,-2733.4489214477608,13929.842904026955,0.1331696083875613,14195.50162392186
2026-07-11 15:56:00,1746.934151706429,-6343.986853657491,-4300.930355868402,4.60970181170117,3.8595364433901334,-3.820195401510788,AJISAI (EGS),-2969.307724,5872.206857,-4300.805952,-4716.241875706429,12216.193710657491,0.12440386840262363,13094.973318871285
2026-07-11 16:00:00,2803.4853547614375,-5275.757136304573,-5109.184742707559,4.160279401959153,5.007203046798984,-2.8887944776384744,AJISAI (EGS),-3711.9076450000002,4681.5175389999995,-5109.078348,-6515.392999761438,9957.274675304572,0.10639470755904767,11899.481707709878
2026-07-11 16:04:00,3728.2208007011245,-3959.453942222422,-5676.695805126884,3.51560352694567,5.918740965297204,-1.821937982068879,AJISAI (EGS),-4326.187339,3295.849668,-5676.616518,-8054.408139701125,7255.303610222421,0.07928712688408268,10840.337677566908
2026-07-11 16:08:00,4477.769758777914,-2457.088609617602,-5976.891109046274,2.7061523461206787,6.551696054168267,-0.669935597215184,AJISAI (EGS),-4789.352279,1775.149709,-5976.846436,-9267.122037777914,4232.238318617602,0.04467304627451085,10187.806046968106
2026-07-11 16:12:00,5017.018060536619,-839.3184358501093,-5995.778473119212,1.7699786354276472,6.87672766490207,0.513093040078132,AJISAI (EGS),-5083.474424999999,184.860762,-5995.7741940000005,-10100.492485536619,1024.1791978501092,0.004279119211787474,10152.28503735533
2026-07-11 16:16:00,5320.7181722575215,817.8610850923806,-5732.563964133373,0.7509371260344518,6.878846961675957,1.6716977936847208,AJISAI (EGS),-5196.153556,-1406.9341869999998,-5732.604378,-10516.871728257522,-2224.7952720923804,-0.0404138666272047,10749.618828264574
2026-07-11 16:20:00,5374.646727093051,2436.648602127911,-5199.670696487351,-0.3033039674038612,6.55804969612505,2.7516007447688495,AJISAI (EGS),-5121.033958,-2932.448536,-5199.758889000001,-10495.680685093052,-5369.0971381279105,-0.08819251264958439,11789.254307625508
2026-07-11 16:24:00,5176.2649012731445,3941.0478225471857,-4422.161335196888,-1.3434086134209096,5.929335114353365,3.702151867499222,AJISAI (EGS),-4858.161394000001,-4327.095615,-4422.298989,-10034.426295273144,-8268.143437547185,-0.13765380311178887,13001.996269729978
2026-07-11 16:28:00,4734.850820769048,5260.407645416745,-3436.5841964071706,-2.3206165667319896,5.022092322363498,4.478662802069103,AJISAI (EGS),-4414.1571730000005,-5532.250277,-3436.770784,-9149.00799376905,-10792.657922416745,-0.1865875928292553,14148.70355669274
2026-07-11 16:32:00,4071.08898468537,6332.737183376069,-2289.282791300345,-3.189010108470074,3.8788352825351464,5.044526082196576,AJISAI (EGS),-3802.1848560000003,-6497.7543909999995,-2289.514417,-7873.2738406853705,-12830.491574376068,-0.23162569965506918,15053.569512384973
2026-07-11 16:36:00,3216.1225289411377,7107.6389320627595,-1034.233481294836,-3.9077045320736334,2.5532898474155683,5.37300742079042,AJISAI (EGS),-3041.691228,-7184.055138000001,-1034.502898,-6257.813756941137,-14291.69407006276,-0.26941670516384875,15601.690693043949
2026-07-11 16:40:00,2210.1008946961433,7548.709371165246,269.495689811153,-4.442840721902426,1.1078827467778753,5.4485906310925625,AJISAI (EGS),-2157.908819,-7563.87384,269.19833500000004,-4368.009713696143,-15112.583211165245,-0.2973548111529567,15731.169068500833
2026-07-11 16:44:00,1100.2860308014144,7635.275578585877,1560.5442017971106,-4.769250302089739,-0.38925626692774085,5.267768621290463,AJISAI (EGS),-1181.119888,-7623.314589,1560.231663,-2281.4059188014144,-15258.590167585877,-0.31253879711061927,15428.20102819415
2026-07-11 16:48:00,-61.18988009829453,7363.370485480994,2778.1741606665546,-4.871677951940723,-1.867609061029017,4.8392118301496225,AJISAI (EGS),-145.701216,-7362.354954,2777.861225,-84.51133590170545,-14725.725439480993,-0.3129356665544947,14725.967947228539
2026-07-11 16:52:00,-1219.798453249611,6745.89533022809,3865.1491677475087,-4.745481420168143,-3.257692221588554,4.183300541425582,AJISAI (EGS),911.019105,-6794.702937,3864.851622,2130.817558249611,-13540.59826722809,-0.2975457475085932,13707.231120453855
2026-07-11 16:56:00,-2321.190947251617,5811.969183523043,4770.428688315694,-4.396779448450421,-4.494374438141721,3.3310662221759,AJISAI (EGS),1950.053405,-5947.03379,4770.164503999999,4271.244352251617,-11759.002973523044,-0.26418431569436507,12510.702590892266
2026-07-11 17:00:00,-3313.745018669524,4605.514066148529,5451.546430075793,-3.842068306509515,-5.519901539943219,2.3226344149717497,AJISAI (EGS),2932.14232,-4857.662777,5451.334824,6245.887338669524,-9463.176843148529,-0.21160607579349744,11338.554786957284
2026-07-11 17:04:00,-4150.961379230305,3183.1632399502905,5876.566895016223,-3.10736613162024,-6.286493122500846,1.2052870314593527,AJISAI (EGS),3819.1856000000002,-3574.743657,5876.423374,7970.146979230305,-6757.9068969502905,-0.14352101622262126,10449.523841734634
2026-07-11 17:08:00,-4793.60617861852,1611.6061743369185,6025.5431019407315,-2.226962938733294,-6.758430805435433,0.03126262867888028,AJISAI (EGS),4575.673068,-2154.0940189999997,6025.4747640000005,9369.27924661852,-3765.7001933369183,-0.06833794073099853,10097.717145567323
2026-07-11 17:12:00,-5211.513820554325,-35.50273040556322,5891.425194124287,-1.2418530640766978,-6.913602052211985,-1.1446041072667856,AJISAI (EGS),5170.079287,-656.7444399999999,5891.431353,10381.593107554325,-621.2417095944368,0.0061588757125718985,10400.164263731473
2026-07-11 17:16:00,-5384.981913031792,-1680.9389439368613,5480.391257693352,-0.19791354596464977,-6.744484199862087,-2.267325191492725,AJISAI (EGS),5576.174972,853.6933769999999,5480.466724999999,10961.156885031793,2534.632320936861,0.07546730664762435,11250.392049449341
2026-07-11 17:20:00,-5305.703601582604,-3247.469898238118,4811.588483439604,0.8561215755291405,-6.258551008326796,-3.2842205670771905,AJISAI (EGS),5774.203624,2313.731824,4811.724899,11079.907225582603,5561.201722238118,0.1364155603960171,12397.229881774032
2026-07-11 17:24:00,-4977.193933729995,-4661.442285168707,3916.2879763654387,1.8708437233423751,-5.478069616756196,-4.147331499300415,AJISAI (EGS),5751.879058,3662.685347,3916.474927,10729.072991729994,8324.127632168707,0.18695063456152639,13579.547420052524
2026-07-11 17:28:00,-4414.67955241017,-5856.2433491375905,2836.474374299615,2.798447952372198,-4.439246401311012,-4.815700742110252,AJISAI (EGS),5505.149826999999,4845.222999,2836.700006,9919.82937941017,10701.46634813759,0.22563170038483804,14591.929172245873
2026-07-11 17:32:00,-3644.438727231973,-6775.475811309406,1622.9151639072822,3.5950182305657767,-3.1906917416576697,-5.257407018798181,AJISAI (EGS),5038.673775,5813.689061,1623.1670589999999,8683.112502231974,12589.164872309406,0.251895092717632,15293.250634579212
2026-07-11 17:36:00,-2702.60376645236,-7375.68306780494,332.78438196894774,4.222699987679293,-1.7912136987023466,-5.451220752961387,AJISAI (EGS),4365.9519230000005,6530.085861,333.05018,7068.555689452361,13905.76892880494,0.2657980310522703,15599.195142918586
2026-07-11 17:40:00,-1633.4695118160303,-7628.471022723526,-973.052091066566,4.6516187487245455,-0.3070145490541262,-5.387747651812008,AJISAI (EGS),3509.085349,6967.613606,-972.786179,5142.55486081603,14596.084628723525,0.2659120665661021,15475.514759001426
2026-07-11 17:44:00,-487.3860230457457,-7521.89938256939,-2232.953160616497,4.861403902353017,1.191563532228174,-5.069954065753012,AJISAI (EGS),2498.1438089999997,7111.684852,-2232.702889,2985.5298320457455,14633.584234569389,0.2502716164967751,14935.031837626217
2026-07-11 17:48:00,681.6552400906295,-7061.057975531548,-3387.4650602053052,4.842203195487658,2.633537458420063,-4.513020575544553,AJISAI (EGS),1370.161666,6960.366721,-3387.245776,688.5064259093705,14021.424696531549,0.2192842053050299,14038.31869089418
2026-07-11 17:52:00,1818.610423709635,-6267.797385713396,-4382.168752075912,4.5951219648080475,3.950791398185361,-3.7435362355029187,AJISAI (EGS),167.799118,6524.235600999999,-4381.993124,-1650.811305709635,12792.032986713395,0.17562807591275487,12898.111719591654
2026-07-11 17:56:00,2870.007265939384,-5179.639364031842,-5170.261817577616,4.132079286813594,5.0813681916070905,-2.798108559187099,AJISAI (EGS),-1062.2734750000002,5825.666738,-5170.139809,-3932.2807409393845,11005.306102031842,0.12200857761581574,11686.727268139193
2026-07-11 18:00:00,3786.4685834939833,-3847.9420845248296,-5714.74820590591,3.475125947545318,5.972361710703853,-1.7215082326459967,AJISAI (EGS),-2271.1942999999997,4897.617998,-5714.688081,-6057.662883493983,8745.56008252483,0.060124905910015514,10638.613667707243
2026-07-11 18:04:00,4525.015204687708,-2335.4318616207456,-5990.140378591258,2.6553039707927564,6.582289718759378,-0.5644843846517891,AJISAI (EGS),-3409.852623,3781.993113,-5990.149091,-7934.867827687709,6117.424974620746,-0.008712408742212574,10019.23229409634
2026-07-11 18:08:00,5051.049338036062,-713.2344322319766,-5983.610486219753,1.7111393797920333,6.882886473009621,0.6186222093024764,AJISAI (EGS),-4430.8786660000005,2527.681511,-5983.693053999999,-9481.928004036063,3240.9159432319766,-0.08256778024679079,10020.503721452129
2026-07-11 18:12:00,5339.940821669455,942.4519865538882,-5695.555216671088,0.6868528062337727,6.860295080673432,1.7723637626310251,AJISAI (EGS),-5290.609684,1188.373266,-5695.713904,-10630.550505669455,245.92127944611184,-0.15868732891249238,10633.394629865628
2026-07-11 18:16:00,5378.15718695538,2553.8972766508664,-5139.560999564415,-0.36964283910587764,6.515654831042382,2.8426869421886085,AJISAI (EGS),-5950.9639050000005,-179.75788699999998,-5139.794464,-11329.121091955381,-2733.6551636508666,-0.23346443558421015,11654.2633969054
2026-07-11 18:20:00,5163.893512816048,4045.4476191361528,-4341.773934940894,-1.4088996078240346,5.865073956093703,3.7793811274199878,AJISAI (EGS),-6381.151955,-1520.414138,-4342.077262,-11545.04546781605,-5565.861757136153,-0.3033270591058681,12816.66462249434
2026-07-11 18:24:00,4707.171865101366,5347.051641279882,-3339.695938528816,-2.3821866555171294,4.938968167512726,4.538397380203027,AJISAI (EGS),-6559.154093,-2779.491657,-3340.061696,-11266.325958101366,-8126.543298279881,-0.3657574711842244,13891.393260101193
2026-07-11 18:28:00,4029.3962496794707,6397.54980055561,-2180.448960577207,-3.243760550088068,3.7807467463660847,5.083943535787991,AJISAI (EGS),-6472.885247,-3907.269095,-2180.866563,-10502.28149667947,-10304.81889555561,-0.4176024227931521,14713.504316786253
2026-07-11 18:32:00,3162.3703822471325,7147.570299106781,-918.5743937889551,-3.953051999703765,2.444852388978905,5.390241571837661,AJISAI (EGS),-6120.975402,-4860.376775000001,-919.028771,-9283.345784247133,-12007.947074106782,-0.4543772110448572,15177.98741898633
2026-07-11 18:36:00,2146.8128321315,7561.881759599127,386.53665545163784,-4.476645609280174,0.9942093249225207,5.44282703421886,AJISAI (EGS),-5513.107954,-5603.463609,386.064469,-7659.9207861315,-13165.345368599126,-0.4721864516378673,15231.569365868507
2026-07-11 18:40:00,1030.4349112347923,7621.073391270664,1673.4591616251437,-4.789922904013204,-0.5028039351526612,5.239286381745884,AJISAI (EGS),-4669.877093,-6110.488558,1672.9905549999999,-5700.312004234793,-13731.561949270665,-0.46860662514382057,14867.728499400082
2026-07-11 18:44:00,-134.32362859358065,7322.4685545889715,2881.65244840243,-4.878254832252079,-1.9756830760293238,4.789368010460305,AJISAI (EGS),-3622.149226,-6365.577077,2881.211515,-3487.8255974064195,-13688.045631588971,-0.44093340242989143,14125.421084159143
2026-07-11 18:48:00,-1292.7828841491503,6680.224270956588,3954.328538884856,-4.737667427042658,-3.355217651547263,4.114458755474926,AJISAI (EGS),-2409.950895,-6363.408396,3953.9416340000002,-1117.1680108508497,-13043.632666956588,-0.3869048848555394,13091.387155861707
2026-07-11 18:52:00,-2390.6044976780513,5724.620594953484,4841.123314415545,-4.3749546332488345,-4.576789015428598,3.246475971004776,AJISAI (EGS),-1080.937676,-6109.137317,4840.815659,1309.6668216780513,-11833.757911953484,-0.30765541554501397,11906.009138127596
2026-07-11 18:56:00,-3376.336099055193,4500.591814950275,5500.440996013838,-3.807262353587421,-5.583363549415928,2.2262710474659633,AJISAI (EGS),311.48769500000003,-5617.88159,5500.233701,3687.8237940551926,-10118.473404950275,-0.2072950138381202,10769.565842022457
2026-07-11 19:00:00,-4203.798383866702,3065.5894633617204,5901.368656518042,-3.0612049314464316,-6.328049941535065,1.1016633045027215,AJISAI (EGS),1710.328836,-4913.8189680000005,5901.277666,5914.127219866702,-7979.40843136172,-0.09099051804241753,9932.16289110957
2026-07-11 19:04:00,-4834.211835842595,1486.8919084181302,6025.0863226063875,-2.1715923050957353,-6.776144903202158,-0.0747780850600533,AJISAI (EGS),3057.32469,-4028.956283,6025.119977,7891.536525842595,-5515.84819141813,0.03365439361277822,9628.13221817249
2026-07-11 19:08:00,-5237.9789072545045,-161.51198086547402,5865.724570938492,-1.1798436440397175,-6.906633864163058,-1.2481049166045306,AJISAI (EGS),4295.36306,-3001.648604,5865.879594,9533.341967254504,-2840.136623134526,0.1550230615075634,9947.410976063979
2026-07-11 19:12:00,-5396.054162251306,-1802.3323364763114,5430.642645666475,-0.1321495490363352,-6.713131728650804,-2.3634368510307904,AJISAI (EGS),5370.900711,-1874.9362649999998,5430.904045,10766.954873251307,-72.60392852368841,0.2613993335253326,10767.199665716094
2026-07-11 19:16:00,-5300.8481397408605,-3358.5445774472855,4740.116622691381,0.9225680887618882,-6.204244831396223,-3.368421034145848,AJISAI (EGS),6236.304746000001,-694.753512,4740.462162,11537.152885740861,2663.7910654472853,0.34553930861875415,11840.67902059307
2026-07-11 19:20:00,-4956.622018376541,-4756.969892894324,3826.442376525465,1.934850867398004,-5.4033205239252045,-4.215637139725105,AJISAI (EGS),6852.014236999999,491.927838,3826.846017,11808.63625537654,5248.897730894324,0.40364047453476815,12922.647475038018
2026-07-11 19:24:00,-4379.343078480283,-5931.717976126592,2732.476382445618,2.8569904332953864,-4.34754265041524,-4.864860199705741,AJISAI (EGS),7188.42425,1638.950266,2732.910561,11567.767328480284,7570.668242126591,0.43417855438201514,13824.914422400994
2026-07-11 19:28:00,-3595.989219936138,-6827.331112773583,1509.6616893281437,3.6453155536195854,-3.086344944336147,-5.285066485986157,AJISAI (EGS),7227.395354,2702.7553420000004,1510.09953,10823.384573936139,9530.086454773584,0.43784067185629283,14421.102650715795
2026-07-11 19:32:00,-2643.3164792498083,-7401.466511720246,215.6166138331132,4.262357329574758,-1.679156722046798,-5.456048410662752,AJISAI (EGS),6963.293403,3644.0324389999996,216.034269,9606.609882249808,11045.498950720244,0.4176551668867887,14638.647501546635
2026-07-11 19:36:00,-1566.1356288438335,-7626.964733005167,-1088.60380911886,4.678750086454382,-0.19256058953644314,-5.369506371570126,AJISAI (EGS),6403.479378999999,4429.160112,-1088.226594,7969.615007843833,12056.124845005166,0.3772151188600219,14452.159347097295
2026-07-11 19:40:00,-415.1784271929642,-7493.1799212037595,-2341.4349334073377,4.874727679196483,1.302986038000755,-5.029515278628155,AJISAI (EGS),5568.200849000001,5031.374428,-2341.1149360000004,5983.379276192965,12524.55434920376,0.31999740733726867,13880.392260715567
2026-07-11 19:44:00,755.3351244618673,-7006.491401714703,-3483.7611021116045,4.841103496536171,2.7366559044720087,-4.452317791402119,AJISAI (EGS),4489.876214,5431.615185,-3483.51116,3734.541089538133,12438.106586714703,0.24994211160446866,12986.65825662612
2026-07-11 19:48:00,1890.2959827344152,-6189.970409605059,-4461.745043919032,4.57967217933048,4.040747469356692,-3.66546266098256,AJISAI (EGS),3211.8046379999996,5619.019184999999,-4461.572652,1321.5086552655844,11808.989594605058,0.17239191903172468,11882.70257143346
2026-07-11 19:52:00,2936.3312979978637,-5082.231604866468,-5229.379374158519,4.103029402074956,5.153947874890158,-2.706368087285966,AJISAI (EGS),1786.368876,5591.057923,-5229.286349,-1149.9624219978637,10673.28952786647,0.0930251585186852,10735.06045284911
2026-07-11 19:56:00,3844.320892545783,-3735.54768953642,-5750.636155397281,3.4338577888495108,6.024185917731793,-1.6204316715782208,AJISAI (EGS),272.822733,5353.336575,-5750.620205,-3571.498159545783,9088.88426453642,0.015950397280903417,9765.419411271136
2026-07-11 20:00:00,4571.686176104098,-2213.340717707752,-6001.121969211369,2.603760158237565,6.610959941266916,-0.45882290732222636,AJISAI (EGS),-1265.226524,4919.09027,-6001.179226,-5836.912700104098,7132.430987707752,-0.057256788631093514,9216.350778172922
2026-07-11 20:04:00,5084.353871156472,-587.1839988515453,-5969.177838267109,1.651731500488908,6.887084056624086,0.723916132453639,AJISAI (EGS),-2762.5270720000003,4308.425019,-5969.3049790000005,-7846.880943156473,4895.609017851546,-0.1271407328913483,9248.812259306942
2026-07-11 20:08:00,5358.318164045793,1066.5431495448108,-5656.390822928704,0.6223529605377448,6.839834683891897,1.872359993880458,AJISAI (EGS),-4154.969934,3547.353157,-5656.584625,-9513.288098045792,2480.8100074551894,-0.19380207129597693,9831.432691478327
2026-07-11 20:12:00,5380.743036315776,2670.2033716647875,-5077.5056599896725,-0.436224342627191,6.471492490878989,2.9326995258629505,AJISAI (EGS),-5382.347519,2666.6739019999995,-5077.76062,-10763.090555315775,-3.529469664787939,-0.25496001032752247,10763.091137033467
2026-07-11 20:16:00,5150.561333112308,4148.505903496617,-4259.742276722683,-1.4744481186432001,5.799268921969025,3.8551821359107596,AJISAI (EGS),-6390.982175,1700.741999,-4260.0488940000005,-11541.543508112307,-2447.763904496617,-0.30661727731785504,11798.253039150331
2026-07-11 20:20:00,4678.54098739886,5432.01784928448,-3241.542300215414,-2.4436254452696504,4.854596778545925,4.596415204807592,AJISAI (EGS),-7136.119702,686.162152,-3241.887389,-11814.660689398861,-4745.85569728448,-0.34508878458609615,12732.217152725623
2026-07-11 20:24:00,3986.805312648859,6460.427024886879,-2070.7884737850954,-3.2981962967402567,3.6817674096471653,5.121436115172689,AJISAI (EGS),-7583.981124,-339.551525,-2071.157378,-11570.78643664886,-6799.978549886879,-0.3689042149044326,13420.983837914015
2026-07-11 20:28:00,3107.816198376431,7185.399752080592,-802.5665745240403,-3.9979159570393956,2.33592369825499,5.405433710603771,AJISAI (EGS),-7713.366367,-1339.31231,-802.9449109999999,-10821.182565376432,-8524.712062080593,-0.37833647595959974,13775.656354516386
2026-07-11 20:32:00,2082.8568001781155,7572.884873867812,503.431891678948,-4.509821272452292,0.8804680644184473,5.435001353540293,AJISAI (EGS),-7516.710980000001,-2277.7463620000003,503.059605,-9599.567780178117,-9850.631235867811,-0.3722866789480008,13754.51334834809
2026-07-11 20:36:00,960.0813509747873,7604.736968175772,1785.7409150863766,-4.80985088292011,-0.6159930317162263,5.208820069438353,AJISAI (EGS),-7000.530713,-3122.376647,1785.391732,-7960.612063974788,-10727.113615175771,-0.3491830863765699,13358.230087400021
2026-07-11 20:40:00,-207.77079129714386,7279.568026958422,2984.040180006719,-4.884007405217373,-2.0829900096556995,4.737712069516501,AJISAI (EGS),-6185.226683,-3844.665508,2983.73181,-5977.455891702856,-11124.233534958421,-0.3083700067186328,12628.481728720946
2026-07-11 20:44:00,-1365.8772182098128,6612.784164238498,4042.011697126075,-4.728988490031656,-3.4516050297770025,4.044061833840343,AJISAI (EGS),-5104.251238,-4420.8811129999995,4041.762342,-3738.374019790187,-11033.665277238499,-0.24935512607498822,11649.772951614066
2026-07-11 20:48:00,-2459.9195205036967,5635.815285811843,4909.9866961537455,-4.352264568870125,-4.657749325465945,3.1606597102326375,AJISAI (EGS),-3802.680426,-4832.760529,4909.814624,-1342.7609054963032,-10468.575814811844,-0.1720721537458303,10554.339698408496
2026-07-11 20:52:00,-3438.6249486172946,4394.5930527017645,5547.255367384609,-3.771630623834005,-5.645123872988266,2.1290670302093178,AJISAI (EGS),-2335.275001,-5067.95945,5547.176098,1103.3499476172947,-9462.552502701765,-0.07926938460877864,9526.661586283946
2026-07-11 20:56:00,-4256.143504730607,2947.3694207671215,5923.938728339218,-3.014295099602187,-6.367736983771831,0.9976225694278267,AJISAI (EGS),-764.132734,-5120.295722,5923.9608,3492.010770730607,-8067.665142767121,0.022071660781875835,8790.981747177351
2026-07-11 21:00:00,-4874.158662418284,1361.9917099252846,6022.350716485197,-2.115584437265559,-6.7919074428647255,-0.18079306294358183,AJISAI (EGS),843.965125,-4989.800763,6022.475582,5718.123787418283,-6351.7924729252845,0.12486551480287744,8546.47338280185
2026-07-11 21:04:00,-5263.648611708541,-287.23794594031233,5837.8045591054515,-1.1173380162225786,-6.897722155069499,-1.3511379200326457,AJISAI (EGS),2420.403815,-4682.589916,5838.0270470000005,7684.05242670854,-4395.351970059688,0.22248789454897633,8852.331934954418
2026-07-11 21:08:00,-5406.231308543714,-1922.9859728642846,5378.838110402217,-0.06605417147985838,-6.679933642945189,-2.458659164133565,AJISAI (EGS),3897.662797,-4210.573338,5379.144977,9303.894105543714,-2287.5873651357156,0.3068665977825731,9580.996898781814
2026-07-11 21:12:00,-5295.039574085123,-3468.4569946764755,4666.849062419881,0.9891644200961626,-6.148277280656888,-3.451350533359324,AJISAI (EGS),5212.220109,-3591.024743,4667.219241000001,10507.259683085122,-122.56774832352448,0.3701785801195001,10507.97454497047
2026-07-11 21:16:00,-4935.08376772672,-4850.966614623879,3735.146261206281,1.9988177732889825,-5.327173284477087,-4.2823483256875985,AJISAI (EGS),6307.326665,-2846.010487,3735.553911,11242.41043272672,2004.9561276238787,0.40764979371897425,11419.791660873569
2026-07-11 21:20:00,-4343.072761735931,-6005.364653178774,2627.442080733577,2.915303281675447,-4.254771645662373,-4.912175967021089,AJISAI (EGS),7135.531803999999,-2001.682111,2627.860142,11478.60456573593,4003.6825421787735,0.41806126642313757,12156.802081544967
2026-07-11 21:24:00,-3546.68278190681,-6877.147452296084,1395.8356845620283,3.6952040759277867,-2.981314269852555,-5.310720214205188,AJISAI (EGS),7660.8337089999995,-1087.443538,1396.237954,11207.51649090681,5789.703914296084,0.40226943797165404,12614.638221961983
2026-07-11 21:28:00,-2583.2900122836104,-7425.096468759622,98.36760629702542,4.3014462033881955,-1.5668332375956064,-5.458804164599683,AJISAI (EGS),7860.342673,-135.011699,98.73152499999999,10443.63268528361,7290.084769759623,0.36391870297457274,12736.357397146256
2026-07-11 21:32:00,-1498.2154600917934,-7623.292617466767,-1203.7415206539988,4.705181013695498,-0.07827071585672274,-5.34922655087469,AJISAI (EGS),7725.357762000001,822.608199,-1203.432976,9223.573222091794,8445.900816466767,0.30854465399875153,12506.300159522903
2026-07-11 21:36:00,-342.56510668403587,-7462.385060164745,-2449.0272808333298,4.88725334263127,1.4138222816898895,-4.987169065969535,AJISAI (EGS),7261.782292999999,1752.198731,-2448.7856060000004,7604.347399684035,9214.583791164745,0.2416748333293981,11947.160912864783
2026-07-11 21:40:00,829.2212945671915,-6950.038053866261,-3578.7348443264455,4.839146608379989,2.838795303400273,-4.3899294224168965,AJISAI (EGS),6489.850631,2621.416494,-3578.565803,5660.6293364328085,9571.454547866262,0.16904132644549463,11120.047961898747
2026-07-11 21:44:00,1961.9790832231556,-6110.534107777984,-4539.6291703230345,4.563346903380587,4.12938000654072,-3.5860044593556277,AJISAI (EGS),5443.185898,3399.849392,-4539.5328,3481.206814776844,9510.383499777985,0.09637032303453452,10127.49698639231
2026-07-11 21:48:00,3002.4446540821955,-4983.567231774875,-5286.515133333843,4.073126563783673,5.224923645964261,-2.6136078663319906,AJISAI (EGS),4167.245382,4060.007453,-5286.4866759999995,1164.8007279178046,9043.574684774874,0.028457333843107335,9118.278555498764
2026-07-11 21:52:00,3901.764462851984,-3622.307734943075,-5784.346166118002,3.3917983450727593,6.074202095678188,-1.5187464726103221,AJISAI (EGS),2717.2499980000002,4578.216703,-5784.3765539999995,-1184.5144648519836,8200.524437943075,-0.030387881997739896,8285.630668553154
2026-07-11 21:56:00,4617.769539863841,-2090.8540312643045,-6009.831784782729,2.551522711822581,6.637702627713879,-0.35299095752036974,AJISAI (EGS),1155.713066,4935.3980870000005,-6009.9095290000005,-3462.0564738638404,7026.252118264305,-0.07774421727117442,7832.8828577785025
2026-07-11 22:00:00,5116.919256476205,-461.20606793764676,-5952.485998762168,1.591759260244474,6.889323850667497,0.8289351852981556,AJISAI (EGS),-450.313304,5117.716824,-5952.600125,-5567.232560476205,5578.922891937646,-0.11412623783235176,7881.526440331033
2026-07-11 22:04:00,5375.839100807413,1190.0973566290659,-5615.0855641634125,0.5574441679006876,6.817476577245485,1.971648805693033,AJISAI (EGS),-2032.152132,5117.09158,-5615.228221,-7407.991232807413,3926.9942233709344,-0.14265683658777562,8384.486731821524
2026-07-11 22:08:00,5382.3950093241,2785.5331058490137,-5013.528097181507,-0.5030398359276284,6.425580406164583,3.021604471385626,AJISAI (EGS),-3522.4591570000002,4931.551571999999,-5013.694398,-8904.854166324101,2146.0184661509857,-0.16630081849234557,9159.793830006038
2026-07-11 22:12:00,5136.261381826043,4250.193909279461,-4176.0973458033195,-1.5400438141932202,5.731943924197084,3.929526121855542,AJISAI (EGS),-4858.107876,4565.428495,-4176.281809,-9994.369257826043,315.23458572053914,-0.18446319668055366,9999.339465176656
2026-07-11 22:16:00,4648.953841908562,5515.283882402736,-3142.160398884469,-2.504921402831709,4.7690072051286165,4.652694158540174,AJISAI (EGS),-5982.891769999999,4029.367871,-3142.353746,-10631.84561190856,-1485.9160114027359,-0.19334711553074158,10735.179902814178
2026-07-11 22:20:00,3943.314682930618,6521.353927407004,-1960.3428429840976,-3.3523051908137678,3.5819301294100305,5.156989472835428,AJISAI (EGS),-6849.935888,3340.1428029999997,-1960.5332039999998,-10793.250570930617,-3181.2111244070047,-0.19036101590222643,11252.304747969738
2026-07-11 22:24:00,3052.461417311895,7221.120549757042,-686.2539678541283,-4.042284244461317,2.226538872445596,5.418578004149355,AJISAI (EGS),-7423.708844,2520.253146,-686.430922,-10476.170261311894,-4700.867403757042,-0.17695414587171854,11482.521400938644
2026-07-11 22:28:00,2018.2370953649988,7581.720493761791,620.1371113667547,-4.542356165752252,0.7666945833878078,5.425116578079664,AJISAI (EGS),-7681.528649,1597.301947,619.980641,-9699.765744364999,-5984.418546761791,-0.15647036675466097,11397.312001646098
2026-07-11 22:32:00,889.2322869247055,7586.276523641048,1897.3469397214815,-4.829023868159591,-0.7287891766355067,5.176381336325171,AJISAI (EGS),-7614.476821,603.158517,1897.216569,-8503.709107924706,-6983.118006641048,-0.13037072148154039,11003.499702543393
2026-07-11 22:36:00,-281.52213152647954,7234.687050226372,3085.298612159733,-4.888926946927621,-2.1894983982615015,4.684263712189743,AJISAI (EGS),-7227.6752050000005,-427.06492,3085.20027,-6946.153073473521,-7661.751970226372,-0.09834215973296523,10341.73514373021
2026-07-11 22:40:00,-1439.07036034124,6543.600207657567,4128.165497591308,-4.719437898887123,-3.54682729899078,3.972136529133019,AJISAI (EGS),-6539.922095,-1456.187034,4128.105822,-5100.85173465876,-7999.7872416575665,-0.05967559130749578,9487.638501456493
2026-07-11 22:44:00,-2529.1235791206846,5545.584293246267,4976.992825818717,-4.32870482234041,-4.737233942422414,3.0736499221620566,AJISAI (EGS),-5582.71926,-2446.238662,4976.978894000001,-3053.5956808793153,-7991.822955246267,-0.013931818716628186,8555.330544782013
2026-07-11 22:48:00,-3500.5983580639277,4287.553187731203,5591.971867484729,-3.735171132483677,-5.705167637165743,2.0310590342717494,AJISAI (EGS),-4398.755513,-3359.806886,5592.0104519999995,-898.1571549360724,-7647.360073731203,0.03858451527048601,7699.922231668949
2026-07-11 22:52:00,-4307.9833596018925,2828.541239774898,5944.268570267314,-2.96663718743741,-6.405546537399374,0.8932040036885633,AJISAI (EGS),-3039.9379449999997,-4161.396233,5944.364254,1268.0454146018928,-6989.937472774898,0.0956837326857567,7104.024567521637
2026-07-11 22:56:00,-4913.433714233164,1236.9446640922185,6017.337271190659,-2.0589424282453033,-6.805718182405898,-0.2867423804110001,AJISAI (EGS),-1565.0734439999999,-4818.764536000001,6017.490227,3348.3602702331646,-6055.709200092219,0.1529558093416199,6919.763755992898
2026-07-11 23:00:00,-5288.511029390527,-412.6423833683466,5807.675639082779,-1.0543417277039422,-6.886874170664024,-1.4536642320437103,AJISAI (EGS),-37.305067,-5304.194455,5807.881111,5251.205962390527,-4891.552071631653,0.20547191722107527,7176.520450131
2026-07-11 23:04:00,-5415.503054505032,-2042.8642240518568,5324.997162954544,0.00036478397267857097,-6.644904404205021,-2.5529560511960856,AJISAI (EGS),1478.5960910000001,-5595.662235999999,5325.246849,6894.0991455050325,-3552.7980119481426,0.24968604545574635,7755.706080306229
2026-07-11 23:08:00,-5288.2697193659915,-3577.175803167197,4591.813465729476,1.0559008356495199,-6.0906694593460955,-3.532977482832331,AJISAI (EGS),2918.979061,-5677.861673,4592.096034,8207.248780365991,-2100.6858698328033,0.2825682705242798,8471.824699932069
2026-07-11 23:12:00,-4912.57352035499,-4943.406879541036,3642.4341771714853,2.0627332285958264,-5.249654753424023,-4.347439515554762,AJISAI (EGS),4224.001394999999,-5543.039086,3642.7360249999997,9136.57491535499,-599.632206458964,0.30184782851438285,9156.230668677423
2026-07-11 23:16:00,-4305.865753876084,-6077.1648273703,2521.4112879441846,2.9733743687741434,-4.160964788503714,-4.9576298438013895,AJISAI (EGS),5340.155149,-5191.585312,2521.7170440000004,9646.020902876084,885.5795153703002,0.30575605581589116,9686.58714048723
2026-07-11 23:20:00,-3496.519522933456,-6924.914212497739,1281.480355351167,3.7446713846679396,-2.8756341776859684,-5.334358305944298,AJISAI (EGS),6222.519971,-4632.333875,1281.773969,9719.039493933455,2292.5803374977386,0.2936136488331158,9985.7725477165
2026-07-11 23:24:00,-2522.5274235065526,-7446.570790398119,-18.918114130867462,4.3399545607582635,-1.4542790638205314,-5.459486956235141,AJISAI (EGS),6836.635644,-3882.521886,-18.651863000000002,9359.163067506553,3564.0489043981192,0.26625113086745955,10014.807935652574
2026-07-11 23:28:00,-1429.7148497598287,-7617.461107292235,-1318.421516568722,4.730900455639943,0.03581969543541738,-5.3269160288294035,AJISAI (EGS),7159.894807,-2967.388824,-1318.194854,8589.609656759829,4650.072283292235,0.2266625687218493,9767.526111903682
2026-07-11 23:32:00,-269.5543932787369,-7429.529489541228,-2555.689405054053,4.898971316047103,1.524039102847732,-4.9429317395201275,AJISAI (EGS),7182.380699,-1919.409378,-2555.511018,7451.935092278737,5510.120111541228,0.1783870540530188,9267.834714482578
2026-07-11 23:36:00,903.3033427530831,-6891.720150231161,-3672.3503378733467,4.836324867228073,2.939926333223978,-4.325879386143478,AJISAI (EGS),6907.105197,-777.182218,-3672.2259249999997,6003.801854246916,6114.537932231161,0.12441287334695517,8569.317991837564
2026-07-11 23:40:00,2033.6477389177226,-6029.517134973735,-4615.791715354257,4.546140685909779,4.216664897626381,-3.5051919244068874,AJISAI (EGS),6349.649122000001,415.97693699999996,-4615.724011,4316.001383082278,6445.494071973735,0.06770435425642063,7757.0781725596
2026-07-11 23:44:00,3068.334325762912,-4883.67995170652,-5341.647567383453,4.042367729191503,5.294277663366337,-2.5198630712756658,AJISAI (EGS),5537.242741,1613.676728,-5341.636466,2468.908415237088,6497.35667970652,0.011101383453024027,6950.622460346892
2026-07-11 23:48:00,3958.78585615804,-3508.259380692088,-5815.865572655306,3.348947087886015,6.122399404155602,-1.4164910266001367,AJISAI (EGS),4507.35519,2768.25323,-5815.9083949999995,548.5693338419601,6276.512610692088,-0.04282234469337709,6300.439577366199
2026-07-11 23:52:00,4663.252035990252,-1968.0106797657083,-6016.266584348688,2.4985936434594604,6.662514347521376,-0.24702838579090122,AJISAI (EGS),3305.886109,3832.660712,-6016.358126,-1357.3659269902519,5800.671391765708,-0.09154165131167247,5957.367779765078
2026-07-11 23:56:00,5148.733016842839,-335.3394376460089,-5933.541287172862,1.5312271541869966,6.889609940563251,0.9336398450310488,AJISAI (EGS),1985.05961,4762.380483,-5933.674685,-3163.6734068428386,5097.719920646009,-0.13339782713774184,5999.631474708318
2026-07-12 00:00:00,5392.492517315413,1313.0776765286366,-5571.655028379603,0.49213325355464144,6.793232179358806,2.0701927742584263,AJISAI (EGS),601.1179490000001,5517.281209,-5571.82371,-4791.374568315413,4204.203532471363,-0.1686816203964554,6374.370370852159
2026-07-12 00:04:00,5383.103883606404,2899.8531240686643,-4947.652457358775,-0.5700804294065872,6.377936857420293,3.1093681609541584,AJISAI (EGS),-788.089178,6063.363524,-4947.851614,-6171.193061606405,3163.510399931336,-0.19915664122527232,6934.797898551631
2026-07-12 00:08:00,5120.986780256106,4350.483418274875,-4090.870740137282,-1.6056761281220475,5.663123336981401,4.002384855469101,AJISAI (EGS),-2125.529019,6374.320995,-4091.096877,-7246.515799256105,2023.8375767251255,-0.22613686271779443,7523.822819349938
2026-07-12 00:12:00,4618.406237874552,5596.827999584087,-3041.5878206337175,-2.566062787274056,4.682228846361258,4.707212778523835,AJISAI (EGS),-3357.331642,6432.84407,-3041.834588,-7975.737879874552,836.0160704159134,-0.246767366282711,8019.433749296369
2026-07-12 00:16:00,3898.9230702674836,6580.316293297462,-1849.153881157939,-3.40607490578692,3.4812679781972196,5.190589999101874,AJISAI (EGS),-4434.964275,6231.5987829999995,-1849.4089040000001,-8333.887345267483,-348.71751029746247,-0.2550228420611802,8341.179907581074
2026-07-12 00:20:00,2996.3077144243243,7254.726699114797,-569.6806355995981,-4.086144580776163,2.1167330752865094,5.4296694038752955,AJISAI (EGS),-5317.151426,5773.820635,-569.928299,-8313.459140424326,-1480.9060641147971,-0.24766340040196155,8444.328612244664
2026-07-12 00:24:00,1952.9582726304393,7588.391144669876,736.6080996266116,-4.574238673670962,0.6529244115775851,5.413176486447664,AJISAI (EGS),-5971.459024,5073.467783,736.3811559999999,-7924.4172966304395,-2514.9233616698757,-0.22694362661172818,8313.917792335453
2026-07-12 00:28:00,817.8949248519613,7565.702978164899,2008.2349712349237,-4.847431471685655,-0.8411582286015082,5.141982587421714,AJISAI (EGS),-6375.465096,4154.899193,2008.037281,-7193.360020851961,-3410.8037851648987,-0.19769023492381166,7961.030768032992
2026-07-12 00:32:00,-355.5681456835405,7187.844404258062,3185.38943217347,-4.893004766629051,-2.2951771524427023,4.62904332154945,AJISAI (EGS),-6517.461679999999,3052.075216,3185.226322,-6161.893534316459,-4135.769188258062,-0.16311017347015877,7421.153463808754
2026-07-12 00:36:00,-1512.350962237013,6472.698127149965,4212.757376563421,-4.709009023816676,-3.640857889044495,3.898710165511251,AJISAI (EGS),-6396.666933,1807.3149879999999,4212.6327249999995,-4884.3159707629875,-4665.383139149965,-0.12465156342113914,6754.431312320319
2026-07-12 00:40:00,-2598.204008328652,5453.95905499297,5042.116398786195,-4.304271084734109,-4.815222013181677,2.9854795302285737,AJISAI (EGS),-6022.9593540000005,469.668433,5042.033737,-3424.7553456713486,-4984.29062199297,-0.08266178619487619,6047.487262411101
2026-07-12 00:44:00,-3562.2429241242785,4179.507884110537,5634.573611259075,-3.6978820584357033,-5.763480597934645,1.932284025564801,AJISAI (EGS),-5416.171673999999,-907.0220159999999,5634.535153,-1853.9287498757208,-5086.529900110537,-0.03845825907501421,5413.856133645712
2026-07-12 00:48:00,-4359.304415849269,2709.1431486681267,5962.350485951052,-2.918231944787531,-6.441471548825379,0.7884469239830653,AJISAI (EGS),-4605.005903,-2266.285311,5962.355379,-245.70148715073083,-4975.428459668126,0.004893048947451462,4981.491501356553
2026-07-12 00:52:00,-4952.023947943125,1111.7897980696996,6010.047832467952,-2.0016695977605954,-6.8175775402770835,-0.3925861335346878,AJISAI (EGS),-3625.638637,-3551.3288199999997,6010.09225,1326.3853109431248,-4663.1186180697,0.04441753204810084,4848.089648639644
2026-07-12 00:56:00,-5312.5542134495645,-537.6872651929341,5775.349125270981,-0.9908605713137146,-6.874097793891388,-1.5556451477537816,AJISAI (EGS),-2520.0859360000004,-4707.404637000001,5775.427702,2792.468277449564,-4169.717371807066,0.07857672901900514,5018.408318130965
2026-07-12 01:00:00,-5423.85912048874,-2161.9318228748907,5269.140086161233,0.06709926186567577,-6.608059062221563,-2.6462917688725223,AJISAI (EGS),-1334.3988279999999,-5684.146103,5269.245789,4089.46029248874,-3522.2142801251093,0.10570283876677422,5397.191763327705
2026-07-12 01:04:00,-5280.530468177534,-3684.670150748429,4515.038169083631,1.1227673560400777,-6.0314429837432195,-3.6132707823691868,AJISAI (EGS),-116.759461,-6437.789665,4515.162687,5163.771007177535,-2753.119514251571,0.124517916368859,5851.854243726923
2026-07-12 01:08:00,-4889.085749252578,-5034.265722848764,3548.341213181631,2.1265857973991764,-5.170792196934456,-4.410885776988739,AJISAI (EGS),1084.459748,-6933.194099,3548.475523,5973.545497252579,-1898.928376151236,0.13430981836927458,6268.107753025474
2026-07-12 01:12:00,-4267.719390658257,-6147.100635742676,2414.4242058825403,3.031191377727377,-4.066153765004581,-5.001204340099601,AJISAI (EGS),2222.605501,-7145.558226,2414.55841,6490.324891658257,-998.4575902573242,0.13420411745983074,6566.676082831555
2026-07-12 01:16:00,-3445.4997767050572,-6970.621517066838,1166.6391112878307,3.7937049244682366,-2.7693392658715164,-5.3559716400011474,AJISAI (EGS),3254.5525279999997,-7061.741085,1166.7627819999998,6700.052304705057,-91.1195679331613,0.12367071216908698,6700.671882485989
2026-07-12 01:20:00,-2461.0320228715937,-7465.888083701811,-136.19600723609597,4.377870262328308,-1.3415300006936721,-5.458096528099858,AJISAI (EGS),4142.337272,-6681.09458,-136.092717,6603.369294871593,784.7935037018115,0.10329023609597243,6649.841118295564
2026-07-12 01:24:00,-1360.6399094807693,-7609.47736583712,-1432.6002649051925,4.75589729981516,0.14967544353221113,-5.302583426654529,AJISAI (EGS),4854.543568,-6015.742227,-1432.525153,6215.183477480769,1593.7351388371198,0.07511190519244337,6416.26817995912
2026-07-12 01:28:00,-196.1548889308073,-7394.6285715486065,-2661.380866588562,4.909872036991042,1.6336036629091284,-4.896820332407083,AJISAI (EGS),5367.377503,-5090.264957,-2661.3395290000003,5563.532391930807,2304.363614548606,0.04133758856187342,6021.875484085306
2026-07-12 01:32:00,977.5706004602193,-6831.560488384388,-3764.5721543128807,4.832630671867603,3.040020119213173,-4.260192224844449,AJISAI (EGS),5665.384723,-3940.79702,-3764.568602,4687.814122539781,2890.763468384388,0.0035523128808563342,5507.459911578274
2026-07-12 01:36:00,2105.2897230786966,-5946.948605556435,-4690.2039190886035,4.5280481828306565,4.302578575867093,-3.42305585029035,AJISAI (EGS),5741.7889749999995,-2613.575762,-4690.241551,3636.499251921303,3333.372843556435,-0.037631911396601936,4933.102606352301
2026-07-12 01:40:00,3133.987094716897,-4782.60379156502,-5394.755907792517,4.0107500028314345,5.361992699083424,-2.42516923428238,AJISAI (EGS),5598.457119,-1163.0224329999999,-5394.837173000001,2464.4700242831027,3619.5813585650203,-0.08126520748373878,4378.924721717123
2026-07-12 01:44:00,4015.371464073818,-3393.4399542818787,-5845.182536179106,3.305303672253573,6.1687676545825445,-1.3137039274736475,AJISAI (EGS),5245.521078,350.54659200000003,-5845.308365,1230.1496139261817,3743.986546281879,-0.12582882089373015,3940.9013369044574
2026-07-12 01:48:00,4708.120282156799,-1844.8495500106699,-6020.423983225227,2.4449751789394125,6.685392332482148,-0.14097508663547828,AJISAI (EGS),4700.699662999999,1863.4730889999998,-6020.593726,-7.420619156799148,3708.3226390106697,-0.16974277477311261,3708.3300674832517
2026-07-12 01:52:00,5179.782607023979,-209.62275782185648,-5912.350870616441,1.470139914341388,6.887947058867083,1.0379907044568129,AJISAI (EGS),3988.371588,3311.460586,-5912.5616119999995,-1191.411019023979,3521.0833438218565,-0.21074138355834293,3717.188208149191
2026-07-12 01:56:00,5408.267289462195,1435.4474772674846,-5526.115604661007,0.42642729230889165,6.767113515934732,2.167954747386885,AJISAI (EGS),3138.4570980000003,4632.3210659999995,-5526.36203,-2269.8101914621943,3196.8735887325147,-0.24642533899350383,3920.7192080441823
2026-07-12 02:00:00,5382.860487471184,3013.1305089077314,-4879.903604685557,-0.6373369841203282,6.32858066727368,3.1959573961083696,AJISAI (EGS),2185.157547,5768.664869,-4880.179212,-3197.702940471184,2755.534360092269,-0.2756073144428228,4221.169717164492
2026-07-12 02:04:00,5104.730758771757,4449.346769780046,-4004.0946586407113,-1.6713342593060705,5.592831986433726,4.073730659441113,AJISAI (EGS),1165.596526,6670.4287460000005,-4004.392756,-3939.1342327717566,2221.0819762199544,-0.29809735928893133,4522.165823777972
2026-07-12 02:08:00,4586.894146791912,5676.629112466715,-2939.862606092432,-2.6270376514771323,4.594291438723698,4.759950265172297,AJISAI (EGS),118.407258,7297.134858,-2940.1762599999997,-4468.486888791912,1620.5057455332853,-0.313653907567641,4753.25299610597
2026-07-12 02:12:00,3853.6293914953303,6637.300625511384,-1737.26368629741,-3.4594929493173017,3.379814230512903,5.222224827928657,AJISAI (EGS),-917.690352,7619.774007,-1737.583711,-4771.31974349533,982.4733814886158,-0.32002470258998983,4871.421367775305
2026-07-12 02:16:00,2939.3570062716526,7286.212955604683,-452.89074016837856,-4.1294845675121845,2.0065415227618804,5.4387036477445765,AJISAI (EGS),-1905.2724699999999,7622.209603,-453.20322600000003,-4844.6294762716525,335.99664739531727,-0.3124858316214727,4856.2669414961565
2026-07-12 02:20:00,1887.025149974155,7592.900094421532,852.800730772237,-4.605457116026799,0.5391929762545077,5.399185645278159,AJISAI (EGS),-2809.503942,7302.025686,852.511042,-4696.529091974155,-290.8744084215323,-0.28968877223701384,4705.527974324851
2026-07-12 02:24:00,746.0767427237485,7543.027951980349,2118.363019644286,-4.865063293788034,-0.9530662979427224,5.1056369755966164,AJISAI (EGS),-3599.300772,6670.764834,2118.107057,-4345.377514723748,-872.2631179803493,-0.2559626442857734,4432.059200639406
2026-07-12 02:28:00,-429.89906132988267,7139.059491836088,3284.2747724939413,-4.8962322127736995,-2.3999955680298646,4.572071950498473,AJISAI (EGS),-4248.316467000001,5753.519843,3284.058304,-3818.4174056701177,-1385.5396488360875,-0.21646849394119272,4062.0230980731694
2026-07-12 02:32:00,-1585.707421928108,6400.10416534503,4295.755363675289,-4.697695321683562,-3.7336707254217476,3.8238106278352277,AJISAI (EGS),-4735.714567,4587.8996720000005,4295.579984,-3150.007145071892,-1812.2044933450297,-0.17537967528915033,3634.092757547875
2026-07-12 02:36:00,-2667.147915377654,5360.971396011625,5105.33282287749,-4.278959177384465,-4.8916932630678,2.896181886416182,AJISAI (EGS),-5046.71211,3222.4328100000002,5105.196121,-2379.5641946223463,-2138.538586011625,-0.13670187748994067,3199.3238440140285
2026-07-12 02:40:00,-3623.5450520657623,4070.4930472506135,5675.044511495418,-3.6597617503099227,-5.820049143742004,1.8327792511745604,AJISAI (EGS),-5172.892991000001,1714.492606,5674.941339999999,-1549.3479389342383,-2356.000441250613,-0.10317149541879189,2819.790262714093
2026-07-12 02:44:00,-4410.092994360102,2589.2134615976192,5978.177625737974,-2.869080325634919,-6.4755056230626336,0.6833907720155828,AJISAI (EGS),-5112.299721,127.844764,5978.101312,-702.2067266398981,-2461.3686975976193,-0.0763137379744876,2559.5761677034557
2026-07-12 02:48:00,-4989.916226181182,986.5660663250886,6000.485103587136,-1.9437694972112192,-6.827486593342943,-0.49828445342668354,AJISAI (EGS),-4869.323147,-1470.068054,6000.42748,120.59307918118157,-2456.6341203250886,-0.05762358713582216,2459.5922213270023
2026-07-12 02:52:00,-5335.7661809849415,-662.3347915857054,5740.837161966144,-0.9269005895059977,-6.859401540491859,-1.6570421571059095,AJISAI (EGS),-4454.414809999999,-3010.99548,5740.7894989999995,881.3513709849422,-2348.660688414295,-0.047662966144343955,2508.582721520561
2026-07-12 02:56:00,-5431.289251646386,-2280.153876537711,5211.287927255613,0.1341409515698566,-6.569413248339577,-2.7386309236194655,AJISAI (EGS),-3883.642636,-4428.80036,5211.243777,1547.6466156463862,-2148.6464834622893,-0.044150255613203626,2647.9976887765256
2026-07-12 03:00:00,-5271.813798391083,-3790.909690406714,4436.552171806971,1.1897537555920343,-5.9706199740356745,-3.692199825729658,AJISAI (EGS),-3178.100957,-5662.3213049999995,4436.508283,2093.7128413910827,-1871.4116145932853,-0.043888806971153826,2808.169313871013
2026-07-12 03:04:00,-4864.615069245841,-5123.518793871533,3452.9029867830627,2.1903638212101293,-5.0906132809804046,-4.472662797182019,AJISAI (EGS),-2363.190728,-6658.059978,3452.8582650000003,2501.4243412458413,-1534.5411841284676,-0.04472178306241403,2934.6107719361403
2026-07-12 03:08:00,-4228.63119889108,-6215.154910455479,2306.521404025837,3.088741806093917,-3.9703705326449787,-5.0428826836963925,AJISAI (EGS),-1467.7825030000001,-7372.581262,2306.4754780000003,2760.84869589108,-1157.426351544521,-0.045926025836706685,2993.6468200110608
2026-07-12 03:12:00,-3393.6241070262204,-7014.2602325851085,1051.35554909399,3.8422920012976833,-2.662464256643504,-5.375551875412297,AJISAI (EGS),-523.274677,-7774.5061239999995,1051.308092,2870.3494300262205,-760.245891414891,-0.04745709399003317,2969.323099313587
2026-07-12 03:16:00,-2398.8073774816457,-7483.047709661435,-253.42153630810375,4.415181082636926,-1.228621815082769,-5.454633423850439,AJISAI (EGS),437.43065,-7845.986293,-253.470054,2836.238027481646,-362.93858333856497,-0.04851769189625088,2859.3654131927156
2026-07-12 03:20:00,-1290.9970222088166,-7599.349283530879,-1546.2344276093504,4.780160401628035,0.26326151718953966,-5.276238143868956,AJISAI (EGS),1381.004684,-7583.566008999999,-1546.283021,2672.0017062088164,15.78327453087968,-0.04859339064955748,2672.048321437893
2026-07-12 03:24:00,-122.3754683020151,-7357.698332306394,-2766.0615997219784,4.91994596308578,1.7424834572713843,-4.848852591833577,AJISAI (EGS),2274.782338,-6998.369438,-2766.109941,2397.157806302015,359.32889430639443,-0.048341278021780454,2423.9395217156357
2026-07-12 03:28:00,1052.012137150455,-6769.582434393644,-3855.3653990375215,4.828056489766705,3.1390482435237015,-4.192893095363349,AJISAI (EGS),3087.824415,-6115.602211,-3855.414273,2035.8122778495451,653.9802233936434,-0.04887396247841025,2138.275418560859
2026-07-12 03:32:00,2176.8925688897884,-5862.858080692506,-4762.83768821939,4.509064163169895,4.38709802670676,-3.3396275193726206,AJISAI (EGS),3791.915275,-4973.397342,-4762.890303,1615.0227061102114,889.4607386925054,-0.052614780610383605,1843.7566948204642
2026-07-12 03:36:00,3199.389534599842,-4680.373084099346,-5445.820152773764,3.9782706425926273,5.428052142503793,-2.3295622313079725,AJISAI (EGS),4362.46244,-3621.073306,-5445.883492,1163.072905400158,1059.299778099346,-0.06333922623616672,1573.1670627015894
2026-07-12 03:40:00,4071.5075113810954,-3277.886936028138,-5872.286048654709,3.2608679422388147,6.213297311419234,-1.2104239581350984,AJISAI (EGS),4779.271405,-2116.909787,-5872.369401,707.7638936189051,1160.9771490281378,-0.08335234529113222,1359.7049961751663
2026-07-12 03:44:00,4752.360778327268,-1721.4095234015815,-6022.302453799553,2.3906697632043747,6.706334475495999,-0.034870984216561283,AJISAI (EGS),5027.185383,-525.5643120000001,-6022.413819,274.82460467273177,1195.8452114015813,-0.11136520044692588,1227.0184780058628
2026-07-12 03:48:00,5210.0554195133545,-84.09451586786466,-5888.9227612384475,1.4085025140191443,6.884340581675036,1.1419484861396778,AJISAI (EGS),5096.586002,1084.753531,-5889.067713,-113.46941751335453,1168.8480468678647,-0.1449517615528748,1174.3428317099974
2026-07-12 03:52:00,5423.152290389667,1557.170439179486,-5478.484477204986,0.3603336116902168,6.7391332139051565,2.264897858147491,AJISAI (EGS),4983.746093999999,2645.2338999999997,-5478.665711000001,-439.40619638966746,1088.0634608205137,-0.18123379501412273,1173.4393606164901
2026-07-12 03:56:00,5381.6557072019295,3125.3327919946587,-4810.30711214584,-0.7048001101767305,6.277531192368205,3.2813394103522295,AJISAI (EGS),4691.027861,4089.4242910000003,-4810.523878,-690.62784620193,964.0914990053416,-0.21676585416025773,1185.9339304494658
2026-07-12 04:00:00,5087.486664286499,4546.756869724277,-3915.8018892165983,-1.7370071719488507,5.521095140302744,4.143536419908584,AJISAI (EGS),4226.917724000001,5356.083608,-3916.050859,-860.5689402864982,809.3267382757231,-0.24896978340166243,1181.3503850508537
2026-07-12 04:04:00,4554.41370965198,5754.666791798722,-2837.0232360835544,-2.687833843910487,4.505225043867241,4.810886490771958,AJISAI (EGS),3605.88186,6391.820318,-2837.299305,-948.5318496519799,637.1535262012776,-0.276068916445638,1142.6624006980255
2026-07-12 04:08:00,3807.4327771808503,6692.294148076369,-1624.7146253675255,-3.5125466665072396,3.2776023491915094,5.251881842390293,AJISAI (EGS),2848.028343,7153.397271,-1625.011109,-959.4044341808503,461.1031229236305,-0.29648363247451925,1064.4590392299492
2026-07-12 04:12:00,2881.6114563043266,7315.574823084553,-335.9285276319998,-4.172291693369266,1.8959994688133421,5.445677262168719,AJISAI (EGS),1978.569339,7609.594618,-336.237132,-903.0421173043267,294.01979491544716,-0.3086043680001467,949.7014271149953
2026-07-12 04:16:00,1820.4428129865335,7595.251349806208,968.6709852422671,-4.635999753256816,0.42553558819166504,5.383149407325861,AJISAI (EGS),1027.083382,7742.531557,968.361887,-793.3594309865334,147.2802071937922,-0.30909824226705496,806.9143335621483
2026-07-12 04:20:00,673.7854939002546,7518.263758341282,2227.6893853038237,-4.881908928913979,-1.0644797594053612,5.067358396062429,AJISAI (EGS),26.597917000000002,7548.373070000001,2227.394569,-647.1875769002545,30.10931165871898,-0.2948163038236089,647.8876579000696
2026-07-12 04:24:00,-504.5048354334541,7088.352329107238,3381.917225021228,-4.898600679136003,-2.503923336846918,4.513371313155904,AJISAI (EGS),-987.477666,7037.39487,3381.6508820000004,-482.9728305665459,-50.95745910723781,-0.2663430212278399,485.6536715013408
2026-07-12 04:28:00,-1659.1278835179883,6325.845069726241,4377.12809385915,-4.685490342248907,-3.8252402374467827,3.747466350637027,AJISAI (EGS),-1978.538328,6233.408644,4376.901183,-319.4104444820118,-92.43642572624049,-0.22691085914993891,332.517031644662
2026-07-12 04:32:00,-2735.942181198621,5266.653515009752,5166.618227442767,-4.252765058112872,-4.96662800128973,2.805790758553966,AJISAI (EGS),-2910.04408,5172.583342,5166.438230000001,-174.10189880137932,-94.07017300975167,-0.1799974427667621,197.89062892266966
2026-07-12 04:36:00,-3684.490958404989,3960.5448094437,5713.369284724847,-3.6208087324882667,-5.8748602982106215,1.7325822256224102,AJISAI (EGS),-3746.8046480000003,3901.741805,5713.239483,-62.313689595011056,-58.80300444370005,-0.12980172484640207,85.67850425303286
2026-07-12 04:40:00,-4460.335273655027,2468.7905637867957,5991.743989205102,-2.8191834937208315,-6.507643023865217,0.5780751002281143,AJISAI (EGS),-4456.252671,2476.236315,5991.663850999999,4.082602655026676,7.445751213204403,-0.08013820510223013,8.491953703340752
2026-07-12 04:44:00,-5027.09732293437,861.3123361118339,5988.652644426477,-1.8852459145308347,-6.835447074591045,-0.603797520642238,AJISAI (EGS),-5009.671825,957.500843,5988.620924,17.42549793436956,96.1885068881661,-0.031720426477477304,97.75417045743343
2026-07-12 04:48:00,-5358.134919462665,-786.5474045476705,5704.152719006859,-0.8624680780958051,-6.842794554357139,-1.757816959036206,AJISAI (EGS),-5383.340517,-589.612749,5704.1691789999995,-25.205597537335052,196.93465554767045,0.016459993140415463,198.54113169271776
2026-07-12 04:52:00,-5437.78322507234,-2397.495878913994,5151.462490189575,0.20148128500060442,-6.528983168457997,-2.829938485148963,AJISAI (EGS),-5559.5549280000005,-2099.60567,5151.527132,-121.77170292766004,297.89020891399423,0.06464181042520067,321.81816042493483
2026-07-12 04:56:00,-5262.111780648367,-3895.8645906284182,4356.3851253235325,1.2568495617383013,-5.908223044973409,-3.7697345127464206,AJISAI (EGS),-5527.496809,-3509.110045,4356.497498,-265.3850283516331,386.7545456284183,0.11237267646720284,469.05042848830215
2026-07-12 05:00:00,-4839.156244421493,-5211.142363891918,3356.1556308688455,2.2540554201115035,-5.009146059795671,-4.5327468928781585,AJISAI (EGS),-5283.899548,-4759.574441,3356.31378,-444.74330357850704,451.567922891918,0.1581491311544596,633.8061376114883
2026-07-12 05:04:00,-4188.5989033918395,-6281.311183623239,2197.7438040158167,3.1460129685937575,-3.8736473069973876,-5.082648827230911,AJISAI (EGS),-4833.464053999999,-5799.745097,2197.943241,-644.8651506081596,481.56608662323924,0.199436984183194,804.8335219345776
2026-07-12 05:08:00,-3340.893313953639,-7055.821970019473,935.6734358186437,3.8904197865232835,-2.5550439820328985,-5.393091455047928,AJISAI (EGS),-4188.982356,-6587.832259,935.9062299999999,-848.0890420463616,467.98971101947336,0.232794181356212,968.6430958058476
2026-07-12 05:12:00,-2335.857316627814,-7498.049781189878,-370.5501853436309,4.451874715141466,-1.1155902262013166,-5.449098987974973,AJISAI (EGS),-3371.1326830000003,-7093.253187,-370.29578100000003,-1035.2753663721865,404.7965941898774,0.25440434363088116,1111.6003920502903
2026-07-12 05:16:00,-1220.792845977343,-7587.085472467865,-1659.2808771898688,4.803678590008492,0.37654310838873656,-5.247890354142513,AJISAI (EGS),-2407.930692,-7297.859069,-1659.0195840000001,-1187.137846022657,289.22640346786466,0.26129318986863836,1221.8626134702708
2026-07-12 05:20:00,-48.225281114397916,-7318.755453349266,-2869.691927749921,4.92918357802223,1.8506463271513711,-4.799046971489687,AJISAI (EGS),-1333.842271,-7196.57917,-2869.4404879999997,-1285.6169898856022,122.17628334926576,0.2514397499212464,1291.4093665904334
2026-07-12 05:24:00,1126.6167594200613,-6705.809911769308,-3944.695724353401,4.822594863226172,3.2369827545730216,-4.124007758779633,AJISAI (EGS),-188.586214,-6797.450746,-3944.4723950000002,-1315.2029734200612,-91.64083423069223,0.22332935340091353,1318.3918058253653
2026-07-12 05:28:00,2248.4435700452123,-5777.275555394312,-4833.665606399053,4.4891835152503665,4.470200794315611,-3.2549386899385606,AJISAI (EGS),984.320526,-6121.044879,-4833.489326000001,-1264.1230440452123,-343.76932360568844,0.17628039905230253,1310.0322322039353
2026-07-12 05:32:00,3264.528013113787,-4577.0224537170425,-5494.821074503087,3.9449270657943525,5.492440004094618,-2.2330782685894173,AJISAI (EGS),2139.209351,-5199.340405,-5494.709633,-1125.318662113787,-622.3179512829574,0.11144150308700773,1285.9322440197966
2026-07-12 05:36:00,4127.18005952113,-3161.6379443357387,-5897.165936749866,3.2156399367866833,6.255979493140101,-1.1066900763535559,AJISAI (EGS),3230.030151,-4074.127489,-5897.134409,-897.1499085211299,-912.4895446642613,0.031527749865745136,1279.654300377669
2026-07-12 05:40:00,4795.959911570816,-1597.7294612779642,-6021.901326022148,2.3356800655496746,6.725339329069175,0.07124398193780665,AJISAI (EGS),4212.177839,-2795.035396,-6021.961569,-583.7820725708161,-1197.305934722036,-0.06024297785188537,1332.0446738773076
2026-07-12 05:44:00,5239.538790491522,41.206977285841766,-5863.265813288201,1.3463201720935745,6.8787965248103715,1.2454740565265259,AJISAI (EGS),5044.306213999999,-1417.288363,-5863.423844999999,-195.2325764915231,-1458.4953402858416,-0.15803171179868514,1471.5041425470242
2026-07-12 05:48:00,5437.136397328586,1678.2105677507893,-5428.779619067353,0.29385979493533176,6.709304495369164,2.3609855384333267,AJISAI (EGS),5690.066428,0.706177,-5429.033769000001,252.930030671414,-1677.5043907507893,-0.25414993264712393,1696.4653388725064
2026-07-12 05:52:00,5379.480494430518,3236.427965124541,-4738.889252146353,-0.7724601653167449,6.224808315065752,3.3654818816595684,AJISAI (EGS),6119.711406,1399.845108,-4739.230945,740.2309115694825,-1836.582857124541,-0.34169285364714597,1980.146083065776
2026-07-12 05:56:00,5069.247967766837,4642.687199538024,-3826.0257965466317,-1.802683595878116,5.447938497517533,4.211775597244907,AJISAI (EGS),6311.498863,2722.798915,-3826.440104,1242.2508952331627,-1919.8882845380244,-0.41430745336811015,2286.7353330599103
2026-07-12 06:00:00,4520.961244179571,5830.921273555366,-2733.1086171130864,-2.7484390106017127,4.415060036270844,4.860002007809664,AJISAI (EGS),6252.826379,3916.368853,-2733.576376,1731.8651348204294,-1914.5524205553656,-0.4677588869135434,2581.6405704627764
2026-07-12 06:04:00,3760.3325782018096,6745.284809074245,-1511.549318161149,-3.565223243347565,3.1746659716879977,5.279549679860438,AJISAI (EGS),5941.032206,4933.643072,-1512.049786,2180.6996277981902,-1811.6417370742447,-0.5004678388511365,2835.0479538548566
2026-07-12 06:08:00,2823.0734804668136,7342.808553425157,-218.83831075696202,-4.214553338823263,1.7851421910451195,5.450587563557346,AJISAI (EGS),5383.797194,5735.855127000001,-219.349389,2560.723713533186,-1606.953426425156,-0.5110782430379857,3023.1780485032155
2026-07-12 06:12:00,1753.216619247068,7595.449652773115,1084.1749664791407,-4.6658547918275,0.31198742774987615,5.365073909227533,AJISAI (EGS),4599.1077350000005,6293.858908,1083.6765149999999,2845.891115752933,-1301.5907447731151,-0.4984514791408401,3129.41447527399
2026-07-12 06:16:00,601.0292101672486,7491.423396521308,2336.1726748119313,-4.897957971580009,-1.1753652647625963,5.027161480561167,AJISAI (EGS),3614.761577,6589.155306,2335.710193,3013.7323668327517,-902.2680905213083,-0.46248181193141136,3145.8974395167006
2026-07-12 06:20:00,-579.3751527942969,7035.74353579043,3478.2798552462455,-4.900101610991523,-2.6069305572377233,4.4529637759899785,AJISAI (EGS),2467.424536,6614.427074,3477.875412,3046.799688794297,-421.31646179042946,-0.4044432462455916,3075.7919416285245
2026-07-12 06:24:00,-1732.6002371005807,6249.948080619877,4456.8448190540785,-4.67238773445334,-3.9155413662233745,3.6697063069124742,AJISAI (EGS),1201.27695,6373.567712,4456.517275,2933.8771871005806,123.61963138012288,-0.32754405407831655,2936.480422127292
2026-07-12 06:28:00,-2804.5734618332003,5171.037970850433,5225.949472174256,-4.225684827467907,-5.040007126116553,2.7143403174886145,AJISAI (EGS),-133.687197,5881.226218999999,5225.712931,2670.8862648332,710.1882481495659,-0.2365411742557626,2763.6933338263348
2026-07-12 06:32:00,-3745.0666738075115,3849.6995153675866,5749.533456824001,-3.5810217111418776,-5.927901722586227,1.6317307170638153,AJISAI (EGS),-1483.635591,5161.912858,5749.398419,2261.4310828075113,1312.213342632413,-0.1350378240013015,2614.5696428103993
2026-07-12 06:36:00,-4510.01729418365,2347.9128967602055,6003.044427381572,-2.768542828106525,-6.537878673615294,0.4725395575092575,AJISAI (EGS),-2793.061924,4248.731592,6003.016631,1716.9553701836498,1900.8186952397946,-0.027796381571533857,2561.454168270092
2026-07-12 06:40:00,-5063.55392908828,736.0673730076426,5974.554870245307,-1.826102878946223,-6.841461370608561,-0.7090855795822626,AJISAI (EGS),-4007.052753,3181.82188,5974.633194,1056.5011760882799,2445.754506992357,0.07832375469297403,2664.1902803073126
2026-07-12 06:44:00,-5379.648393268895,-910.2878014757972,5665.309587117873,-0.7975695898593799,-6.8242866026601785,-1.8579314755939238,AJISAI (EGS),-5073.583263,2006.580997,5665.488536000001,306.0651302688948,2916.868798475797,0.17894888212777005,2932.8824530674356
2026-07-12 06:48:00,-5443.330857048087,-2513.923722667384,5089.686327666778,0.2691114345136723,-6.486785595808693,-2.9201797997912693,AJISAI (EGS),-5945.760644999999,771.7344300000001,5089.9596409999995,-502.42978795191266,3285.658152667384,0.2733133332212674,3323.8509687877445
2026-07-12 06:52:00,-5251.416585909039,-3999.505545506668,4274.567322135875,1.3240440546204915,-5.844275296315758,-3.8458452612862306,AJISAI (EGS),-6583.922686,-472.67262,4274.927285,-1332.506100090961,3526.8329255066683,0.3599628641250092,3770.1622141216694
2026-07-12 06:56:00,-4812.704195562251,-5297.113333695051,3258.1357800355163,2.31764849409302,-4.926418964167345,-4.591115020158784,AJISAI (EGS),-6957.502309,-1677.289104,3258.5703590000003,-2144.7981134377496,3619.8242296950507,0.4345789644839897,4207.527372478089
2026-07-12 07:00:00,-4147.620433904467,-6345.553691832984,2088.1326640037287,3.202992000033934,-3.7760165482903236,-5.12048745503685,AJISAI (EGS),-7046.5696100000005,-2795.4088199999997,2088.6244739999997,-2898.9491760955334,3550.144871832985,0.4918099962710585,4583.386867641012
2026-07-12 07:04:00,-3287.30843984689,-7095.299085879346,819.6366919586496,3.9380753211322164,-2.4471133694263902,-5.408583608867992,AJISAI (EGS),-6842.958597,-3784.7851490000003,820.163932,-3555.65015715311,3310.513936879346,0.5272400413504101,4858.204487700922
2026-07-12 07:08:00,-2272.185936712942,-7510.895160785531,-487.53747623469707,4.487938777371089,-1.0024708911241462,-5.441495365147015,AJISAI (EGS),-6350.893416,-4609.231065999999,-486.99997499999995,-4078.707479287058,2901.6640947855312,0.5375012346971175,5005.547873057184
2026-07-12 07:12:00,-1150.034317506679,-7572.695260691143,-1771.6967132886898,4.82644067315354,0.48948562585139344,-5.217551000818733,AJISAI (EGS),-5587.057142,-5239.930234,-1771.175993,-4437.0228244933205,2332.7650266911423,0.5207202886897448,5012.879859519639
2026-07-12 07:16:00,26.28624566628833,-7277.817262875689,-2972.232578059113,4.9375753976232755,1.9580604712194516,-4.747422623685988,AJISAI (EGS),-4580.078789,-5656.399339,-2971.756882,-4606.365034666289,1621.4179238756897,0.4756960591130337,4883.399957278561
2026-07-12 07:20:00,1201.3730102865893,-6640.267390217413,-4032.529342331575,4.816238415579295,3.3337961761369903,-4.053562569861297,AJISAI (EGS),-3369.453659,-5847.061386,-4032.127068,-4570.826669286589,793.2060042174126,0.4022743315754269,4639.14133947358
2026-07-12 07:24:00,2319.92978153324,-5690.2314454231,-4902.660944320877,4.468401252894501,4.551864987848613,-3.1690215837549385,AJISAI (EGS),-2003.952636,-5809.419655000001,-4902.358507,-4323.88241753324,-119.18820957690059,0.3024373208772886,4325.524833060559
2026-07-12 07:28:00,3329.388694261071,-4472.586802238336,-5541.74022606141,3.910716855260918,5.555140918798937,-2.135753869065335,AJISAI (EGS),-539.601015,-5549.847613,-5541.559712,-3868.989709261071,-1077.2608107616643,0.1805140614096672,4016.163873319448
2026-07-12 07:32:00,4182.3750102769745,-3044.7307209543324,-5919.812865441805,3.169619895463544,6.296805972958372,-1.0025414006071747,AJISAI (EGS),962.671666,-5083.030992999999,-5919.769317,-3219.7033442769743,-2038.300272045667,0.04354844180488726,3810.6636726515553
2026-07-12 07:36:00,4838.903961053045,-1473.8481903006325,-6019.220787592385,2.2800089847487373,6.7424061035814296,0.17732987123167668,AJISAI (EGS),2439.6013650000004,-4431.114666,-6019.319982,-2399.302596053045,-2957.266475699368,-0.09919440761495935,3808.159393402773
2026-07-12 07:40:00,5268.2200059375855,166.24360110157727,-5835.389719891633,1.2835983571571319,6.871321539790615,1.3485284400375808,AJISAI (EGS),3828.273416,-3622.613375,-5835.628438,-1439.9465899375855,-3788.856976101577,-0.23871810836681107,4053.2559041112618
2026-07-12 07:44:00,5450.208498556004,1798.5322063044043,-5377.019785615364,0.22701368382304304,6.677641171317984,2.4561815324582748,AJISAI (EGS),5068.819119,-2691.1415070000003,-5377.38704,-381.3893795560043,-4489.673713304404,-0.3672543846359986,4505.8437662274155
2026-07-12 07:48:00,5376.325873586215,3346.3844911737265,-4665.676986849519,-0.8403072536859644,6.170432434943413,3.448352944858532,AJISAI (EGS),6107.017683,-1674.0157120000001,-4666.1535140000005,730.6918094137854,-5020.400203173726,-0.4765271504811608,5073.295669232112
2026-07-12 07:52:00,5050.008271771792,4737.11182475893,-3734.8003096562775,-1.868352027040007,5.373388177551671,4.278422236657889,AJISAI (EGS),6896.704153,-610.7820810000001,-3735.359858,1846.6958812282073,-5347.8939057589305,-0.5595483437223265,5657.760618662925
2026-07-12 07:56:00,4486.53325204612,5905.373464768199,-2628.1580666729164,-2.808840597309727,4.323827090748226,4.907278057050498,AJISAI (EGS),7401.881812,458.288597,-2628.769799,2915.34855995388,-5447.084867768199,-0.6117323270837005,6178.186720787167
2026-07-12 08:00:00,3712.3283722568053,6796.26128330357,-1397.8106210340309,-3.617509710344604,3.0710388962851196,5.305217736886063,AJISAI (EGS),7598.4313090000005,1493.6868100000002,-1398.441888,3886.102936743195,-5302.57447330357,-0.6312669659691892,6574.122943662729
2026-07-12 08:04:00,2763.745752705212,7367.911145780782,-101.66445201773156,-4.256256780873441,1.6740049764548013,5.453432659528345,AJISAI (EGS),7475.323476,2458.0801690000003,-102.283682,4711.577723294788,-4909.830976780782,-0.6192299822684362,6804.807509889578
2026-07-12 08:08:00,1685.3522025829902,7593.5004763143625,1199.268917762578,-4.695010389763246,0.19858353105562665,5.344966068927362,AJISAI (EGS),7035.255748,3317.60778,1198.6910090000001,5349.90354541701,-4275.892696314362,-0.5779087625778629,6848.702550822202
2026-07-12 08:12:00,527.8162046087159,7462.520544530039,2443.7718167917387,-4.913200022369558,-1.2856897552408788,4.985061591249989,AJISAI (EGS),6294.663238,4043.000822,2443.2611779999997,5766.847033391285,-3419.519722530039,-0.5106387917389839,6704.449276417695
2026-07-12 08:16:00,-654.4994246376565,6981.254325158416,3573.326216186146,-4.900726511355676,-2.7089877443396766,4.39087234871457,AJISAI (EGS),5283.101747000001,4610.487572,3572.9035809999996,5937.601171637657,-2370.7667531584157,-0.42263518614663553,6393.406200917839
2026-07-12 08:20:00,-1806.1121188726745,6172.4409190099,4534.875419675771,-4.65838125273171,-4.004549572308995,3.590559996733217,AJISAI (EGS),4042.030776,5002.4579029999995,4534.5559809999995,5848.142894872674,-1169.983016009901,-0.3194386757713801,5964.028477350056
2026-07-12 08:24:00,-2873.028190047818,5074.1576688681935,5283.3041556361595,-4.19771473497843,-5.111812129767658,2.621865124153343,AJISAI (EGS),2623.0597549999998,5207.875481,5283.098265,5496.087945047818,133.71781213180657,-0.2058906361598929,5497.714361020607
2026-07-12 08:28:00,-3805.258046182591,3737.9937075476323,5783.523368321036,-3.540399580234522,-5.979161717924297,1.5302627334210213,AJISAI (EGS),1085.7508559999999,5222.440873,5783.438134999999,4891.008902182591,1484.4471654523672,-0.08523332103686698,5111.316021878674
2026-07-12 08:32:00,-4559.124962806685,2226.618943586755,6012.074644664171,-2.7171599286704406,-6.566208152967118,0.36682387487199974,AJISAI (EGS),-504.914429,5048.522841,6012.114641,4054.2105338066854,2821.903897413245,0.03999633582952811,4939.611792465564
2026-07-12 08:36:00,-5099.27265813126,610.8698265463612,5958.197050148067,-1.7663446656427597,-6.845532518825255,-0.8141089528777474,AJISAI (EGS),-2081.294203,4694.887104,5958.363099,3017.97845513126,4084.017277453639,0.16604885193282826,5078.128701180045
2026-07-12 08:40:00,-5400.294550397843,-1033.5189485983187,5624.322372949349,-0.7322119379879943,-6.80388807075938,-1.957347866017619,AJISAI (EGS),-3575.962076,4176.248149,5624.6087800000005,1824.3324743978428,5209.767097598318,0.286407050651178,5519.951292392856
2026-07-12 08:44:00,-5447.922010381402,-2629.403711182677,5025.982732889481,0.33702231097921265,-6.44283786351568,-3.0093206037594924,AJISAI (EGS),-4924.595604,3512.669829,5026.376853,523.3264063814022,6142.073540182677,0.39412011051899754,6164.3278673314335
2026-07-12 08:48:00,-5239.720493049122,-4101.803784600597,4191.129684553668,1.3913262668826658,-5.778800303077926,-3.920503019043934,AJISAI (EGS),-6068.777167,2728.830738,4191.614981,-829.0566739508786,6830.634522600598,0.48529644633163116,6880.763270559323
2026-07-12 08:52:00,-4785.254007581618,-5381.409240831293,3158.8805567288546,2.381130724591481,-4.842460789554696,-4.647744783998669,AJISAI (EGS),-6958.587905,1853.165621,3159.437268,-2173.3338974183825,7234.574861831293,0.5567112711455593,7553.96941819574
2026-07-12 08:56:00,-4105.693931972409,-6407.867380340866,1977.7295628537963,3.2596658584208487,-3.677510947864565,-5.156383989679148,AJISAI (EGS),-7554.870915,916.905039,1978.3334129999998,-3449.1769830275916,7324.772419340866,0.6038501462035128,8096.240684417612
2026-07-12 09:00:00,-3232.8707753338126,-7132.684683035536,703.2893745177407,3.9852455201126538,-2.3387074271037545,-5.42202235683614,AJISAI (EGS),-7831.053519,-46.963300000000004,703.912142,-4598.182743666188,7085.721383035536,0.6227674822592917,8446.93627595212
2026-07-12 09:04:00,-2207.7976060461806,-7521.58545786616,-604.338985946195,4.523360816210647,-0.8892993903635409,-5.43182549922806,AJISAI (EGS),-7774.422675,-1004.786441,-603.72782,-5566.625068953819,6516.79901686616,0.6111659461950012,8570.646676771636
2026-07-12 09:08:00,-1078.7286556445808,-7556.188686170834,-1883.4392791706352,4.848435444370542,0.6020547084167557,-5.185231792106833,AJISAI (EGS),-7386.766467,-1923.356156,-1882.870864,-6308.03781135542,5632.832530170835,0.5684151706352623,8456.95829867549
2026-07-12 09:12:00,101.14940581161477,-7234.901726742242,-3073.644697031543,4.945111975975306,2.064694456996272,-4.693999391218943,AJISAI (EGS),-6684.33587,-2770.995313,-3073.1489300000003,-6785.485275811615,4463.906413742243,0.49576703154252755,8122.146954142748
2026-07-12 09:16:00,1276.2691686599328,-6572.979874196888,-4118.833037432251,4.808979857435286,3.4294615161753326,-3.981584466316277,AJISAI (EGS),-5697.124209,-3518.579398,-4118.43762,-6973.393377659932,3054.400476196888,0.3954174322516337,7612.987431024572
2026-07-12 09:20:00,2391.338020604258,-5601.7565740703085,-4969.7976695283005,4.446712521650428,4.632069287412834,-3.0819088735088562,AJISAI (EGS),-4467.508246,-4140.455462,-4969.526984,-6858.846266604258,1461.3011120703086,0.2706855283004188,7012.786402159968
2026-07-12 09:24:00,3393.957540793234,-4367.101294586729,-5586.559948086425,3.8756377653884866,5.616140149161823,-2.0376258587217193,AJISAI (EGS),-3048.33581,-4615.232842,-5586.432967,-6442.293350793234,-248.13154741327162,0.12698108642507577,6447.07010188509
2026-07-12 09:28:00,4237.078109638602,-2927.2031162444805,-5940.218341319036,3.122808264160894,6.335769179295354,-0.8980171959045088,AJISAI (EGS),-1500.56808,-4926.430156,-5940.246134,-5737.646189638602,-1999.2270397555199,-0.027792680964012106,6075.976674966455
2026-07-12 09:32:00,4881.17910319682,-1349.8044879046781,-6014.2618838377275,2.2236596541022164,6.757534665320092,0.2833467562895824,AJISAI (EGS),109.403832,-5062.9730420000005,-6014.445747000001,-4771.77527119682,-3713.168554095322,-0.18386316227315547,6046.276538807457
2026-07-12 09:36:00,5296.086307888913,290.97743923883286,-5805.305009522151,1.2203427915559408,6.861922909576055,1.4510728331220977,AJISAI (EGS),1712.646715,-5019.540274,-5805.635504,-3583.4395928889135,-5310.517713238833,-0.3304944778492427,6406.452825685511
2026-07-12 09:40:00,5462.357500466266,1918.1000485138052,-5323.224507693153,0.1598033813473933,6.644157635149437,2.550449910175846,AJISAI (EGS),3240.65813,-4796.758536,-5323.682047,-2221.6993704662664,-6714.858584513806,-0.4575393068471385,7072.854735684254
2026-07-12 09:44:00,5372.182949417076,3455.1713147873897,-4590.697958247043,-0.908331224788696,6.11442446009281,3.5299212038801815,AJISAI (EGS),4628.3143039999995,-4401.2424249999995,-4591.255889999999,-743.8686454170766,-7856.413739787389,-0.5579317529563923,7891.551034089722
2026-07-12 09:48:00,5029.761318014061,4830.005403382257,-3642.15990924855,-1.9340007282003793,5.297470709603903,4.343450978597274,AJISAI (EGS),5816.677532,-3845.468026,-3642.786945,786.9162139859391,-8675.473429382257,-0.6270357514499665,8711.089297265027
2026-07-12 09:52:00,4451.126426060103,5978.004949050624,-2522.2112983752295,-2.8690258518916565,4.231557169824071,4.952696575353203,AJISAI (EGS),6755.544382,-3147.474769,-2522.873062,2304.417955939897,-9125.479718050625,-0.6617636247706287,9411.945741351392
2026-07-12 09:56:00,3663.4199703146273,6845.212974609231,-1283.5416105508525,-3.669392946314768,2.9667550682494084,5.328876173744921,AJISAI (EGS),7405.625043999999,-2330.388535,-1284.2025,3742.205073685372,-9175.60150960923,-0.6608894491475894,9909.377493739685
2026-07-12 10:00:00,2703.631210355623,7390.8803455348425,15.548653428305398,-4.297389197941843,1.5626231071688632,5.454211449778984,AJISAI (EGS),7740.244813,-1421.76197,14.923148,5036.613602644377,-8812.642315534842,-0.6255054283053987,10150.376424308348
2026-07-12 10:04:00,1616.8554772001564,7589.410020033138,1313.9092389722675,-4.7234546622843405,0.08535877630507599,5.322833582771409,AJISAI (EGS),7746.477703,-452.742703,1313.3493600000002,6129.622225799843,-8042.152723033138,-0.55987897226737,10111.799511712701
2026-07-12 10:08:00,454.1550743193502,7431.569551552085,2550.4460775355187,-4.927624694012877,-1.3954204737531246,4.941074814292554,AJISAI (EGS),7425.649157,542.910449,2549.975504,6971.49408268065,-6888.659102552085,-0.4705735355187244,9800.783346113945
2026-07-12 10:12:00,-729.8667873943435,6924.906493790592,3667.0203621295186,-4.900466947277818,-2.8100658401211205,4.3271206749453235,AJISAI (EGS),6793.180474999999,1529.929885,3666.655787,7523.047262394342,-5394.976608790592,-0.36457512951847093,9257.538163817186
2026-07-12 10:16:00,-1879.6509114230837,6093.351774201456,4611.190415829771,-4.643464763363274,-4.0922408431018535,3.510057435699751,AJISAI (EGS),5877.793131,2472.719233,4610.94171,7757.444042423084,-3620.6325412014558,-0.24870582977109734,8560.777892901258
2026-07-12 10:20:00,-2941.2925771525765,4976.045847076526,5338.66062352219,-4.168851185406604,-5.182025103038714,2.5284001165184797,AJISAI (EGS),4720.130511,3336.569637,5338.531145999999,7661.423088152576,-1639.476210076526,-0.1294775221904274,7834.876259128072
2026-07-12 10:24:00,-3865.050743970187,3625.464111786661,5815.326179402544,-3.498941427499702,-6.028629227015695,1.4282165084562557,AJISAI (EGS),3370.881878,4088.872921,5815.313814,7235.932621970187,463.4088092133393,-0.012365402543764503,7250.75641807817
2026-07-12 10:28:00,-4607.644057453882,2104.9472141649817,6018.83120042341,-2.665036621548623,-6.592627700243303,0.2609678511195696,AJISAI (EGS),1888.507483,4700.296883999999,6018.931775,6496.151540453882,2595.3496698350177,0.10057457658967905,6995.414552074046
2026-07-12 10:32:00,-5134.24005202309,485.75821592309745,5939.5853052377115,-1.7059758003155419,-6.847664204526861,-0.9188280557718718,AJISAI (EGS),336.674137,5145.889131,5939.793949,5470.91418902309,4660.130915076902,0.208643762288375,7186.634974231117
2026-07-12 10:36:00,-5420.061329269339,-1156.2040942659685,5581.206493814554,-0.6664021993954647,-6.781609956878763,-2.0560285407583407,AJISAI (EGS),-1218.4872180000002,5406.0806809999995,5581.516873,4201.574111269339,6562.284775265968,0.3103791854455267,7792.098984260369
2026-07-12 10:40:00,-5451.546601835946,-2743.902570299054,4960.375731022891,0.40520456203514676,-6.397157856937644,-3.0973270363086693,AJISAI (EGS),-2711.200373,5467.558148,4960.7777240000005,2740.3462288359456,8211.460718299055,0.40199297710933024,8656.649741306517
2026-07-12 10:44:00,-5227.015896501104,-4202.731082560567,4106.103753163599,1.4586849836739484,-5.711822105570273,-3.993679275174044,AJISAI (EGS),-4078.8341299999997,5323.969608,4106.580995,1148.1817665011044,9526.700690560567,0.4772418364009354,9595.642117347465
2026-07-12 10:48:00,-4756.8009369552,-5464.008266586983,3058.427557189679,2.4444895762308447,-4.757300684046125,-4.702614447578808,AJISAI (EGS),-5264.562701000001,4976.425424999999,3058.957811,-507.76176404480066,10440.433691586983,0.5302538103210281,10452.773696900722
2026-07-12 10:52:00,-4062.8177577558167,-6468.23790695187,1866.5763842033991,3.316021328262942,-3.578163414521041,-5.190324598189086,AJISAI (EGS),-6219.7876,4433.745792000001,1867.133439,-2156.969842244183,10901.98369895187,0.5570547966008235,11113.314887236536
2026-07-12 10:56:00,-3177.5818651850473,-7167.972611201726,586.6756600100043,4.031917176991235,-2.2298612297613505,-5.433402511489618,AJISAI (EGS),-6906.202228,3712.415609,587.231245,-3728.620362814953,10880.388220201727,0.5555849899956229,11501.541546287503
2026-07-12 11:00:00,-2142.696969514492,-7530.123025772512,-720.9103636630003,4.558128313307497,-0.7761112135290604,-5.420093131919852,AJISAI (EGS),-7297.392159,2836.223314,-720.3845749999999,-5154.695189485508,10366.346339772512,0.5257886630004123,11577.219839368763
2026-07-12 11:04:00,-1006.8833646954658,-7537.576490487026,-1994.466178060984,4.869651688004592,0.7142162381974391,-5.1509451959646135,AJISAI (EGS),-7379.884488,1835.576858,-1993.996347,-6373.001123304533,9373.153348487025,0.4698310609840064,11334.511336296577
2026-07-12 11:08:00,176.35421198763854,-7190.027439206176,-3173.8898647753467,4.95178391162439,2.170517232018238,-4.638797798969691,AJISAI (EGS),-7153.588559999999,746.510896,-3173.4982259999997,-7329.942771987638,7936.538335206175,0.39163877534701896,10803.550432158492
2026-07-12 11:12:00,1351.293248994137,-6503.972891291395,-4203.574178893491,4.800811992964141,3.523952275377545,-3.9081009578525983,AJISAI (EGS),-6631.610574,-390.577026,-4203.277768,-7982.903822994137,6113.395865291395,0.29641089349115646,10054.86760433949
2026-07-12 11:16:00,2462.65486793337,-5511.8821588154215,-5035.050455955863,4.42411260503386,4.710792949753565,-2.9936336701188813,AJISAI (EGS),-5839.46667,-1532.409063,-5034.861346,-8302.12153793337,3979.4730958154214,0.18910995586338686,9206.596992738332
2026-07-12 11:20:00,3458.2203168530255,-4260.601344425067,-5629.2633751313115,3.839687728200909,5.675423588185487,-1.938731352869238,AJISAI (EGS),-4813.754311,-2634.464102,-5629.188762,-8271.974627853026,1626.1372424250667,0.07461313131170755,8430.29575878647
2026-07-12 11:24:00,4291.274951855526,-2809.0930744498014,-5958.37471557948,3.0752057007528903,6.372862196001397,-0.7931568595777184,AJISAI (EGS),-3600.3730440000004,-3652.6992880000003,-5958.415733,-7891.6479958555265,-843.6062135501988,-0.04101742051989277,7936.610078346642
2026-07-12 11:28:00,4922.77141701892,-1225.6370678030357,-6007.026517286071,2.16663544639269,6.770725534287373,0.38925473725048126,AJISAI (EGS),-2252.399077,-4545.2936150000005,-6007.176848,-7175.17049401892,-3319.6565471969648,-0.15033071392917918,7905.8959790897015
2026-07-12 11:32:00,5323.124900845989,415.37079324025603,-5773.023042169892,1.1565594552957272,6.850608544100938,1.5530686182771518,AJISAI (EGS),-827.717813,-5274.354755,-5773.268605,-6150.842713845989,-5689.725548240256,-0.2455628301086108,8378.892705189111
2026-07-12 11:36:00,5473.572334751725,2036.8791507508008,-5267.4140844976255,0.09223725422100872,6.608868855971058,2.6437550806226024,AJISAI (EGS),613.485289,-5807.530836,-5267.734153,-4860.087045751725,-7844.409986750801,-0.32006850237485196,9227.958291787154
2026-07-12 11:40:00,5367.042914576616,3562.75787285412,-4513.980477967272,-0.9765216726403058,6.056805798216515,3.6101557438774945,AJISAI (EGS),2011.2768370000001,-6119.466864,-4514.3492750000005,-3355.7660775766153,-9682.22473685412,-0.3687970327282528,10247.274855217607
2026-07-12 11:44:00,5008.500994941391,4921.34319393886,-3548.139614820362,-1.9996177298443256,5.220213021608024,4.406837068958183,AJISAI (EGS),3308.475434,-6193.044775,-3548.528509,-1700.0255609413907,-11114.38796893886,-0.38889417963810047,11243.651852631583
2026-07-12 11:48:00,4414.737657330728,6048.797991815568,-2415.308406926567,-2.928981826861072,4.1382815109878806,4.996240203217134,AJISAI (EGS),4453.005843999999,-6020.342646,-2415.689742,38.26818666927102,-12069.140637815568,-0.3813350734330925,12069.201313048787
2026-07-12 11:52:00,3613.607422982489,6892.1300178926795,-1168.7855670257065,-3.7208596823584172,2.8618485659194355,5.350515918688543,AJISAI (EGS),5400.012711,-5603.249336,-1169.1364210000002,1786.4052880175113,-12495.37935389268,-0.35085397429361365,12622.430398851202
2026-07-12 11:56:00,2642.7330594336845,7411.714642910731,132.75659476441314,-4.337937674907763,1.4510318462272198,5.452923626615884,AJISAI (EGS),6113.634717,-4953.679954,132.454129,3470.9016575663154,-12365.39459691073,-0.3024657644131423,12843.291709888521
2026-07-12 12:00:00,1547.7326416548433,7583.185205401773,1428.0525033041704,-4.75117568755944,-0.027652129834247578,5.298684922267928,AJISAI (EGS),6568.355611999999,-4093.362137,1427.81188,5020.622970345156,-11676.547342401773,-0.24062330417041267,12710.169664784451
2026-07-12 12:04:00,380.05470295490363,7398.58543011426,2656.155076505842,-4.94122161754585,-1.5045249769312887,4.895217953161288,AJISAI (EGS),6749.874875,-3053.185087,2655.985001,6369.820172045097,-10451.770517114259,-0.17007550584185083,12239.857678728833
2026-07-12 12:08:00,-805.4661016533688,6866.722411111866,3759.3268621707734,-4.899314556188858,-2.9101362231585535,4.26173302263107,AJISAI (EGS),6655.463871,-1872.1273119999998,3759.230833,7460.929972653369,-8738.849723111865,-0.09602917077336315,11490.560062468294
2026-07-12 12:12:00,-1953.20374422892,6012.709291315485,4685.760978287398,-4.627632250845115,-4.178591699971292,3.4282291432185934,AJISAI (EGS),6293.804226,-595.807328,4685.73754,8247.00797022892,-6608.516619315485,-0.023438287397766544,10568.142332942798
2026-07-12 12:16:00,-3009.35261500152,4876.736062302169,5391.997976622903,-4.139090745009947,-5.250628739640165,2.433980596452773,AJISAI (EGS),5684.337881,725.276603,5392.041641,8693.69049600152,-4151.459459302168,0.04366437709722959,9634.047440427268
2026-07-12 12:20:00,-3924.4302596114,3512.14762258363,5844.9298746168815,-3.456646540394809,-6.076293836045867,1.325630487800695,AJISAI (EGS),4856.185749,2037.7401710000001,5845.032608,8780.6160086114,-1474.4074515836298,0.10273338311890257,8903.543948031158
2026-07-12 12:24:00,-4655.560231966535,1982.9362305321265,6023.311510301667,-2.6121749645000643,-6.61713421059245,0.15501133848407458,AJISAI (EGS),3846.707833,3287.4588059999996,6023.464716,8502.268064966534,1304.5225754678731,0.153205698333295,8601.763855275678
2026-07-12 12:28:00,-5168.442587218507,360.770915803134,5918.726606460938,-1.6450010636162686,-6.847860757637762,-1.0232034104787755,AJISAI (EGS),2699.784379,4421.786131,5918.923693,7868.226966218506,4061.015215196866,0.19708653906218387,8854.424894301812
2026-07-12 12:32:00,-5438.936665672983,-1278.3067820997521,5535.978172125478,-0.6001477178711049,-6.757463866564651,-2.1539361754498274,AJISAI (EGS),1463.896813,5391.767339,5536.215730999999,6902.833478672983,6670.074121099752,0.2375588745217101,9598.9061289132
2026-07-12 12:36:00,-5454.194609646434,-2857.3874598437956,4892.8900703779145,0.4736485705255261,-6.349764005794563,-3.1841656527861457,AJISAI (EGS),190.084932,6154.267273,4893.1661189999995,5644.279541646434,9011.654732843796,0.2760486220849998,10633.334972831304
2026-07-12 12:40:00,-5213.295313934469,-4302.2597684951,4019.5216750569857,1.5261087428472977,-5.643365199244339,-4.065346071741569,AJISAI (EGS),-1070.147041,6673.930451,4019.832659,4143.148272934469,10976.1902194951,0.31098394301443477,11732.111039483507
2026-07-12 12:44:00,-4727.3404191387335,-5544.889242668162,2956.8148371967836,2.5077122987688782,-4.670968136151964,-4.75570294135587,AJISAI (EGS),-2266.9037319999998,6924.887347,2957.1533870000003,2460.4366871387338,12469.776589668163,0.33854980321666517,12710.195789297282
2026-07-12 12:48:00,-4018.9904967983143,-6526.651645568243,1754.7153004035588,3.372045024050819,-3.478007060785314,-5.2222961979875056,AJISAI (EGS),-3353.874819,6892.115746,1755.068407,665.1156777983142,13418.767391568243,0.3531065964411937,13435.240872368184
2026-07-12 12:52:00,-3121.443514081001,-7201.15746708532,469.8398273991552,4.078076968532119,-2.1206099040133335,-5.442719680164723,AJISAI (EGS),-4290.134575,6572.36781,470.18998100000005,-1168.691060918999,13773.525277085319,0.35015360084486247,13823.018392412987
2026-07-12 12:56:00,-2076.888953123894,-7536.510958445173,-837.2073479031916,4.5922286905994785,-0.6629417450755318,-5.406302801067825,AJISAI (EGS),-5041.68998,5974.593868,-836.87705,-2964.801026876106,13511.104826445173,0.3302979031915356,13832.570219205552
2026-07-12 13:00:00,-934.5062375519218,-7516.870112214117,-2104.7352894145356,4.890078185463418,0.8259363536134535,-5.114704434652092,AJISAI (EGS),-5582.702922,5119.809037999999,-2104.4385819999998,-4648.1966844480785,12636.679150214117,0.29670741453583105,13464.449207108531
2026-07-12 13:04:00,251.89039408686165,-7143.213613423041,-3272.930109673023,4.957581853833548,2.275498134762029,-4.58183904524374,AJISAI (EGS),-5896.322932,4040.389573,-3272.6777190000003,-6148.213326086861,11183.60318642304,0.25239067302254625,12762.190540739655
2026-07-12 13:08:00,1426.4330011509203,-6433.272480380853,-4286.72073290398,4.791727726212802,3.61724245545964,-3.8331401150325957,AJISAI (EGS),-5975.103958,2778.8318569999997,-4286.520683000001,-7401.53695915092,9212.104337380853,0.20004990397956135,11817.174608191594
2026-07-12 13:12:00,2533.8666689735087,-5420.639797871992,-5098.394693195643,4.40059693078425,4.788015813654522,-2.90422950992882,AJISAI (EGS),-5821.004236,1386.0350970000002,-5098.252051,-8354.870904973508,6806.674894871992,0.1426421956430204,10776.58067216129
2026-07-12 13:16:00,3522.16259080734,-4153.122599746648,-5669.834441727882,3.8028648593921486,5.732977761913182,-1.8391077423588718,AJISAI (EGS),-5444.994083,-80.80475100000001,-5669.750365,-8967.15667380734,4072.317848746648,0.08407672788234777,9848.536514675514
2026-07-12 13:20:00,4344.950983669954,-2690.438618993363,-5974.27518672275,3.0268130807097466,6.408078762326162,-0.6879999070601086,AJISAI (EGS),-4866.317648,-1560.587563,-5974.246940999999,-9211.268631669955,1129.851055993363,0.028245722750398272,9280.303508739033
2026-07-12 13:24:00,4963.666889625807,-1101.3845655897496,-5997.517446932751,2.1089399787657546,6.781979881775104,0.4950139560328519,AJISAI (EGS),-4111.465679,-2990.8832820000002,-5997.538963000001,-9075.132568625806,-1889.4987164102506,-0.021516067249649495,9269.748461415324
2026-07-12 13:28:00,5349.322958317284,539.386196083275,-5738.556005212562,1.0922545898210552,6.837386975589187,1.6544773780191877,AJISAI (EGS),-3212.924276,-4310.5802730000005,-5738.617796,-8562.247234317285,-4849.966469083275,-0.06179078743844002,9840.439647527146
2026-07-12 13:32:00,5483.841965688389,2154.8349442549834,-5209.609576169047,0.024323935209867916,6.571790371694603,2.7360618051766608,AJISAI (EGS),-2207.760858,-5462.510531999999,-5209.699519000001,-7691.6028236883885,-7617.345476254983,-0.08994283095398714,10825.188502288685
2026-07-12 13:36:00,5360.897057271922,3669.114104751512,-4435.553516825231,-1.0448679351122512,5.997598347528507,3.6890261432019216,AJISAI (EGS),-1136.100988,-6395.952644999999,-4435.658208,-6496.998045271922,-10065.066749751511,-0.10469117476895917,11979.839409949569
2026-07-12 13:40:00,4986.221345328346,5011.101063309648,-3452.7749715559526,-2.0651908312844607,5.141642429067,4.468556369081565,AJISAI (EGS),-39.548226,-7068.910574,-3452.881085,-5025.769571328346,-12080.01163730965,-0.1061134440474234,13083.770135281593
2026-07-12 13:44:00,4377.364042392351,6117.735545193818,-2307.48985293498,-2.9886953821458913,4.044031613819443,5.037892292060795,AJISAI (EGS),1040.400055,-7450.065409,-2307.585682,-3336.9639873923506,-13567.800954193819,-0.09582906502009791,13972.134818808447
2026-07-12 13:48:00,3562.8910267983338,6937.003280792399,-1053.5859579793264,-3.7718965060015774,2.7563535867504885,5.370128671863499,AJISAI (EGS),2063.887455,-7520.299942,-1053.662763,-1499.0035717983337,-14457.303222792398,-0.07680502067364614,14534.807469998583
2026-07-12 13:52:00,2581.0547797949457,7430.41327125982,249.9149625626076,-4.377889208288216,1.3392664233887688,5.449569675144219,AJISAI (EGS),2994.127071,-7273.706457,249.861431,413.07229120505417,-14704.11972825982,-0.05353156260758851,14709.920655925602
2026-07-12 13:56:00,1477.9901826983446,7574.833670711089,1541.655473892871,-4.778161512558508,-0.14041466566886263,5.272529330523273,AJISAI (EGS),3798.6732230000002,-6718.011161,1541.624511,2320.6830403016556,-14292.844831711089,-0.030962892871002623,14480.020136652878
2026-07-12 14:00:00,305.5242631077131,7363.583847983205,2760.858801697131,-4.953980448545103,-1.612971146964241,4.847508521651201,AJISAI (EGS),4450.4842929999995,-5874.370639000001,2760.848554,4144.960029892286,-13237.954486983206,-0.010247697131035238,13871.702586522986
2026-07-12 14:04:00,-881.2859513084483,6806.725008712978,3850.210813546258,-4.897261052297013,-3.009170718172787,4.194734274254868,AJISAI (EGS),4928.729203,-4776.547648,3850.2215109999997,5810.0151543084485,-11583.272656712978,0.010697453741613572,12958.722218381054
2026-07-12 14:08:00,-2026.7574943262293,5930.542558650014,4758.558939194467,-4.610877824295938,-4.263579205093534,3.345106130636297,AJISAI (EGS),5219.32379,-3469.520211,4758.591195,7246.08128432623,-9400.062769650014,0.032255805533168314,11868.735149689019
2026-07-12 14:12:00,-3077.1940781964536,4776.2621762269755,5443.29607851481,-4.10843014779688,-5.3176063402709834,2.338642216478255,AJISAI (EGS),5315.199833,-2007.5927279999999,5443.348791,8392.393911196454,-6783.854904226975,0.05271248519056826,10791.337402058667
2026-07-12 14:16:00,-3983.3819132211443,3398.081288514308,5872.323267281,-3.4135144120107874,-6.122145776006086,1.2225433149166276,AJISAI (EGS),5216.315748999999,-452.09782299999995,5872.394209,9199.697662221144,-3850.1791115143083,0.07094171900007495,9972.879036268865
2026-07-12 14:20:00,-4702.859021115215,1860.6245122206876,6025.513847201462,-2.55857725220207,-6.639725234904357,0.04899422825432264,AJISAI (EGS),4929.429455,1131.203692,6025.601471,9632.288476115216,-729.4208202206876,0.08762379853760649,9659.86728830947
2026-07-12 14:24:00,-5201.866680848321,235.94614221918283,5895.628772143402,-1.5834254954782823,-6.846127149275952,-1.1271956605308708,AJISAI (EGS),4467.664423,2674.911325,5895.733069,9669.531103848321,2438.965182780817,0.1042968565980118,9972.381006659594
2026-07-12 14:28:00,-5456.908499833487,-1399.7908639755822,5488.654429532107,-0.533456107083191,-6.731462006922065,-2.2510337248118186,AJISAI (EGS),3849.901971,4112.8552,5488.7772620000005,9306.810470833487,5512.646063975582,0.12283246789320401,10816.930608160947
2026-07-12 14:32:00,-5455.856081114209,-2969.825984965359,4823.551213312766,0.5423444531297734,-6.3006752760788425,-3.269803437570186,AJISAI (EGS),3100.0265040000004,5382.944708999999,4823.696078,8555.88258511421,8352.770693965358,0.14486468723407597,11957.085978498813
2026-07-12 14:36:00,-5198.5513939692955,-4400.36273508504,3931.4161918128657,1.5935858353630803,-5.573454524343974,-4.135476014991782,AJISAI (EGS),2246.044574,6429.887673,3931.586719,7444.595967969295,10830.250408085041,0.170527187134212,13142.158614824675
2026-07-12 14:40:00,-4696.868075977617,-5624.0316575738425,2854.0808976323706,2.5707859292335837,-4.583492962457761,-4.806989871871205,AJISAI (EGS),1319.1002150000002,7207.665690999999,2854.279434,6015.9682909776175,12831.697348573842,0.19853636762945825,14171.95580584634
2026-07-12 14:44:00,-3974.210966722925,-6583.095689422085,1642.1887563225002,3.4277233939285323,-3.377075189072013,-5.252286462499193,AJISAI (EGS),352.40780800000005,7681.651868,1642.414748,4326.618774722925,14264.747557422084,0.2259916774996782,14906.463462197748
2026-07-12 14:48:00,-3064.457792290913,-7232.234594193914,352.82624101422573,4.123711459578507,-2.010988613915442,-5.449970266872569,AJISAI (EGS),-619.8716850000001,7830.250323,353.07321399999995,2444.586107290913,15062.484917193913,0.2469729857742209,15259.56923303045
2026-07-12 14:52:00,-2010.37876840268,-7540.7530867778405,-953.1857835943534,4.625649315962048,-0.5498262501430439,-5.390459838616641,AJISAI (EGS),-1563.772413,7645.959089,-952.929343,446.60635540268004,15186.71217577784,0.25644059435342115,15193.277592816066
2026-07-12 14:56:00,-861.6053586879761,-7494.081680016557,-2214.204785041355,4.909703721323532,0.9371814622162487,-5.076523478978325,AJISAI (EGS),-2446.646682,7135.792226,-2213.950924,-1585.041323312024,14629.873906016557,0.25386104135486676,14715.487303076183
2026-07-12 15:00:00,327.7473977285012,-7094.480071709612,-3370.727922733338,4.962496508898205,2.379606905312968,-4.523144992862521,AJISAI (EGS),-3238.229863,6321.017183,-3370.488286,-3565.9772607285013,13415.497254709611,0.2396367333381022,13881.345773107867
2026-07-12 15:04:00,1501.675910394118,-6360.905179679464,-4368.241274488775,4.781720067468217,3.7093065671183107,-3.756730557986563,AJISAI (EGS),-3911.601795,5236.215723,-4368.027636,-5413.277705394118,11597.120902679464,0.2136384887753593,12798.31195090678
2026-07-12 15:08:00,2604.959535502083,-5328.061456626523,-5159.806495488268,4.376161077130784,4.8637183050550234,-2.8137303417876844,AJISAI (EGS),-4444.012911000001,3927.733032,-5159.6303720000005,-7048.972446502084,9255.794488626523,0.17612348826787638,11634.334712318285
2026-07-12 15:12:00,3585.769738271081,-4044.7009284280066,-5708.2578881530835,3.765167464351348,5.788789831744065,-1.7387926797400282,AJISAI (EGS),-4817.555724000001,2451.605944,-5708.128872,-8403.325462271081,6496.3068724280065,0.12901615308328473,10621.576240005717
2026-07-12 15:16:00,4398.091508740642,-2571.2778377810814,-5987.9138029392,2.9776315026497797,6.4414132726490045,-0.5825859576330684,AJISAI (EGS),-5019.674763,871.084057,-5987.838437,-9417.766271740642,3442.3618947810814,0.0753659391994006,10027.171932776282
2026-07-12 15:20:00,5003.85142188449,-977.0855243935418,-5985.73828720053,2.050577117500259,6.79129952771815,0.6005846106084237,AJISAI (EGS),-5043.514022,-746.138324,-5985.720172,-10047.36544388449,230.94720039354183,0.018115200529791764,10050.019351855097
2026-07-12 15:24:00,5374.667629505065,662.9864256172993,-5701.916908983139,1.0274347016473144,6.822267353654751,1.7552609088225148,AJISAI (EGS),-4888.104133999999,-2330.856152,-5701.957451,-10262.771763505065,-2993.842577617299,-0.040542016860854346,10690.536827072563
2026-07-12 15:28:00,5493.155397522161,2271.933247115718,-5149.832796100156,-0.04392767470142255,6.532938281924731,2.827335210724146,AJISAI (EGS),-4558.395283,-3815.335003,-5149.931437,-10051.550680522161,-6087.268250115718,-0.09864089984421298,11751.106579454652
2026-07-12 15:32:00,5353.736768966406,3774.210462368262,-4355.44669411252,-1.1133590934793844,5.936824487456331,3.7665024852379236,AJISAI (EGS),-4065.137024,-5136.228037,-4355.60095,-9418.873792966406,-8910.438499368262,-0.15425588747984875,12965.766379302397
2026-07-12 15:36:00,4962.916573880484,5099.255494252609,-3356.102037018614,-2.1307076019627385,5.061786623731027,4.528585365534311,AJISAI (EGS),-3424.598306,-6237.315152,-3356.306982,-8387.514879880484,-11336.57064625261,-0.20494498138623385,14102.065094151825
2026-07-12 15:40:00,4339.00289028832,6184.801252643219,-2198.796447563727,-3.048153188038946,3.948839226999886,5.077636911222975,AJISAI (EGS),-2658.1236660000004,-7071.947894,-2199.044287,-6997.12655628832,-13256.749146643218,-0.24783943627335248,14990.035958701545
2026-07-12 15:44:00,3511.271330439243,6979.824365037055,-937.9864215154712,-3.822489865505855,2.6503044333191426,5.387706908909066,AJISAI (EGS),-1791.524097,-7605.088465,-938.267322,-5302.795427439243,-14584.912830037054,-0.28090048452884275,15518.998733293172
2026-07-12 15:48:00,2518.600130183096,7446.97620501945,366.9793658214338,-4.417230711549809,1.2273620209970975,5.444150873115361,AJISAI (EGS),-854.3073410000001,-7814.838025999999,366.67692,-3372.9074711830963,-15261.814231019449,-0.30244582143382104,15630.082486115803
2026-07-12 15:52:00,1407.6348789584983,7564.363765716007,1654.6751203696565,-4.804400159012292,-0.2528945078065976,5.2443768183493535,AJISAI (EGS),121.236242,-7693.366773,1654.364315,-1286.3986369584984,-15257.730538716007,-0.3108053696564639,15311.86346405413
2026-07-12 15:56:00,230.57321851475004,7326.581119800952,2864.5176248411317,-4.965890873434978,-1.7207272032223004,4.797964736614149,AJISAI (EGS),1101.063211,-7247.198601,2864.211866,870.4899924852499,-14573.779720800952,-0.3057588411315919,14599.753705831292
2026-07-12 16:00:00,-957.3146428798749,6744.937769469957,3939.6378547491367,-4.8942982330305975,-3.107141605296989,4.126149916822868,AJISAI (EGS),2050.490575,-6496.837672000001,3939.35199,3007.805217879875,-13241.775441469958,-0.2858647491366355,13579.083516671548
2026-07-12 16:04:00,-2100.2987871850714,5846.881094890118,4829.556802531908,-4.593195723877751,-4.3471809680235065,3.260719889213097,AJISAI (EGS),2935.353119,-5475.75823,4829.309324,5035.651906185071,-11322.639324890119,-0.24747853190820024,12391.930901318774
2026-07-12 16:08:00,-3144.8025264823186,4674.658341358601,5492.53556296124,-4.07686630177856,-5.382941816416433,2.2424209664357844,AJISAI (EGS),3723.15861,-4228.832203,5492.345461,6867.961136482319,-8903.490544358601,-0.19010196124054346,11244.600218854082
2026-07-12 16:12:00,-4041.890856440728,3283.3022976172347,5897.496003580494,-3.369544746952106,-6.166175923839792,1.118993817025573,AJISAI (EGS),4384.208718000001,-2810.293124,5897.377151,8426.099574440728,-6093.595421617234,-0.1188525804946039,10398.60852301262
2026-07-12 16:16:00,-4749.525845790368,1738.050561670925,6025.437341964294,-2.50424602147256,-6.660398978484616,-0.05704356360245572,AJISAI (EGS),4892.662369,-1281.336317,6025.3961979999995,9642.188214790367,-3019.386878670925,-0.04114396429486078,10103.884930769214
2026-07-12 16:20:00,-5234.498697049936,111.32193858312924,5870.300465217979,-1.5212543993275358,-6.842468988080355,-1.2307655850967776,AJISAI (EGS),5227.515009,292.543242,5870.338371,10462.013706049936,181.2213034168708,0.037905782020970946,10463.583131405116
2026-07-12 16:24:00,-5473.964783595813,-1520.6205128680158,5439.253080758207,-0.46633525341068266,-6.703617180628206,-2.347284436500746,AJISAI (EGS),5373.460803999999,1844.365158,5439.367845,10847.425587595812,3364.985670868016,0.11476424179272726,11357.366352141074
2026-07-12 16:28:00,-5456.521140278431,-3081.1862072553217,4752.385326858455,0.6112820591820067,-6.249911161754654,-3.354207816887603,AJISAI (EGS),5321.6100480000005,3308.517957,4752.571515,10778.131188278432,6389.704164255321,0.18618814154433494,12529.821676827969
2026-07-12 16:32:00,-5182.776923917013,-4497.013447441616,3841.820627239684,1.6611043058995478,-5.50211545536441,-4.204042286433043,AJISAI (EGS),5070.032619,4623.551474999999,3842.0699759999998,10252.809542917013,9120.564922441616,0.24934876031556996,13722.419906487974
2026-07-12 16:36:00,-4665.379723082092,-5701.415662694389,2750.264669836767,2.6336972942807884,-4.49490529510693,-4.856455530313669,AJISAI (EGS),4624.08858,5734.799522,2750.566534,9289.468303082092,11436.215184694389,0.30186416323294907,14733.677042602889
2026-07-12 16:40:00,-3928.4782238704584,-6637.557853970335,1529.0394530482827,3.483042723535213,-3.2754012777869734,-5.280283826445373,AJISAI (EGS),3996.506179,6596.720044,1529.381308,7924.984402870458,13234.277897970334,0.3418549517173233,15425.676302299064
2026-07-12 16:44:00,-3006.6270412342983,-7261.200082312711,235.67933341495194,4.168807108050346,-1.9010325464835434,-5.4551514738275,AJISAI (EGS),3207.176532,7174.837039,236.046267,6213.803573234298,14436.037121312711,0.3669335850480593,15716.568415188418
2026-07-12 16:48:00,-1943.1719166676544,-7542.853974648722,-1068.8016390996095,4.658377508969031,-0.4367998605044646,-5.372570368220126,AJISAI (EGS),2282.646974,7447.179914,-1068.4284779999998,4225.818890667654,14990.033888648722,0.3731610996096606,15574.294893150378
2026-07-12 16:52:00,-788.1891069849858,-7469.224005458433,-2322.8331451108716,4.928517089519461,1.0479182533293496,-5.036417042238472,AJISAI (EGS),1255.315964,7405.139271,-2322.475808,2043.5050709849857,14874.363276458433,0.35733711087141273,15014.079924620302
2026-07-12 16:56:00,403.91438294602284,-7043.84723557092,-3467.246271757402,4.966518646516101,2.4828136957928413,-4.462738160004261,AJISAI (EGS),162.355027,7053.697478,-3466.926414,-241.55935594602283,14097.54471357092,0.31985775740213285,14099.614107339443
2026-07-12 17:00:00,1577.0091976324072,-6286.89801456305,-4448.104999199208,4.77078213963783,3.8001196377702,-3.678901444909604,AJISAI (EGS),-955.6039350000001,6411.028184999999,-4447.841579,-2532.6131326324075,12697.92619956305,0.26342019920775783,12948.02915962588
2026-07-12 17:04:00,2675.91934735768,-5234.179453981573,-5219.262710433568,4.350800779066666,4.9378814418808235,-2.7221705140252284,AJISAI (EGS),-2055.9612890000003,5507.497235999999,-5219.071997,-4731.8806363576805,10741.676689981572,0.1907134335679075,11737.730296151885
2026-07-12 17:08:00,3649.026945322478,-3935.372403748853,-5744.519265898126,3.7265940441660765,5.8428475964818976,-1.6378240653643708,AJISAI (EGS),-3095.756833,4384.138497000001,-5744.41501,-6744.783778322478,8319.510900748854,0.10425589812621183,10710.105968423952
2026-07-12 17:12:00,4450.681692242011,-2451.6488685470654,-5999.285464191488,2.927662293841394,6.47286077596102,-0.47695472016762247,AJISAI (EGS),-4033.328,3090.703293,-5999.278230999999,-8484.00969224201,5542.352161547065,0.007233191488921875,10133.907831666624
2026-07-12 17:16:00,5043.310834251062,-852.778380632455,-5971.693506594424,1.9915509826895954,6.798686937820554,0.7059269692488653,AJISAI (EGS),-4829.960378,1683.390714,-5971.789871,-9873.271212251062,2536.1690946324547,-0.09636440557551396,10193.803908086542
2026-07-12 17:20:00,5399.146046123453,786.1345178525553,-5663.119582041558,0.9621065658590469,6.805259440188987,1.8553812350014116,AJISAI (EGS),-5451.476188,222.365532,-5663.321696999999,-10850.622234123453,-563.7689858525553,-0.202114958441598,10865.258320809216
2026-07-12 17:24:00,5501.501681951323,2388.140276076506,-5088.106302959794,-0.11250840432744798,6.492329240639559,2.9175408027385745,AJISAI (EGS),-5869.706497,-1230.832944,-5088.411488,-11371.208178951323,-3618.9732200765056,-0.3051850402052878,11933.203371677628
2026-07-12 17:28:00,5345.553552135453,3878.017919877775,-4273.69026664277,-1.181983972156708,5.874507069157772,3.842555370077266,AJISAI (EGS),-6063.792343,-2615.892261,-4274.091673999999,-11409.345895135453,-6493.910180877775,-0.40140735722889076,13127.987025941185
2026-07-12 17:32:00,4938.581054832626,5185.78359267195,-3258.157367617453,-2.1961553829722544,4.980673662098344,4.5869011796812735,AJISAI (EGS),-6021.256136,-3876.242256,-3258.644145,-10959.837190832626,-9062.02584867195,-0.4867773825471886,14221.052843179677
2026-07-12 17:36:00,4299.651729613291,6249.9794532412425,-2089.2693370448733,-3.107341728334942,3.8527363352221746,5.115458854678907,AJISAI (EGS),-5738.780379,-4961.385262,-2089.8255090000002,-10038.432108613291,-11211.364715241241,-0.5561719551269562,15048.748063766696
2026-07-12 17:40:00,3458.7491408389315,7020.585607472184,-822.0307496206377,-3.8726260743454985,2.5437354992929695,5.403243884228755,AJISAI (EGS),-5222.637849000001,-5828.942149,-822.634761,-8681.386989838931,-12849.527756472184,-0.604011379362305,15507.31582178307
2026-07-12 17:44:00,2455.3731531469816,7461.404157348068,483.9054490049549,-4.45594902055635,1.1153537598941814,5.43666929043303,AJISAI (EGS),-4488.730178000001,-6446.323614,483.279238,-6944.103331146982,-13907.727771348069,-0.6262110049548824,15544.94976600803
2026-07-12 17:48:00,1336.6738044718868,7551.784545980057,1767.0686353296414,-4.829879629469637,-0.36505754433497356,5.2142381600490495,AJISAI (EGS),-3562.208332,-6791.947553999999,1766.4487350000002,-4898.882136471887,-14343.732099980058,-0.6199003296412684,15157.232502251793
2026-07-12 17:52:00,155.2113261016423,7287.594198466547,2967.092316444826,-4.976942615863012,-1.8277617136556106,4.746605510421977,AJISAI (EGS),-2476.673632,-6855.941872,2966.510074,-2631.8849581016425,-14143.536070466547,-0.582242444826079,14386.327931347743
2026-07-12 17:56:00,-1033.5402050194737,6681.384716466525,4027.5741784241395,-4.890417985524337,-3.2040216290806605,4.056006031644093,AJISAI (EGS),-1272.990848,-6640.309327,4027.0617629999997,-239.45064298052625,-13321.694043466525,-0.5124154241398173,13323.845881003159
2026-07-12 18:00:00,-2173.813997778328,5761.754836182978,4898.7277543156215,-4.5745803272353,-4.429375151989088,3.1751023779509135,AJISAI (EGS),2.2353449999999997,-6158.569767,4898.3150590000005,2176.049342778328,-11920.324603182977,-0.412695315621022,12117.315278467126
2026-07-12 18:04:00,-3212.163307340993,4571.958986928309,5539.697841027072,-4.044396295209189,-5.446619693877461,2.145353160058747,AJISAI (EGS),1298.459175,-5434.916985999999,5539.410811,4510.622482340993,-10006.875972928308,-0.28703002707243286,10976.487689518726
2026-07-12 18:08:00,-4099.942076481714,3167.847962770671,5920.438566367355,-3.3247374671720222,-6.208375803336664,1.015020990989571,AJISAI (EGS),2563.1879369999997,-4502.9512,5920.297089,6663.130013481714,-7670.7991627706715,-0.14147736735503713,10160.632922812432
2026-07-12 18:12:00,-4795.546018372956,1615.2528496815687,6023.081983740077,-2.449184056400789,-6.679154299495866,-0.16306211083954383,AJISAI (EGS),3744.088862,-3404.070827,6023.095483,8539.634880372956,-5019.323676681569,0.013499259923264617,9905.502211476249
2026-07-12 18:16:00,-5266.324953448872,-13.063838200995217,5842.751190144082,-1.45849334616317,-6.836892516312812,-1.3338741132799294,AJISAI (EGS),4791.136576000001,-2185.611612,5842.915222,10057.461529448872,-2172.547773799005,0.16403185591752845,10289.436149405346
2026-07-12 18:20:00,-5490.093487723145,-1640.7602355202293,5387.792727143386,-0.3987933186170813,-6.673942779727974,-2.4426518648846756,AJISAI (EGS),5658.734428999999,-898.806262,5388.091463000001,11148.827916723145,741.9539735202294,0.2987358566142575,11173.48914640234
2026-07-12 18:24:00,-5456.179995658819,-3191.4366556472523,4679.41927307494,0.6804509696781432,-6.1974916762507455,-3.4373466715003578,AJISAI (EGS),6307.727395,403.364473,4679.829697,11763.90739065882,3594.8011286472524,0.41042392506005854,12300.898845977417
2026-07-12 18:28:00,-5165.964837541763,-4592.18595170675,3750.76887487745,1.7286519536734468,-5.429373790321022,-4.271018653727534,AJISAI (EGS),6707.219275,1668.344654,3751.263233,11873.184112541763,6260.53060570675,0.4943581225502385,13422.62063382911
2026-07-12 18:32:00,-4632.871377191082,-5777.022078078227,2645.4055008125015,2.6964330127277583,-4.405235569170839,-4.904080900802341,AJISAI (EGS),6836.113042,2846.122833,2645.9533509999997,11468.984419191082,8623.144911078227,0.5478501874981703,14349.084711759211
2026-07-12 18:36:00,-3881.791569858609,-6690.026679468846,1415.3103314714463,3.5379891400315504,-3.1730189673486686,-5.306277490817993,AJISAI (EGS),6684.2854560000005,3891.2199530000003,1415.880861,10566.077025858609,10581.246632468847,0.5705295285538341,14953.419820864201
2026-07-12 18:40:00,-2947.953878933042,-7288.050766645815,118.44358823215676,4.2133502700862335,-1.790776897235146,-5.458261302624839,AJISAI (EGS),6253.314627000001,4764.461608,119.007612,9201.268505933043,12052.512374645816,0.5640237678432385,15163.324074139833
2026-07-12 18:44:00,-1875.2741931512453,-7542.8189146332115,-1184.0110231842773,4.690400546763185,-0.323897560631271,-5.352641302508261,AJISAI (EGS),5556.694888,5434.452794,-1183.4805689999998,7431.9690811512455,12977.271708633212,0.5304541842774597,14954.72319049275
2026-07-12 18:48:00,-714.266158390496,-7442.310575531683,-2430.5791740240447,4.946507099611751,1.1581137104943278,-4.994400573846542,AJISAI (EGS),4619.502708,5878.684482,-2430.107385,5333.7688663904955,13320.995057531683,0.47178902404493783,14349.146311381906
2026-07-12 18:52:00,480.3802230552446,-6991.336115501016,-3562.448615305052,4.969639106208292,2.5850890805321893,-4.400641710804669,AJISAI (EGS),3477.517707,6084.2215400000005,-3562.0568900000003,2997.1374839447553,13075.557655501016,0.3917253050517502,13414.657701687607
2026-07-12 18:56:00,1652.4198198185322,-6211.278485259949,-4526.281734526877,4.758907184665154,3.8896572189710668,-3.599682460414318,AJISAI (EGS),2175.8385120000003,6047.953853,-4525.985702,523.418692181468,12259.23233825995,0.2960325268768429,12270.401164525907
2026-07-12 19:00:00,2746.731754379357,-5139.026448596652,-5276.740927426253,4.324511934622275,5.010486838601524,-2.6295847613168144,AJISAI (EGS),767.0581090000001,5776.416553999999,-5276.550181,-1979.673645379357,10915.44300259665,0.19074642625309934,11093.511784891652
2026-07-12 19:04:00,3711.919211911468,-3825.173289882491,-5778.604942840017,3.6871433015980704,5.89513949412137,-1.5362400334366693,AJISAI (EGS),-690.909764,5285.21274,-5778.524426,-4402.828975911469,9110.386029882491,0.08051684001748072,10118.499721356256
2026-07-12 19:08:00,4502.706565645823,-2331.589884229529,-6008.385923990987,2.8769070156410383,6.502416975107697,-0.3711459788500505,AJISAI (EGS),-2137.249566,4598.093582,-6008.41783,-6639.956131645822,6929.68346622953,-0.03190600901325524,9597.371013633569
2026-07-12 19:12:00,5082.03087276209,-728.5014498518042,-5955.388426050923,1.931865952815479,6.804145220460078,0.811001384759688,AJISAI (EGS),-3510.803495,3745.760331,-5955.5329919999995,-8592.83436776209,4474.261780851804,-0.14456594907642284,9687.921396062407
2026-07-12 19:16:00,5422.745329347053,908.7937801044236,-5622.178666150069,0.8962772294646297,6.786373604036544,1.9548006225387788,AJISAI (EGS),-4752.668834,2764.456657,-5622.432836,-10175.414163347054,1855.6628768955766,-0.25416984993080405,10343.236349080229
2026-07-12 19:20:00,5508.8699257004,2503.422658139737,-5024.453392440008,-0.18140881047477772,6.4499804486690335,3.006644478257259,AJISAI (EGS),-5808.7375520000005,1694.416604,-5024.809126,-11317.6074777004,-809.006054139737,-0.3557335599916769,11346.485356333083
2026-07-12 19:24:00,5336.33902806549,3980.507983284356,-4190.315117540808,-1.2507311386459792,5.810669405842456,3.917155926042668,AJISAI (EGS),-6632.08338,578.2250779999999,-4190.75861,-11968.42240806549,-3402.2829052843563,-0.44349245919147506,12442.614841831271
2026-07-12 19:28:00,4913.209339549161,5270.663094590511,-3158.9780048837642,-2.2615212887715046,4.898331953770825,4.643481577023526,AJISAI (EGS),-7185.097817,-540.8532260000001,-3159.490761,-12098.307156549161,-5811.516320590511,-0.5127561162357779,13421.727096823915
2026-07-12 19:32:00,4259.308315498693,6313.255185672276,-1978.9499870422903,-3.1662473036642673,3.7557551459913827,5.151343647472855,AJISAI (EGS),-7441.275516,-1620.5229550000001,-1979.511179,-11700.583831498694,-7933.778140672276,-0.5611919577097524,14136.778200787983
2026-07-12 19:36:00,3405.3255292073522,7059.280080761179,-705.7628713914909,-3.922291315850142,2.4366812553708157,5.416733633933025,AJISAI (EGS),-7386.54688,-2621.026797,-706.3495720000001,-10791.872409207352,-9680.306877761179,-0.5867006085092044,14497.339469311562
2026-07-12 19:40:00,2391.378179833024,7473.698577435785,600.648909061972,-4.494030899143465,1.0032766854059483,5.427127788318517,AJISAI (EGS),-7020.074018,-3506.5693530000003,600.062515,-9411.452197833025,-10980.267930435786,-0.586394061971987,14461.732836700818
2026-07-12 19:44:00,1265.1143320608523,7537.105766923039,1878.7934507040643,-4.854587913449968,-0.47686988784646656,5.182124888882426,AJISAI (EGS),-6354.458978000001,-4246.54182,1878.234741,-7619.573310060853,-11783.647586923038,-0.558709704064313,14032.542470712333
2026-07-12 19:48:00,79.44863783168798,7246.640666259295,3068.5440606823477,-4.987125443141668,-1.9340436059951422,4.693450443150438,AJISAI (EGS),-5415.338071,-4816.503197999999,3068.041108,-5494.786708831688,-12063.143864259295,-0.5029526823477681,13255.644877497716
2026-07-12 19:52:00,-1109.9503882209851,6616.090401712457,4113.9865440547665,-4.885612293142305,-3.299784007249804,3.984329283893295,AJISAI (EGS),-4240.373416,-5198.880665,4113.567972,-3130.4230277790152,-11814.971066712456,-0.41857205476662784,12222.646596187922
2026-07-12 19:56:00,-2247.2892518347394,5675.194123095108,4966.045672525516,-4.55502615595401,-4.510140479896922,3.0882860112905934,AJISAI (EGS),-2877.697826,-5383.373331000001,4965.738886,-630.4085741652607,-11058.567454095108,-0.30678652551614505,11076.521529851807
2026-07-12 20:00:00,-3279.2615587723476,4468.198804737192,5584.765107899175,-4.011017402817944,-5.508625116022565,2.0474754214718045,AJISAI (EGS),-1383.897547,-5367.0657630000005,5584.591754,1895.3640117723476,-9835.264567737193,-0.17335389917479915,10016.228525975233
2026-07-12 20:04:00,-4157.520400361351,3051.7557070638823,5941.142278654387,-3.279092717757063,-6.248737585776935,0.9106639891468055,AJISAI (EGS),178.369384,-5154.2761359999995,5941.115301,4335.88978436135,-8206.031843063882,-0.02697765438733768,9281.104397227484
2026-07-12 20:08:00,-4840.904748271992,1492.2698009327298,6018.448620046397,-2.3933943933979553,-6.695990707160499,-0.26902149132644615,AJISAI (EGS),1743.020845,-4756.164919,6018.572633000001,6583.925593271992,-6248.434719932729,0.12401295360359654,9076.949525164386
2026-07-12 20:12:00,-5297.331727785871,-137.17353150932024,5812.991289519421,-1.3951481785078086,-6.829404605735395,-1.4364823383887,AJISAI (EGS),3243.3485499999997,-4190.137161,5813.260906,8540.680277785872,-4052.9636294906795,0.269616480579316,9453.556677887316
2026-07-12 20:16:00,-5505.28260930448,-1760.1748849421015,5334.292749891477,-0.33083874235794464,-6.642452779212602,-2.5370998847428954,AJISAI (EGS),4614.860162999999,-3479.0815669999997,5334.690742,10120.14277230448,-1718.9066820578983,0.39799210852288525,10265.083052359958
2026-07-12 20:20:00,-5454.822948061466,-3300.5463371200385,4604.680599123306,0.7498404964966704,-6.143437343735886,-3.5191883492754528,AJISAI (EGS),5798.070364,-2650.473105,4605.179684999999,11252.893312061467,650.0732321200385,0.49908587669324334,11271.654862922454
2026-07-12 20:24:00,-5148.108222843496,-4685.854883369633,3658.2953852815267,1.7962163334547652,-5.355255739846674,-4.3363794813710905,AJISAI (EGS),6741.132705,-1735.35778,3658.862819,11889.240927843497,2950.497103369633,0.5674337184732394,12249.876869555976
2026-07-12 20:28:00,-4599.339263490025,-5850.832397917879,2539.5431382285,2.758979498306707,-4.314514509859939,-4.949847668411141,AJISAI (EGS),7402.191497999999,-767.245682,2540.143784,12001.530761490023,5083.586715917879,0.600645771499785,13033.786666890914
2026-07-12 20:32:00,-3834.1505580628686,-6740.491433216966,1301.0445557647922,3.5925486163020754,-3.0699620461474235,-5.3302574275286,AJISAI (EGS),7751.336364,219.054277,1301.643489,11585.486922062868,6959.545710216966,0.5989332352078236,13515.131670561339
2026-07-12 20:36:00,-2888.44120534935,-7312.784226623154,1.1635229899118762,4.257327205326854,-1.6802568557623057,-5.459298555067569,AJISAI (EGS),7772.052892,1188.626653,1.729054,10660.49409734935,8501.410879623154,0.5655310100881239,13635.252900610996
2026-07-12 20:40:00,-1806.6916909701504,-7540.6539234023485,-1298.7702019336675,4.721705670038138,-0.21115417386557198,-5.330680340010495,AJISAI (EGS),7462.074563,2107.628208,-1298.2647339999999,9268.76625397015,9648.28213140235,0.50546793366766,13379.064848238517
2026-07-12 20:44:00,-639.845488418961,-7413.355544910762,-2537.4020161353274,4.963662583128773,1.2677351237009293,-4.950490252673502,AJISAI (EGS),6833.571678,2944.40925,-2536.977934,7473.417166418962,10357.764794910761,0.42408213532735317,12772.441265077872
2026-07-12 20:48:00,557.1335036971846,-6936.968300567962,-3656.298916449663,4.971848803788621,2.686404065974203,-4.336879445728533,AJISAI (EGS),5912.660948,3670.533337,-3655.97115,5355.527444302816,10607.501637567962,0.3277664496631587,11882.792824295075
2026-07-12 20:52:00,1727.8944705479266,-6134.07455438236,-4602.74195107247,4.746088569967885,3.9778953935603467,-3.5191038037160602,AJISAI (EGS),4738.261898,4261.659468999999,-4602.518681,3010.367427452073,10395.73402338236,0.22327007247076835,10822.827633434043
2026-07-12 20:56:00,2817.3821785270566,-5042.635425058202,-5332.219485800575,4.297290611144399,5.081516710493856,-2.536008191464038,AJISAI (EGS),3360.3666150000004,4698.25952,-5332.102044,542.9844364729438,9740.8949450582,0.1174418005748521,9756.016935343276
2026-07-12 21:00:00,3774.4313554592422,-3714.140027365144,-5810.502108113583,3.6468141470283038,5.94565460337284,-1.4340789380181655,AJISAI (EGS),1837.824602,4966.159016,-5810.48559,-1936.6067534592423,8680.299043365143,0.01651811358260602,8893.707730753391
2026-07-12 21:04:00,4554.151031689556,-2211.139078369377,-6015.211790868968,2.825367468854535,6.530078225797823,-0.2651995788840651,AJISAI (EGS),235.755886,5056.90093,-6015.287554,-4318.395145689556,7268.040008369377,-0.07576313103163557,8454.167150187715
2026-07-12 21:08:00,5119.997215183899,-604.2929126576045,-5936.829216982111,1.8715266692134118,6.807678123371636,0.9157683086937425,AJISAI (EGS),-1377.284722,4967.936859,-5936.987865,-6497.2819371839,5572.229771657605,-0.15864801788939076,8559.46360612467
2026-07-12 21:12:00,5445.452596888505,1030.927804004352,-5579.1096109489035,0.8299540145923148,6.765620815459468,2.0534815928687697,AJISAI (EGS),-2932.271537,4702.654502,-5579.342817,-8377.724133888505,3671.7266979956485,-0.23320605109620374,9147.0125539816
2026-07-12 21:16:00,5515.249298180605,2617.747441985292,-4958.898088720988,-0.2506191763256624,6.405909645967678,3.094612538761651,AJISAI (EGS),-4362.681052,4270.248512,-4959.197014,-9877.930350180606,1652.5010700147081,-0.29892527901210997,10015.201839143094
2026-07-12 21:20:00,5326.084944692828,4081.652699725373,-4105.352744785956,-1.319588903685252,5.74533526290683,3.9902758210473013,AJISAI (EGS),-5607.36012,3685.440937,-4105.704643,-10933.445064692827,-396.2117627253733,-0.351898214044013,10940.621777001992
2026-07-12 21:24:00,4886.796164113774,5353.872372841434,-3058.6014615460917,-2.3267922091061033,4.81479024965478,4.6983049763076545,AJISAI (EGS),-6613.179338000001,2968.052283,-3058.988499,-11499.975502113775,-2385.8200898414343,-0.3870374539083059,11744.853094019778
2026-07-12 21:28:00,4217.970636540392,6374.614191900653,-1867.8801668781805,-3.224856035016103,3.657928076329418,5.185277551858726,AJISAI (EGS),-7337.360608,2142.421903,-1868.282319,-11555.331244540392,-4232.192288900653,-0.4021521218194266,12305.979518226408
2026-07-12 21:32:00,3351.0018369633144,7095.9015937502845,-589.2268362190792,-3.9714716479990257,2.3291762352254803,5.4281709784481595,AJISAI (EGS),-7749.364829,1236.679301,-589.625532,-11100.366665963315,-5859.222292750284,-0.3986957809207752,12551.837560837446
2026-07-12 21:36:00,2326.6198346441734,7483.861647494169,717.165512424221,-4.531463044819325,0.8911657534016539,5.41553001813565,AJISAI (EGS),-7832.23547,281.87818300000004,716.786909,-10158.855304644174,-7201.983464494169,-0.3786034242209553,12452.746968716785
2026-07-12 21:40:00,1192.9641365483471,7520.337877575546,1989.807254034755,-4.878512993688218,-0.5882978883077573,5.148049292216123,AJISAI (EGS),-7583.318144000001,-688.983517,1989.465365,-8776.282280548348,-8209.321394575547,-0.3418890347550132,12017.324516887726
2026-07-12 21:44:00,3.295502399846673,7203.738725723849,3168.8344700941484,-4.996429172751132,-2.0395421786998096,4.638519814509171,AJISAI (EGS),-7014.321569,-1642.023173,3168.546131,-7017.617071399846,-8845.76189872385,-0.28833909414834125,11291.344163245427
2026-07-12 21:48:00,-1186.5326647024046,6549.079894686353,4198.842290408813,-4.879873242039564,-3.3944024391810124,3.91114691198589,AJISAI (EGS),-6150.723488,-2543.576804,4198.623832,-4964.190823297595,-9092.656698686353,-0.21845840881269396,10359.517190390772
2026-07-12 21:52:00,-2320.7104272984393,5587.229687438491,5031.485136776045,-4.534527882025004,-4.589456240071974,3.000303646665708,AJISAI (EGS),-5030.560595,-3361.310435,5031.352114,-2709.8501677015606,-8948.540122438491,-0.13302277604452684,9349.848034699748
2026-07-12 21:56:00,-3346.082212277809,4363.412734937552,5627.720349419522,-3.9767270920190483,-5.568943846777852,1.948824671602305,AJISAI (EGS),-3702.676801,-4065.3028849999996,5627.68633,-356.594588722191,-8428.715619937551,-0.03401941952142806,8436.255490657126
2026-07-12 22:00:00,-4214.610499319233,2935.063049186016,5959.599306802528,-3.232610872665295,-6.287254090320493,0.8059621051182718,AJISAI (EGS),-2224.531855,-4629.069779,5959.672718999999,1990.0786443192328,-7564.132828186017,0.07341219747104333,7821.5419489002425
2026-07-12 22:04:00,-4885.587147633952,1369.1397795685791,6011.538956517911,-2.3368803261523343,-6.710908359730918,-0.37488180145194994,AJISAI (EGS),-659.678697,-5030.505116,6011.720525999999,4225.908450633951,-6399.644895568579,0.18156948208797985,7669.012782326281
2026-07-12 22:08:00,-5327.505264684744,-260.9696986424278,5781.031940386668,-1.331225014227827,-6.820012753264461,-1.5385515321691197,AJISAI (EGS),924.9843950000001,-5252.719156,5781.315598,6252.489659684745,-4991.749457357572,0.28365761333225237,8000.699323806383
2026-07-12 22:12:00,-5519.520179268691,-1878.8296727560883,5278.773303017422,-0.2624802445012882,-6.6091617303773695,-2.6305927049017863,AJISAI (EGS),2462.0780959999997,-5284.748824,5279.146931,7981.5982752686905,-3405.919151243912,0.37362798257800023,8677.914290437539
2026-07-12 22:16:00,-5452.440398447848,-3408.4847471473618,4528.197527085566,0.8194396817973367,-6.087769190200777,-3.599701677598774,AJISAI (EGS),3886.612071,-5122.118468000001,4528.643185,9339.052469447848,-1713.6337208526388,0.44565791443346825,9494.969286677771
2026-07-12 22:20:00,-5129.200329844509,-4777.995475337682,3564.435153060362,1.8637847568088683,-5.279787916093656,-4.400099741179632,AJISAI (EGS),5138.759349999999,-4767.221358,3564.9299929999997,10267.959679844509,10.774117337682583,0.4948399396375862,10267.965344379749
2026-07-12 22:24:00,-4564.779822898853,-5922.828795713196,2432.7177152711793,2.8213229626042606,-4.2227731196215545,-4.9937382269094615,AJISAI (EGS),6166.422676,-4229.484820000001,2433.235682,10731.202498898852,1693.3439757131955,0.5179667288207384,10863.982748547913
2026-07-12 22:28:00,-3785.555000018295,-6788.942111468389,1186.2854967734852,3.6467069753272074,-2.966264436457113,-5.352214383727022,AJISAI (EGS),6927.477835,-3525.2857790000003,1186.799448,10713.032835018294,3263.656332468389,0.5139512265147914,11199.130566467515
2026-07-12 22:32:00,-2828.0922075971043,-7335.398784377572,-116.11632809316656,4.300724082341101,-1.569507591333794,-5.458262833641525,AJISAI (EGS),7391.577632,-2677.59305,-115.63219000000001,10219.669839597105,4657.805734377573,0.48413809316654977,11231.06433620434
2026-07-12 22:36:00,-1737.4308049640422,-7536.365736807681,-1413.0356155779525,4.752280089117311,-0.09860434874931842,-5.306695961744248,AJISAI (EGS),7541.419576,-1715.329942,-1412.603196,9278.850380964042,5821.035794807681,0.4324195779524871,10953.60773004655
2026-07-12 22:40:00,-564.9363744631298,-7382.373727932489,-2643.2611713468477,4.97997239998235,1.3767501014301278,-4.904702980084627,AJISAI (EGS),7373.403088,-672.465182,-2642.8977889999996,7938.33946246313,6709.908545932489,0.3633823468480841,10394.23427906664
2026-07-12 22:44:00,634.1625220710445,-6880.76594778314,-3748.761656328765,4.973138737877628,2.7867301003224103,-4.271475791711125,AJISAI (EGS),6897.640989,413.136506,-3748.479994,6263.478466928956,7293.90245378314,0.28166232876537833,9614.165361086738
2026-07-12 22:48:00,1803.4195808563434,-6055.314634305232,-4677.456773464128,4.732319794894922,4.06481078252811,-3.4371961766574213,AJISAI (EGS),6137.336458,1501.0577420000002,-4677.264361,4333.916877143656,7556.372376305232,0.19241246412821056,8711.004478497412
2026-07-12 22:52:00,2887.855816207597,-4945.039679958554,-5385.677482697326,4.2691330515660475,5.150953877636167,-2.441476272072814,AJISAI (EGS),5127.575057,2549.809345,-5385.576849,2239.719240792403,7494.849024958554,0.10063369732597494,7822.346463474053
2026-07-12 22:56:00,3836.5480146441996,-3602.3092185572295,-5840.198776681411,3.6056057043708045,5.994382644924383,-1.3313793389914663,AJISAI (EGS),3913.6135809999996,3518.389085,-5840.187791,77.0655663558,7120.698303557229,0.01098568141060241,7121.115322189441
2026-07-12 23:00:00,4604.999869506712,-2090.3346505892787,-6019.760529539086,2.7730456990465884,6.555841535365316,-0.15915541221171484,AJISAI (EGS),2548.770061,4367.8606469999995,-6019.832699,-2056.2298085067114,6458.195297589278,-0.07216946091375576,6777.6373119549735
2026-07-12 23:04:00,5157.195477317249,-480.19080075011095,-5916.022899015211,1.810538040424607,6.809290030111484,1.020188305542093,AJISAI (EGS),1092.02341,5062.899925,-5916.169272,-4065.1720673172495,5543.09072575011,-0.14637298478919547,6873.97110498861
2026-07-12 23:08:00,5467.25497019741,1152.5004783472643,-5533.928668339944,0.7631445215394685,6.743012640392933,2.151386936592641,AJISAI (EGS),-394.570038,5573.257637,-5534.140135,-5861.82500819741,4420.757158652736,-0.21146666005552106,7341.940229069297
2026-07-12 23:12:00,5520.629039232323,2731.082109176142,-4891.465135665908,-0.32012951000059,6.360135103689996,3.1814117029424476,AJISAI (EGS),-1848.537809,5875.08759,-4891.733908,-7369.166848232322,3144.0054808238583,-0.2687723340923185,8011.828166702985
2026-07-12 23:16:00,5314.783184477047,4181.4246665246255,-4018.8352495135846,-1.3885453216024508,5.678528847886115,4.061887273783819,AJISAI (EGS),-3209.629224,5952.086195,-4019.152995,-8524.412408477046,1770.6615284753743,-0.3177454864153333,8706.36831630631
2026-07-12 23:20:00,4859.336456899545,5435.390443481493,-2957.0657074027545,-2.3919548111428304,4.730077630006066,4.751350458402757,AJISAI (EGS),-4422.325629,5796.38716,-2957.418983,-9281.662085899545,360.9967165185071,-0.3532755972455561,9288.679660262049
2026-07-12 23:24:00,4175.636921671421,6434.042920518672,-1756.1019336425443,-3.2831538674404173,3.559287739404576,5.217247573140309,AJISAI (EGS),-5438.12582,5409.160360000001,-1756.47139,-9613.76274167142,-1024.8825605186712,-0.36945635745564687,9668.237608401176
2026-07-12 23:28:00,3295.7796815454167,7130.444691517365,-472.4667968953435,-4.02015300838552,2.2212550214128797,5.4375515247941815,AJISAI (EGS),-6217.5135549999995,4800.86605,-472.831522,-9513.293236545416,-2329.578641517365,-0.3647251046564861,9794.370065733634
2026-07-12 23:32:00,2261.1030397520562,7491.896279429202,833.4111119872065,-4.568232094591696,0.7790558164231853,5.401880419874949,AJISAI (EGS),-6731.51415,3991.123649,833.0687780000001,-8992.617189752056,-3500.772630429202,-0.34233398720641617,9650.00378489972
2026-07-12 23:36:00,1120.231197829688,7501.492014047358,2100.0680046207344,-4.901642852464224,-0.6993081457376893,5.112024406367025,AJISAI (EGS),-6962.760404,3008.1745419999997,2099.7617889999997,-8082.991601829688,-4493.317472047358,-0.30621562073474706,9247.954110700557
2026-07-12 23:40:00,-73.23743328062947,7158.9071903046115,3267.9256001354474,-5.004843678901131,-2.144227111704625,4.581834575499068,AJISAI (EGS),-6906.014956,1887.950611,3267.667267,-6832.777522719371,-5270.956579304611,-0.2583331354476286,8629.590488698153
2026-07-12 23:44:00,-1263.2742284870508,6480.378770693862,4282.109347759579,-4.873193027755379,-3.4878511141158235,3.8364867167546888,AJISAI (EGS),-6568.139785,672.787907,4281.910021,-5304.865556512949,-5807.590863693862,-0.19932675957898027,7865.730115664344
2026-07-12 23:48:00,-2394.063155982294,5497.892638984577,5095.0214377155635,-4.513080334318322,-4.667302291716743,2.9111885719294777,AJISAI (EGS),-5967.5344270000005,-590.1590749999999,5094.891608,-3573.4712710177064,-6088.051713984577,-0.1298297155635737,7059.325082031228
2026-07-12 23:52:00,-3412.609996033494,4257.635951772715,5668.54734832213,-3.9415230291040686,-5.627562273344952,1.8494381145227348,AJISAI (EGS),-5133.096103,-1850.733128,5668.495091,-1720.4861069665058,-6108.369079772715,-0.05225732213057199,6346.04170028207
2026-07-12 23:56:00,-4271.1968934216775,2817.8075888249746,5975.8026634030075,-3.185292540406673,-6.3239187841489795,0.7009547595778848,AJISAI (EGS),-4102.775542,-3057.748637,5975.831927,168.42135142167717,-5875.556225824975,0.029263596992677776,5877.969608232223
2026-07-13 00:00:00,-4929.578237217644,1245.901074856385,6002.355556345953,-2.2796454104904584,-6.7239080622267124,-0.48060317052356777,AJISAI (EGS),-2921.809514,-4161.0520240000005,6002.466058,2007.7687232176436,-5406.953098856386,0.11050165404685686,5767.692525731091
2026-07-13 00:04:00,-5356.8317825612985,-384.4151243543082,5746.885150232207,-1.266730250207592,-6.808725076402813,-1.6400431590092965,AJISAI (EGS),-1640.713674,-5113.593984,5747.0721969999995,3716.1181085612984,-4729.178859645692,0.18704676779270812,6014.5379305715105
2026-07-13 00:08:00,-5532.794269997688,-1996.6901813367276,5221.255306012438,-0.193726827290075,-6.57408475396983,-2.723094881769774,AJISAI (EGS),-313.121469,-5873.439494,5221.509615,5219.672800997689,-3876.7493126632726,0.25430898756167153,6501.858922445432
2026-07-13 00:12:00,-5449.022855857467,-3515.221879934634,4449.998943510943,0.8892372976328893,-6.030508734330959,-3.678855975655671,AJISAI (EGS),1006.4523029999999,-6405.644624,4450.307801,6455.475158857467,-2890.4227440653654,0.3088574890571181,7073.026457000507
2026-07-13 00:16:00,-5109.23457838898,-4868.583565708591,3469.223703709886,1.9313442935283156,-5.202997321478207,-4.462155022547751,AJISAI (EGS),2264.843959,-6683.919956000001,3469.571515,7374.078537388979,-1815.3363902914098,0.34781129011389567,7594.2399623971405
2026-07-13 00:20:00,-4529.189719312228,-5992.994129131178,2324.969735325484,2.883449418204015,-4.13004266510889,-5.035735686224312,AJISAI (EGS),3412.388921,-6691.996579,2325.33862,7941.578640312227,-699.0024498688217,0.36888467451581164,7972.2817223967895
2026-07-13 00:24:00,-3736.0049717285824,-6835.369441015185,1071.0767153098914,3.700449894730128,-2.8619601802946697,-5.372139885789404,AJISAI (EGS),4404.900195,-6424.608418,1071.446936,8140.905166728582,410.76102301518495,0.3702206901086811,8151.26135568968
2026-07-13 00:28:00,-2766.9103650387624,-7355.893502886802,-233.3514312947857,4.343526984182187,-1.4585642385589146,-5.4551545416386285,AJISAI (EGS),5205.389194,-5888.018252000001,-232.999945,7972.299559038763,1467.875250886801,0.35148629478570115,8106.30730571931
2026-07-13 00:32:00,-1667.4982353627197,-7529.961804659276,-1526.7638952604839,4.7821109901389764,0.01371745453142877,-5.280697427464132,AJISAI (EGS),5785.449627999999,-5100.0334,-1526.449607,7452.947863362719,2429.9284046592757,0.31428826048386327,7839.067802012558
2026-07-13 00:36:00,-489.5483979524125,-7349.380590315282,-2748.1165105291943,4.995425444948929,1.4851265824557247,-4.8570563726968885,AJISAI (EGS),6126.235987,-4089.486516,-2747.855325,6615.784384952412,3259.8940743152816,0.2611855291943357,7375.331346600907
2026-07-13 00:40:00,711.4552863568447,-6822.751771261802,-3839.8018474831138,4.973499996457365,2.886039082925816,-4.2044557920767,AJISAI (EGS),6218.994444,-2895.193664,-3839.607389,5507.539157643156,3927.558107261802,0.1944584831139764,6764.517743099259
2026-07-13 00:44:00,1878.9813201955221,-5975.027574418022,-4750.397991005759,4.717594497205545,4.150380551580509,-3.353990771595525,AJISAI (EGS),6065.133585,-1564.437421,-4750.2816490000005,4186.152264804477,4410.590153418021,0.1163420057582698,6080.886144230224
2026-07-13 00:48:00,2958.137640792082,-4846.272807906551,-5437.094780642011,4.240035680670172,5.218781768621095,-2.346024817147676,AJISAI (EGS),5675.855456,-151.05401500000002,-5437.064872000001,2717.717815207918,4695.218792906551,0.029908642010013864,5425.040980237465
2026-07-13 00:52:00,3898.2536533796224,-3489.7176130936873,-5867.683793603556,3.5635173169462315,6.041313982448548,-1.2281799879830702,AJISAI (EGS),5071.392335,1286.7856000000002,-5867.745246,1173.1386816203772,4776.503213093687,-0.06145239644411049,4918.458835324813
2026-07-13 00:56:00,4655.237739947137,-1969.2147920925017,-6022.030461755635,2.7199440017562675,6.579704561306485,-0.053053403205212624,AJISAI (EGS),4279.908595,2688.998982,-6022.184187,-375.32914494713714,4658.213774092502,-0.1537252443649777,4673.310128359053
2026-07-13 01:00:00,5193.611219454713,-356.2329830617984,-5892.977337427815,1.7489052464289472,6.80898595630379,1.124222066900158,AJISAI (EGS),3336.1402310000003,3996.117193,-5893.219629,-1857.4709884547128,4352.350176061798,-0.2422915721854224,4732.140169809142
2026-07-13 01:04:00,5488.139581779727,1273.4760017929564,-5486.652886573549,0.6958566316560812,6.718561234491703,2.2484797271393644,AJISAI (EGS),2279.842552,5151.817951,-5486.976079,-3208.2970297797274,3878.3419492070434,-0.3231924264509871,5033.3593365391525
2026-07-13 01:08:00,5524.998466944095,2843.3945851723524,-4822.179987736066,-0.38992954332100854,6.312675616062168,3.267009119360988,AJISAI (EGS),1154.1092800000001,6105.372985999999,-4822.573983,-4370.889186944094,3261.978400827647,-0.3939952639339026,5453.913780693931
2026-07-13 01:12:00,5302.425772304839,4279.797039987957,-3930.7953240824177,-1.457588190870705,5.6102748002296465,4.131963064734153,AJISAI (EGS),3.625102,6813.912219,-3931.248329,-5298.800670304839,2534.115179012043,-0.45300491758234784,5873.587361173382
2026-07-13 01:16:00,4830.825346126581,5515.196971896184,-2854.40915502279,-2.4569955417934675,4.644223492348841,4.802597774925309,AJISAI (EGS),-1127.088796,7244.406627,-2854.9067259999997,-5957.914142126581,1729.2096551038167,-0.4975709772097616,6203.78168570051
2026-07-13 01:20:00,4132.305646957251,6491.528529788353,-1643.6576161642536,-3.341126573945795,3.459866931065258,5.247241465215486,AJISAI (EGS),-2195.373275,7375.268778,-1644.1794790000001,-6327.678921957251,883.7402482116468,-0.5218628357465604,6389.093647617953
2026-07-13 01:24:00,3239.6609621314083,7162.904655082402,-355.52699269756994,-4.068321219323772,2.112952231307907,5.444871668524268,AJISAI (EGS),-3162.007932,7197.483066,-356.046871,-6401.668894131408,34.578410917597466,-0.5198783024300724,6401.762301652934
2026-07-13 01:28:00,2194.8330194816444,7497.806111194748,949.3416640384069,-4.604324630907772,0.6669816099244266,5.3861842203007395,AJISAI (EGS),-3992.610906,6715.199156000001,948.849635,-6187.443925481644,-782.6069551947476,-0.49202903840682666,6236.74083311079
2026-07-13 01:32:00,1046.92380372532,7480.579992705129,2209.5339496068186,-4.9239654780273945,-0.8098675227784379,5.0740640111196225,AJISAI (EGS),-4658.808400000001,5945.7354749999995,2209.0898429999997,-5705.732203725321,-1534.8445177051299,-0.4441066068188775,5908.563943242755
2026-07-13 01:36:00,-150.13922274104587,7112.1654747584635,3365.7799635118818,-5.0123588991474035,-2.248068476893581,4.523416339832656,AJISAI (EGS),-5139.120940999999,4918.971253,3365.397938,-4988.981718258953,-2193.1942217584638,-0.3820255118816931,5449.77427288693
2026-07-13 01:40:00,-1340.1619956768054,6410.013099052836,4363.756249871731,-4.865563961835737,-3.580104719104141,3.7603770504396277,AJISAI (EGS),-5419.537431,3676.1587489999997,4363.445398,-4079.3754353231943,-2733.8543500528363,-0.31085187173084705,4910.729441361029
2026-07-13 01:44:00,-2467.3328254106077,5407.214452078706,5156.630586148892,-4.490678505063326,-4.743659070085515,2.8209744926652713,AJISAI (EGS),-5493.773615,2268.223019,5156.3954220000005,-3026.4407895893924,-3138.991433078706,-0.2351641488912719,4360.345298842071
2026-07-13 01:48:00,-3478.829438260654,4150.903849271146,5707.230690176721,-3.9054030854071935,-5.684467408655796,1.7493532237193707,AJISAI (EGS),-5363.227276,753.631493,5707.071966,-1884.3978377393455,-3397.2723562711462,-0.15872417672017036,3884.8957127256567
2026-07-13 01:52:00,-4327.263956354645,2700.0269920773694,5989.746209853673,-3.1371385696579637,-6.358725782364124,0.5956814859854911,AJISAI (EGS),-5036.656758,-804.0620799999999,5989.660429,-709.3928016453547,-3504.0890720773696,-0.08578085367298627,3575.175293525709
2026-07-13 01:56:00,-4972.86295243711,1122.591886913317,5990.901839407711,-2.2216934691310692,-6.734991263942921,-0.586145775170878,AJISAI (EGS),-4529.6229840000005,-2338.892435,5990.88097,443.2399684371094,-3461.484321913317,-0.02086940771096124,3489.7471800844487
2026-07-13 02:00:00,-5385.297480664992,-507.47283423749764,5710.563752682605,-1.2016705658876707,-6.795550308451541,-1.740918890095724,AJISAI (EGS),-3863.7353620000004,-3785.275944,5710.597468,1521.5621186649914,-3277.8031097625026,0.03371531739503553,3613.7438354789
2026-07-13 02:04:00,-5545.093003036929,-2113.7223757885627,5161.760436210976,-0.12458777730948056,-6.53723753311993,-2.8145713327993875,AJISAI (EGS),-3065.735014,-5080.821328,5161.838756,2479.357989036929,-2967.0989522114373,0.07831978902413539,3866.638363766315
2026-07-13 02:08:00,-5444.560945378928,-3620.7282384294567,4370.114388695635,0.9592218457698004,-5.9716779781759,-3.756621066566063,AJISAI (EGS),-2166.4478560000002,-6169.0470319999995,4370.227627,3278.113089378928,-2548.3187935705428,0.11323830436504068,4152.10237268365
2026-07-13 02:12:00,-5088.204565934709,-4957.5956052867305,3372.6970802121386,1.998881773291471,-5.124911337239429,-4.522521542499427,AJISAI (EGS),-1199.641706,-7001.89933,3372.835381,3888.5628599347083,-2044.3037247132697,0.13830078786122613,4393.18777810228
2026-07-13 02:16:00,-4492.565846790613,-6061.311944552382,2216.340056499796,2.9453446820245586,-4.036354664035558,-5.075823879614707,AJISAI (EGS),-200.813834,-7541.959941,2216.492756,4291.752012790614,-1480.6479964476184,0.1526995002041076,4539.983904376068
2026-07-13 02:20:00,-3685.500819886866,-6879.764880436417,955.4619453744344,3.753762911487384,-2.7570834252505128,-5.390026242969543,AJISAI (EGS),794.056778,-7764.226004,955.61798,4479.557597886866,-884.461123563583,0.15603462556555314,4566.038521106464
2026-07-13 02:24:00,-2704.8994542427426,-7374.2681837905875,-350.49727059114656,4.385721914081957,-1.347461883092656,-5.449974882928461,AJISAI (EGS),1749.752293,-7657.358927,-350.348053,4454.651747242742,-283.0907432094127,0.14921759114656652,4463.637819130217
2026-07-13 02:28:00,-1596.9009913058376,-7521.450285198425,-1639.911879710894,4.81118554133448,0.12577697754259148,-5.2526947715802805,AJISAI (EGS),2633.0092400000003,-7224.31547,-1639.778475,4229.910231305837,297.1348151984257,0.13340471089395578,4240.333675679973
2026-07-13 02:32:00,-413.6914463267153,-7314.392240617028,-2851.928290792185,5.010010654216468,1.5928328474345241,-4.807568754850572,AJISAI (EGS),3413.614772,-6482.310966,-2851.8188999999998,3827.306218326715,832.0812746170277,0.10939079218542247,3916.711905205307
2026-07-13 02:36:00,788.9995153174758,-6762.949031188245,-3929.3850469694585,4.972923763465051,2.9843033733849036,-4.135845096247945,AJISAI (EGS),4065.365781,-5462.111156999999,-3929.307523,3276.366265682524,1300.8378741882452,0.07752396945852524,3525.160292502315
2026-07-13 02:40:00,1954.5655976253358,-5893.242648224766,-4821.538068079861,4.701906459556121,4.234582417443054,-3.2695192591283715,AJISAI (EGS),4566.856446000001,-4206.689068,-4821.5013,2612.290848374665,1686.553580224766,0.03676807986084896,3109.4254222963596
2026-07-13 02:44:00,3028.2124053266234,-4746.368687474909,-5486.452014833729,4.209995111342917,5.284984423989976,-2.249689973605648,AJISAI (EGS),4902.072362,-2769.32652,-5486.465999,1873.8599566733765,1977.042167474909,-0.013984166271256981,2723.976297509468
2026-07-13 02:48:00,3959.532564982642,-3376.4020933283055,-5892.946838005945,3.5205485533102636,6.086439623356306,-1.1245198142459951,AJISAI (EGS),5060.787317,-1211.2705230000001,-5893.020132000001,1101.2547520173584,2165.1315703283053,-0.07329399405534787,2429.106162983647
2026-07-13 02:52:00,4704.849191066968,-1847.8176712276108,-6022.02076686412,2.666064927636459,6.6016656095819775,0.05306650563685908,AJISAI (EGS),5038.773044,400.93751299999997,-6022.158509,333.9238529330314,2248.7551842276107,-0.13774213588021667,2273.4126411896923
2026-07-13 02:56:00,5229.229952986566,-232.45715200950085,-5867.701240280096,1.6866337427570248,6.806771545670981,1.2278304256031316,AJISAI (EGS),4837.832117,1998.345031,-5867.905002,-391.39783598656595,2230.802183009501,-0.20376171990483272,2264.8776318498444
2026-07-13 03:00:00,5508.09358263092,1393.8188953967933,-5437.300104045597,0.6280985100712524,6.692279336970992,2.3447233343537395,AJISAI (EGS),4465.664775,3512.5609,-5437.567190000001,-1042.4288076309194,2118.7420046032066,-0.26708595440322824,2361.297434120433
2026-07-13 03:04:00,5528.3469855441435,2954.6532501190095,-4751.068800643011,-0.46000873075420884,6.26355049206191,3.3513723789828305,AJISAI (EGS),3935.584297,4878.70256,-4751.392521,-1592.7626885441437,1924.0493098809902,-0.3237203569888152,2497.7707728426067
2026-07-13 03:08:00,5289.004883415063,4376.7435439530545,-3841.2662399003357,-1.5267050548788137,5.540598180893726,4.200476547003334,AJISAI (EGS),3266.086778,6038.208562,-3841.637213,-2022.918105415063,1661.4650180469453,-0.3709730996642975,2617.759309988381
2026-07-13 03:12:00,4801.258167384124,5593.272278630284,-2750.670645245412,-2.521900630258241,4.557257539240599,4.852027356625097,AJISAI (EGS),2480.277284,6941.399413,-2751.0776069999997,-2320.9808833841244,1348.1271343697163,-0.40696175458788275,2684.101189798239
2026-07-13 03:16:00,4087.9755423237625,6547.058890357101,-1530.589798875375,-3.3987597595738923,3.359698616310505,5.275247735812036,AJISAI (EGS),1605.1589580000002,7549.670349999999,-1531.0200989999998,-2482.816584323762,1002.6114596428988,-0.4303001246248641,2677.6123908360178
2026-07-13 03:20:00,3182.647865230541,7193.27750079931,-238.45173241566425,-4.115961993116064,2.0043025030302837,5.450128595328439,AJISAI (EGS),670.7941679999999,7837.207076000001,-238.89040400000002,-2511.853697230541,643.929575200691,-0.4386715843357649,2593.078187510288
2026-07-13 03:24:00,2127.8153045355507,7501.595502835232,1064.9132451602798,-4.6397271877154465,0.5549777385898578,5.368447430759126,AJISAI (EGS),-290.641021,7792.125394999999,1064.484801,-2418.4563255355506,290.52989216476726,-0.428444160279696,2435.8445763900017
2026-07-13 03:28:00,973.0505527266813,7457.6143030771145,2318.1636398860182,-4.945468871089668,-0.9199431570076173,5.034182623959164,AJISAI (EGS),-1245.877416,7416.977324,2317.7646609999997,-2218.9279687266812,-40.63697907711412,-0.3989788860185399,2219.300081929026
2026-07-13 03:32:00,-227.39861884071988,7063.5335853240285,3462.3605443611436,-5.018964841059713,-2.35103674837433,4.463287375087915,AJISAI (EGS),-2161.622159,6728.598377,3462.007502,-1934.2235401592802,-334.9352083240283,-0.35304236114370724,1963.0085129006106
2026-07-13 03:36:00,-1417.1826049256408,6338.009431106972,4443.75214575303,-4.856978478480232,-3.6711384466822237,3.68284680549145,AJISAI (EGS),-3005.640725,5757.2986359999995,4443.4576560000005,-1588.4581200743594,-580.7107951069729,-0.29448975302966574,1691.2788987946828
2026-07-13 03:40:00,-2540.504580870489,5315.22695214259,5216.289321892823,-4.46731755632467,-4.818507591393001,2.729695519368774,AJISAI (EGS),-3747.808828,4545.452815000001,5216.06149,-1207.3042471295112,-769.7741371425891,-0.2278318928229055,1431.8295356843093
2026-07-13 03:44:00,-3544.724870790527,4043.252026904553,5743.755769036038,-3.868365343440973,-5.7396468935635285,1.6486077282939582,AJISAI (EGS),-4361.105027,3145.5800090000002,5743.597640999999,-816.3801562094727,-897.6720179045528,-0.1581280360387609,1213.3802520998563
2026-07-13 03:48:00,-4382.795920389715,2581.7589769035085,6001.424658625714,-3.0881500548230854,-6.3916698476340255,0.4901819163074428,AJISAI (EGS),-4822.524332,1618.013004,6001.336190999999,-439.72841161028464,-963.7459729035086,-0.0884676257146566,1059.3240222385004
2026-07-13 03:52:00,-5015.4261495629435,999.2503125268504,5977.182081086135,-2.1630285963389664,-6.744160055727536,-0.6914698537349353,AJISAI (EGS),-5113.890773,28.264774000000003,5977.16231,-98.46462343705662,-970.9855385268504,-0.01977108613573364,975.9652650006428
2026-07-13 03:56:00,-5412.888546255611,-630.1061079898728,5672.0814028927525,-1.1360529266427895,-6.780497793501841,-1.8411406175391163,AJISAI (EGS),-5222.550106,-1555.791948,5672.1285,190.3384402556112,-925.6858400101272,0.04709710724728211,945.0518496105551
2026-07-13 04:00:00,-5556.404556896809,-2229.8926157277224,5100.311120872317,-0.055072667275358034,-6.498636306059674,-2.9049873498517043,AJISAI (EGS),-5141.927417000001,-3066.8230639999997,5100.422206,414.4771398968078,-836.9304482722773,0.1110851276835092,933.939980449589
2026-07-13 04:04:00,-5439.045416167748,-3724.97484407624,4288.574045714596,1.02938155770164,-5.9112993976290475,-3.8329672893529128,AJISAI (EGS),-4871.928599999999,-4440.908945,4288.745597,567.1168161677488,-715.9341009237601,0.17155128540434816,913.336274039086
2026-07-13 04:08:00,-5066.104075346023,-5045.00866479737,3274.891829437989,2.066383787514193,-5.045557711848463,-4.581176155500617,AJISAI (EGS),-4419.153263,-5620.285645999999,3275.118712,646.9508123460228,-575.276981202629,0.22688256201081458,865.7303334020853
2026-07-13 04:12:00,-4454.9053366974795,-6127.766481301004,2106.86987600232,3.0069943788505213,-3.9417408719238862,-5.113987370552688,AJISAI (EGS),-3796.893383,-6555.834969,2107.144187,658.0119536974794,-428.06848769899534,0.2743109976800042,784.9983672697683
2026-07-13 04:16:00,-3634.0431679931758,-6922.120621019399,839.4850772948344,3.806631426809041,-2.651668410283055,-5.405866550713537,AJISAI (EGS),-3024.891927,-7209.209097,839.795057,609.1512409931756,-287.0884759806013,0.30997970516568785,673.4130408091365
2026-07-13 04:20:00,-2642.0635538092133,-7390.523364879315,-467.5093648470765,4.4272948012727635,-1.2362355474085338,-5.442725861378011,AJISAI (EGS),-2128.845165,-7554.478131,-467.179183,513.2183888092131,-163.95476612068524,0.33018184707646014,538.7711842384163
2026-07-13 04:24:00,-1525.646394198365,-7510.84003926979,-1752.436631831181,4.83949089940032,0.23754017684831877,-5.222698798746525,AJISAI (EGS),-1139.648534,-7579.209661,-1752.104238,385.99786019836506,-68.36962173020947,0.33239383118120713,392.00620369951736
2026-07-13 04:28:00,-337.37571481912875,-7277.425421434518,-2954.6571706028485,5.023717011993028,1.6998375302838342,-4.756259150797782,AJISAI (EGS),-92.401183,-7284.915658,-2954.3425129999996,244.97453181912874,-7.490236565481609,0.31465760284891076,245.08921619119684
2026-07-13 04:32:00,866.782638100605,-6701.381522581785,-4017.4773692585277,4.9714013254203175,3.081495800397025,-4.065669949241335,AJISAI (EGS),974.793128,-6686.84298,-4017.201685,108.010489899395,14.538542581784895,0.27568425852768996,108.98491249030793
2026-07-13 04:36:00,2030.1580631739062,-5809.989540341681,-4890.85015426601,4.685249616006322,4.317394653849812,-3.1838137757060987,AJISAI (EGS),2022.1780549999999,-5813.132088,-4890.634683,-7.980008173906299,-3.1425476583190175,0.21547126600944466,8.579193674634778
2026-07-13 04:40:00,3098.064645438467,-4645.361467088661,-5533.7306001443585,4.179008150811626,5.349546499392677,-2.1525082077122737,AJISAI (EGS),3009.795729,-4703.406925,-5533.595189000001,-88.26891643846693,-58.04545791133933,0.13541114435793133,105.64419117744306
2026-07-13 04:44:00,4020.368876524814,-3262.399659793014,-5915.978426743657,3.476699213040315,6.129751219293552,-1.0204379105176518,AJISAI (EGS),3898.98285,-3406.886413,-5915.941095,-121.38602652481404,-144.48675320698612,0.03733174365697778,188.70874564110287
2026-07-13 04:48:00,4753.818663786051,-1726.1814191267079,-6019.731482045259,2.611411287513997,6.621723632686142,0.15916436798499367,AJISAI (EGS),4653.857272,-1980.123127,-6019.80616,-99.96139178605063,-253.94170787329222,-0.07467795474076411,272.90781671144146
2026-07-13 04:52:00,5264.037147154285,-108.90080985728174,-5840.204155243269,1.6237292644711077,6.80265306584993,1.3309743698338972,AJISAI (EGS),5242.744814000001,-484.486926,-5840.397159,-21.29233315428428,-375.58611614271825,-0.1930037567308318,376.18922278658465
2026-07-13 04:56:00,5527.104149780771,1513.494014982573,-5385.888942800746,0.5598786082468241,6.664180264240737,2.440081438020026,AJISAI (EGS),5639.504669,1016.500895,-5386.198447,112.40051921922895,-496.9931199825729,-0.3095041992537517,509.54502629661073
2026-07-13 05:00:00,5530.664093357896,3064.826949435726,-4678.158421724464,-0.530356248566026,6.21277954689739,3.4344695275984916,AJISAI (EGS),5824.705951999999,2459.880517,-4678.574808,294.04185864210376,-604.9464324357259,-0.4163862755367518,672.6224603207551
2026-07-13 05:04:00,5274.512851341047,4472.2384780805405,-3750.281835018247,-1.5958832029114074,5.469524461760143,4.26740165696579,AJISAI (EGS),5786.604528,3785.907313,-3750.7884449999997,512.0916766589526,-686.3311650805404,-0.5066099817527174,856.3227254475165
2026-07-13 05:08:00,4770.63047112663,5669.597344909507,-2645.8894325139167,-2.5866560907620024,4.469209765917572,4.899620321510074,AJISAI (EGS),5521.869784,4940.547917000001,-2646.4652149999997,751.2393128733702,-729.0494279095064,-0.5757824860829714,1046.8399615352403
2026-07-13 05:12:00,4042.6455982063558,6600.622587653858,-1416.9413055651144,-3.456038865655443,3.258815915694665,5.301255651414471,AJISAI (EGS),5036.00696,5877.715117,-1417.5623529999998,993.3613617936439,-722.9074706538586,-0.6210474348854405,1228.5611063075366
2026-07-13 05:16:00,3124.7428701658278,7221.559979417046,-121.28537735893998,-4.163060937462725,1.8953404814005006,5.4533202822973115,AJISAI (EGS),4343.43164,6561.136764000001,-121.925276,1218.688769834172,-660.423215417045,-0.6398986410600145,1386.1318662565936
2026-07-13 05:20:00,2060.055736083944,7503.269532214895,1180.0820690655341,-4.674426256630153,0.44307866278079383,5.348676844652595,AJISAI (EGS),3467.1702250000003,6965.772156999999,1179.4518170000001,1407.1144889160564,-537.4973752148953,-0.6302520655340231,1506.2785301855904
2026-07-13 05:24:00,898.6203565359683,7432.608100479209,2425.9159459113057,-4.966141051403019,-1.0295024731064109,4.992395493993494,AJISAI (EGS),2438.177892,7078.707026,2425.3253130000003,1539.5575354640318,-353.90107447920855,-0.5906329113054198,1579.7100127456488
2026-07-13 05:28:00,-305.0040728059385,7013.032109681321,3557.6308122133582,-5.024651588938109,-2.4531028124713457,4.401470593636326,AJISAI (EGS),1294.294217,6899.486764,3557.109089,1599.2982898059383,-113.54534568132112,-0.5217232133582002,1603.3239964203121
2026-07-13 05:32:00,-1494.3224180817615,6264.394788099326,4522.066811143022,-4.847429141217577,-3.7609280022484426,3.603925403219861,AJISAI (EGS),78.881032,6439.887359,4521.638815,1573.2034500817615,175.49257090067385,-0.42799614302202826,1582.9614401403414
2026-07-13 05:36:00,-2613.5633276517106,5221.962302092544,5273.975122348539,-4.442992826478952,-4.891829457437242,2.6373861545257613,AJISAI (EGS),-1160.803104,5723.157241999999,5273.6597170000005,1452.7602236517105,501.1949399074556,-0.3154053485386612,1536.7851947145834
2026-07-13 05:40:00,-3610.280432817584,3934.7162752245913,5778.108792783219,-3.830408103002491,-5.793088998766698,1.5472395991090022,AJISAI (EGS),-2375.4246129999997,4782.783996,5777.919724,1234.8558198175842,848.0677207754088,-0.18906878321831755,1498.0279671973951
2026-07-13 05:44:00,-4437.776881541668,2463.041298593743,6010.833575224911,-3.0383283415123827,-6.422746389604069,0.38449576669710167,AJISAI (EGS),-3515.515022,3660.8720869999997,6010.777183,922.2618595416684,1197.830788406257,-0.056392224911178346,1511.7425503038849
2026-07-13 05:48:00,-5057.252612084435,875.9143310601329,5961.201410780289,-2.103655162465566,-6.75141716703254,-0.7965357206512276,AJISAI (EGS),-4533.463554,2406.22392,5961.276817,523.789058084435,1530.309588939867,0.0754062197111125,1617.467904181218
2026-07-13 05:52:00,-5439.591161904633,-752.2784925244264,5631.4525726342745,-1.0698845870164198,-6.763577481209304,-1.9406704684427516,AJISAI (EGS),-5385.498578,1072.202879,5631.655495,54.0925839046331,1824.4813715244263,0.20292236572549882,1825.283080470155
2026-07-13 05:56:00,-5566.717174940705,-2345.1676668671903,5036.930528977505,0.014808642362772302,-6.458297858633361,-2.9943086124614338,AJISAI (EGS),-6033.583187,-285.536336,5037.254910000001,-466.8660120592949,2059.63133086719,0.3243810224957997,2111.881908992297
2026-07-13 06:00:00,-5432.467149499795,-3827.9332463493324,4205.408729185379,1.099704394885604,-5.84939593270352,-3.9078655107613023,AJISAI (EGS),-6447.149099,-1611.3620959999998,4205.844735000001,-1014.6819495002055,2216.5711503493326,0.43600581462123955,2437.7791764849358
2026-07-13 06:04:00,-5042.927082668863,-5130.800441832433,3175.8449883278727,2.133836691424295,-4.964964549245365,-4.638096363048019,AJISAI (EGS),-6604.596251,-2851.943396,3176.376871,-1561.6691683311374,2278.8570458324325,0.5318826721272671,2762.6075199990614
2026-07-13 06:08:00,-4416.205564778394,-6192.342675555307,1996.6007143772952,3.0683839450536685,-3.846233268756285,-5.150211459305513,AJISAI (EGS),-6494.4773159999995,-3958.408932,1997.206574,-2078.271751221606,2233.9337435553075,0.6058596227048838,3051.1758077152213
2026-07-13 06:12:00,-3581.6329223728126,-6962.429587346138,723.1901408045321,3.8590407111776117,-2.5457494515000563,-5.419654693632735,AJISAI (EGS),-6116.2875970000005,-4888.29794,723.842808,-2534.654674627188,2074.1316473461375,0.6526671954678704,3275.133102044362
2026-07-13 06:16:00,-2578.407049065284,-7404.66031725545,-584.3432849805591,4.4682315069309935,-1.1249201766548906,-5.433410279921018,AJISAI (EGS),-5480.791755,-5607.211904,-583.6751929999999,-2902.3847059347163,1797.4484132554499,0.6680919805592112,3413.8919470166566
2026-07-13 06:20:00,-1453.7420809062899,-7498.1406241970635,-1864.2954551791852,4.867014215958014,0.3489732370895578,-5.190721079123818,AJISAI (EGS),-4609.8453,-6090.088269999999,-1863.6458440000001,-3156.1032190937103,1408.0523541970642,0.6496111791850581,3455.9512993860694
2026-07-13 06:24:00,-260.6117080849485,-7238.497500362683,-3056.264224706431,5.036533557170679,1.8061096292930465,-4.703147276632021,AJISAI (EGS),-3535.69844,-6322.033799,-3055.6682,-3275.0867319150516,916.4637013626834,0.5960247064308533,3400.8968188886374
2026-07-13 06:28:00,944.7917942225665,-6638.073563881229,-4104.0454988974425,4.968924078084852,3.177589670316794,-3.993957180966905,AJISAI (EGS),-2299.8070839999996,-6298.683913,-4103.537497,-3244.598878222566,339.3896508812295,0.5080018974422273,3262.3009477597775
2026-07-13 06:32:00,2105.7441094215997,-5725.298333351288,-4958.308094211685,4.667618058523811,4.398796097276144,-3.0969069110879106,AJISAI (EGS),-951.206304,-6026.08866,-4957.919828,-3056.9504134215995,-300.7903266487119,0.38826621168482234,3071.71300766764
2026-07-13 06:36:00,3167.678682437441,-4543.28555086124,-5578.912737826439,4.147071806863769,5.4124532684746995,-2.054516291444308,AJISAI (EGS),455.473786,-5520.15321,-5578.670607,-2712.2048964374408,-976.8676591387602,0.2421308264392792,2882.7635841944802
2026-07-13 06:40:00,4080.746553373778,-3147.7474166608285,-5936.769917762364,3.4319693324670704,6.171241066391089,-0.9159735188422287,AJISAI (EGS),1862.2535870000002,-4805.687909,-5936.691898,-2218.492966373778,-1657.9404923391717,0.07801976236351038,2769.5627315651946
2026-07-13 06:44:00,4802.130497721743,-1604.3441153956535,-6015.163502252456,2.5559861573500156,6.63987822749251,0.2652002479835626,AJISAI (EGS),3210.213634,-3915.1377850000003,-6015.257514999999,-1591.916863721743,-2310.793669604347,-0.0940127475432746,2806.058925490267
2026-07-13 06:48:00,5298.018235945833,14.398744795222795,-5810.49646612644,1.5601978300163233,6.7966374039949775,1.4336150571936763,AJISAI (EGS),4441.974715,-2887.0645529999997,-5810.761,-856.0435209458328,-2901.4632977952224,-0.2645338735601399,3025.111543097913
2026-07-13 06:52:00,5545.158493943724,1632.4665633368018,-5332.438801748551,0.4912056663646696,6.63427790333702,2.5345180413062525,AJISAI (EGS),5504.152712,-1764.452993,-5332.86226,-41.00578194372429,-3396.919556336802,-0.4234582514491194,3397.1670735619
2026-07-13 06:56:00,5531.9393908273805,3173.885004179032,-4603.47638005856,-0.6009609941669257,6.160383093295631,3.516269078110624,AJISAI (EGS),6349.693829,-592.913009,-4604.036945000001,817.7544381726193,-3766.798013179032,-0.5605649414410436,3854.541465268414
2026-07-13 07:00:00,5258.9421758686185,4566.256725868908,-3657.8765015069944,-1.665109671328911,5.397079514893457,4.332712924710353,AJISAI (EGS),6940.002309,581.160694,-3658.544375,1681.060133131382,-3985.0960318689076,-0.6678734930055725,4325.153638944635
2026-07-13 07:04:00,4738.938030128381,5744.153817870428,-2540.105170030054,-2.6512477254988527,4.380110447808101,4.945358482714637,AJISAI (EGS),7246.7610159999995,1712.408159,-2540.844856,2507.8229858716186,-4031.7456588704276,-0.7396859699460947,4748.068000084025
2026-07-13 07:08:00,3996.315072111021,6652.208923968379,-1302.7551830239859,-3.512949174249093,3.157252091667609,5.325255241879176,AJISAI (EGS),7253.351917999999,2758.235479,-1303.528983,3257.0368458889784,-3893.973444968379,-0.773799976014061,5076.545952157208
2026-07-13 07:12:00,3065.9487544304966,7247.749574817436,-4.07232433460969,-4.209603561018818,1.7861008039182684,5.454445498846135,AJISAI (EGS),6955.790664,3680.39494,-4.843004,3889.8419095695035,-3567.354634817436,-0.7706796653903094,5277.962652950844
2026-07-13 07:16:00,1991.5604696893756,7502.833990441171,1294.8045033893138,-4.708408293214342,0.33131868508128864,5.3268800345790455,AJISAI (EGS),6363.103466,4446.34694,1294.073124,4371.5429963106235,-3056.487050441171,-0.7313793893138154,5334.088656276988
2026-07-13 07:20:00,823.6424424370134,7405.575198371002,2532.750073367697,-4.985970064409265,-1.1385131948263862,4.948718595580713,AJISAI (EGS),5497.115774,5030.345217,2532.09125,4673.4733315629865,-2375.2299813710024,-0.6588233676970958,5242.429864030835
2026-07-13 07:24:00,-382.94373347720773,6960.682206686393,3651.5547357716723,-5.029409310573536,-2.554237977493242,4.33798954332414,AJISAI (EGS),4391.655623,5414.209583,3650.996675,4774.599356477207,-1546.4726236863935,-0.5580607716724444,5018.802337422332
2026-07-13 07:28:00,-1571.5675210761299,6189.19664885525,4598.670659793512,-4.836908649588494,-3.849449611217558,3.523642782235174,AJISAI (EGS),3091.203378,5587.763211,4598.2361040000005,4662.77089907613,-601.4334378552494,-0.4345557935112083,4701.399241319583
2026-07-13 07:32:00,-2686.4937334912806,5127.452988663789,5329.666210798818,-4.417699836681405,-4.9636068599534315,2.5440812795758543,AJISAI (EGS),1649.059703,5548.9338689999995,5329.3722609999995,4335.55343649128,421.48088033621025,-0.2939497988181756,4355.992403524921
2026-07-13 07:36:00,-3675.480074853331,3825.3325614659357,5810.276788183516,-3.79152988723652,-5.844782626479672,1.4452870348652356,AJISAI (EGS),125.124042,5303.540902,5810.135974999999,3800.604116853331,1478.208340534064,-0.14081318351691152,4077.951884328126
2026-07-13 07:40:00,-4492.190804896773,2343.9117352904314,6017.969379842745,-2.9876750319573957,-6.451951464060675,0.27866282316795443,AJISAI (EGS),-1416.6143670000001,4864.803957,6017.989604,3075.5764378967733,2520.8922217095687,0.020224157255142927,3976.690586307995
2026-07-13 07:44:00,-5098.3270572323245,752.6217904384199,5942.965810104694,-2.0435778183654363,-6.756765962740584,-0.9013037808298376,AJISAI (EGS),-2910.766651,4252.618928999999,5943.147959,2187.5604062323246,3499.9971385615795,0.182148895305545,4127.396338375174
2026-07-13 07:48:00,-5465.391512920404,-873.9538149306551,5588.692545082731,-1.003173093798885,-6.744799921352151,-2.039470818919095,AJISAI (EGS),-4293.313103,3492.645193,5589.0285300000005,1172.0784099204038,4366.599007930655,0.335984917269343,4521.167416491938
2026-07-13 07:52:00,-5576.019173354752,-2459.51471241634,4971.6425627366925,0.08504600201848202,-6.4162395165958,-3.0825012010072728,AJISAI (EGS),-5504.356371,2615.243493,4972.1178310000005,71.66280235475188,5074.7582054163395,0.475268263307953,5075.264192784621
2026-07-13 07:56:00,-5424.817166861893,-3929.575532015898,4120.649873795317,1.1701780491708056,-5.785990977628522,-3.9812871368952405,AJISAI (EGS),-6490.756091,1654.294459,4121.246164,-1065.9389241381068,5583.8699910158975,0.5962902046831005,5684.701418906941
2026-07-13 08:00:00,-5018.66776489062,-5214.94926750127,3075.5940698750387,2.2012266063401165,-4.883160296926005,-4.693260323014745,AJISAI (EGS),-7208.526039,645.9337290000001,3076.2880699999996,-2189.8582741093805,5860.88299650127,0.694000124960894,6256.630821856057
2026-07-13 08:04:00,-4376.464158166286,-6255.026163949904,1885.5743995901778,3.1294986325144825,-3.749864045519813,-5.184482189219841,AJISAI (EGS),-7624.8831900000005,-372.75564399999996,1886.336452,-3248.419031833714,5882.270519949904,0.7620524098222177,6719.622999616502
2026-07-13 08:08:00,-3528.2712780838806,-7000.685437550527,606.621288057543,3.910975909548379,-2.439360927925024,-5.431385348134339,AJISAI (EGS),-7719.843586,-1365.056213,607.416552,-4191.57230791612,5635.629224550527,0.7952639424570407,7023.503100415204
2026-07-13 08:12:00,-2513.9346366074546,-7416.681042175488,-700.9546711165103,4.50851783024769,-1.0135506245786678,-5.422031739276561,AJISAI (EGS),-7487.262619,-2295.8919300000002,-700.164292,-4973.327982392546,5120.789112175487,0.7903791165102803,7138.380276822108
2026-07-13 08:16:00,-1381.196006782163,-7483.362287366262,-1975.4459103505226,4.893742644100037,0.4600425838967254,-5.15677394332089,AJISAI (EGS),-6935.2432149999995,-3133.0169300000002,-1974.6996740000002,-5554.047208217837,4350.345357366261,0.7462363505223948,7054.99437819331
2026-07-13 08:20:00,-183.41024162236866,-7197.6264607034345,-3156.7109588952817,5.048449390045155,1.9116185180272294,-4.648253531940766,AJISAI (EGS),-6085.876164,-3848.069562,-3156.047645,-5902.465922377632,3349.5568987034344,0.6633138952815898,6786.651296660697
2026-07-13 08:24:00,1023.0138337512806,-6573.049985345583,-4189.0567029454505,4.965483533149285,3.2725587754467624,-3.920734195329112,AJISAI (EGS),-4974.319621000001,-4417.451053000001,-4188.513356,-5997.333454751281,2155.5989323455824,0.5433469454501392,6372.959722125526
2026-07-13 08:28:00,2181.308873260408,-5639.199494563214,-5023.886437217864,4.649006043500061,4.478766152364329,-3.008831695691052,AJISAI (EGS),-3647.2718029999996,-4823.000814,-5023.49612,-5828.580676260408,816.1986805632141,0.3903172178643217,5885.45097152095
2026-07-13 08:32:00,3237.0386266114265,-4440.175584386264,-5621.981421927627,4.114183294043638,5.473690625492426,-1.9557512887846502,AJISAI (EGS),-2160.925304,-5052.457216,-5621.770189,-5397.963930611426,-612.281631613736,0.211232927626952,5432.577973413072
2026-07-13 08:36:00,4140.64940392015,-3032.4825572259756,-5955.313513155359,3.386359190350382,6.2109021052665945,-0.8111660163667237,AJISAI (EGS),-578.5120019999999,-5099.707227,-5955.297536,-4719.161405920149,-2067.2246697740243,0.015977155358996242,5152.07746551853
2026-07-13 08:40:00,4849.768937183147,-1482.343773895651,-6008.318579842965,2.4997928831154526,6.656129632869436,0.37113423453703775,AJISAI (EGS),1032.441834,-4964.8375209999995,-6008.501991,-3817.3271031831464,-3482.4937471043486,-0.18341115703515243,5167.179979926882
2026-07-13 08:44:00,5331.158625131738,137.40443040341336,-5778.589389100935,1.4960457449313327,6.788732062169671,1.5357138287390617,AJISAI (EGS),2603.029383,-4654.004918,-5778.96321,-2728.1292421317376,-4791.409348403413,-0.373820899065322,5513.64605732758
2026-07-13 08:48:00,5562.243867271281,1750.7021022270153,-5276.969849591949,0.42208871553886274,6.6025867051513,2.62799748413008,AJISAI (EGS),4065.931153,-4179.1455639999995,-5277.513778,-1496.3127142712806,-5929.847666227015,-0.5439284080503057,6115.721165930146
2026-07-13 08:52:00,5532.162588587394,3281.7972211777173,-4527.050876317539,-0.6718115856570308,6.10638193260168,3.5967400226851107,AJISAI (EGS),5358.326196000001,-3557.5335950000003,-4527.735931,-173.83639258739277,-6839.330816177718,-0.6850546824607591,6841.539707829363
2026-07-13 08:56:00,5242.285530995745,4658.773762420349,-3564.0851725982316,-1.734371244972097,5.323289601621078,4.396385484295361,AJISAI (EGS),6424.626353000001,-2811.2000669999998,-3564.874793,1182.3408220042556,-7469.973829420349,-0.7896204017683885,7562.964991000751
2026-07-13 09:00:00,4706.17684689812,5816.9240154828785,-2433.357894748355,-2.7156611277728047,4.289990127932969,4.989224356099126,AJISAI (EGS),7218.921994,-1966.225254,-2434.210106,2512.7451471018803,-7783.1492694828785,-0.8522112516448033,8178.710256000021
2026-07-13 09:04:00,3948.9834950923077,6701.8079202026,-1188.074684600878,-3.5694758127505026,3.055040534874478,5.347237304730378,AJISAI (EGS),7707.027057,-1051.911098,-1188.944723,3758.0435619076925,-7753.719018202601,-0.8700383991219951,8616.440725926186
2026-07-13 09:08:00,3006.2685989172555,7271.844502429081,113.14301139053943,-4.255575279092078,1.6766180867765763,5.45350380729782,AJISAI (EGS),7868.014671,-99.85092,112.299314,4861.746072082744,-7371.695422429081,-0.8436973905394325,8830.541828353407
2026-07-13 09:12:00,1922.3359790807021,7500.295376982524,1409.037086410161,-4.741659723358734,0.21973193697568014,5.303065349140188,AJISAI (EGS),7695.158209,857.0791330000001,1408.259806,5772.8222299192985,-6643.216243982524,-0.7772804101609836,8801.011258186672
2026-07-13 09:16:00,748.1263554917778,7376.530060447071,2638.625578701515,-5.0049439879594,-1.2469433567523847,4.9031686216667545,AJISAI (EGS),7196.219881,1785.774783,2637.948484,6448.093525508222,-5590.755277447071,-0.677094701515216,8534.310466842682
2026-07-13 09:20:00,-461.20544674786197,6906.505595894397,3744.096796490297,-5.033228264049003,-2.6544139832480926,4.272868397922177,AJISAI (EGS),6393.070769,2653.9672370000003,3743.5464049999996,6854.276215747862,-4252.538358894397,-0.5503914902974429,8066.299352154361
2026-07-13 09:24:00,-1648.9037249606006,6112.442937354201,4673.534754462261,-4.825409845855133,-3.936680025847546,3.4420293867618263,AJISAI (EGS),5320.6700789999995,3431.2589040000003,4673.129781000001,6969.5738039606,-2681.1840333542004,-0.40497346226038644,7467.51009330224
2026-07-13 09:28:00,-2759.2802312071035,5031.731808664646,5383.341564418179,-4.391434297326334,-5.0338225846841835,2.4498161417822986,AJISAI (EGS),4025.468735,4090.099274,5383.092818,6784.748966207104,-941.6325346646463,-0.2487464181785981,6849.780319591433
2026-07-13 09:32:00,-3740.3075628618767,3715.1370151488595,5840.247605631542,-3.7517294486649218,-5.894717311835685,1.3427884481369123,AJISAI (EGS),2563.329274,4606.677486,5840.159792,6303.636836861877,891.5404708511401,-0.08781363154139399,6366.37116338018
2026-07-13 09:36:00,-4546.021530127215,2224.4080735361144,6022.829348700073,-2.9361919903367593,-6.479281771861773,0.17272292723509003,AJISAI (EGS),997.06527,4961.711042999999,6022.903677,5543.086800127215,2737.302969463885,0.07432829992740153,6182.122517865936
2026-07-13 09:40:00,-5138.634142647924,629.4103932578148,5922.482110781954,-1.9828014997058034,-6.760210439764808,-1.0057345440038339,AJISAI (EGS),-606.2809470000001,5141.116435999999,5922.716219999999,4532.353195647924,4511.706042742185,0.23410921804497775,6395.132286436569
2026-07-13 09:44:00,-5490.275794896902,-995.0961953094326,5543.817409296371,-0.9359262889266474,-6.7241762581716715,-2.1375043080689666,AJISAI (EGS),-2178.312957,5136.552141,5544.203919,3311.962837896902,6131.648336309433,0.38650970362868975,6968.946068751436
2026-07-13 09:48:00,-5584.298949194143,-2572.9013642615314,4904.4718488219505,0.1556289717482299,-6.372479137708275,-3.1695316097639328,AJISAI (EGS),-3652.1992259999997,4945.8187290000005,4904.995579,1932.0997231941428,7518.720093261532,0.5237301780498456,7762.9995140715355
2026-07-13 09:52:00,-5416.086638065178,-4029.874334175921,4034.3295225626853,1.2407899434586462,-5.721108370743366,-4.05320412469651,AJISAI (EGS),-4965.530475,4573.099656,4034.966923,450.5561630651782,8602.97399017592,0.6374004373146818,8614.764229971632
2026-07-13 09:56:00,-4993.3205076786935,-5297.434112785738,2974.177048915239,2.2685394221545354,-4.800173733883485,-4.746646858748417,AJISAI (EGS),-6063.010553,4029.016221,2974.898305,-1069.6900453213066,9326.450333785739,0.7212560847610803,9387.593575663677
2026-07-13 10:00:00,-4335.679002326701,-6315.803286843165,1773.8330510010092,3.1903235127189036,-3.6526655906836107,-5.216786352692183,AJISAI (EGS),-6898.858542999999,3330.4673399999997,1774.6036259999998,-2563.179540673298,9646.270626843165,0.7705749989906963,9981.003304167834
2026-07-13 10:04:00,-3473.959724710799,-7036.882563244922,489.8227765897594,3.9624220467063043,-2.3325372672601525,-5.441053984706956,AJISAI (EGS),-7438.8017039999995,2500.2389019999996,490.604824,-3964.8419792892005,9537.121465244922,0.7820474102405797,10328.439300066952
2026-07-13 10:08:00,-2448.6513287065136,-7426.588267569041,-817.2992496986236,4.5481395146127594,-0.9021616395518297,-5.40859463631931,AJISAI (EGS),-7661.554472,1566.376859,-816.544767,-5212.903143293486,8992.96512656904,0.754482698623633,10394.603480570588
2026-07-13 10:12:00,-1308.0164485272724,-7466.515959521802,-2085.8458312415064,4.919663345015521,0.5707148966165508,-5.120870477019181,AJISAI (EGS),-7559.69841,561.329925,-2085.156843,-6251.681961472727,8027.845884521802,0.6889882415061948,10174.96129563852
2026-07-13 10:16:00,-105.7824430213205,-7154.830891942006,-3255.9593245828,5.059453679084819,2.0163339559713753,-4.591598991204614,AJISAI (EGS),-7139.910878,-479.11306800000006,-3255.369903,-7034.128434978679,6675.717823942006,0.5894215828002416,9697.637426305977
2026-07-13 10:20:00,1101.4353176833245,-6506.336117281191,-4272.478843173512,4.961071324944565,3.3663774020493404,-3.846028959138969,AJISAI (EGS),-6422.535656999999,-1517.0512379999998,-4272.017468,-7523.970974683324,4989.284879281191,0.46137517351235147,9027.906902896602
2026-07-13 10:24:00,2256.8372378634213,-5551.723862658168,-5087.56044656068,4.629407998262393,4.557284797077851,-2.9196215878089675,AJISAI (EGS),-5440.526485,-2513.8165780000004,-5087.249883,-7697.363722863422,3037.907284658168,0.3105635606798387,8275.160968143322
2026-07-13 10:28:00,3306.1283807226614,-4336.066440481955,-5662.920445413646,4.080340039818297,5.533245087664824,-1.8562505419457749,AJISAI (EGS),-4237.839187,-3431.379329,-5662.776486,-7543.9675677226605,904.6871114819555,0.1439594136463711,7598.0198376456765
2026-07-13 10:32:00,4200.061084484434,-2916.642349414478,-5971.602261914791,3.3398693134991313,6.248727920778249,-0.7060549011194377,AJISAI (EGS),-2867.374798,-4233.763116,-5971.6317659999995,-7067.435882484434,-1317.1207665855222,-0.029504085208827746,7189.120743711977
2026-07-13 10:36:00,4896.718137337454,-1360.2183285860624,-5999.199323902196,2.442835085556108,6.670478727075818,0.47692645560159874,AJISAI (EGS),-1388.5841440000002,-4888.424701,-5999.398484,-6285.302281337455,-3528.2063724139375,-0.19916009780445165,7207.861334251157
2026-07-13 10:40:00,5363.443699435247,260.0793957291707,-5744.494968625379,1.4312796054221968,6.778945152528549,1.6372322229731828,AJISAI (EGS),135.153896,-5367.556261,-5744.849092,-5228.289803435247,-5627.6356567291705,-0.35412337462094,7681.49057663927
2026-07-13 10:44:00,5578.34757120251,1868.166564251154,-5219.503017464921,0.3525370798407109,6.569121677456213,2.7204844564495034,AJISAI (EGS),1639.2712390000002,-5649.267767,-5219.987386,-3939.07633220251,-7517.434331251155,-0.48436853507882915,8486.939466627788
2026-07-13 10:48:00,5531.323515591562,3388.5339029520455,-4448.9107723550715,-0.7428963615837159,6.050797345684418,3.675851844769751,AJISAI (EGS),3060.759851,-5718.606927,-4449.492507,-2470.563664591562,-9107.140829952044,-0.5817346449284742,9436.296903753871
2026-07-13 10:52:00,5224.535772896781,4749.765661922539,-3468.9433096175085,-1.8036544587672856,5.2481813614606745,4.458395083789846,AJISAI (EGS),4340.829823,-5568.370133,-3469.584943,-883.705949896781,-10318.135794922538,-0.6416333824913636,10355.909564110634
2026-07-13 10:56:00,4672.343161040736,5887.890931175453,-2325.6880122021375,-2.7798816853445314,4.1988796041856284,5.031201167581441,AJISAI (EGS),5427.371869,-5199.653462,-2326.3518599999998,755.0287079592636,-11087.544393175453,-0.6638477978622177,11113.222280741664
2026-07-13 11:00:00,3900.650678132928,6749.4103173036965,-1072.9432536640056,-3.6256037586791177,2.952214750406769,5.367193409137368,AJISAI (EGS),6277.115551,-4622.098119,-1073.593624,2376.464872867072,-11371.508436303697,-0.6503703359944666,11617.17649998823
2026-07-13 11:04:00,2945.7057930186056,7293.843707317735,230.3162131345282,-4.300961419477057,1.5669269109237156,5.450495563124499,AJISAI (EGS),6857.381515,-3853.796368,229.71213200000003,3911.6757219813944,-11147.640075317735,-0.6040811345281725,11814.020762114933
2026-07-13 11:08:00,1852.3890597657405,7495.660894485235,1522.7365437007484,-4.7741669497643064,0.10835236565655798,5.2772419094206935,AJISAI (EGS),7147.345785,-2920.839148,1522.2070290000001,5294.95672523426,-10416.500042485235,-0.5295147007482228,11685.03487960495
2026-07-13 11:12:00,672.081960550598,7345.48779246654,2743.502384509846,-5.023050939099998,-1.3547613158666743,4.855762976833863,AJISAI (EGS),7138.755547000001,-1856.5069680000001,2743.069241,6466.673586449403,-9201.99476046654,-0.43314350984564953,11246.980707414294
2026-07-13 11:16:00,-539.7767551742336,6850.524546889076,3835.222001927079,-5.036098804579635,-2.753603010279263,4.206131947363415,AJISAI (EGS),6836.066229,-700.1288499999999,3834.899833,7375.842984174234,-7550.653396889076,-0.32216892707901934,10555.350612411585
2026-07-13 11:20:00,-1726.3165671639301,6034.162010147753,4746.63081766854,-4.812925721718342,-4.022596531810608,3.3591161547801067,AJISAI (EGS),6256.007335,504.344073,4746.427434,7982.32390216393,-5529.817937147753,-0.20338366853957268,9710.632386123138
2026-07-13 11:24:00,-2831.907021542036,4934.831855143938,5434.980922006288,-4.364192114487343,-5.102460015187706,2.3546263409920583,AJISAI (EGS),5426.620988,1709.988593,5434.897871,8258.528009542035,-3224.843262143938,-0.08305100628786022,8865.827595700412
2026-07-13 11:28:00,-3804.746482598534,3604.1659136542794,5868.009923601866,-3.711005775161159,-5.9428832240433,1.2397824513413642,AJISAI (EGS),4385.843819,2868.7149640000002,5868.043537,8190.590301598533,-735.4509496542792,0.03361339813363884,8223.542885467139
2026-07-13 11:32:00,-4599.252777171287,2104.568093892619,6025.411615080482,-2.8838813480304495,-6.504734657623748,0.06671596155785513,AJISAI (EGS),3179.7179539999997,3933.160409,6025.5554139999995,7778.970731171286,1828.5923151073812,0.1437989195173941,7991.003410834427
2026-07-13 11:36:00,-5178.1584732068995,506.31768298690696,5899.757992225772,-1.9213314311431402,-6.761755223427903,-1.1097886390680591,AJISAI (EGS),1860.321051,4858.605098,5900.005437,7038.479524206899,4352.287415013093,0.24744477422791533,8275.42142834974
2026-07-13 11:40:00,-5514.2302213714365,-1115.6700594083309,5496.844054407553,-0.8681523122432907,-6.701718224502799,-2.2347338518728415,AJISAI (EGS),483.508201,5604.8448,5497.188765,5997.738422371436,6720.514859408331,0.34471059244697244,9007.673743955438
2026-07-13 11:44:00,-5591.544988501071,-2685.2956739521755,4835.443729314787,0.22654682023777417,-6.3270351036260335,-3.255366759849062,AJISAI (EGS),-893.447323,6137.953989,4835.877533,4698.097665501071,8823.249662952176,0.43380368521320634,9996.092060278253
2026-07-13 11:48:00,-5406.266889385297,-4128.802841021012,3946.4803148711358,1.3115272325556708,-5.65477238422108,-4.123588993227232,AJISAI (EGS),-2214.230646,6431.869868,3946.9904500000002,3192.036243385297,10560.672709021012,0.5101351288644764,11032.538407201868
2026-07-13 11:52:00,-4966.8799130882535,-5378.234594605408,2871.6323477200967,2.3357608000312844,-4.71603395840225,-4.798235467920248,AJISAI (EGS),-3425.793036,6469.724009,2872.1995309999998,1541.0868770882535,11847.958603605408,0.5671832799030199,11947.764316271807
2026-07-13 11:56:00,-4293.848247913944,-6374.661091278367,1661.419063192776,3.2508434810562274,-3.554670476577562,-5.2471114968341865,AJISAI (EGS),-4480.502557,6244.8438909999995,1662.017115,-186.65430908605595,12619.504982278366,0.5980518072240102,12620.885317065315
2026-07-13 12:00:00,-3418.7000520481083,-7071.016089111474,372.8389522464105,4.013364032769698,-2.225312931667734,-5.448656869858427,AJISAI (EGS),-5338.047542,5761.35038,373.43807699999996,-1919.347489951892,12832.366469111474,0.5991247535894786,12975.111727600328
2026-07-13 12:04:00,-2382.5624575589986,-7434.385444241394,-933.3328505666536,4.58708225391498,-0.7907878506926658,-5.39310416210204,AJISAI (EGS),-5967.004196999999,5034.291565,-932.7615649999999,-3584.4417394410007,12468.677009241394,0.571285566653728,12973.670616698997
2026-07-13 12:08:00,-1234.2120068760785,-7447.613247779272,-2195.453341198673,4.94476349469485,0.6809571208604915,-5.0830245152829185,AJISAI (EGS),-6345.984695,4089.278651,-2194.935654,-5111.772688123921,11536.891898779271,0.5176871986732294,12618.640773362577
2026-07-13 12:12:00,-27.73975302432248,-7110.129979992768,-3353.9717331906095,5.069535667746652,2.120226098927782,-4.533205394942975,AJISAI (EGS),-6464.311312,2961.626053,-3353.529443,-6436.571558975677,10071.75603299277,0.4422901906095831,11952.81235599227
2026-07-13 12:16:00,1180.042518511341,-6437.957778105628,-4354.280388019931,4.955679217175471,3.4590203380728335,-3.769869990847492,AJISAI (EGS),-6322.194832,1695.029294,-4353.930993,-7502.237350511341,8132.987072105628,0.34939501993085287,11064.765885481787
2026-07-13 12:20:00,2332.3138348460698,-5462.902634238914,-5149.306108533647,4.608818527585249,4.634332587565804,-2.829310460720071,AJISAI (EGS),-5930.427119,339.84452000000005,-5149.061879,-8262.74095384607,5802.747154238914,0.24422953364683053,10096.769912503749
2026-07-13 12:24:00,3374.931643679236,-4230.993204928445,-5701.714405986527,4.045539690725252,5.59110379724154,-1.7560516575541578,AJISAI (EGS),-5309.629370000001,-1048.946192,-5701.581581,-8684.561013679237,3182.047012928445,0.1328249865264297,9249.163378946587
2026-07-13 12:28:00,4258.965104410469,-2800.264121317201,-5985.630062378933,3.2925004823230752,6.284712741538398,-0.6006797777627915,AJISAI (EGS),-4489.11786,-2413.992651,-5985.609003,-8748.08296441047,386.27147031720096,0.021059378933387052,8756.606717298271
2026-07-13 12:32:00,4942.962170532588,-1238.0056194680224,-5987.809199262347,2.385116664862576,6.682927024931753,0.582537092454065,AJISAI (EGS),-3505.461288,-3697.959146,-5987.8937240000005,-8448.423458532588,-2459.953526531978,-0.08452473765373725,8799.274418639601
2026-07-13 12:36:00,5394.858829835613,382.3870329585113,-5708.226073070736,1.365906301788276,6.767285392290841,1.738131989795088,AJISAI (EGS),-2400.811702,-4845.939741,-5708.4032369999995,-7795.670531835613,-5228.326773958512,-0.17716392926377011,9386.579777938747
2026-07-13 12:40:00,5593.456964406214,1984.8262644906486,-5160.059991289581,0.2825603781483515,6.533898377733841,2.8119440114589422,AJISAI (EGS),-1221.0818470000002,-5807.819433000001,-5160.311187,-6814.538811406214,-7792.645697490649,-0.25119571041886957,10351.969196335567
2026-07-13 12:44:00,5529.412127285422,3494.0658573864644,-4369.085580545114,-0.8142033808948338,5.9936510836625185,3.7535745309588613,AJISAI (EGS),-14.038234000000001,-6540.490908,-4369.3884100000005,-5543.450361285421,-10034.556765386464,-0.3028294548867052,11463.950954077935
2026-07-13 12:48:00,5205.6859478792885,4839.209104865158,-3372.4868886969043,-1.872945599550071,5.171781800884467,4.518718095107268,AJISAI (EGS),1172.621249,-7009.833873,-3372.817102,-4033.0646988792887,-11849.042977865158,-0.3302133030956611,12516.606188008102
2026-07-13 12:52:00,4637.433456569285,5957.038238147203,-2217.1362811837234,-2.843894583969772,4.106809916514464,5.071272860188407,AJISAI (EGS),2293.1371719999997,-7192.364052,-2217.469901,-2344.2962845692855,-13149.402290147202,-0.33361981627649584,13356.740087658964
2026-07-13 12:56:00,3851.316718424382,6795.007577373624,-957.404506979846,-3.681317844635165,2.8488083440199747,5.38511589956774,AJISAI (EGS),3305.4359240000003,-7076.461906,-957.720612,-545.8807944243817,-13871.469483373625,-0.31610502015394104,13882.206293302572
2026-07-13 13:00:00,2884.26403958537,7313.746861958228,347.4028798543054,-4.345747228426784,1.4570618081698568,5.44542191484713,AJISAI (EGS),4172.688567,-6663.10387,347.119281,1288.4245274146301,-13976.850731958228,-0.28359885430541,14036.110366718878
2026-07-13 13:04:00,1781.7268324803986,7488.93844329262,1635.859804699957,-4.805916358520612,-0.00278627902743914,5.249419605140882,AJISAI (EGS),4864.6154050000005,-5966.030962000001,1635.618966,3082.888572519602,-13454.96940529262,-0.24083869995706664,13803.637336076883
2026-07-13 13:08:00,595.5194440886299,7312.464133829642,2847.340794769248,-5.040279080921018,-1.461935762890329,4.806519770071149,AJISAI (EGS),5358.473252999999,-5011.333016,2847.1512829999997,4762.953808911369,-12323.797149829643,-0.18951176924838364,13212.180183901795
2026-07-13 13:12:00,-618.6448978082764,6792.761868399928,3924.8958989081198,-5.038011391385045,-2.8517776888742947,4.137805587745224,AJISAI (EGS),5639.694175,-3836.469221,3924.7649739999997,6258.339072808276,-10629.231089399927,-0.13092490812005053,12334.802856926657
2026-07-13 13:16:00,-1803.791312948128,5954.3826436434665,4817.931242192488,-4.799449425043155,-4.1071769544876915,3.274934506015016,AJISAI (EGS),5702.170697,-2488.77213,4817.863031000001,7505.962009948127,-8443.154773643466,-0.06821119248706964,11297.182313795585
2026-07-13 13:20:00,-2904.3580761910443,4836.786503508888,5484.564791426941,-4.335969396347059,-5.169503136359221,2.2585478163177686,AJISAI (EGS),5548.195218999999,-1023.5045990000001,5484.559756,8452.553295191043,-5860.291102508888,-0.005035426941503829,10285.361880566728
2026-07-13 13:24:00,-3868.7802441293293,3492.455667809596,5893.553252793472,-3.6693580958819294,-5.989271167280436,1.1363078426725284,AJISAI (EGS),5188.078891,498.43696,5893.609498,9056.859135129329,-2994.018707809596,0.05624520652781939,9538.912171702439
2026-07-13 13:28:00,-4651.8681520969685,1984.42955659472,6025.715170055267,-2.8307455087737776,-6.528308108179617,-0.03931816444565017,AJISAI (EGS),4639.491583999999,2013.068301,6025.830053999999,9291.359736096969,28.638744405280022,0.1148839447323553,9291.403873282195
2026-07-13 13:32:00,-5216.884607993922,383.3810302659505,5874.801978813381,-1.8591731303612333,-6.761405563620738,-1.2134268284054088,AJISAI (EGS),3926.57334,3456.007841,5874.973293999999,9143.457947993922,3072.6268107340497,0.17131518661881273,9645.924465499604
2026-07-13 13:36:00,-5537.24103160013,-1235.6401511388333,5447.790163502524,-0.7998596040608312,-6.677438135687662,-2.331122657048862,AJISAI (EGS),3078.8646129999997,4765.213124,5448.017021,8616.10564460013,6000.853275138833,0.22685749747597583,10499.881740292078
2026-07-13 13:40:00,-5597.745874489071,-2796.6661434666285,4764.5842523805195,0.2977885239833786,-6.2799263115855295,-3.3399740120461137,AJISAI (EGS),2130.097495,5883.664366,4764.866539,7727.843369489071,8680.330509466628,0.28228661948014633,11621.863059622547
2026-07-13 13:44:00,-5395.349411714372,-4226.334804357383,3857.135474248337,1.382376804257686,-5.587007713598578,-4.192414834778708,AJISAI (EGS),1116.887399,6761.889776999999,3857.471413,6512.236810714372,10988.224581357383,0.33593875166343423,12773.030487790467
2026-07-13 13:48:00,-4939.3408072301345,-5457.33098159537,2767.998821393205,2.4028761753177545,-4.630770375704572,-4.848006331121368,AJISAI (EGS),77.364932,7360.226793,2768.383414,5016.705739230135,12817.55777459537,0.3845926067947403,13764.342480737183
2026-07-13 13:52:00,-4250.97031755725,-6431.587333607489,1548.3750897022926,3.311043261287313,-3.4559114457201705,-5.275445928815696,AJISAI (EGS),-950.21358,7650.708547,1548.7978999999998,3300.7567375572503,14082.29588060749,0.42281029770720124,14463.957013496438
2026-07-13 13:56:00,-3362.494355646122,-7103.081872173252,255.71423205045804,4.063786668854513,-2.117722403544231,-5.454191067707082,AJISAI (EGS),-1928.8300490000001,7618.461627000001,256.15758600000004,1433.664306646122,14721.543499173253,0.4433539495420007,14791.187800131676
2026-07-13 14:00:00,-2315.6736793886935,-7440.07674176068,-1049.0114239829752,4.625331698950539,-0.6794637541003918,-5.375566299532985,AJISAI (EGS),-2823.992764,7262.531214,-1048.568417,-508.3190846113066,14702.607955760679,0.4430069829752483,14711.392496593668
2026-07-13 14:04:00,-1159.7916090917356,-7426.666428357655,-2304.2268690561964,4.969030290710421,0.790736480877585,-5.043250636555045,AJISAI (EGS),-3604.9026860000004,6596.071871,-2303.803584,-2445.1110769082647,14022.738299357654,0.4232850561966188,14234.316203100932
2026-07-13 14:08:00,50.70607361192185,-7063.543497216567,-3450.7110703518456,5.078684681335585,2.2232655091727818,-4.4730951406070325,AJISAI (EGS),-4245.447488,5645.867922,-3450.325613,-4296.153561611922,12709.411419216567,0.38545735184561636,13415.888870903807
2026-07-13 14:12:00,1258.8214209910848,-6367.941262250083,-4434.430424304748,4.949299109671641,3.5504628805991305,-3.6922863491013733,AJISAI (EGS),-4724.98329,4451.209252000001,-4434.099783,-5983.804710991085,10819.150514250083,0.3306413047484966,12363.653860352151
2026-07-13 14:16:00,2407.723046622377,-5372.767350293119,-5209.100141210563,4.587232420196559,4.709890662741574,-2.7379325896904687,AJISAI (EGS),-5028.885663999999,3062.191537,-5208.8390580000005,-7436.608710622377,8434.95888729312,0.2610832105629015,11245.073615294576
2026-07-13 14:20:00,3443.43191442604,-4124.991162144774,-5738.348711618133,4.009780118468966,5.647254523329061,-1.6551924927494561,AJISAI (EGS),-5148.866687,1537.535695,-5738.167785000001,-8592.298601426039,5662.526857144774,0.18092661813261657,10290.374419654912
2026-07-13 14:24:00,4317.344831340139,-2683.3852467573843,-5997.391664373676,3.2442537363154504,6.3188514391867265,-0.4950803433283488,AJISAI (EGS),-5083.069519000001,-57.963331,-5997.296455,-9400.41435034014,2625.4219157573843,0.09520937367597071,9760.155234569009
2026-07-13 14:28:00,4988.485032783047,-1115.7433786094387,-5974.152525214762,2.326641805225712,6.693476674771205,0.6879263939539862,AJISAI (EGS),-4835.956956,-1656.238137,-5974.143975999999,-9824.441988783048,-540.4947583905614,0.008549214762751944,9839.298500141369
2026-07-13 14:32:00,5425.389381002537,504.2909906913391,-5669.796390042832,1.2999330216884228,6.75376209850662,1.8383751044114578,AJISAI (EGS),-4418.0176679999995,-3188.880913,-5669.871526999999,-9843.407049002537,-3693.171903691339,-0.07513695716716029,10513.428605750529
2026-07-13 14:36:00,5607.559470810948,2100.647911970206,-5098.66320385237,0.2121685258123057,6.496932905807233,2.902341578691337,AJISAI (EGS),-3845.314838,-4590.090375,-5098.815527,-9452.874308810948,-6690.738286970206,-0.15232314762943133,11581.140338762389
2026-07-13 14:40:00,5526.418513818499,3598.364407177828,-4287.605452860498,-0.8857204231089,5.93496535844211,3.829878582714052,AJISAI (EGS),-3138.89338,-5799.523712,-4287.825446999999,-8665.3118938185,-9397.888119177827,-0.21999413950106828,12783.111177101353
2026-07-13 14:44:00,5185.729300331006,4927.081384976084,-3274.752387280955,-1.942230708098594,5.094118281932772,4.577331523619095,AJISAI (EGS),-2324.058403,-6764.939137,-3275.027726,-7509.787703331006,-11692.020521976085,-0.27533871904461193,13896.051788591712
2026-07-13 14:48:00,4601.444469149875,6024.350293382226,-2107.7437982630368,-2.9076848111446467,4.013812333992822,5.10942410083045,AJISAI (EGS),-1429.539169,-7444.513954,-2108.060092,-6030.983638149874,-13468.864247382226,-0.31629373696341645,14757.474982465137
2026-07-13 14:52:00,3800.9820055446266,6838.591884454213,-841.5022180184682,-3.736602763423135,2.7448550083274337,5.4009978991136744,AJISAI (EGS),-486.55550300000004,-7808.727145999999,-841.844397,-4287.537508544627,-14647.319030454211,-0.34217898153178794,15261.943938573802
2026-07-13 14:56:00,2821.9473597531173,7331.554363684168,464.3586431843704,-4.3899178767502764,1.3470572473663047,5.438284803593461,AJISAI (EGS),472.191582,-7841.7028,464.00607199999996,-2349.7557777531174,-15173.257163684168,-0.3525711843704471,15354.122745851797
2026-07-13 15:00:00,1710.3567464703076,7480.13661567037,1748.364019200009,-4.836894325776829,-0.11365045747711866,5.219609090485736,AJISAI (EGS),1413.572895,-7541.935619,1748.015917,-296.7838514703076,-15022.07223467037,-0.3481022000089524,15025.003660542752
2026-07-13 15:04:00,518.4493158536845,7277.475448904101,2950.101509910155,-5.056616629463067,-1.5684357334114039,4.755457807267323,AJISAI (EGS),2305.094513,-6922.360007,2949.771523,1786.6451971463155,-14199.8354559041,-0.3299869101551849,14311.793323833619
2026-07-13 15:08:00,-697.7968102024225,6733.24089724002,4013.084586455445,-5.038956594593855,-2.9489111077853165,4.067915311132995,AJISAI (EGS),3115.9378500000003,-6009.749711,4012.78888,3813.7346602024227,-12742.99060824002,-0.2957064554448152,13301.442846081207
2026-07-13 15:12:00,-1881.3129570646756,5873.13402126249,4887.409101314261,-4.78497426658921,-4.190399664984771,3.1895163297788693,AJISAI (EGS),3817.93312,-4843.487308,4887.166876,5699.246077064676,-10716.621329262489,-0.24222531426039495,12137.849011271062
2026-07-13 15:16:00,-2976.617141046605,4737.629397559744,5532.074456770221,-4.306762459594475,-5.234936537699934,2.1616168327108403,AJISAI (EGS),4386.440034,-3473.792633,5531.903163,7363.057175046605,-8211.422030559745,-0.17129377022138215,11029.14605743839
2026-07-13 15:20:00,-3932.392086540016,3380.0428074773326,5916.867939971321,-3.6267858871445595,-6.033872581336553,1.032403591990237,AJISAI (EGS),4801.123727,-1959.5034839999998,5916.779203,8733.515813540016,-5339.5462914773325,-0.08873697132094094,10236.45705662155
2026-07-13 15:24:00,-4703.8511531294,1864.0301872816203,6023.7398628981755,-2.776787153727756,-6.550000750799341,-0.1453395289806628,AJISAI (EGS),5046.614405,-365.510495,6023.739906999999,9750.4655581294,-2229.5406822816203,4.410182373248972e-05,10002.121287717744
2026-07-13 15:28:00,-5254.797067413224,260.6376193496303,5847.623436854403,-1.7963324119914421,-6.7591673307395,-1.3166100221682375,AJISAI (EGS),5113.037423000001,1240.0432879999998,5847.715017,10367.834490413225,979.4056686503695,0.09158014559761796,10413.991909578835
2026-07-13 15:32:00,-5559.294498435199,-1354.971544891747,5396.674207214934,-0.7310569075694482,-6.65134888328196,-2.4266342348197685,AJISAI (EGS),4996.402923000001,2788.6805299999996,5396.856729,10555.6974214352,4143.652074891746,0.18252178506645578,11339.867750726311
2026-07-13 15:36:00,-5602.890295788438,-2906.981735766113,4691.920162666108,0.36934276667967236,-6.231172165889641,-3.423321179505571,AJISAI (EGS),4698.847640999999,4214.516742,4692.189488,10301.737936788439,7121.498477766113,0.269325333892084,12523.639453434746
2026-07-13 15:40:00,-5383.325868726225,-4322.444547852375,3766.3287959178147,1.4533252806380894,-5.517839467137342,-4.25965532577869,AJISAI (EGS),4228.713207999999,5457.090446,3766.677244,9612.039076726225,9779.534993852376,0.348448082185314,13712.425023675105
2026-07-13 15:44:00,-4910.698247910696,-5534.704199558262,2663.315743110825,2.4698707606427064,-4.544412685488791,-4.895940320182727,AJISAI (EGS),3600.439174,6463.983424,2663.732392,8511.137421910697,11998.687623558262,0.4166488891746667,14710.811163085984
2026-07-13 15:48:00,-4207.043912549182,-6486.570481803128,1434.7440266233425,3.370907410206224,-3.3564213970668586,-5.301778720892561,AJISAI (EGS),2834.252332,7193.111427,1435.214413,7041.296244549182,13679.681908803128,0.4703863766574159,15385.498046888224
2026-07-13 15:52:00,-3305.3450422527485,-7133.076500723435,138.49308707264356,4.113674652867772,-2.00980017135247,-5.457654441221392,AJISAI (EGS),1955.639093,7614.569802,138.997928,5260.984135252748,14747.646302723435,0.5048409273564403,15657.93810808044
2026-07-13 15:56:00,-2247.990978384856,-7443.667044034548,-1164.2910576124245,4.662873463940311,-0.5682236991987224,-5.355987820708486,AJISAI (EGS),994.6009009999999,7711.927321,-1163.777017,3242.591879384856,15155.594365034547,0.514040612424651,15498.594869147244
2026-07-13 16:00:00,-1084.7645113215929,-7403.688439043229,-2412.1251650016948,4.992450959059301,0.9000204916812551,-5.001564156362703,AJISAI (EGS),-15.287289000000001,7482.89506,-2411.630524,1069.4772223215928,14886.583499043229,0.49464100169461744,14924.95058778154
2026-07-13 16:04:00,129.54296742762685,-7015.091792227474,-3546.1407098997174,5.086890133903384,2.3254231653359994,-4.411291273241581,AJISAI (EGS),-1037.98733,6939.336088999999,-3545.693303,-1167.5302974276267,13954.427881227473,0.4474068997174072,14003.184805177823
2026-07-13 16:08:00,1337.7577231090822,-6296.313327906727,-4512.898668698955,4.9419230451525324,3.640680843011585,-3.613307621126926,AJISAI (EGS),-2036.238273,6106.6144699999995,-4512.5239409999995,-3373.995996109082,12402.927797906726,0.37472769895521196,12853.655786672847
2026-07-13 16:12:00,2483.0490089709415,-5281.349882560107,-5266.920002935482,4.5646446552695865,4.78394074859092,-2.6455226388625843,AJISAI (EGS),-2972.8740150000003,5022.329474,-5266.640587,-5455.923023970941,10303.679356560107,0.27941593548257515,11659.026734868241
2026-07-13 16:16:00,3511.6124960015472,-4018.0957808830967,-5772.809585773198,3.973059425996931,5.701685663430925,-1.553711141262214,AJISAI (EGS),-3812.166642,3734.522058,-5772.644363,-7323.779138001548,7752.617838883097,0.16522277319745626,10664.934329159916
2026-07-13 16:20:00,4375.183496661629,-2566.0431309104883,-6006.8826710471185,3.1951303794686106,6.351139527421354,-0.3892963729461633,AJISAI (EGS),-4521.150103,2299.4608369999996,-6006.845278,-8896.33359966163,4865.503967910488,0.037393047118712275,10139.91520574109
2026-07-13 16:24:00,5033.2706504124235,-993.4692162663645,-5958.234473916521,2.2674149792784686,6.70213045517645,0.7930546907889797,AJISAI (EGS),-5070.88376,779.121451,-5958.332678000001,-10104.154410412422,1772.5906672663646,-0.09820408347968623,10258.460607361158
2026-07-13 16:28:00,5455.020718849487,625.755186756794,-5629.220421413998,1.2333672532700832,6.738385182618698,1.9379237811784953,AJISAI (EGS),-5437.618471,-761.527563,-5629.455882,-10892.639189849488,-1387.2827497567941,-0.2354605860018637,10980.625756461211
2026-07-13 16:32:00,5620.642587718666,2215.5986209353464,-5035.3358265945335,0.14137173612251164,6.458241896272882,2.991642977031603,AJISAI (EGS),-5603.82738,-2257.32049,-5035.704320000001,-11224.469967718665,-4472.919110935347,-0.36849340546723397,12082.86934320554
2026-07-13 16:36:00,5522.332908290526,3701.401399043988,-4204.501169700293,-0.9574349886962398,5.874762833073134,3.9047350279284267,AJISAI (EGS),-5559.063718,-3645.665949,-4204.993003,-11081.396626290527,-7347.067348043988,-0.49183329970674095,13295.741801334636
2026-07-13 16:40:00,5164.659280650391,5013.360415877575,-3175.776770428002,-2.011495581379063,5.015218510679121,4.6342130175441305,AJISAI (EGS),-5300.601428999999,-4869.189279,-3176.376441,-10465.26070965039,-9882.549694877576,-0.5996705719981037,14393.973410850873
2026-07-13 16:44:00,4564.373193285388,6089.812141347094,-1997.5519821718656,-2.9712371600397884,3.9199183418036503,5.1456402867860325,AJISAI (EGS),-4833.812599000001,-5878.137583,-1998.237448,-9398.185792285389,-11967.949724347094,-0.685465828134511,15217.020643367678
2026-07-13 16:48:00,3749.64722752843,6880.156144987829,-725.280300193034,-3.7914430733384705,2.6403885089793584,5.414833312488629,AJISAI (EGS),-4172.243248,-6632.4418590000005,-726.023558,-7921.890475528429,-13512.59800398783,-0.7432578069659712,15663.545386536092
2026-07-13 16:52:00,2758.7600976156405,7347.267331823804,581.1391844738235,-4.433458466041515,1.2369476206426966,5.429086962313975,AJISAI (EGS),-3337.359908,-7103.3397860000005,580.3702020000001,-6096.12000561564,-14450.607117823805,-0.7689824738234847,15683.836449921979
2026-07-13 16:56:00,1638.2865826048449,7469.2646897420855,1860.2065737383891,-4.867087224500675,-0.22420685309007063,5.18782177961427,AJISAI (EGS),-2357.954169,-7274.475823,1859.447112,-3996.240751604845,-14743.740512742086,-0.7594617383890636,15275.726661230938
2026-07-13 17:00:00,440.88241032429073,7240.538718106654,3051.745641729669,-5.072051860680061,-1.674230618792916,4.70259658343103,AJISAI (EGS),-1269.217762,-7142.423124,3051.0329380000003,-1710.1001723242907,-14382.961842106655,-0.7127037296686467,14484.268516525999
2026-07-13 17:04:00,-777.2191246291158,6671.985487049284,4099.75472850782,-5.038925102173751,-3.0449768227043124,3.9964876951463704,AJISAI (EGS),-111.523692,-6716.615258999999,4099.125263,665.6954326291158,-13388.600746049284,-0.6294655078199867,13405.140086636973
2026-07-13 17:08:00,-1958.866225606259,5790.445720481977,4955.038158786574,-4.769493726744304,-4.272243585865842,3.102893972677476,AJISAI (EGS),1071.041698,-6018.707493,4954.526156000001,3029.907923606259,-11809.153213481977,-0.5120027865732482,12191.654600880494
2026-07-13 17:12:00,-3048.667739617621,4637.3944354995265,5577.491985211901,-4.276567835809488,-5.298745416293922,2.0638699674754184,AJISAI (EGS),2232.333659,-5081.416567,5577.127807,5281.001398617621,-9718.811002499526,-0.3641782119011623,11060.934101925248
2026-07-13 17:16:00,-3995.565082840145,3266.9639671412183,5937.945171505884,-3.5832888782395225,-6.076679542009995,0.928108826659459,AJISAI (EGS),3325.921042,-3946.920522,5937.75137,7321.486124840145,-7213.884489141218,-0.19380150588403922,10278.340748217002
2026-07-13 17:20:00,-4755.185176851876,1743.4076627857798,6019.48640119069,-2.7220092464461474,-6.569811851181697,-0.2513082122714569,AJISAI (EGS),4306.910811,-2664.914392,6019.472357,9062.095987851877,-4408.32205478578,-0.014044190690583491,10077.444469306147
2026-07-13 17:24:00,-5291.880340447099,138.12443464534883,5818.232571248615,-1.7328153913771678,-6.755047011406671,-1.4192992925497225,AJISAI (EGS),5133.771492,-1290.4145859999999,5818.393556,10425.6518324471,-1428.5390206453487,0.16098475138460344,10523.067038217994
2026-07-13 17:28:00,-5580.376936307521,-1473.629657703073,5343.515437016557,-0.6617532710534508,-6.623463928549026,-2.5212324146229625,AJISAI (EGS),5770.095568,118.606787,5343.836485999999,11350.47250430752,1592.236444703073,0.3210489834418695,11461.607351063556
2026-07-13 17:32:00,-5606.967054747203,-3016.211885128099,4617.478891425832,0.44119793881406877,-6.180792569194277,-3.5053765403161874,AJISAI (EGS),6186.228215,1503.665393,4617.937506,11793.195269747204,4519.877278128099,0.4586145741677683,12629.677172835964
2026-07-13 17:36:00,-5370.188105047547,-4417.106975011632,3674.0946341217323,1.5243590195492247,-5.447293155013592,-4.325284737497284,AJISAI (EGS),6360.696357,2808.192201,3674.662753,11730.884462047547,7225.299176011632,0.5681188782677964,13777.467066465519
2026-07-13 17:40:00,-4880.947532212368,-5610.335836640624,2557.6227891599915,2.5367295492429687,-4.456990869316802,-4.942019006239242,AJISAI (EGS),6281.367894999999,3979.858685,2558.2684870000003,11162.315427212368,9590.194521640624,0.6456978400087792,14716.287476004769
2026-07-13 17:44:00,-4162.068019447195,-6539.59971743879,1320.5689961156972,3.4304203224742946,-3.256233372213169,-5.326099715107575,AJISAI (EGS),5946.265616000001,4972.706276,1321.25852,10108.333635447196,11512.30599343879,0.6895238843028437,15320.300214014182
2026-07-13 17:48:00,-3247.2548350987054,-7160.997292941091,21.22002524497473,4.163012585460652,-1.9015807154509485,-5.4590456531112315,AJISAI (EGS),5363.9707419999995,5748.985301,21.919588,8611.225577098705,12909.982593941091,0.6995627550252692,15518.403816273401
2026-07-13 17:52:00,-2179.5206704883526,-7445.161944577082,-1279.1279934307174,4.699693133145666,-0.4571018752164482,-5.33437628390579,AJISAI (EGS),4553.5644330000005,6280.613039,-1278.45226,6733.085103488353,13725.774983577081,0.6757334307174006,15288.27440776829
2026-07-13 17:56:00,-1009.1403007379579,-7378.692871381352,-2519.1073163386986,5.015012761079373,1.008776971013154,-4.957981120711695,AJISAI (EGS),3544.086531,6550.1747000000005,-2518.488963,4553.226831737958,13928.867571381354,0.6183533386988529,14654.18802884344
2026-07-13 18:00:00,208.75854378350493,-6964.795779479691,-3640.2245276704307,5.094141535183897,2.426670472042197,-4.347817475901452,AJISAI (EGS),2373.52831,6551.426206,-3639.693817,2164.769766216495,13516.221985479691,0.5307106704308353,13688.48001726793
2026-07-13 18:04:00,1416.8368372437378,-6223.101184633722,-4589.655478938734,4.9335432160045505,3.7296505618735027,-3.532963910954482,AJISAI (EGS),1087.397811,6289.285714,-4589.236924,-329.43902624373777,12512.386898633722,0.41855493873390515,12516.723059503292
2026-07-13 18:08:00,2558.2756137846823,-5188.682419834685,-5322.743900521659,4.541050408907506,4.856465162185222,-2.5521156480587655,AJISAI (EGS),-263.07559999999995,5779.331672,-5322.455854000001,-2821.3512137846824,10968.014091834684,0.2880465216585435,11325.076417984088
2026-07-13 18:12:00,3579.4564998107335,-3910.3426998769974,-5805.084072343691,3.9353759535171045,5.7543862447483916,-1.451645919415501,AJISAI (EGS),-1623.010923,5046.85772,-5804.939544,-5202.467422810733,8957.200419876997,0.1445283436914906,10358.431670293532
2026-07-13 18:16:00,4432.46420114345,-2448.275195955384,-6014.09954039945,3.145131985603271,6.381573160799947,-0.283367705550369,AJISAI (EGS),-2936.126323,4125.556156,-6014.107018000001,-7368.59052414345,6573.831351955383,-0.007477600550373609,9874.785311919652
2026-07-13 18:20:00,5077.302886848657,-871.2206071089566,-5940.061068491978,2.2074409524212757,6.708891771496036,0.8978824096985156,AJISAI (EGS),-4147.077776,3055.9108480000004,-5940.224006,-9224.380662848656,3927.131455108957,-0.16293750802196882,10025.545376955362
2026-07-13 18:24:00,5483.7382182128695,746.7438209026897,-5586.51347805169,1.1662167881221963,6.721165144819735,2.0367404874074113,AJISAI (EGS),-5203.796845,1883.383194,-5586.828933,-10687.535063212868,1136.6393730973105,-0.3154549483097071,10747.806980560796
2026-07-13 18:28:00,5632.6938939957845,2329.645921918434,-4970.101761129347,0.07018052159071039,6.417842510741821,3.079814427620603,AJISAI (EGS),-6059.744014999999,656.468411,-4970.559411,-11692.437908995784,-1673.177510918434,-0.4576498706528582,11811.546361429915
2026-07-13 18:32:00,5517.145695028798,3803.1492126740977,-4119.804128479418,-1.0293342996614543,5.813066611935087,3.9781154323197057,AJISAI (EGS),-6675.990981,-575.30562,-4120.386184,-12193.136676028798,-4378.454832674098,-0.5820555205818891,12955.44090569188
2026-07-13 18:36:00,5142.469553153532,5098.0247374624605,-3075.5974769089107,-2.0807257750060852,4.935110525549281,4.689340877109101,AJISAI (EGS),-7023.044109,-1763.366886,-3076.2807310000003,-12165.513662153531,-6861.39162346246,-0.6832540910895659,13967.047581411083
2026-07-13 18:40:00,4526.216889429136,6153.40951737582,-1886.6025580533749,-3.0345362336268167,3.825159628139444,5.17990755189417,AJISAI (EGS),-7082.315692,-2862.0053319999997,-1887.359641,-11608.532581429135,-9015.414849375818,-0.7570829466251325,14698.154107697414
2026-07-13 18:44:00,3697.3133768189,6919.693987958555,-608.7827900310259,-3.8458232036196827,2.5354426708253848,5.426616828693186,AJISAI (EGS),-6847.153861,-3830.1189900000004,-609.581589,-10544.467237818899,-10749.812977958556,-0.7987989689740971,15058.030051391253
2026-07-13 18:48:00,2694.706924758309,7360.887604518238,697.7002517932614,-4.476354035026788,1.1267672297339604,5.4178319146572695,AJISAI (EGS),-6323.364221,-4632.727924,696.895755,-9018.07114575831,-11993.615528518238,-0.8044967932613645,15005.746275446865
2026-07-13 18:52:00,1565.5244563155836,7456.332623139168,1971.3451078929795,-4.89648143132271,-0.33442238484863845,5.1540698418512765,AJISAI (EGS),-5529.178771,-5242.196115000001,1970.57256,-7094.703227315584,-12698.528738139168,-0.7725478929794463,14546.045737376833
2026-07-13 18:56:00,362.82988797765296,7201.671528745723,3152.234728135031,-5.0865731174531765,-1.77929017685318,4.647956274644766,AJISAI (EGS),-4494.654280000001,-5639.109082000001,3151.532818,-4857.484167977654,-12840.780610745724,-0.7019101350310848,13728.830963637607
2026-07-13 19:00:00,-856.8981704816146,6609.0199968691095,4184.873566401653,-5.0379077268869565,-3.1399488644523714,3.9235498923559664,AJISAI (EGS),-3260.523748,-5812.774927,4184.281219,-2403.6255775183854,-12421.79492386911,-0.5923474016526598,12652.209506581705
2026-07-13 19:04:00,-2036.4355780583446,5706.347699766561,5020.792878540667,-4.753001462256715,-4.352688196606644,3.015100226182767,AJISAI (EGS),-1876.562338,-5761.346326999999,5020.345655,159.87324005834466,-11467.69402676656,-0.4472235406665277,11468.80839252418
2026-07-13 19:08:00,-3120.4931766625486,4536.115755877665,5620.800233590541,-4.245382277809084,-5.360915579532446,1.9653440966858164,AJISAI (EGS),-399.550656,-5491.586624,5620.525605000001,2720.9425206625488,-10027.702379877664,-0.2746285905404875,10390.300442988859
2026-07-13 19:12:00,-4058.2821450428114,3153.255871525335,5956.776976604188,-3.5388670571893845,-6.117684761248753,0.8234628173665629,AJISAI (EGS),1109.0769480000001,-5018.317001,5956.693024,5167.359093042812,-8171.572872525336,-0.08395260418819817,9668.309222118014
2026-07-13 19:16:00,-4805.853524571558,1622.599596998814,6012.9563506173445,-2.6664150377425226,-6.58774131121573,-0.357184310957021,AJISAI (EGS),2585.796697,-4363.585792999999,6013.070600999999,7391.650221571559,-5986.185389998813,0.11425038265497278,9511.619658846083
2026-07-13 19:20:00,-5328.118892047673,15.87824739041218,5786.640421839002,-1.6686284882016678,-6.749051703974616,-1.521455888014485,AJISAI (EGS),3967.6638700000003,-3555.619307,5786.946574,9295.782762047675,-3571.497554390412,0.3061521609979536,9958.271538471348
2026-07-13 19:24:00,-5600.474709305573,-1591.5802612344335,5288.333878216665,-0.5919580499302509,-6.593797295746745,-2.6148813577381014,AJISAI (EGS),5194.995175,-2627.608777,5288.810899,10795.469884305574,-1036.0285157655665,0.4770207833353197,10845.069171562569
2026-07-13 19:28:00,-5609.9650757829295,-3124.3265072468425,4541.288546382271,0.5133421374643501,-6.128807913601997,-3.58610884993555,AJISAI (EGS),6213.972533,-1616.369997,4541.9045719999995,11823.93760878293,1507.9565102468425,0.6160256177281553,11919.707789735232
2026-07-13 19:32:00,-5355.9281544227515,-4510.297576906414,3580.4678892005745,1.5954641163561187,-5.375394678326711,-4.389277946557899,AJISAI (EGS),6979.059381,-560.915211,3581.184677,12334.987535422752,3949.382365906414,0.7167877994256742,12951.816053548318
2026-07-13 19:36:00,-4850.0842040298185,-5684.20814818866,2450.9600238226203,2.603437318481374,-4.368535177896405,-4.986224667511102,AJISAI (EGS),7455.116071,499.01300799999996,2451.735699,12305.20027502982,6183.22115618866,0.7756751773795258,13771.35353829118
2026-07-13 19:40:00,-4116.041916577572,-6590.664937344012,1205.8933298175157,3.4895662356304795,-3.1553805415516027,-5.348399527663953,AJISAI (EGS),7619.109006,1524.39985,1206.685292,11735.150922577572,8115.064787344012,0.7919621824842125,14267.727370035778
2026-07-13 19:44:00,-3188.2267790647434,-7186.842295171017,-96.06042581639619,4.211784976107219,-1.7930984939913583,-5.458364166366695,AJISAI (EGS),7461.310992,2478.358106,-95.29240399999999,10649.537771064743,9665.200401171018,0.7680218163961996,14381.542132955998
2026-07-13 19:48:00,-2110.269407004054,-7444.567741472367,-1393.4786445754373,4.735776267586299,-0.34613229778917676,-5.310740030235131,AJISAI (EGS),6985.907789,3327.416591,-1392.77089,9096.177196004053,10771.984332472366,0.7077545754373205,14098.797343782584
2026-07-13 19:52:00,-932.9288975030521,-7351.693962605723,-2625.1327630958617,5.036703000425675,1.1169740510857618,-4.912518299188892,AJISAI (EGS),6210.957405,4042.6417340000003,-2624.516799,7143.886302503052,11394.335696605724,0.6159640958617274,13448.642974272383
2026-07-13 19:56:00,288.3401025660487,-6912.676928654492,-3732.9269150864716,5.100428497560937,2.5269792692748685,-4.282698059846466,AJISAI (EGS),5167.698117999999,4600.54876,-3732.427935,4879.358015433951,11513.225688654493,0.4989800864714198,12504.499216268294
2026-07-13 20:00:00,1496.0438915256916,-6148.332480821661,-4664.671864785444,4.92415197106625,3.8173489035220305,-3.4512858274860765,AJISAI (EGS),3899.23703,4983.771702,-4664.307447,2403.1931384743084,11132.104182821662,0.36441778544394765,11388.55043149943
2026-07-13 20:04:00,2633.386512031474,-5094.797454187363,-5376.550797173869,4.516445060605774,4.927446815427672,-2.4577470194800455,AJISAI (EGS),2458.694426,5181.477858,-5376.329997999999,-174.692086031474,10276.275312187363,0.22079917386963643,10277.760050981235
2026-07-13 20:08:00,3646.9468500671464,-3801.767713514084,-5835.16004027388,3.896728284484416,5.805345925204847,-1.3490353521076406,AJISAI (EGS),906.903006,5189.5329790000005,-5835.084489,-2740.0438440671464,8991.300692514083,0.07555127388059191,9399.538734231723
2026-07-13 20:12:00,4489.169920737836,-2330.118866790275,-6019.039586505346,3.0942604036221923,6.410149133303224,-0.17733422958535947,AJISAI (EGS),-690.2236389999999,5010.432725,-6019.105858,-5179.393559737836,7340.551591790275,-0.06627149465384718,8983.86416431039
2026-07-13 20:16:00,5120.565549570413,-749.0348765538591,-5919.639180829679,2.146724787024154,6.713764652148758,1.002370087675919,AJISAI (EGS),-2264.532268,4653.026605,-5919.841342000001,-7385.097817570413,5402.061481553859,-0.20216117032123293,9149.969293196578
2026-07-13 20:20:00,5511.527270645779,867.2213873203189,-5541.691674253329,1.0984897240695009,6.70211306820712,2.134787957106381,AJISAI (EGS),-3748.562872,4132.0611850000005,-5542.021551,-9260.090142645779,3264.8397976796814,-0.32987674667037936,9818.780395917676
2026-07-13 20:24:00,5643.701058337577,2442.757772614842,-4902.985630476831,-0.0013943049734612943,6.375752429884443,3.166822566661436,AJISAI (EGS),-5078.4575159999995,3467.570002,-4903.430356,-10722.158574337576,1024.812229385158,-0.4447255231689269,10771.022458268248
2026-07-13 20:28:00,5510.847417886085,3903.580769449535,-4033.5463319627315,-1.1014053003538105,5.749900230738984,4.049991910665829,AJISAI (EGS),-6196.736137,2684.133191,-4034.086021,-11707.583554886085,-1219.4475784495353,-0.5396890372685448,11770.92032861024
2026-07-13 20:32:00,5119.154003955383,5181.053521977915,-2974.2524051167593,-2.1499066059094987,4.853822685506748,4.742694063469651,AJISAI (EGS),-7054.830112,1810.023457,-2974.861006,-12173.984115955383,-3371.0300649779147,-0.608600883240797,12632.091407400203
2026-07-13 20:36:00,4486.973091018428,6215.128850746731,-1774.9375415754089,-3.0975664490007104,3.7295680710168857,5.21221277245284,AJISAI (EGS),-7615.260262,876.255284,-1775.586178,-12102.233353018428,-5338.873566746731,-0.6486364245911318,13227.532782546707
2026-07-13 20:40:00,3643.981756101261,6957.199764709374,-492.05383029314044,-3.899727460057427,2.430051364078048,5.436343923346322,AJISAI (EGS),-7853.347665,-84.440257,-492.713915,-11497.329421101262,-7041.640021709374,-0.6600847068595499,13482.332084931439
2026-07-13 20:44:00,2629.7928446330584,7372.417735229202,813.9976769220124,-4.5185895660341675,1.0165502723858628,5.404523973504665,AJISAI (EGS),-7758.3567649999995,-1038.688461,813.354942,-10388.149609633057,-8411.106196229202,-0.6427349220123233,13366.389197141945
2026-07-13 20:48:00,1492.0788203541886,7441.351046368741,2081.737530475482,-4.9250633334624325,-0.444264219743631,5.118366196564195,AJISAI (EGS),-7333.999965,-1953.552531,2081.141806,-8826.078785354188,-9394.903577368741,-0.5957244754818021,12890.45694722351
2026-07-13 20:52:00,284.30323637124457,7160.892065633013,3251.53074770676,-5.100168816652075,-1.8835845423068447,4.591557729760924,AJISAI (EGS),-6598.280908,-2797.586139,3251.0112230000004,-6882.584144371244,-9958.478204633013,-0.5195247067595119,12105.42245964209
2026-07-13 20:56:00,-936.8199748914378,6544.3692795353,4268.408931135419,-5.035895413263789,-3.233801746918085,3.8491296194746427,AJISAI (EGS),-5582.683765,-3541.8246320000003,4267.993181,-4645.863790108562,-10086.1939115353,-0.41575013541933004,11104.744848495251
2026-07-13 21:00:00,-2114.005209564613,5620.870285382988,5084.6484341313735,-4.735491312957917,-4.431713538782696,2.9261683140653996,AJISAI (EGS),-4330.755392,-4160.682581,5084.361817,-2216.750182435387,-9781.552866382988,-0.2866171313735322,10029.59410601057
2026-07-13 21:04:00,-3192.076542016485,4433.827723496804,5661.9828546896215,-4.213202765961471,-5.421433447568884,1.8660763815316628,AJISAI (EGS),-2896.165754,-4632.733615,5661.846003,295.91078801648473,-9066.561338496804,-0.13685168962183525,9071.388962993367
2026-07-13 21:08:00,-4120.526029437978,3038.955321220779,5973.356230237702,-3.493520676432955,-6.156881587051741,0.7185049638903618,AJISAI (EGS),-1340.3535490000002,-4941.361571,5973.380755,2780.1724804379774,-7980.316892220779,0.024524762297915004,8450.728768683233
2026-07-13 21:12:00,-4855.839408849554,1501.6435268150474,6004.152134451157,-2.610008070449713,-6.6037896665150715,-0.4629279524875869,AJISAI (EGS),270.134183,-5075.277887,6004.33946,5125.973591849554,-6576.921413815047,0.18732554884354613,8338.55506565309
2026-07-13 21:16:00,-5363.497170661465,-106.06439753678073,5752.858859459856,-1.6037784299684128,-6.7411891138145315,-1.6230412474922364,AJISAI (EGS),1866.501486,-5028.898973,5753.201506,7229.998656661465,-4922.834575463219,0.34264654014441476,8746.838340229535
2026-07-13 21:20:00,-5619.574239346666,-1708.7894935648296,5231.150322671965,-0.5216809086077226,-6.562363565209528,-2.7075455708287834,AJISAI (EGS),3380.6439649999998,-4802.579236,5231.631487,9000.218204346666,-3093.78974243517,0.4811643280345379,9517.114212184768
2026-07-13 21:24:00,-5611.873413778991,-3231.296009110885,4463.377901317875,0.5857631663121683,-6.075239071559922,-3.6654873534827943,AJISAI (EGS),4748.06412,-4402.6969500000005,4463.971831,10359.93753377899,-1171.4009408891156,0.5939296821252356,10425.952533024072
2026-07-13 21:28:00,-5340.538247877653,-4601.992439605144,3485.48399446668,1.6666264058692688,-5.302170317957164,-4.451610445223022,AJISAI (EGS),5910.655623,-3841.576306,3486.1579070000003,11251.193870877652,760.4161336051438,0.6739125333201628,11276.861117814653
2026-07-13 21:32:00,-4818.10406154647,-5756.304061300981,2343.367884091751,2.6699786335714513,-4.279076118246731,-5.028540296806596,AJISAI (EGS),6819.2403540000005,-3137.227079,2344.085138,11637.344415546471,2619.076982300981,0.7172539082489493,11928.42612416754
2026-07-13 21:36:00,-4068.965180429183,-6639.756754940178,1090.7605521570947,3.5483292352819626,-3.053896190379111,-5.368669552969846,AJISAI (EGS),7435.735382,-2312.887942,1091.483237,11504.700562429183,4326.868812940178,0.7226848429052097,12291.457573364767
2026-07-13 21:40:00,-3128.264245705304,-7210.610279881554,-213.30373600050214,4.259976249320283,-1.684387928862318,-5.455610244446203,AJISAI (EGS),7734.835453,-1396.372987,-212.61155300000001,10863.099698705304,5814.237292881554,0.6921830005021263,12321.21304259703
2026-07-13 21:44:00,-2040.244178057364,-7441.891432035586,-1507.2996121077865,4.771108411847596,-0.2353487957183128,-5.2850881799583505,AJISAI (EGS),7705.116575,-419.227985,-1506.669393,9745.360753057364,7022.663447035586,0.6302191077866155,12012.071365702779
2026-07-13 21:48:00,-856.140556554862,-7322.70658731117,-2730.161313478221,5.057509030103933,1.2245801900993012,-4.865193177778381,AJISAI (EGS),7349.490284,584.281744,-2729.6192220000003,8205.630840554863,7906.9883313111695,0.5420914782207547,11395.299129764839
2026-07-13 21:52:00,368.2746280926421,-6858.75725384689,-3824.2127925302884,5.10574074306545,2.6263218414774534,-4.215957954512343,AJISAI (EGS),6684.983144999999,1578.315069,-3823.7788960000003,6316.708516907357,8437.07232284689,0.4338965302881661,10539.6867153054
2026-07-13 21:56:00,1575.3637313978047,-6072.035291028654,-4737.91949872771,4.913741822418317,3.903753270376627,-3.3683044724128868,AJISAI (EGS),5741.863507,2526.685321,-4737.606876,4166.499775602195,8598.720612028654,0.31262272770982236,9554.983864013195
2026-07-13 22:00:00,2708.365116900983,-4999.727767133321,-5428.320420117718,4.490824199699551,4.996869218510398,-2.362452504328062,AJISAI (EGS),4562.1742970000005,3394.1308289999997,-5428.135466,1853.8091800990173,8393.858596133321,0.18495411771800718,8596.13114385237
2026-07-13 22:04:00,3714.0662884436983,-3692.406757481925,-5863.026187891563,3.8571152515235774,5.85455499423036,-1.245918158731873,AJISAI (EGS),3197.7642370000003,4147.579626,-5862.96863,-516.302051443698,7839.986383481924,0.05755789156228275,7856.9685187621735
2026-07-13 22:08:00,4545.283512560542,-2211.6115568016344,-6021.700980430178,3.0425177626741093,6.436864876669527,-0.07123586870167446,AJISAI (EGS),1707.930694,4757.3682340000005,-6021.764684000001,-2837.352818560542,6968.979790801635,-0.0637035698227919,7524.44352398589
2026-07-13 22:12:00,5163.042397202743,-626.9491872037153,-5896.976529074275,2.085271846498105,6.716753744715889,1.1064783861490226,AJISAI (EGS),156.787325,5198.3800949999995,-5897.151959,-5006.255072202743,5825.329282203715,-0.1754299257245293,7680.95379004661
2026-07-13 22:16:00,5538.373292322832,987.1526870014152,-5494.771921888974,1.0301944678031933,6.6812406127377235,2.2320292046564445,AJISAI (EGS),-1389.527468,5451.069828,-5495.048578,-6927.900760322832,4463.917140998585,-0.2766561110256589,8241.502609544043
2026-07-13 22:20:00,5653.651847599999,2554.90256853478,-4834.012770032029,-0.07334162957435779,6.331989845289261,3.2526344581037927,AJISAI (EGS),-2865.690499,5502.339318,-4834.379798000001,-8519.342346599999,2947.43674946522,-0.3670279679718078,9014.79769852766
2026-07-13 22:24:00,5503.428788558368,4002.669540898753,-3945.7603763686443,-1.1736346584818544,5.685287646365118,4.120337137857441,AJISAI (EGS),-4209.970770999999,5346.228187,-3946.203372,-9713.399559558367,1343.5586461012467,-0.4429956313556431,9805.879921526024
2026-07-13 22:28:00,5094.706748814389,5262.426579827332,-2871.7798987805513,-2.2190231552183386,4.771383658099222,4.794252207392662,AJISAI (EGS),-5366.835273,4984.381367,-2872.277523,-10461.542021814388,-278.04521282733185,-0.49762421944888047,10465.23630226257
2026-07-13 22:32:00,4446.639611425656,6274.957267445175,-1662.5992229195454,-3.160312041891542,3.633175725018687,5.242543572816448,AJISAI (EGS),-6289.2805769999995,4426.257631,-1663.124585,-10735.920188425654,-1848.6996364451743,-0.5253620804546699,10893.928259082826
2026-07-13 22:36:00,3589.6539840172745,6992.668548434462,-375.137653051224,-3.9531400307548976,2.3242484904899396,5.444010860680133,AJISAI (EGS),-6940.787763,3689.0449830000002,-375.66343900000004,-10530.441747017274,-3303.6235654344614,-0.525785948776047,11036.490942589904
2026-07-13 22:40:00,2564.0231967800178,7381.860988936098,929.9873922974077,-4.560149991576433,0.9063308288596327,5.389168239165803,AJISAI (EGS),-7296.801687,2797.256827,929.48523,-9860.824883780018,-4584.604161936098,-0.5021622974077218,10874.486790758632
2026-07-13 22:44:00,1417.9584673872882,7424.331255905843,2191.342035595047,-4.95281933572688,-0.5536997850014153,5.080724507735711,AJISAI (EGS),-7345.65242,1782.006202,2190.8848900000003,-8763.610887387289,-5642.325053905843,-0.457145595046768,10422.893456639029
2026-07-13 22:48:00,205.3142710315735,7118.2191014689515,3349.5961340803715,-5.112827456240331,-1.987084236967444,4.533422461843582,AJISAI (EGS),-7088.8762560000005,679.9811139999999,3349.204177,-7294.190527031574,-6438.237987468951,-0.3919570803714123,9729.137884805403
2026-07-13 22:52:00,-1016.9702635306382,6478.058669915489,4350.329255387162,-5.0328792445948975,-3.326510474707395,3.773255146371024,AJISAI (EGS),-6540.9356370000005,-467.838771,4350.02183,-5523.965373469362,-6945.897440915489,-0.30742538716276613,8874.665334620524
2026-07-13 22:56:00,-2191.5590533730306,5534.0441581351215,5146.580717897008,-4.716957308483552,-4.509300220958845,2.836131879721522,AJISAI (EGS),-5728.370536,-1617.6717390000001,5146.375308000001,-3536.81148262697,-7151.715897135122,-0.2054098970074847,7978.47578044644
2026-07-13 23:00:00,-3263.4007146074086,4330.564915295206,5701.024303221695,-4.180026514467188,-5.480286055502806,1.766104254599886,AJISAI (EGS),-4688.446724,-2724.571526,5700.934647,-1425.0460093925917,-7055.136441295206,-0.08965622169489507,7197.618101998437
2026-07-13 23:04:00,-4182.279342049171,2924.0991783392615,5987.676655763043,-3.447250258437213,-6.1942640031258405,0.6132747808420592,AJISAI (EGS),-3467.385355,-3744.152275,5987.711012,714.8939870491708,-6668.251453339261,0.0343562369571373,6706.463364461226
2026-07-13 23:08:00,-4905.125960192355,1380.576898159224,5993.077032729293,-2.552792184067413,-6.617958083726752,-0.5684993095183586,AJISAI (EGS),-2118.266883,-4634.340824,5993.237081,2786.859077192355,-6014.917722159224,0.1600482707071933,6629.164256985187
2026-07-13 23:12:00,-5397.999615886411,-227.6671946808177,5716.900581677282,-1.5382722553200803,-6.731467548392096,-1.7240170145409788,AJISAI (EGS),-698.705957,-5357.0964,5717.180524,4699.293658886411,-5129.429205319183,0.27994232271794317,6956.608724313817
2026-07-13 23:16:00,-5637.662014437319,-1825.2238708064615,5171.9863212021755,-0.45093182214412014,-6.529177866223774,-2.7991899194050225,AJISAI (EGS),731.609366,-5880.04125,5172.373853,6369.271380437319,-4054.8173791935387,0.3875317978245221,7550.441182238874
2026-07-13 23:20:00,-5612.681262520092,-3337.0912986452527,4383.776385404336,0.6584485358688523,-6.020107386567429,-3.743481797882492,AJISAI (EGS),2113.423858,-6177.942265,4384.253758000001,7726.105120520092,-2840.850966354747,0.47737259566474677,8231.836658623037
2026-07-13 23:24:00,-5324.010821868938,-4692.168251335258,3389.1789028543076,1.7378314645000117,-5.2276467232605,-4.512258351465271,AJISAI (EGS),3390.375207,-6233.97821,3389.723939,8714.38602886894,-1541.8099586647422,0.5450361456923929,8849.728928382401
2026-07-13 23:28:00,-4785.003164646272,-5826.607179074049,2234.8871642276354,2.736337851505601,-4.188644440754963,-5.068949608739913,AJISAI (EGS),4511.31679,-6040.7211720000005,2235.4739,9296.319954646271,-214.1139929259516,0.586735772364591,9298.785396242889
2026-07-13 23:32:00,-4020.837691952257,-6686.866501238099,975.2143636022258,3.6066932604521225,-2.9518137049949855,-5.38690196734473,AJISAI (EGS),5432.403411,-5600.7626900000005,975.8140209999999,9453.241102952257,1086.1038112380984,0.5996573977740809,9515.429007612895
2026-07-13 23:36:00,-3067.370938120565,-7232.3007433027915,-330.4653898999605,4.307570751002123,-1.575483391683215,-5.450784951113013,AJISAI (EGS),6118.845105,-4926.926851,-329.882451,9186.216043120565,2305.3738923027913,0.5829388999604816,9471.07777995803
2026-07-13 23:40:00,-1969.4523158684206,-7437.140707178112,-1620.5477017045557,4.805675100982439,-0.12478499786487258,-5.257430628472046,AJISAI (EGS),6546.240471,-4042.031879,-1620.009522,8515.692786868422,3395.108828178112,0.5381797045556596,9167.539903656445
2026-07-13 23:44:00,-778.785869204472,-7291.746248874844,-2834.153159161679,5.077418259558959,1.3315641835359235,-4.8160239513941026,AJISAI (EGS),6701.42269,-2978.189284,-2833.684898,7480.208559204472,4313.556964874844,0.4682611616790382,8634.830281927065
2026-07-13 23:48:00,448.5487892159803,-6803.059302559217,-3914.047622501785,5.110068110398289,2.7246709263868514,-4.147622697264818,AJISAI (EGS),6582.778468,-1775.6599110000002,-3913.671437,6134.2296787840205,5027.399391559216,0.3761855017851303,7931.173843501366
2026-07-13 23:52:00,1654.7809213994358,-5994.238103171564,-4809.370726438708,4.902305452168392,3.988841606986001,-3.284051427969123,AJISAI (EGS),6200.0393269999995,-481.321563,-4809.104866000001,4545.2584056005635,5512.916540171564,0.2658604387070227,7145.04183495531
2026-07-13 23:56:00,2783.1946071613133,-4903.5064157316565,-5478.0332679477,4.464183631781654,5.064716483106695,-2.266268189332298,AJISAI (EGS),5573.580725,853.180654,-5477.891246,2790.3861178386865,5756.687069731656,0.14202194769950438,6397.319807983085
2026-07-14 00:00:00,3780.7973788944882,-3582.295894446372,-5888.6720469308275,3.8165359423108387,5.9020043732788094,-1.142333239080251,AJISAI (EGS),4733.286247999999,2173.516767,-5888.66201,952.4888691055112,5755.812661446373,0.010036930827482138,5834.090712316445
2026-07-14 00:04:00,4600.7877210396955,-2092.7906537022327,-6022.082750839492,2.9899064772291544,6.4617184584993845,0.03488743254759935,AJISAI (EGS),3717.056377,3424.8952969999996,-6022.206648,-883.7313440396956,5517.685950702233,-0.12389716050802235,5588.008532059119
2026-07-14 00:08:00,5204.717146756306,-505.00052540621186,-5872.081674814842,2.0230877992355007,6.717864311822554,1.2101681051313153,AJISAI (EGS),2569.0482599999996,4554.341716,-5872.3351809999995,-2635.668886756306,5059.3422414062115,-0.25350618515767565,5704.708095999114
2026-07-14 00:12:00,5564.2617320550435,1106.5028399420994,-5445.771924247081,0.9613397373306387,6.65856000898219,2.3284275384308017,AJISAI (EGS),1337.728676,5512.949095,-5446.145853,-4226.533056055044,4406.446255057901,-0.37392875291880046,6105.763704276682
2026-07-14 00:16:00,5662.534135194342,2666.049153455679,-4763.20921825569,-0.1456500363540571,6.286573451129427,3.337217606219841,AJISAI (EGS),73.818943,6258.016850999999,-4763.690932,-5588.715192194341,3591.9676975443203,-0.4817137443105821,6643.490774563762
2026-07-14 00:20:00,5494.880694913899,4100.389556901227,-3856.479439233875,-1.246008766347829,5.619253226530808,4.189124359772519,AJISAI (EGS),-1171.791787,6754.99213,-3857.053172,-6666.672481913899,2654.602573098773,-0.5737327661249765,7175.7534190759325
2026-07-14 00:24:00,5069.122140939665,5342.124365075039,-2768.2187324998363,-2.2880602713506084,4.6878224073817885,4.843995617687565,AJISAI (EGS),-2350.089685,6979.124049999999,-2768.8630279999998,-7419.211825939665,1636.99968492496,-0.64429550016348,7597.662305059635
2026-07-14 00:28:00,4405.214550822388,6332.882592609919,-1549.63015065391,-3.222757071362156,3.5360148079713594,5.270888330687712,AJISAI (EGS),-3415.855221,6916.743473,-1550.315052,-7821.069771822388,583.8608803900815,-0.6849013460898732,7842.832802785842
2026-07-14 00:32:00,3534.332000743903,7026.096133354867,-258.0785627160414,-4.006044992045174,2.218067969535815,5.449614695197694,AJISAI (EGS),-4329.3849900000005,6566.096173000001,-258.768478,-7863.716990743904,-459.99996035486583,-0.6899152839586122,7877.1597260703
2026-07-14 00:36:00,2497.403660888622,7389.2213380262065,1045.6254479229676,-4.601020201045216,0.7961428485393409,5.371770597236318,AJISAI (EGS),-5057.950591,5937.667528,1044.964398,-7555.3542518886225,-1451.5538100262065,-0.6610499229675497,7693.5288893927
2026-07-14 00:40:00,1343.1725323847497,7405.285207011391,2300.117118628245,-4.979735867588351,-0.6626967801582379,5.041159178222608,AJISAI (EGS),-5576.9281359999995,5053.955173,2299.51284,-6920.100668384749,-2351.330034011391,-0.6042786282450834,7308.662432660009
2026-07-14 00:44:00,125.87513613804624,7073.671987003826,3446.3937901501745,-5.1245376224215775,-2.089760179718606,4.47357263935626,AJISAI (EGS),-5870.546467,3948.68442,3445.8685570000002,-5996.4216031380465,-3124.987567003826,-0.5252331501742447,6761.850309817499
2026-07-14 00:48:00,-1097.3344616290892,6410.113972980075,4430.603585304002,-5.02885044993482,-3.4180505505346717,3.6959552848918484,AJISAI (EGS),-5932.234436,2665.5065219999997,4430.174704,-4834.89997437091,-3744.6074509800756,-0.42888130400206137,6115.418457313162
2026-07-14 00:52:00,-2269.0807835087758,5445.900339984124,5206.566349860754,-4.697393674973128,-4.585429423326234,2.7450249733592673,AJISAI (EGS),-5764.5755690000005,1256.244545,5206.246715,-3495.494785491225,-4189.655794984124,-0.31963486075346736,5456.344891775706
2026-07-14 00:56:00,-3334.4483666784818,4226.362106189007,5737.909841521147,-4.145850977592638,-5.537461055310359,1.665465406078586,AJISAI (EGS),-5378.895653,-221.227838,5737.707249,-2044.4472863215178,-4447.589944189007,-0.20259252114738047,4894.979168417606
2026-07-14 01:00:00,-4243.524544258146,2808.724352224678,5999.73282723292,-3.4000566012463755,-6.229826628291582,0.5078118833969479,AJISAI (EGS),-4794.531596,-1705.375635,5999.648312,-551.0070517418535,-4514.099987224678,-0.08451523291932972,4547.604586249107
2026-07-14 01:04:00,-4953.696233901982,1259.4370521030057,5979.735181118835,-2.4947715192927102,-6.630248357616557,-0.6738586142980847,AJISAI (EGS),-4037.8368179999998,-3133.564613,5979.763195,915.8594159019822,-4393.0016651030055,0.028013881165861676,4487.456083359354
2026-07-14 01:08:00,-5431.610666252084,-348.89409092310405,5678.7791082272,-1.4721173172047362,-6.719895912131033,-1.8243450514616195,AJISAI (EGS),-3140.976815,-4444.702642,5678.910059999999,2290.6338512520842,-4095.808551076896,0.1309517727995626,4692.829758762291
2026-07-14 01:12:00,-5654.724597016494,-1940.8502985289365,5110.864175716869,-0.37972107771437197,-6.494255869700025,-2.8897796411941576,AJISAI (EGS),-2140.564985,-5581.861137,5111.08547,3514.159612016494,-3641.0108384710634,0.2212942831311011,5060.264593236488
2026-07-14 01:16:00,-5612.377963161663,-3441.6837941126537,4302.514072274123,0.7313854639143288,-5.963434663697311,-3.820062443852666,AJISAI (EGS),-1076.191777,-6494.775817,4302.8100190000005,4536.186186161663,-3053.092022887346,0.2959467258779114,5467.93892644447
2026-07-14 01:20:00,-5306.338526410892,-4780.802309377305,3291.589073345257,1.8090646126433858,-5.151850900596964,-4.571198418819763,AJISAI (EGS),11.107351000000001,-7142.130175,3291.9413560000003,5317.445877410892,-2361.327865622695,0.3522826547432487,5818.169821538676
2026-07-14 01:24:00,-4750.7778422598985,-5895.101784530981,2125.5590001688,2.8024991251779516,-4.097271126139436,-5.1074370466551615,AJISAI (EGS),1080.39902,-7493.510994,2125.946605,5831.176862259898,-1598.4092094690195,0.38760483119995115,6046.282804344177
2026-07-14 01:28:00,-3971.6596427276545,-6731.98622552411,859.2986238092742,3.6646421091111625,-2.849166558751941,-5.403089732393234,AJISAI (EGS),2092.36067,-7530.929971,859.69876,6064.0203127276545,-798.94374547589,0.40013619072578877,6116.424905262682
2026-07-14 01:32:00,-3005.5508956899957,-7251.913902740007,-447.5009039886291,4.354552754915463,-1.4664191898811079,-5.443890149920729,AJISAI (EGS),3010.69629,-7249.815542,-447.110924,6016.247185689996,2.098360740006683,0.38997998862907934,6016.247564265036
2026-07-14 01:36:00,-1897.9014978588557,-7430.323945478705,-1733.1799402524894,4.839461867496368,-0.014474320209572749,-5.227778041962511,AJISAI (EGS),3803.4003620000003,-6659.39966,-1732.821333,5701.301859858856,770.9242854787053,0.3586072524892643,5753.187575576696
2026-07-14 01:40:00,-700.8757645338534,-7258.829070628729,-2937.0688904329263,5.096418161815014,1.4378951752359241,-4.765029516130361,AJISAI (EGS),4443.81779,-5782.459999,-2936.760969,5144.693554533854,1476.3690716287292,0.30792143292637775,5352.339441827253
2026-07-14 01:44:00,529.148939625326,-6745.606144510092,-4002.397422551804,5.113400561975295,2.821999723592288,-4.0777184229457175,AJISAI (EGS),4911.4578200000005,-4654.422363,-4002.1577629999997,4382.308880374674,2091.1837815100926,0.2396595518043796,4855.685408724321
2026-07-14 01:48:00,1734.2797470953153,-5914.969805644014,-4878.99857693053,4.889835719248318,4.072592405732203,-3.1985587445918457,AJISAI (EGS),5192.535742,-3321.870058,-4878.843464,3458.2559949046845,2593.099747644014,0.1551129305307768,4322.464673260576
2026-07-14 01:52:00,2857.8579307058753,-4806.166718642154,-5525.670617681344,4.436519385096323,5.130973325282067,-2.169230483205802,AJISAI (EGS),5280.237335,-1840.544889,-5525.613958,2422.3794042941245,2965.621829642154,0.056659681344171986,3829.2081189207715
2026-07-14 01:56:00,3847.1225126795844,-3471.471299719696,-5912.087986257479,3.774989705385678,5.947685616107027,-1.0383196591948471,AJISAI (EGS),5174.721642,-272.947659,-5912.139152,1327.599129320416,3198.5236407196962,-0.05116574252042483,3463.1016345225908
2026-07-14 02:00:00,4655.665184237568,-1973.6935054309117,-6020.184784301837,2.936429252053839,6.484708580136232,0.1409957230172122,AJISAI (EGS),4882.888395,1314.35083,-6020.348006,227.22321076243225,3288.044335430912,-0.16322169816339738,3295.8862185927806
2026-07-14 02:04:00,5245.573481006638,-383.22568793881413,-5844.9640199707665,1.9601786224156164,6.717102226810311,1.3134001973399498,AJISAI (EGS),4417.936945,2853.57006,-5845.23781,-827.6365360066375,3236.795747938814,-0.27379002923316875,3340.9323585742995
2026-07-14 02:08:00,5589.178079405803,1225.2372971627155,-5394.710169592941,0.8919345642577727,6.6340840516829385,2.423946574335597,AJISAI (EGS),3798.751218,4278.632963999999,-5395.086876,-1790.4268614058033,3053.395666837284,-0.37670640705891856,3539.612067192089
2026-07-14 02:12:00,5670.335909539071,2776.166829649665,-4690.601707099961,-0.21830780711551037,6.239522435645281,3.420539968052881,AJISAI (EGS),3049.140755,5528.025133,-4691.068586,-2621.1951545390707,2751.858303350335,-0.4668789000397737,3800.4458130426215
2026-07-14 02:16:00,5485.194209326809,4196.715413639109,-3765.737267040954,-1.3185137423049675,5.551821739289631,4.256327403968028,AJISAI (EGS),2196.959219,6547.4894079999995,-3766.277997,-3288.234990326809,2350.7739943608904,-0.5407299590460752,4042.106878418963
2026-07-14 02:20:00,5042.394778751126,5420.127980660639,-2663.608097096815,-2.3570025733158886,4.603168181714535,4.89190528938565,AJISAI (EGS),1273.1230560000001,7292.439653,-2664.203622,-3769.2717227511257,1872.3116723393614,-0.5955249031849235,4208.676831613395
2026-07-14 02:24:00,4362.696302954775,6388.893352658691,-1436.0731155021847,-3.2848854246853803,3.4381176875721264,5.2972361820986835,AJISAI (EGS),310.554119,7729.981737,-1436.701613,-4052.142183954775,1341.0883843413094,-0.6284974978152604,4268.298809667625
2026-07-14 02:28:00,3478.0180734462765,7057.479033569211,-140.92091904270703,-4.05842631455049,2.1115437246295627,5.453153272990911,AJISAI (EGS),-656.924511,7840.431593,-141.55609700000002,-4134.942584446277,782.9525594307888,-0.6351779572929956,4208.41600729271
2026-07-14 02:32:00,2429.9402606951803,7394.5034578808245,1160.868028227522,-4.641185047511931,0.6860201366510507,5.3523377161192,AJISAI (EGS),-1595.7005789999998,7618.245489,1160.255094,-4025.64083969518,223.7420311191754,-0.6129342275219187,4031.853797250021
2026-07-14 02:36:00,1267.7304948426988,7384.225506283845,2408.0215920425226,-5.005799390325758,-0.7712231889203582,4.999685343719621,AJISAI (EGS),-2473.46045,7072.313827999999,2407.4571370000003,-3741.1909448426986,-311.9116782838455,-0.5644550425222405,3754.1708671066563
2026-07-14 02:40:00,45.998305021838306,7027.270640988687,3541.887102070328,-5.135287996821715,-2.1915836962248973,4.412031077112641,AJISAI (EGS),-3260.2183,6225.587503,3541.392586,-3306.2166050218384,-801.6831379886871,-0.4945160703282454,3402.0235651158655
2026-07-14 02:44:00,-1177.897695188612,6340.561451724933,4509.201592044744,-5.0238004111158485,-3.508397982332919,3.617259377511867,AJISAI (EGS),-3929.246119,5114.056178000001,4508.793156000001,-2751.348423811388,-1226.5052737249325,-0.4084360447432118,3012.3468429954214
2026-07-14 02:48:00,-2346.5538176251316,5356.470180605918,5264.582686340349,-4.676794841762296,-4.660082902039543,2.6528820390928867,AJISAI (EGS),-4457.877614,3785.147866,5264.270259999999,-2111.3237963748684,-1571.3223146059186,-0.3124263403497025,2631.8704540929643
2026-07-14 02:52:00,-3405.2019681938045,4121.254254908603,5772.625544934436,-4.110673855865347,-5.5929467175040575,1.5641977699105487,AJISAI (EGS),-4828.173319,2295.639905,5772.413302,-1422.971350806196,-1825.614349908603,-0.21224293443628994,2314.6739003268867
2026-07-14 02:56:00,-4304.243958631465,2692.8677851651264,6009.520171403681,-3.351940783928827,-6.263564715664872,0.402155972970676,AJISAI (EGS),-5027.43934,709.183394,6009.408463000001,-723.195381368535,-1983.6843911651263,-0.1117084036804954,2111.4012730562863
2026-07-14 03:00:00,-5001.533217080115,1138.2612110807752,5964.131569473419,-2.4359505224318387,-6.640662907931915,-0.7789661730457441,AJISAI (EGS),-5048.596548,-906.442115,5964.117542,-47.06333091988563,-2044.7033260807752,-0.014027473419446324,2045.2448872934092
2026-07-14 03:04:00,-5464.314767121792,-469.709298250572,5638.508776149867,-1.4053212858782507,-6.706483701066342,-1.9239874533674195,AJISAI (EGS),-4890.403332000001,-2482.229069,5638.586331,573.9114351217913,-2012.519770749428,0.07755485013331054,2092.751817353324
2026-07-14 03:08:00,-5670.748632376025,-2055.6360829764776,5047.806931060413,-0.30805927588696913,-6.45761378064644,-2.979280359408285,AJISAI (EGS),-4557.534122999999,-3950.892676,5047.96833,1113.2145093760255,-1895.2565930235223,0.1613989395864337,2198.0091272180953
2026-07-14 03:12:00,-5610.953012727716,-3545.0454332689287,4219.621668838231,0.8045608761503531,-5.905243159934013,-3.895200077730561,AJISAI (EGS),-4060.503941,-5249.765606,4219.8583849999995,1550.4490717277158,-1704.7201727310712,0.23671616176852694,2304.335749705787
2026-07-14 03:16:00,-5287.514233184401,-4867.872526654404,3192.7514572036835,1.8803109172603243,-5.0748102017260415,-4.628408045993343,AJISAI (EGS),-3415.429001,-6323.517607,3193.053221,1872.0852321844009,-1455.6450803455955,0.3017637963166635,2371.414305337354
2026-07-14 03:20:00,-4715.424699632662,-5961.772844243268,2015.4248537911224,2.8684464077103646,-4.004987372313767,-5.143987789256709,AJISAI (EGS),-2643.616503,-7126.585542999999,2015.778485,2071.8081966326617,-1164.8126987567312,0.35363120887768673,2376.7999393878845
2026-07-14 03:24:00,-3921.4315410335616,-6775.108695706611,743.0573347276494,3.7221594438556553,-2.745988298117967,-5.417226598035176,AJISAI (EGS),-1770.975444,-7625.195818,743.446071,2150.4560970335615,-850.0871222933893,0.3887362723505703,2312.3818222503314
2026-07-14 03:28:00,-2942.808498644935,-7269.450693572104,-564.3658437947543,4.400906469281931,-1.3572295528337304,-5.434928503347892,AJISAI (EGS),-827.251694,-7798.869699,-563.961263,2115.556804644935,-529.4190054278961,0.40458079475422437,2180.7946351441183
2026-07-14 03:32:00,-1825.5997495798822,-7421.450206965899,-1845.1535923474457,4.872454248415133,0.09555004692392652,-5.196141852734241,AJISAI (EGS),154.899962,-7641.321466,-1844.754138,1980.4997115798822,-219.87125903410106,0.39945434744572594,1992.6672169935985
2026-07-14 03:36:00,-622.4215106159926,-7223.971786795291,-3038.8695111458887,5.1144962806611165,1.5435426682222537,-4.712229461246593,AJISAI (EGS),1140.977406,-7160.689362,-3038.49775,1763.3989166159927,63.28242479529126,0.37176114588874043,1764.5340865556489
2026-07-14 03:40:00,610.0611183412936,-6686.421360268416,-4089.22877798391,5.115728190991801,2.9182819028124087,-4.006271853220556,AJISAI (EGS),2095.784577,-6379.089693,-4088.907911,1485.7234586587062,307.3316672684159,0.32086698391003665,1517.1773305287666
2026-07-14 03:44:00,1813.8442172647303,-5834.259674277454,-4946.7767724825,4.876325666190909,4.154984712309429,-3.111858928402012,AJISAI (EGS),2984.633638,-5331.528520999999,-4946.529627999999,1170.7894207352695,502.7311532774547,0.24714448250051646,1274.161112756822
2026-07-14 03:48:00,2932.3378082953213,-4707.742242141212,-5571.214531521244,4.407827716903065,5.195625068131258,-2.07137610302932,AJISAI (EGS),3774.5530049999998,-4064.241452,-5571.063505,842.2151967046784,643.5007901412118,0.15102652124369342,1059.9149622878592
2026-07-14 03:52:00,3913.023913565816,-3359.9692469626466,-5933.265215287518,3.732476155907748,5.9915909087979635,-0.9339166372009147,AJISAI (EGS),4435.460045,-2632.559426,-5933.231059000001,522.4361314341836,727.4098209626468,0.034156287517362216,895.5805716000528
2026-07-14 03:56:00,4709.89844033589,-1854.3574061342,-6016.007825284698,2.8820890870892786,6.50583457432128,0.24704905927303383,AJISAI (EGS),4941.260577999999,-1098.420891,-6016.105439,231.36213766410947,755.9365151341999,-0.09761371530203178,790.549469158118
2026-07-14 04:00:00,5285.595056014732,-261.6612688080059,-5815.633803372759,1.8965506056603754,6.714473969203618,1.416135782289256,AJISAI (EGS),5270.850283,472.351428,-5815.869723,-14.744773014732345,734.0126968080059,-0.23591962724094628,734.1608155334144
2026-07-14 04:04:00,5613.107872907803,1343.3218525660975,-5341.605924432541,0.8219882958818042,6.607826093114401,2.518550249286446,AJISAI (EGS),5408.990185,2012.901025,-5341.978204,-204.11768790780297,669.5791724339024,-0.37227956745937263,700.0003123329112
2026-07-14 04:08:00,5677.04528256356,2885.225367895015,-4616.217652165287,-0.291302921057257,6.190856472441165,3.5025699657416425,AJISAI (EGS),5347.024173000001,3458.2003369999998,-4616.715603000001,-330.02110956355955,572.9749691049847,-0.49795083471326507,661.2219717564253
2026-07-14 04:12:00,5474.360597014049,4291.622281272025,-3673.5681626281266,-1.391135432421661,5.483018342378366,4.321920690170609,AJISAI (EGS),5083.407482,4747.817403,-3674.173787,-390.9531150140492,456.19512172797477,-0.6056243718735459,600.7983804975426
2026-07-14 04:16:00,5014.519513587943,5496.4191833174045,-2557.9875847942503,-2.425834454227023,4.517450501442765,4.937962911659923,AJISAI (EGS),4624.009167,5828.479859,-2558.6775789999997,-390.5103465879429,332.0606756825955,-0.6899942057493718,512.6042325410717
2026-07-14 04:20:00,4319.083561810615,6442.978777108006,-1321.9711339918788,-3.3466808224142746,3.3395168679493357,5.321577026082752,AJISAI (EGS),3982.1529389999996,6656.322018,-1322.717813,-336.9306228106152,213.34324089199345,-0.7466790081211911,398.79586325761875
2026-07-14 04:24:00,3420.7148015881603,7086.814481588287,-23.709120103923336,-4.1102678693891,2.0047096693665405,5.45462523271852,AJISAI (EGS),3178.371802,7198.7097699999995,-24.481407,-242.34299958816018,111.8952884117125,-0.7722868960766647,266.92935665673264
2026-07-14 04:28:00,2361.6393677126903,7397.712722160633,1275.6714688687352,-4.680629354631665,0.5759963411010112,5.33087704421164,AJISAI (EGS),2239.862396,7435.552359,1274.9079299999999,-121.77697171269028,37.839636839366904,-0.7635388687353952,127.5227507045414
2026-07-14 04:32:00,1191.6421808308253,7361.165403951023,2515.0146010763697,-5.030996404228987,-0.8792472908143493,4.956318866431683,AJISAI (EGS),1199.645968,7360.030428,2514.296632,8.003787169174757,-1.1349759510230797,-0.7179690763696271,8.115679826944277
2026-07-14 04:36:00,-34.303419544873236,6979.035539913648,3636.0399530685168,-5.145067363704416,-2.2925265284047187,4.34882122698403,AJISAI (EGS),95.467267,6978.711732,3635.402772,129.77068654487323,-0.32380791364812467,-0.6371810685168384,129.77265481451306
2026-07-14 04:40:00,-1258.6447923942208,6269.427814953951,4586.093583072066,-5.017720669769361,-3.5975292900818245,3.537197285818251,AJISAI (EGS),-1031.529561,6311.065482,4585.566388,227.1152313942207,41.63766704604859,-0.5271950720662062,230.9010644906862
2026-07-14 04:44:00,-2423.961320072283,5265.7853438554785,5320.607828288501,-4.655155448049609,-4.733242993294305,2.559737901914566,AJISAI (EGS),-2138.2987669999998,5388.412676,5320.213039,285.6625530722831,122.62733214452146,-0.39478928850076045,310.87089390169683
2026-07-14 04:48:00,-3475.643791446227,4015.2764898103837,5805.158306915041,-4.0744931022148405,-5.646731932540915,1.4623395098788428,AJISAI (EGS),-3181.50121,4252.382028,5804.910935,294.14258144622727,237.10553818961625,-0.24737191504118528,377.808093683688
2026-07-14 04:52:00,-4364.419774900888,2576.566438193491,6017.034969430371,-3.302904171962659,-6.295474151584768,0.29634682290823505,AJISAI (EGS),-4119.163258,2952.974468,6016.9411,245.25651690088853,376.4080298065087,-0.09386943037134188,449.25913768853195
2026-07-14 04:56:00,-5048.619835787801,1017.0864651976184,5946.2720400797525,-2.376333949680807,-6.6492047760462345,-0.8837823803215487,AJISAI (EGS),-4912.33893,1546.329256,5946.331411,136.2809057878012,529.2427908023816,0.059370920247602044,546.5074751762717
2026-07-14 05:00:00,-5496.096378710713,-590.0773063666333,5596.104734624043,-1.337892151743668,-6.691240997289185,-2.022906562199107,AJISAI (EGS),-5526.718712,92.284264,5596.3137719999995,-30.62233328928687,682.3615703666333,0.20903737595654093,683.0483758167663
2026-07-14 05:04:00,-5685.7208571547435,-2169.5489420926283,4982.838366569394,-0.23595733169475902,-6.419268330441465,-3.067658095915423,AJISAI (EGS),-5934.125555,-1348.169217,4983.189923000001,-248.40469784525612,821.3797250926284,0.351556430607161,858.1198461151907
2026-07-14 05:08:00,-5608.3960726300475,-3647.148682280024,4135.1305038464625,0.8779614070784021,-5.845555574326814,-3.968866023136603,AJISAI (EGS),-6113.842624,-2715.44238,4135.612226,-505.44655136995243,931.7063022800239,0.481722153537703,1059.9778686634577
2026-07-14 05:12:00,-5267.5310436118225,-4953.357438047952,3092.7034839967937,1.951555194686837,-4.9965523120472,-4.683865286242974,AJISAI (EGS),-6053.711161,-3953.827003,3093.296676,-786.1801173881777,999.5304350479523,0.5931920032062408,1271.668439271963
2026-07-14 05:16:00,-4678.940625515011,-6026.606011633655,1904.5264970333976,2.934163456969948,-3.9118245811704817,-5.178587756936331,AJISAI (EGS),-5750.929942,-5013.79771,1905.206158,-1071.989316484989,1012.808301633655,0.6796609666023414,1474.768528432524
2026-07-14 05:20:00,-3870.1542177775614,-6816.227398346782,626.5346236259986,3.779228797758983,-2.6423125287158755,-5.429307105196281,AJISAI (EGS),-5212.494610999999,-5854.03678,627.269897,-1342.3403932224378,962.1906183467818,0.7352733740013946,1651.571693248
2026-07-14 05:24:00,-2879.1484724895417,-7284.912765932276,-681.015841045052,4.446616043495861,-1.247948618105807,-5.42390347158293,AJISAI (EGS),-4455.225337,-6443.083935,-680.260652,-1576.076864510458,841.8288309322761,0.7551890450519068,1786.8113033402308
2026-07-14 05:28:00,-1752.5554474679702,-7410.529226616112,-1956.4261766815007,4.904637792427667,0.20525515146360937,-5.1625342542186745,AJISAI (EGS),-3505.355701,-6760.5273799999995,-1955.6897960000001,-1752.8002535320297,650.0018466161127,0.7363806815005773,1869.4415400441953
2026-07-14 05:32:00,-543.4347155307191,-7187.191733186251,-3139.51645351271,5.131640237880974,1.6484765352976238,-4.65764406088132,AJISAI (EGS),-2397.683313,-6797.675633000001,-3138.838654,-1854.2485974692809,389.5161001862507,0.677799512709953,1894.7192702174325
2026-07-14 05:36:00,691.2710504285062,-6625.529029706296,-4174.508854338569,5.11704122850117,3.013491611913534,-3.9333102857192133,AJISAI (EGS),-1174.3116710000002,-6557.684511,-4173.928514,-1865.5827214285064,67.84451870629528,0.5803403385689307,1866.8160343231439
2026-07-14 05:40:00,1893.4580662630215,-5752.137359221386,-5012.679738279275,4.86176852590516,4.235998130887877,-3.0239849285816534,AJISAI (EGS),116.96009,-6055.147814,-5012.232911,-1776.4979762630214,-303.0104547786141,0.4468272792746575,1802.154431514228
2026-07-14 05:44:00,3006.6167375066702,-4608.266786088705,-5614.647863329433,4.3781051198000815,5.258657644154465,-1.9727420605552228,AJISAI (EGS),1424.522625,-5315.196207,-5614.364788,-1582.0941125066702,-706.929420911295,0.28307532943290425,1732.8505611015305
2026-07-14 05:48:00,3978.4836432182606,-3247.826093902138,-5952.195787103362,3.6889951813422392,6.033713069543237,-0.8291635291051327,AJISAI (EGS),2695.031917,-4372.175827,-5952.097822,-1283.4517262182608,-1124.349733097862,0.09796510336218489,1706.2856341911306
2026-07-14 05:52:00,4763.469934283918,-1734.8195822321222,-6009.553475844072,2.826889282226451,6.525096402626215,0.35300751988808193,AJISAI (EGS),3875.591725,-3267.98994,-6009.652325,-887.8782092839174,-1533.1703577678777,-0.09884915592829202,1771.7051307230709
2026-07-14 05:56:00,5324.765508776827,-140.3436461962125,-5784.102097044862,1.8322103545535482,6.70998661997018,1.518336160336448,AJISAI (EGS),4915.960217,-2050.1900419999997,-5784.398824,-408.8052917768273,-1909.8463958037873,-0.29672695513818326,1953.109088145447
2026-07-14 06:00:00,5636.036708372278,1460.722654604193,-5286.479226491941,0.7515105971077034,6.579800036250288,2.6122028345993704,AJISAI (EGS),5770.695852,-769.905778,-5286.962499,134.6591436277222,-2230.628432604193,-0.4832725080595992,2234.689357127095
2026-07-14 06:04:00,5682.6504982581055,2993.1950172622996,-4540.085142593736,-0.3646230547185241,6.140595711600311,3.5832764987114434,AJISAI (EGS),6401.166524,520.305597,-4540.732289,718.5160257418947,-2472.8894202622996,-0.6471464062633459,2575.1597587123815
2026-07-14 06:08:00,5462.37132436354,4385.085911360493,-3580.0069723644824,-1.4638594123762294,5.412868572398548,4.385879240576515,AJISAI (EGS),6777.339615,1768.614605,-3580.7857919999997,1314.9682906364596,-2616.471306360493,-0.7788196355172659,2928.3210734048926
2026-07-14 06:12:00,4985.491457362599,5570.98038818678,-2451.397174231066,-2.4945400850144415,4.430699146471492,4.982150875477317,AJISAI (EGS),6879.265678999999,2925.9975320000003,-2452.2685920000004,1893.7742216374,-2644.98285618678,-0.8714177689344069,3253.0471671079786
2026-07-14 06:16:00,4274.3753281948775,6495.128800062314,-1207.367432024825,-3.4081268236176556,3.240244976199585,5.343901529025037,AJISAI (EGS),6698.176529,3948.160589,-1208.289392,2423.801200805123,-2546.9682110623144,-0.9219599751750138,3515.943711039259
2026-07-14 06:20:00,3362.4251221003356,7114.10042655155,93.51241475478203,-4.161553434522044,1.897599693806911,5.454030006242578,AJISAI (EGS),6237.118305,4797.230666,92.583308,2874.6931828996644,-2316.86976055155,-0.9291067547820262,3692.1196143147044
2026-07-14 06:24:00,2292.5077047924005,7398.855197793258,1389.9922734705024,-4.719337923644624,0.46610493944468906,5.307396806760108,AJISAI (EGS),5511.067136,5443.13397,1389.099628,3218.559431207599,-1955.7212277932585,-0.8926454705024298,3766.161325523973
2026-07-14 06:28:00,1114.9177647987904,7336.118785896483,2621.0556393316856,-5.055313455874596,-0.9867376726965641,4.911076328433696,AJISAI (EGS),4546.507993,5864.607012,2620.240603,3431.59022820121,-1471.5117738964827,-0.8150363316854055,3733.7861560735137
2026-07-14 06:32:00,-115.01690524972449,6928.987707548096,3728.816737048575,-5.153864617215739,-2.392560843637679,4.283967168380966,AJISAI (EGS),3380.483691,6049.802101,3728.115769,3495.5005962497244,-879.1856065480961,-0.7009680485748504,3604.371268404481
2026-07-14 06:36:00,-1339.5602852458844,6196.740204912216,4661.250513206892,-5.010602934346751,-3.6854215123760157,3.4557993788187655,AJISAI (EGS),2059.156011,5996.470944,4660.693964,3398.716296245884,-200.26926091221594,-0.5565492068917592,3404.6116590560937
2026-07-14 06:40:00,-2501.286205160554,5173.877794166587,5374.620629347372,-4.632470349542704,-4.804892617122804,2.465627754569519,AJISAI (EGS),635.95228,5711.7430190000005,5374.231809000001,3137.238485160554,537.8652248334138,-0.3888203473716203,3183.0118542096016
2026-07-14 06:44:00,-3545.755915852504,3908.4640946880572,5835.4958438161275,-4.037306928063692,-5.698806211969323,1.359929005643465,AJISAI (EGS),-830.616801,5211.534143,5835.2916780000005,2715.139114852504,1303.0700483119426,-0.20416581612698792,3011.6394215598602
2026-07-14 06:48:00,-4424.03405613996,2459.8572769022785,6022.274358256411,-3.252948422510875,-6.3255514543200135,0.19042426412534352,AJISAI (EGS),-2279.370699,4519.638938,6022.264326,2144.6633571399598,2059.7816610977216,-0.010032256410340779,2973.597384810859
2026-07-14 06:52:00,-5094.938962351468,895.9497586507598,5926.163285595709,-2.3159268712798746,-6.65587762138381,-0.9882677333773886,AJISAI (EGS),-3649.005117,3666.5705550000002,5926.346605000001,1445.9338453514679,2770.6207963492407,0.18331940429197857,3125.2302820595137
2026-07-14 06:56:00,-5526.939984220778,-709.9628951638601,5551.582939494821,-1.2698382280068528,-6.674178463183465,-2.121064980698425,AJISAI (EGS),-4880.680882000001,2688.206126,5551.949339,646.2591022207771,3398.16902116386,0.3663995051783786,3459.075549601302
2026-07-14 07:00:00,-5699.628107900119,-2282.55701633938,4915.982987347904,-0.1634264755023324,-6.37923676890921,-3.1548792843035227,AJISAI (EGS),-5920.567644999999,1624.288437,4916.516792,-220.93953709988,3906.8454533393797,0.5338046520964781,3913.0877782487705
2026-07-14 07:04:00,-5604.696977204835,-3747.966544380594,4049.072516203935,0.9515734010914407,-5.784395037968592,-4.0410321524607395,AJISAI (EGS),-6722.2382290000005,516.834023,4049.753415,-1117.5412517951654,4264.800567380594,0.6808987960653212,4408.789266070324
2026-07-14 07:08:00,-5246.382296892401,-5037.2362064314075,2991.483047409784,2.022782013665715,-4.917105238694401,-4.737548856513587,AJISAI (EGS),-7248.806963000001,-591.4953810000001,2992.2837910000003,-2002.4246661075995,4445.740825431408,0.8007435902163706,4875.891371998967
2026-07-14 07:12:00,-4641.322799267147,-6089.587629963798,1792.9059958902421,2.99963384028026,-3.8178143452861346,-5.2112236177946984,AJISAI (EGS),-7474.713769999999,-1659.004914,1793.791853,-2833.390970732852,4430.582715963797,0.8858571097578078,5259.103381829493
2026-07-14 07:16:00,-3817.8288323052284,-6855.336538360279,509.7747260715979,3.835833580374097,-2.538172901373616,-5.439326588153463,AJISAI (EGS),-7387.0527010000005,-2646.5090299999997,510.705136,-3569.223868694772,4208.827508360278,0.9304099284020708,5518.47704404515
2026-07-14 07:20:00,-2814.5758922643467,-7298.302481074834,-797.4066107750255,4.491665574950754,-1.1386104177843903,-5.410819310960972,AJISAI (EGS),-6986.3513459999995,-3518.7438429999997,-796.4759620000001,-4171.775453735652,3779.558638074834,0.9306487750253609,5629.278355272952
2026-07-14 07:24:00,-1678.7773213982066,-7397.571407571501,-2066.9554823399712,4.93599806710856,0.3146082920281094,-5.126968195658679,AJISAI (EGS),-6286.738062,-4245.588443,-2066.070372,-4607.960740601794,3151.9829645715017,0.8851103399711064,5582.857653504762
2026-07-14 07:28:00,-463.92732818380284,-7148.506837672397,-3238.971592714195,5.147837740522086,1.7526670293979847,-4.60129426550507,AJISAI (EGS),-5315.471144,-4803.043819,-3238.177878,-4851.543815816197,2345.463018672396,0.7937147141951755,5388.754475639734
2026-07-14 07:32:00,772.7641478916249,-6562.953720297176,-4258.205409627286,5.11733005050679,3.1076034846287257,-3.8588615829987383,AJISAI (EGS),-4111.847525,-5173.93133,-4257.547231,-4884.611672891625,1389.0223902971757,0.658178627286361,5078.26888111442
2026-07-14 07:36:00,1973.1047565909485,-5668.6328717222195,-5076.682611780766,4.846157728437688,4.315612828999361,-2.934970124625372,AJISAI (EGS),-2725.551806,-5348.294399,-5076.199314,-4698.656562590948,320.3384727222192,0.483297780765497,4709.563723304073
2026-07-14 07:40:00,3080.6769968673248,-4507.774369877299,-5655.954264801964,4.347348328014831,5.32005759735554,-1.873365648457567,AJISAI (EGS),-1214.53428,-5323.508132,-5655.677017,-4295.211276867325,-815.7337621227007,0.27724780196422216,4371.985997285608
2026-07-14 07:44:00,4043.483606767815,-3135.078268091045,-5968.8726012636735,3.644546947080252,6.074045548177772,-0.7240998145787751,AJISAI (EGS),357.474022,-5104.117144999999,-5968.821285,-3686.0095847678153,-1969.038876908954,0.05131626367347053,4178.968863297791
2026-07-14 07:48:00,4816.362024613196,-1615.1171785587587,-6000.824195007224,2.770833441964974,6.5424946526693795,0.4588312197399048,AJISAI (EGS),1923.692581,-4701.433683,-6001.004927,-2892.6694436131957,-3086.3165044412417,-0.18073199277569074,4229.998357950501
2026-07-14 07:52:00,5363.068465007427,-19.308969535559726,-5750.380802183641,1.7671647940025867,6.70364785657859,1.619962826694914,AJISAI (EGS),3417.1530860000003,-4132.9338339999995,-5750.785556,-1945.915379007427,-4113.62486446444,-0.40475381635860685,4550.65889203128
2026-07-14 07:56:00,5657.950247288323,1577.4062177647213,-5229.3508774085385,0.6805114521736372,6.550020327737663,2.7048689493026896,AJISAI (EGS),4773.583737,-3421.486954,-5229.959724,-884.3665102883233,-4998.893171764721,-0.60884659146177,5076.518239692405
2026-07-14 08:00:00,5687.139941265003,3100.046514667456,-4462.232930703821,-0.4382555821342011,6.088760770621819,3.6626289557244096,AJISAI (EGS),5934.202730999999,-2594.447015,-4463.014871,247.06278973499684,-5694.493529667456,-0.7819402961795276,5699.850629001324
2026-07-14 08:04:00,5449.218067254657,4477.082644004715,-3485.0890731174395,-1.536670989558559,5.341398333855006,4.448178689937882,AJISAI (EGS),6848.307425,-1682.638664,-3486.003239,1399.0893577453426,-6159.721308004715,-0.91416588256061,6316.614477625088
2026-07-14 08:08:00,4955.30599014929,5643.794673137999,-2343.877215309751,-2.563103418351497,4.342944143729735,5.024452280983072,AJISAI (EGS),7475.553318,-719.2630899999999,-2344.875829,2520.2473278507105,-6363.057763137998,-0.9986136902489307,6843.986534747032
2026-07-14 08:12:00,4228.57091618577,6545.334061396594,-1092.3054283397496,-3.469206831303165,3.1403347488729096,5.364201128696454,AJISAI (EGS),7787.807688,261.249022,-1093.337153,3559.2367718142295,-6284.085039396594,-1.0317246602503474,7222.042110418524
2026-07-14 08:16:00,3303.1523144072676,7139.335532125145,210.6992619642544,-4.212266701232749,1.7902476508150584,5.451367818923,AJISAI (EGS),7770.477264,1224.401818,209.685469,4467.324949592732,-5914.933714125144,-1.0137929642543781,7412.383832177349
2026-07-14 08:20:00,2222.5523495091334,7397.937639667296,1503.7871302924782,-4.75729554047293,0.3563792259883859,5.281906002385132,AJISAI (EGS),7423.229378,2136.7781600000003,1502.8389339999999,5200.677028490867,-5261.159479667296,-0.9481962924783147,7397.759223186563
2026-07-14 08:24:00,1037.5677712493075,7309.100165442084,2726.104564162075,-5.0787371454457615,-1.0936632399828872,4.863975024765482,AJISAI (EGS),6760.05824,2967.122259,2725.264015,5722.490468750693,-4341.977906442084,-0.8405491620746943,7183.291029291282
2026-07-14 08:28:00,-196.12869035240627,6877.148704281094,3820.1823719943936,-5.161668768654394,-2.491659243725463,4.21749359850383,AJISAI (EGS),5808.690585,3687.320933,3819.483986,6004.819275352406,-3189.827771281094,-0.6983859943934476,6799.474702344506
2026-07-14 08:32:00,-1420.6284113728568,6122.526184803705,4734.643995413868,-5.00243908714391,-3.772052212693098,3.3730965211079207,AJISAI (EGS),4609.3675,4273.252817,4734.113659,6029.995911372857,-1849.2733678037057,-0.530336413868099,6307.191368691626
2026-07-14 08:36:00,-2578.5111406297856,5080.779782882327,5426.6007036220335,-4.608734625075615,-4.875015280921083,2.370587144328478,AJISAI (EGS),3213.0727829999996,4705.486807,5426.255803,5791.583923629785,-375.2929758823266,-0.34490062203349225,5803.7306347857
2026-07-14 08:40:00,-3615.520232942927,3800.8524945788454,5863.626699383191,-3.999113809359291,-5.749159689323885,1.2570048387233836,AJISAI (EGS),1679.3029680000002,4969.819471,5863.478159,5294.8232009429275,1168.9669764211544,-0.14854038319117535,5422.327594610176
2026-07-14 08:44:00,-4483.0687451002605,2342.777257340923,6025.236331692259,-3.202075489616494,-6.353793772533394,0.08442817075450039,AJISAI (EGS),73.489768,5057.647428,6025.289546,4556.558513100261,2714.8701706590773,0.053214307740745426,5304.031064169277
2026-07-14 08:48:00,-5140.473422815291,774.8878762613227,5903.812846679842,-2.2547346755320876,-6.6606857176287475,-1.0923828464898588,AJISAI (EGS),-1535.807339,4966.183933,5904.066854000001,3604.666083815291,4191.296056738677,0.2540073201589621,5528.162468267477
2026-07-14 08:52:00,-5556.830098078203,-829.3311470062707,5504.960147510077,-1.2011681531757532,-6.655307335458533,-2.2184255863035407,AJISAI (EGS),-3079.829882,4698.525074,5505.405312,2477.0002160782033,5527.856221006271,0.4451644899227176,6057.451994753291
2026-07-14 08:56:00,-5712.45732969221,-2394.6288793039616,4847.266015264389,-0.09047825366867487,-6.3375368562003835,-3.2409107828303876,AJISAI (EGS),-4492.561014999999,4263.569411,4847.882226,1219.8963146922106,6658.1982903039625,0.6162107356103661,6769.028872099891
2026-07-14 09:00:00,-5599.845742258591,-3847.4725682869002,3961.4802430367617,1.0253829137936188,-5.7217851037956695,-4.111670898174572,AJISAI (EGS),-5713.575438,3675.789483,3962.238984,-113.72969574140916,7523.2620512869,0.7587409632383242,7524.121670448641
2026-07-14 09:04:00,-5224.061578006674,-5119.488628383561,2889.12849089418,2.093975698569031,-4.836497298519405,-4.789438146311359,AJISAI (EGS),-6690.684222,2954.8427420000003,2889.994971,-1466.6226439933262,8074.331370383561,0.8664801058203011,8206.449281475017
2026-07-14 09:08:00,-4602.568697868722,-6150.704735009616,1680.605694273039,3.0648409393279072,-3.722988434549655,-5.241882793354154,AJISAI (EGS),-7382.247026999999,2125.017954,1681.539309,-2779.6783291312777,8275.722689009617,0.9336147269609683,8730.074370271257
2026-07-14 09:12:00,-3764.456878080237,-6892.431038392068,392.8219688693189,3.8919570838857993,-2.433603098193143,-5.447281176533738,AJISAI (EGS),-7759.037525000001,1214.5227209999998,393.777725,-3994.5806469197637,8106.953759392069,0.9557561306810953,9037.664228944162
2026-07-14 09:16:00,-2749.096186634088,-7309.622907435001,-913.4939684156964,4.536039115981772,-1.0292488649022704,-5.395681072051915,AJISAI (EGS),-7805.559252999999,254.620146,-912.563155,-5056.463066365912,7564.2430534350015,0.9308134156963206,9098.658834101641
2026-07-14 09:20:00,-1604.2744570793054,-7382.587814083242,-2176.699584951865,4.966520666201669,0.4235770301447663,-5.089457376487689,AJISAI (EGS),-7520.7285329999995,-721.365143,-2175.840457,-5916.454075920694,6661.222671083242,0.8591279518650481,8909.338754606471
2026-07-14 09:24:00,-383.9116389371454,-7107.93561043386,-3337.1972613156986,5.163076588199736,1.8560847936870175,-4.543201693123374,AJISAI (EGS),-6917.881811,-1679.137242,-3336.4531030000003,-6533.9701720628545,5428.798368433861,0.7441583156983143,8494.976073438278
2026-07-14 09:28:00,854.5255107880417,-6498.720475248213,-4340.286806338391,5.116585185061369,3.2005926480110465,-3.7829541613140076,AJISAI (EGS),-6024.108106,-2584.575433,-4339.695796,-6878.633616788042,3914.145042248213,0.5910103383912428,7914.299223244975
2026-07-14 09:32:00,2052.7674816662898,-5583.776570812032,-5138.761251817325,4.829486907718434,4.393809542139752,-2.844848313476141,AJISAI (EGS),-4878.949111999999,-3404.89153,-5138.3552819999995,-6931.71659366629,2178.8850408120325,0.4059698173250581,7266.101782991657
2026-07-14 09:36:00,3154.500650190495,-4406.299218350924,-5695.118191350897,4.315554323649009,5.379812085079938,-1.7732844265150094,AJISAI (EGS),-3532.5549730000002,-4109.757216,-5694.920632,-6687.055623190496,296.5420023509241,0.19755935089688137,6693.627574479448
2026-07-14 09:40:00,4108.005558567085,-3021.7622526937635,-5983.289406309866,3.5991319019780903,6.112582425479647,-0.6187650827107113,AJISAI (EGS),-2043.40218,-4672.368581000001,-5983.312502000001,-6151.407738567085,-1650.6063283062372,-0.023095690135050972,6369.012358103965
2026-07-14 09:44:00,4868.556990407519,-1495.287244601848,-5989.823297849037,2.713925479961948,6.558030535112857,0.5644803242922107,AJISAI (EGS),-475.69064000000003,-5070.420462,-5990.066257,-5344.247630407519,-3575.133217398152,-0.24295915096354292,6429.818062456292
2026-07-14 09:48:00,5400.487547047048,101.4068532709466,-5714.482644838434,1.7014211714485552,6.695465947854201,1.7209774854005935,AJISAI (EGS),1103.4628089999999,-5286.966292,-5714.931148,-4297.024738047048,-5388.373145270946,-0.4485031615658954,6891.950881515371
2026-07-14 09:52:00,5678.834225307499,1693.3394338771045,-5170.242435133894,0.6090011661789085,6.518501950678246,2.7965135733677458,AJISAI (EGS),2626.918999,-5311.139585,-5170.869251,-3051.915226307499,-7004.479018877104,-0.6268158661059715,7640.4786019826815
2026-07-14 09:56:00,5690.50214550473,3205.7510941955634,-4382.690421365545,-0.5121875752077029,6.035372725179443,3.7405972267878282,AJISAI (EGS),4030.389591,-5138.712112,-4383.458234,-1660.1125545047298,-8344.463206195564,-0.767812634454458,8507.998617930776
2026-07-14 10:00:00,5434.892719356622,4567.589414729224,-3388.8503589905367,-1.6095552054063715,5.2686338880341905,4.508795295447747,AJISAI (EGS),5255.180364,-4772.455548000001,-3389.7158,-179.71235535662254,-9340.044962729226,-0.8654410094632112,9341.773770834934
2026-07-14 10:04:00,4923.958767705588,5714.845782781578,-2235.4684138911944,-2.6315081927808692,4.254215754539704,5.0648509446074925,AJISAI (EGS),6250.688733,-4222.275213999999,-2236.38508,1326.729965294412,-9937.120996781578,-0.9166661088056571,10025.297349493638
2026-07-14 10:08:00,4181.669959483009,6593.585907614423,-976.8287179009637,-3.5299040980062566,3.0398190184406535,5.382468037961896,AJISAI (EGS),6976.543435,-3505.090936,-977.7491970000001,2794.8734755169908,-10098.676843614423,-0.9204790990363563,10478.291491611804
2026-07-14 10:12:00,3242.900005297496,7162.519174088223,327.80701079184104,-4.262391280742618,1.6826873424488784,5.446639689569913,AJISAI (EGS),7404.2851900000005,-2644.444954,326.92875300000003,4161.385184702504,-9806.964128088222,-0.8782577918410084,10653.340923691847
2026-07-14 10:16:00,2151.7807373650726,7394.967485036297,1617.0129288266146,-4.794486982909071,0.24685229902877182,5.254414399277606,AJISAI (EGS),7518.502108,-1669.832331,1616.218168,5366.721370634927,-9064.799816036297,-0.7947608266144925,10534.338831008146
2026-07-14 10:20:00,959.6030761848122,7280.124674879041,2830.1216119421947,-5.101254134111858,-1.1999932277031065,4.815032956231815,AJISAI (EGS),7317.362233,-615.767734,2829.444068,6357.759156815187,-7895.892408879041,-0.6775439421949159,10137.367453521985
2026-07-14 10:24:00,-277.6249839948801,6823.5406162743975,3910.1023131574734,-5.168468953763914,-2.5897947735864983,4.1494258223767355,AJISAI (EGS),6812.519606,479.38081900000003,3909.567337,7090.14458999488,-6344.1597972743975,-0.5349761574734657,9514.12182634771
2026-07-14 10:28:00,-1501.8331160759171,6046.813726168576,4806.246311346375,-4.99322119131676,-3.857399485406911,3.289120060863648,AJISAI (EGS),6028.412093999999,1574.744658,4805.870795,7530.2452100759165,-4472.0690681685755,-0.3755163463747522,8758.081685811909
2026-07-14 10:32:00,-2655.618551310371,4986.523834537464,5476.528433163187,-4.583943583199638,-4.9435950826955075,2.2746519596756936,AJISAI (EGS),5001.009066,2628.438475,5476.320744,7656.627617310371,-2358.085359537464,-0.20768916318775155,8011.523767433982
2026-07-14 10:36:00,-3684.918451541521,3692.4772415741577,5889.540248944339,-3.9599124925437144,-5.79778312076804,1.1536057784304847,AJISAI (EGS),3776.09078,3599.121323,5889.501142,7461.00923154152,-93.35591857415784,-0.03910694433852768,7461.593267004706
2026-07-14 10:40:00,-4541.5056707266385,2225.363311961398,6025.919741185637,-3.150287629290545,-6.380198883520316,-0.021601554232772806,AJISAI (EGS),2407.153969,4447.581655,6026.045384999999,6948.6596397266385,2222.218343038602,0.12564381436277472,7295.34955767642
2026-07-14 10:44:00,-5185.2060045373955,653.9374301184989,5879.2291093121,-2.1927630726791794,-6.663633948719779,-1.1960884652749177,AJISAI (EGS),953.044956,5138.294696000001,5879.513113,6138.250960537395,4484.357265881502,0.28400368789971253,7601.814587535042
2026-07-14 10:48:00,-5585.751274281031,-948.1474588752825,5456.253910249364,-1.131890893359652,-6.6346394189758,-2.3149515450024793,AJISAI (EGS),-524.576652,5640.902616,5456.686801,5061.174622281032,6589.050074875283,0.43289075063603377,8308.493824624888
2026-07-14 10:52:00,-5724.195584824625,-2505.7335480912875,4776.713379671376,-0.017124529000493573,-6.294186854480499,-3.325719887255629,AJISAI (EGS),-1963.849493,5931.566287,4777.2806279999995,3760.3460918246255,8437.299835091288,0.5672483286234637,9237.328161286838
2026-07-14 10:56:00,-5593.832573621383,-3945.6408563359732,3872.386807527599,1.0993757135298006,-5.657749736225017,-4.18075526394888,AJISAI (EGS),-3305.301834,5994.133798999999,3873.06632,2288.530739621383,9939.774655335972,0.6795124724008019,10199.828116531598
2026-07-14 11:00:00,-5200.562725656779,-5200.095139647793,2785.678593090164,2.165120332870192,-4.754757105913261,-4.839513226341387,AJISAI (EGS),-4494.327792,5821.067494,2786.439941,706.2349336567786,11021.162633647793,0.7613479098358766,11043.767208633211
2026-07-14 11:04:00,-4562.676102837125,-6209.945057411502,1567.6681977612984,3.129767955250257,-3.6273787827365247,-5.270553463953769,AJISAI (EGS),-5483.4506679999995,5414.065444,1568.4744210000001,-920.7745651628748,11624.010501411502,0.8062232387017048,11660.422230209833
2026-07-14 11:08:00,-3710.0401882206297,-6927.506537872698,275.7207529523516,3.9475824894176417,-2.3286368186307635,-5.45316779696654,AJISAI (EGS),-6234.270223,4784.317583,276.531888,-2524.2300347793707,11711.824120872698,0.8111350476484063,11980.757996248729
2026-07-14 11:12:00,-2682.7151418246876,-7318.8778163767065,-1029.2338468146743,4.579720680904922,-0.9198977399961665,-5.378494597405087,AJISAI (EGS),-6718.993808,3952.35599,-1028.457342,-4036.2786661753125,11271.233806376706,0.7765048146743538,11972.145070620836
2026-07-14 11:16:00,-1529.056298235964,-7365.590164183761,-2285.616862741899,4.996191216976263,0.5321292023043149,-5.050016240391513,AJISAI (EGS),-6921.471224999999,2947.483002,-2284.911387,-5392.414926764035,10313.07316618376,0.705475741898681,11637.766854991687
2026-07-14 11:20:00,-303.40028002664405,-7065.497133990198,-3434.156263502764,5.177344680433874,1.9587008714123726,-4.483388620224927,AJISAI (EGS),-6837.6826679999995,1806.787217,-3433.553515,-6534.282387973355,8872.284350990198,0.6027485027639159,11018.814650129572
2026-07-14 11:24:00,936.5399285366409,-6432.854801485831,-4420.722023193807,5.114797319372098,3.2924347295966427,-3.7056169792164466,AJISAI (EGS),-6475.663826,573.786044,-4420.247843,-7412.203754536641,7006.64084548583,0.47418019380711485,10199.695125896867
2026-07-14 11:28:00,2132.4291687982104,-5497.59914991387,-5198.892247408077,4.811749908286951,4.470569578089596,-2.753653696550511,AJISAI (EGS),-5854.892138,-703.241974,-5198.565609,-7987.321306798211,4794.35717591387,0.32663840807708766,9315.74809099957
2026-07-14 11:32:00,3228.0695511017784,-4303.875747709985,-5732.124907687978,4.282720342879223,5.437908879586401,-1.672536207740338,AJISAI (EGS),-5005.189184000001,-1973.16083,-5731.957614,-8233.25873510178,2330.7149177099855,0.16729368797768984,8556.797383060602
2026-07-14 11:36:00,4172.031108123355,-2907.9145723183287,-5995.440801966312,3.552750783818958,6.149318412230503,-0.5131990177453479,AJISAI (EGS),-3965.21481,-3184.0328999999997,-5995.436552,-8137.245918123355,-276.11832768167096,0.004249966312272591,8141.929283831627
2026-07-14 11:40:00,4920.037038427474,-1375.3667208425436,-5976.55495426269,2.656169623463845,6.571705880444194,0.6699150638613728,AJISAI (EGS),-2780.646218,-4285.242584,-5976.70795,-7700.683256427474,-2909.875863157456,-0.15299573730953853,8232.126103153212
2026-07-14 11:44:00,5437.006381896136,221.768168496688,-5676.421171288546,1.6349870599061664,6.685449748634886,1.8213420632426849,AJISAI (EGS),-1502.133235,-5229.613319,-5676.715894999999,-6939.139616896136,-5451.381487496688,-0.29472371145311627,8824.353734515698
2026-07-14 11:48:00,5698.674460806174,1808.4895832103905,-5109.176206059248,0.5369903664268854,6.485260417223108,2.8871020608388207,AJISAI (EGS),-183.11543400000002,-5975.441159,-5109.588801,-5881.789894806174,-7783.93074221039,-0.41259494075166003,9756.281583493099
2026-07-14 11:52:00,5692.7258028319675,3310.280496184456,-4301.487661122747,-0.5864058042984129,5.9804530997075265,3.8171517149105982,AJISAI (EGS),1122.415102,-6488.366422,-4301.987929999999,-4570.310700831968,-9798.646918184455,-0.5002688772519832,10812.086828159208
2026-07-14 11:56:00,5419.3874004090385,4656.583761072126,-3291.327227866783,-1.68249683794474,5.194601841751727,4.567705946396861,AJISAI (EGS),2362.12289,-6743.003027,-3291.880886,-3057.2645104090384,-11399.586788072127,-0.5536581332171409,11802.433881701372
2026-07-14 12:00:00,4891.445728918032,5784.118132181728,-2126.2118163354685,-2.699737937046374,4.164544461890509,5.103331405892958,AJISAI (EGS),3487.427766,-6724.244196000001,-2126.7835750000004,-1404.017962918032,-12508.362328181727,-0.5717586645318988,12586.913636796762
2026-07-14 12:04:00,4133.672417636364,6639.876392388998,-860.9810552089564,-3.590201731549496,2.9387306997429494,5.398695248162279,AJISAI (EGS),4455.412459,-6428.1679970000005,-861.5392959999999,321.740041363636,-13068.044389388999,-0.558240791043545,13072.004480143463
2026-07-14 12:08:00,3181.6721736450977,7183.651437604207,444.79128038985203,-4.31191071095068,1.5749525064235466,5.43984743005379,AJISAI (EGS),5230.4587599999995,-5862.47114,444.272759,2048.786586354902,-13046.122577604207,-0.518521389852026,13206.015336018902
2026-07-14 12:12:00,2080.2006648276592,7389.952847635347,1729.626776293047,-4.830897027884677,0.13755704826164744,5.224932531074475,AJISAI (EGS),5785.529984,-5046.386863,1729.170058,3705.3293191723405,-12436.339710635348,-0.4567182930470608,12976.59473708089
2026-07-14 12:16:00,881.0349083704642,7249.208056759909,2933.067413167238,-5.1228511514544355,-1.3056972113201912,4.764268821930291,AJISAI (EGS),6103.047939,-4010.081769,2932.691139,5222.013030629536,-11259.289825759908,-0.3762741672380798,12411.326585587356
2026-07-14 12:20:00,-359.4916667100616,6768.186044435709,3998.542566023364,-5.174254440043534,-2.6869409296811364,4.079789742671699,AJISAI (EGS),6175.338809999999,-2793.551173,3998.2607629999998,6534.830476710061,-9561.737217435708,-0.2818030233643185,11581.486435429899
2026-07-14 12:24:00,-1583.1580545587603,5969.63119615484,4876.03042162027,-4.982941497892463,-3.941441961505763,3.2039018177095477,AJISAI (EGS),6004.645065000001,-1445.061013,4875.851426,7587.803119558761,-7414.69220915484,-0.17899562027014326,10609.072380266174
2026-07-14 12:28:00,-2732.5906229999473,4891.1427330739725,5524.384975170051,-4.558092768733165,-5.010616714052641,2.1778584168938417,AJISAI (EGS),5602.723888,-19.210324,5524.311605000001,8335.314510999948,-4910.353057073972,-0.07337017005011148,9674.142605305402
2026-07-14 12:32:00,-3753.9321031298614,3583.374000649077,5913.226703295708,-3.919702000461819,-5.84466788548268,1.0497707677656387,AJISAI (EGS),4990.076899000001,1425.294989,5913.257662,8744.009002129862,-2158.079011649077,0.030958704292061157,9006.386536830782
2026-07-14 12:36:00,-4599.326554831702,2107.6523356510343,6024.324296281943,-3.097587404507424,-6.404765191213238,-0.12762499339857353,AJISAI (EGS),4194.871128,2828.061351,6024.455819,8794.197682831702,720.4090153489656,0.13152271805665805,8823.655821223805
2026-07-14 12:40:00,-5229.119463923763,533.1348463486411,5852.421301807167,-2.1300180986347166,-6.66472780463192,-1.299345480975567,AJISAI (EGS),3251.616337,4129.526471,5852.648983,8480.735800923763,3596.391624651359,0.2276811928331881,9211.781179270989
2026-07-14 12:44:00,-5613.688114841825,-1066.3775543231766,5405.482567762138,-1.0620157443988565,-6.612187080374462,-2.4106063251050625,AJISAI (EGS),2199.660393,5273.4878229999995,5405.80248,7813.348507841825,6339.865377323176,0.3199122378618995,10061.923673429403
2026-07-14 12:48:00,-5734.830061537068,-2615.8404935016115,4704.351707848721,0.05662251900940399,-6.249205519426296,-3.409274343551334,AJISAI (EGS),1081.561161,6209.547892,4704.758961,6816.391222537068,8825.38838550161,0.40725315127929207,11151.263140087864
2026-07-14 12:52:00,-5586.647875695898,-4042.446072381702,3781.8259065012467,1.173537283152939,-5.592313300614582,-4.248258835589888,AJISAI (EGS),-58.609141,6895.379532,3782.311886,5528.038734695898,10937.825604381702,0.48597949875329505,12255.416820342842
2026-07-14 12:56:00,-5175.879840167666,-5279.036820257413,2681.172553101684,2.236199762797248,-4.671913560535382,-4.8877548568646345,AJISAI (EGS),-1176.9727779999998,7298.714455,2681.723442,3998.907062167666,12577.751275257413,0.5508888983158613,13198.147034245849
2026-07-14 13:00:00,-4521.643107041683,-6267.297024708737,1454.1363572382297,3.194397913911165,-3.531017474024051,-5.297224573826652,AJISAI (EGS),-2231.510977,7398.9497,1454.73107,2290.132130041683,13666.246724708737,0.5947127617703245,13856.803566022894
2026-07-14 13:04:00,-3654.580940895249,-6960.5593917506885,158.51553624463025,4.002692873481978,-2.2233077656104334,-5.456984174386726,AJISAI (EGS),-3183.620784,7188.271422,159.126301,470.96015689524893,14148.830813750688,0.6107647553697575,14156.666883082236
2026-07-14 13:08:00,-2615.4389053721516,-7326.071677640738,-1144.5823132249145,4.622694253166156,-0.8105906777629555,-5.359266518947877,AJISAI (EGS),-3999.503872,6672.222911000001,-1143.984101,-1384.0649666278482,13998.29458864074,0.598212224914505,14066.552085712867
2026-07-14 13:12:00,-1453.1326486136165,-7346.590822094085,-2393.6660124377327,5.024995387640319,0.6402329317988679,-5.008659969069487,AJISAI (EGS),-4651.3296550000005,5869.659892,-2393.106291,-3198.1970063863837,13216.250714094083,0.5597214377326054,13597.711106753934
2026-07-14 13:16:00,-222.4062257917928,-7021.2110530249965,-3529.811889108199,5.190630024013191,2.060486715490416,-4.421877972494248,AJISAI (EGS),-5118.1162079999995,4812.071871,-3529.314243,-4895.709982208206,11833.282924024996,0.49764610819920563,12806.036125107812
2026-07-14 13:20:00,1018.7918814363392,-6365.382657493847,-4499.480666663086,5.111957306906888,3.3831058642903913,-3.626879525978553,AJISAI (EGS),-5386.298758000001,3542.308782,-4499.065981,-6405.09063943634,9907.691439493847,0.41468566308594745,11797.77673680846
2026-07-14 13:24:00,2212.0724823612745,-5410.1316233731195,-5257.052926298376,4.792940791996972,4.545874820951401,-2.6614208666611754,AJISAI (EGS),-5449.98011,2112.782486,-5256.737929,-7662.052592361275,7522.91410937312,0.314997298376511,10737.84367200131
2026-07-14 13:28:00,3301.3653477629086,-4200.538551401166,-5766.960493111856,4.2488438821055174,5.49433636936088,-1.5711590444531607,AJISAI (EGS),-5310.876829,583.2365060000001,-5766.7561399999995,-8612.24217676291,4783.775057401166,0.20435311185610772,9851.660730698539
2026-07-14 13:32:00,4235.54172620777,-2793.571778899445,-6005.322241034433,3.505404624692139,6.184248848040279,-0.40744138480716796,AJISAI (EGS),-4977.987611,-981.8061389999999,-6005.232874,-9213.529337207769,1811.765639899445,0.08936703443305305,9389.974312504532
2026-07-14 13:36:00,4970.784310390857,-1255.3924251900196,-5961.024187423999,2.5975704176104513,6.58352313554689,0.7750957478730044,AJISAI (EGS),-4467.02208,-2515.801834,-5961.0482139999995,-9437.806390390857,-1260.4094088099803,-0.024026576000323985,9521.597625445873
2026-07-14 13:40:00,5472.608609359596,341.7395890580853,-5636.210743129513,1.5678703608586824,6.6736086942287765,1.921018723624204,AJISAI (EGS),-3799.632565,-3953.037053,-5636.340801,-9272.241174359595,-4294.776642058086,-0.1300578704876898,10218.589081549966
2026-07-14 13:44:00,5717.456863523389,1922.8243453825505,-5046.175236856433,0.46449000356292874,6.4503117609783525,2.9766001528732695,AJISAI (EGS),-3002.490275,-5231.462321999999,-5046.398907,-8719.947138523388,-7154.28666738255,-0.22367014356677828,11279.241812628998
2026-07-14 13:48:00,5693.799771715607,3413.6069760673718,-4218.655327064403,-0.6608967390278324,5.924023857816021,3.8922633477038717,AJISAI (EGS),-2106.237927,-6295.402665,-4218.9561459999995,-7800.037698715607,-9709.009641067372,-0.300818935596908,12454.134108889943
2026-07-14 13:52:00,5402.694464469457,4744.043828910014,-3192.5565677347895,-1.7554804045567733,5.119329135951336,4.624888173614666,AJISAI (EGS),-1144.350482,-7098.032856,-3192.9150830000003,-6547.044946469457,-11842.076684910015,-0.35851526521082633,13531.392310878942
2026-07-14 13:56:00,4857.763103171137,5851.596810257321,-2016.1487939048136,-2.767775974619971,4.073960957632337,5.139878934032356,AJISAI (EGS),-151.936657,-7603.505991999999,-2016.54428,-5009.699760171137,-13455.10280225732,-0.39548609518647027,14357.467856930092
2026-07-14 14:00:00,4084.57858214847,6684.198276787869,-744.8063375384928,-3.6500827009695613,2.8371027764223693,5.412876532167647,AJISAI (EGS),835.484606,-7788.628019000001,-745.21835,-3249.09397614847,-14472.826295787869,-0.4120124615071745,14833.047995056422
2026-07-14 14:04:00,3119.4731549632215,7202.733114185326,561.6077368442687,-4.360808463302725,1.4670768026374892,5.430993644572911,AJISAI (EGS),1783.192399,-7643.979985999999,561.1984100000001,-1336.2807559632215,-14846.713100185325,-0.40932684426866217,14906.72788728367
2026-07-14 14:08:00,2007.8202921667198,7382.902511516887,1841.586014063704,-4.866510458827601,0.028526142326789745,5.193471692408816,AJISAI (EGS),2658.414686,-7174.421883,1841.195512,650.5943938332803,-14557.324394516887,-0.39050206370393425,14571.855295224956
2026-07-14 14:12:00,801.8748503860013,7216.366654951853,3034.903007401233,-5.1435150029400045,-1.4107451173393397,4.711702011501234,AJISAI (EGS),3431.38527,-6398.9398200000005,3034.5463480000003,2629.510419613999,-13615.306474951853,-0.35665940123271866,13866.899277810104
2026-07-14 14:16:00,-441.71429115157594,6711.108093207991,4085.4696990696543,-5.179014634073195,-2.783071668187919,4.008611849315872,AJISAI (EGS),4076.2616740000003,-5349.833147,4085.164486,4517.975965151576,-12060.94124020799,-0.3052130696542008,12879.37927520547
2026-07-14 14:20:00,-1664.5865943734364,5891.007344673682,4943.969975830459,-4.971592452767552,-4.02415881404056,3.1174740704298722,AJISAI (EGS),4571.874535,-4071.304698,4943.73419,6236.461129373436,-9962.312042673682,-0.2357858304585534,11753.344575455185
2026-07-14 14:24:00,-2809.4093065227016,4794.669508030544,5570.152268894781,-4.531177969281493,-5.076065462904682,2.0802430465815407,AJISAI (EGS),4902.303803999999,-2617.536787,5569.999886,7711.713110522701,-7412.206295030544,-0.15238289478111255,10696.322792545048
2026-07-14 14:28:00,-3822.5425474056015,3473.5785354986697,5934.677112284984,-3.8784816381939784,-5.889805985812729,0.9455389092652563,AJISAI (EGS),5057.279854,-1050.344666,5934.61678,8879.822401405601,-4523.92320149867,-0.06033228498381504,9965.797861546394
2026-07-14 14:32:00,-4656.513018950287,1989.6811718119188,6020.450564775207,-3.0439776900762125,-6.427491723967825,-0.23360222923911836,AJISAI (EGS),5032.411914,563.4851090000001,6020.487285,9688.924932950287,-1426.1960628119186,0.036720224793498346,9793.329442394672
2026-07-14 14:36:00,-5272.196534297299,412.5163520113194,5823.399491520778,-2.066506118567997,-6.663973376947141,-1.4021149447214816,AJISAI (EGS),4829.250167,2155.054343,5823.535457,10101.4467012973,1742.5379909886803,0.13596547922225,10250.642132455683
2026-07-14 14:40:00,-5640.625278326108,-1183.9874952555285,5352.665241909093,-0.9915523338033517,-6.587963241496449,-2.5053537109468698,AJISAI (EGS),4455.193693,3656.296476,5352.899693,10095.818971326109,4840.283971255529,0.2344510909069868,11196.156022454701
2026-07-14 14:44:00,-5744.348082793796,-2724.9196499788354,4630.208315178326,0.13075039415366363,-6.202612091536082,-3.4915423604793583,AJISAI (EGS),3923.2518990000003,5002.898489,4630.537284,9667.599981793795,7727.818138978835,0.3289688216736977,12376.65797803794
2026-07-14 14:48:00,-5578.282260002672,-4137.863449407501,3689.8317977906036,1.2478528220006146,-5.525500552570582,-4.3141557917667965,AJISAI (EGS),3251.6587799999998,6137.091956,3690.247787,8829.941040002672,10274.955405407502,0.41598920939622985,13547.788289092921
2026-07-14 14:52:00,-5150.007291322392,-5356.295399377848,2575.649975580089,2.3071976012120756,-4.587995834912962,-4.934144495795337,AJISAI (EGS),2463.3389389999998,7010.196802,2576.141645,7613.346230322391,12366.492201377849,0.491669419910977,14522.161355364502
2026-07-14 14:56:00,-4479.4681214106495,-6322.749763054298,1340.0532524213747,3.258713671358729,-3.4339367294593894,-5.321885835854338,AJISAI (EGS),1585.226109,7584.800147,1340.604791,6064.69423041065,13907.549910054298,0.5515385786252409,15172.358449272888
2026-07-14 15:00:00,-3598.0816645785444,-6991.5866689016075,41.250816505769194,4.057271214567528,-2.1176496316823146,-5.45872883298759,AJISAI (EGS),647.43861,7836.45142,41.839825,4245.520274578545,14828.038088901609,0.5890084942308036,15423.850242877274
2026-07-14 15:04:00,-2547.2739897081797,-7331.209654489278,-1259.4955862198383,4.664943792581467,-0.7013611538598105,-5.338004255044577,AJISAI (EGS),-317.66686200000004,7754.773108,-1258.897862,2229.6071277081796,15085.982762489279,0.5977242198382555,15249.853252124263
2026-07-14 15:08:00,-1376.5136737922405,-7325.602790371819,-2500.8060650378875,5.052918894810479,0.7478566403506769,-4.965404475696778,AJISAI (EGS),-1276.534533,7343.925095,-2500.230409,99.97914079224051,14669.52788537182,0.5756560378877111,14669.868593129075
2026-07-14 15:12:00,-140.94279269707715,-6975.097564005477,-3624.1279274421922,5.2029207403842435,2.161414197837022,-4.358693315285723,AJISAI (EGS),-2195.511239,6622.388585,-3623.6042469999998,-2054.568446302923,13597.486149005475,0.5236804421924717,13751.831926953606
2026-07-14 15:16:00,1101.2655423794747,-6296.330441020963,-4576.53298221976,5.108056174500504,3.472582700957181,-3.546771809861428,AJISAI (EGS),-3041.966853,5622.076849,-4576.08946,-4143.232395379475,11918.407290020963,0.4435222197598705,12618.034997956644
2026-07-14 15:20:00,2291.679827174348,-5321.405312916973,-5313.221363217401,4.773053844693892,4.619707734910014,-2.5681847948374434,AJISAI (EGS),-3785.389179,4386.83572,-5312.883448,-6077.069006174348,9708.241032916972,0.3379152174011324,11453.414852051957
2026-07-14 15:24:00,3374.3694877832168,-4096.322386008718,-5799.611846494331,4.213922704048864,5.54908356016806,-1.4691912143086678,AJISAI (EGS),-4398.418917,2970.4275610000004,-5799.400401,-7772.788404783217,7066.749947008719,0.2114454943312012,10505.008064908345
2026-07-14 15:28:00,4298.518751139657,-2678.7704376367437,-6012.930030980685,3.4570947562844876,6.2173696999395425,-0.3015320156135449,AJISAI (EGS),-4857.797303,1434.111804,-6012.859576999999,-9156.316054139657,4112.882241636744,0.0704539806856701,10037.625417489451
2026-07-14 15:32:00,5020.780890401326,-1135.401039526614,-5943.236871950389,2.538132729612525,6.593485360059578,0.8799827790979574,AJISAI (EGS),-5145.205105999999,-156.06136999999998,-5943.315243,-10165.985996401327,979.3396695266141,-0.07837104961072328,10213.049371929932
2026-07-14 15:36:00,5507.277890313847,461.28600685872084,-5593.866532053634,1.5000793069619327,6.659952794675113,2.0199698803928525,AJISAI (EGS),-5247.972350999999,-1732.124535,-5594.094985999999,-10755.250241313846,-2193.4105418587205,-0.22845394636533456,10976.632343784215
2026-07-14 15:40:00,5735.167443267796,2036.3118100670424,-4981.263306039887,0.39151135251076036,6.413672529225296,3.0649739906804476,AJISAI (EGS),-5159.640662,-3227.118071,-4981.636831,-10894.808105267795,-5263.4298810670425,-0.3735249601131727,12099.608997940353
2026-07-14 15:44:00,5693.713085936021,3515.703312979208,-4134.224715442661,-0.7356465493126064,5.866107392533358,3.965903588824739,AJISAI (EGS),-4880.357099000001,-4577.956322999999,-4134.7321,-10574.070184936023,-8093.659635979207,-0.5073845573388098,13316.091274712377
2026-07-14 15:48:00,5384.80650812691,4829.948378497273,-3092.5757428173088,-1.8284901649699785,5.042843034171963,4.680320158678309,AJISAI (EGS),-4417.070825,-5728.123732,-3093.199147,-9801.87733312691,-10558.072110497273,-0.623404182691047,14406.584825445627
2026-07-14 15:52:00,4822.907417627372,5917.267582881414,-1905.3210270216273,-2.835605428432508,3.9824961295854377,5.174479534118936,AJISAI (EGS),-3783.505619,-6630.086636,-1906.0357620000002,-8606.413036627371,-12547.354218881414,-0.7147349783729169,15215.335808386119
2026-07-14 15:56:00,4034.3890824477285,6726.545029180695,-628.3485881126741,-3.709529842607347,2.7349682873531154,5.425006447098312,AJISAI (EGS),-2999.887903,-7247.311111,-629.124504,-7034.276985447728,-13973.856140180695,-0.7759158873259366,15644.478538337758
2026-07-14 16:00:00,3056.307645807741,7219.765698344214,678.212110188322,-4.409067949771965,1.359093799799084,5.420081728580043,AJISAI (EGS),-2092.418115,-7555.786634,677.409009,-5148.725760807742,-14775.552332344214,-0.803101188321989,15646.92699320922
2026-07-14 16:04:00,1934.648146114235,7373.825924607668,1952.848233977359,-4.901312073092708,-0.08020798347025371,5.160043934144174,AJISAI (EGS),-1092.487922,-7544.9717120000005,1952.0549310000001,-3027.136068114235,-14918.79763660767,-0.7933029773589624,15222.814336588957
2026-07-14 16:08:00,722.1348394899304,7181.617405462762,3135.5898580441244,-5.163232577431606,-1.5151072336719507,4.65735259711643,AJISAI (EGS),-35.667724,-7218.115686,3134.8439270000003,-757.8025634899304,-14399.733091462762,-0.7459310441240632,14419.65944074314
2026-07-14 16:12:00,-524.2780830183265,6652.330359194561,4170.850856288795,-5.182739088849965,-2.878161412898905,3.9359192089043855,AJISAI (EGS),1039.501696,-6591.9511919999995,4170.18883,1563.7797790183265,-13244.281551194561,-0.66202628879455,13336.28139485884
2026-07-14 16:16:00,-1746.1018180703984,5810.971291452033,5010.039322300533,-4.959166703691482,-4.1055297632932,3.029869544550058,AJISAI (EGS),2092.868879,-5695.781739,5009.496655,3838.9706970703983,-11506.753030452033,-0.5426673005331395,12130.25397966877
2026-07-14 16:20:00,-2886.056322003501,4697.137420677641,5613.8130422632885,-4.503195221707588,-5.13992721592177,1.981842680076156,AJISAI (EGS),3084.125747,-4570.032480000001,5613.42141,5970.182069003501,-9267.169900677642,-0.3916322632885567,11023.770319561834
2026-07-14 16:24:00,-3890.73097801947,3363.1266944083827,5953.8833680877715,-3.8362509988201627,-5.933190047162815,0.8409494508192631,AJISAI (EGS),3974.3015499999997,-3264.358858,5953.664812,7865.03252801947,-6627.485552408383,-0.21855608777150337,10285.052331512608
2026-07-14 16:28:00,-4713.046591343581,1871.4865985475699,6014.299972549106,-2.989461677415284,-6.44837813211683,-0.33949335856739793,AJISAI (EGS),4727.2537680000005,-1835.415196,6014.262843,9440.300359343582,-3706.90179454757,-0.03712954910588451,10142.01123004807
2026-07-14 16:32:00,-5314.4199339000625,292.1179621213816,5792.174581248218,-2.0022338303301757,-6.6613773542160954,-1.50435808176152,AJISAI (EGS),5311.115455,-344.377974,5792.315336000001,10625.535388900062,-636.4959361213816,0.14075475178287888,10644.58216170454
2026-07-14 16:36:00,-5666.547488481665,-1300.9436935401343,5297.821829406818,-0.9205106224948033,-6.561981372611376,-2.5991578165219287,AJISAI (EGS),5699.6467999999995,1145.679895,5298.128178,11366.194288481664,2446.6235885401343,0.30634859318161034,11626.536013850542
2026-07-14 16:40:00,-5752.737115102697,-2832.9414253317354,4554.311195050267,0.20524628369887124,-6.154426287254839,-3.572492622033458,AJISAI (EGS),5873.438259,2572.457593,4554.76357,11626.175374102697,5405.3990183317355,0.45237494973298453,12821.32179540849
2026-07-14 16:44:00,-5568.726553709376,-4231.868796885673,3596.4392873629854,1.3223072481081666,-5.457336627087372,-4.378420914543277,AJISAI (EGS),5820.917557,3877.041049,3597.012401,11389.644110709376,8108.909845885673,0.5731136370145578,13981.359454136698
2026-07-14 16:48:00,-5122.939726127885,-5431.853259854517,2469.150855628948,2.37809723170677,-4.503033361922566,-4.978664306527942,AJISAI (EGS),5539.101507,5006.365971,2469.814841,10662.041233127886,10438.219230854516,0.6639853710516945,14920.976657349775
2026-07-14 16:52:00,-4436.149881526133,-6376.2930986091615,1225.4621752959508,3.3226979194613966,-3.3361688933888907,-5.3445277359944035,AJISAI (EGS),5034.035140999999,5915.425117,1226.184339,9470.185022526133,12291.718215609162,0.7221637040490805,15516.78902267917
2026-07-14 16:56:00,-3540.5452431479566,-7020.586150222007,-76.0288858496697,4.111300399869044,-2.0116960852188743,-5.458401096823832,AJISAI (EGS),4320.867953,6569.116295,-75.28298299999999,7861.413196147956,13589.702445222007,0.7459028496697186,15699.739824169485
2026-07-14 17:00:00,-2478.227275567411,-7334.297598554044,-1373.930052541952,4.706453242669967,-0.5922424718404455,-5.314716007216631,AJISAI (EGS),3423.53381,6943.632593,-1373.197345,5901.761085567411,14277.930191554045,0.7327075419518678,15449.597891300236
2026-07-14 17:04:00,-1299.209902795585,-7302.639701803435,-2606.9964014452344,5.0799475110371555,0.8549690595391386,-4.920266398088321,AJISAI (EGS),2374.030531,7027.323177,-2606.314911,3673.240433795585,14329.962878803435,0.6814904452344308,14793.259676514315
2026-07-14 17:08:00,-59.02363914278005,-6927.177404602435,-3717.0686809207864,5.214205073061438,2.2614556184417682,-4.293858843864235,AJISAI (EGS),1211.319979,6820.987972,-3716.473825,1270.34361814278,13748.165376602436,0.5948559207863582,13806.731129576603
2026-07-14 17:12:00,1183.9447787908246,-6225.72497664487,-4651.8498653582965,5.103085129452478,3.560842408749269,-3.465324346209821,AJISAI (EGS),-20.1083,6337.600235,-4651.371767,-1204.0530787908247,12563.325211644871,0.47809835829684744,12620.890793389955
2026-07-14 17:16:00,2371.2333520822635,-5231.451834050223,-5367.376387852555,4.752083582862139,4.692051367715848,-2.4739808170501503,AJISAI (EGS),-1271.945774,5601.488411,-5367.039400000001,-3643.179126082264,10832.940245050224,0.3369878525545573,11429.144701643738
2026-07-14 17:20:00,3447.0632233285005,-3991.262157139695,-5830.066690968835,4.177954843787082,5.602140075852147,-1.3666712062742594,AJISAI (EGS),-2493.9682080000002,4647.042999,-5829.889644999999,-5941.031431328501,8638.305156139695,0.17704596883595514,10484.09130396946
2026-07-14 17:24:00,4360.943395248516,-2563.5471129854486,-6018.261335218606,3.4078228150750447,6.248677560745079,-0.19551079417183562,AJISAI (EGS),-3636.0528879999997,3517.0348059999997,-6018.2571689999995,-7996.996283248516,6080.581918985448,0.004166218606769689,10046.164742218829
2026-07-14 17:28:00,5070.008812522436,-1015.429096367984,-5923.199731755158,2.477861752798222,6.601596222526348,0.9845366678655108,AJISAI (EGS),-4650.231257,2260.6399109999998,-5923.374341,-9720.240069522435,3276.069007367984,-0.17460924484203133,10257.470213491966
2026-07-14 17:32:00,5540.997915077145,580.3726049475993,-5549.404514341018,1.4316224645919677,6.644492628810634,2.118158211597535,AJISAI (EGS),-5492.704454,931.266124,-5549.755812,-11033.702369077146,350.89351905240073,-0.35129765898273035,11039.280517973155
2026-07-14 17:36:00,5751.792318688521,2148.92048749388,-4914.464915251365,0.31806601320308575,6.375359774956816,3.152190128355507,AJISAI (EGS),-6125.74988,-415.730568,-4914.982122,-11877.542198688521,-2564.65105549388,-0.5172067486355445,12151.273348319313
2026-07-14 17:40:00,5692.454963295869,3616.5428181015664,-4048.227730054777,-0.8106411066093725,5.8067265163901896,4.038044449244547,AJISAI (EGS),-6519.44442,-1725.352996,-4048.8922570000004,-12211.89938329587,-5341.895814101566,-0.6645269452233151,13329.153681987988
2026-07-14 17:44:00,5365.716378674693,4914.276790220578,-2991.4225795045345,-1.901510124460526,4.965171110885966,4.73398074288561,AJISAI (EGS),-6653.127694,-2945.2117009999997,-2992.209612,-12018.844072674692,-7859.488491220578,-0.7870324954656098,14360.507400726357
2026-07-14 17:48:00,4786.8755044188,5981.116895667851,-1793.7704893998923,-2.9032092257961026,3.8901810485820474,5.207119953098465,AJISAI (EGS),-6516.523179,-4027.6275929999997,-1794.648803,-11303.3986834188,-10008.744488667851,-0.878313600107731,15097.741182282458
2026-07-14 17:52:00,3983.1048917339504,6766.910824825145,-511.65193923095194,-3.76852586635088,2.632360313084953,5.435080336710782,AJISAI (EGS),-6110.445539,-4931.500199,-512.583824,-10093.55043073395,-11698.411023825145,-0.9318847690481107,15450.973485464676
2026-07-14 17:56:00,2992.1807080036297,7234.751383944293,794.5602114035456,-4.456672529961511,1.2510369621300435,5.4071158673675335,AJISAI (EGS),-5447.039262,-5623.862692,793.616799,-8439.219970003629,-12858.614075944293,-0.943412403545608,15380.64987398802
2026-07-14 18:00:00,1860.6931223362574,7362.733191992366,2063.371294548175,-4.935286689465351,-0.18861313926238749,5.12466205829518,AJISAI (EGS),-4549.514247,-6081.054545,2062.460514,-6410.207369336257,-13443.787736992366,-0.9107805481748983,14893.830536994854
2026-07-14 18:04:00,641.8271682739228,7144.97782704129,3235.089866931226,-5.181990854738461,-1.6187542197735871,4.6012413252030155,AJISAI (EGS),-3451.3726469999997,-6289.4576830000005,3234.257441,-4093.1998152739225,-13434.43551004129,-0.8324259312257709,14044.156895098751
2026-07-14 18:08:00,-607.1679421844904,6591.876919622608,4254.653769479888,-5.185417511132369,-2.9721850628429047,3.8617394539195566,AJISAI (EGS),-2195.1603999999998,-6245.772757000001,4253.944826999999,-1587.9924578155094,-12837.649676622608,-0.7089424798887194,12935.492637250696
2026-07-14 18:12:00,-1827.6865260378445,5729.552513002571,5074.213517553602,-4.94565710723694,-4.18553508165106,2.941121399801409,AJISAI (EGS),-830.8065479999999,-5956.847113,5073.667912,996.8799780378446,-11686.39962600257,-0.5456055536023996,11728.840787005814
2026-07-14 18:16:00,-2962.5131633290334,4598.579950133892,5655.35081819746,-4.474140818562866,-5.2021884607089515,1.8826944358126412,AJISAI (EGS),586.3761850000001,-5439.090542,5654.9999800000005,3548.8893483290335,-10037.670492133893,-0.3508381974597796,10646.569618352485
2026-07-14 18:20:00,-3958.478428498161,3252.0543961514727,5970.838208178994,-3.7930099691043764,-5.9748133176516145,0.7360417714528805,AJISAI (EGS),1997.943967,-4717.525456,5970.7037359999995,5956.422395498161,-7969.5798521514735,-0.13447217899465613,9949.531184507818
2026-07-14 18:24:00,-4768.908714170561,1753.1053149216464,6005.874803108403,-2.9340428792020115,-6.467424685305842,-0.4452585069066756,AJISAI (EGS),3344.726925,-3824.537172,6005.965267,8113.635639170561,-5577.642486921646,0.09046389159630053,9845.87116538277
2026-07-14 18:28:00,-5355.772374017708,171.97546682481638,5758.75830532064,-1.9372082677328226,-6.656947017111506,-1.6060363056492826,AJISAI (EGS),4569.297235,-2798.400877,5759.065666,9925.069609017708,-2970.3763438248166,0.3073606793604995,10360.026180578483
2026-07-14 18:32:00,-5691.439542950822,-1417.2129224188154,5240.972994584423,-0.8489009063614017,-6.534255485445946,-2.691983099026794,AJISAI (EGS),5618.421354,-1681.645823,5241.474015,11309.860896950822,-264.43290058118464,0.5010204155769316,11312.951803941733
2026-07-14 18:36:00,-5759.984777368758,-2939.876710235486,4476.689008496384,0.2800970588021039,-6.104668289912261,-3.6520942997473753,AJISAI (EGS),6445.405043,-519.308257,4477.3502,12205.389820368757,2420.568453235486,0.6611915036155551,12443.09819703816
2026-07-14 18:40:00,-5557.971808143398,-4324.438507853337,3501.683716231211,1.3968852006369141,-5.387847027539476,-4.4410295996913085,AJISAI (EGS),7012.227986,642.8634470000001,3502.4647059999998,12570.199794143398,4967.301954853337,0.7809897687889134,13516.064966746702
2026-07-14 18:44:00,-5094.672076518473,-5505.69344243827,2361.7155635640347,2.448881812891488,-4.41705582218519,-5.021297165475969,AJISAI (EGS),7291.370547,1760.1875870000001,2362.57183,12386.042623518473,7265.88102943827,0.8562664359651535,14359.912246903166
2026-07-14 18:48:00,-4391.687454096235,-6427.9175586214205,1110.4066134490797,3.3863331917251673,-3.2377464198481283,-5.365141537379536,AJISAI (EGS),7267.234036999999,2790.750932,1111.29251,11658.921491096235,9218.668490621421,0.885896550920279,14863.186060207097
2026-07-14 18:52:00,-3481.9749208315575,-7047.556326402927,-193.27904493463114,4.164763232145621,-1.905480756674379,-5.456001090063333,AJISAI (EGS),6937.0622410000005,3696.967905,-192.40742699999998,10419.037161831558,10744.524231402927,0.8716179346311606,14966.667534843871
2026-07-14 18:56:00,-2408.306015204826,-7335.3420443925515,-1487.8422838869267,4.747206538078824,-0.4832677502248986,-5.289410756524791,AJISAI (EGS),6311.289491,4446.929150999999,-1487.026034,8719.595506204827,11782.27119539255,0.8162498869266983,14657.873685493005
2026-07-14 19:00:00,-1221.232229516316,-7277.715811049354,-2712.196767937181,5.106067072375315,0.9615392419929168,-4.873263091578454,AJISAI (EGS),5413.278126,5015.479445,-2711.473082,6634.510355516316,12293.195256049354,0.7236859371810169,13969.229677563788
2026-07-14 19:04:00,23.33723491419605,-6877.471842926092,-3808.5989784695644,5.224471395053745,2.3605837141583663,-4.227399373431179,AJISAI (EGS),4278.446567,5384.98275,-3807.999367,4255.1093320858035,12262.454592926093,0.5996114695644792,12979.743773708009
2026-07-14 19:08:00,1266.8131547509515,-6153.593503227255,-4725.402872338443,5.097035566620003,3.647862683126639,-3.382568145410846,AJISAI (EGS),2952.8316680000003,5545.749278,-4724.950892,1686.0185132490487,11699.342781227255,0.4519803384428087,11820.206434067004
2026-07-14 19:12:00,2450.7149537296655,-5140.303082404262,-5419.497592533426,4.730024760243123,4.762889353883358,-2.378844620855424,AJISAI (EGS),1491.159948,5496.126982,-5419.208098,-959.5550057296655,10636.430064404261,0.2894945334255681,10679.6250125082
2026-07-14 19:16:00,3519.4276164119965,-3885.392905327566,-5858.313578315049,4.140938614734091,5.653496158878076,-1.2636377065732456,AJISAI (EGS),-45.474841999999995,5242.276874,-5858.193936,-3564.9024584119966,9127.669779327567,0.11964231504953204,9799.126754601959
2026-07-14 19:20:00,4422.796751501331,-2447.938354722772,-6021.3141740835745,3.357590747438269,6.2781696471947335,-0.08941764247764393,AJISAI (EGS),-1592.214414,4797.668428999999,-6021.366359000001,-6015.011165501331,7245.606783722771,-0.05218491642608569,9416.962195323838
2026-07-14 19:24:00,5118.450068496013,-895.5129656374387,-5900.9203375967645,2.4167630105200746,6.607859996341277,1.088718046255328,AJISAI (EGS),-3083.204918,4182.339558000001,-5901.142327,-8201.654986496012,5077.852523637439,-0.22198940323505667,9646.332506118857
2026-07-14 19:28:00,5573.752411887301,698.9648695204482,-5502.841465053861,1.3625087362100379,6.627239338142945,2.2155466731902296,AJISAI (EGS),-4454.419089,3421.967329,-5503.226028,-10028.1715008873,2723.002459479552,-0.38456294613934006,10391.29280664483
2026-07-14 19:32:00,5767.3177261044,2260.619318736303,-4845.8052802718985,0.244165911106878,6.335391048733147,3.238215545599961,AJISAI (EGS),-5646.424142,2546.794863,-4846.3376,-11413.7418681044,286.17554426369725,-0.5323197281013563,11417.328941447655
2026-07-14 19:36:00,5690.014814337345,3716.099342759144,-3960.6968703827297,-0.8858659853850623,5.7459044513403414,4.1086584983454895,AJISAI (EGS),-6606.992200000001,1590.451894,-3961.353634,-12297.007014337345,-2125.647448759144,-0.6567636172703715,12479.373342376475
2026-07-14 19:40:00,5345.417182238734,4997.009070060622,-2889.1353521026977,-1.9745240372698007,4.8863412397182096,4.785849435983462,AJISAI (EGS),-7293.445153,588.702978,-2889.886341,-12638.862335238733,-4408.306092060622,-0.7509888973022498,13385.589426483968
2026-07-14 19:44:00,4749.664507741612,6043.131876449255,-1681.5394320501005,-2.970570103520757,3.7970469554424064,5.237787685421488,AJISAI (EGS),-7674.624475,-421.83964399999996,-1682.350866,-12424.288982741611,-6464.971520449255,-0.8114339498995378,14005.67078526836
2026-07-14 19:48:00,3930.7273326763598,6805.290545143761,-394.7606153352638,-3.827053362041507,2.5293119622867524,5.443094333448971,AJISAI (EGS),-7732.378843,-1405.001589,-395.59718,-11663.10617567636,-8210.292134143761,-0.8365646647361586,14263.13231001253
2026-07-14 19:52:00,2927.0977727040568,7247.69306024608,910.6079493834052,-4.503605518315639,1.1429396361726425,5.392101034312598,AJISAI (EGS),-7462.474730000001,-2326.2826609999997,909.78381,-10389.572502704057,-9573.975721246079,-0.8241393834051678,14128.136061744286
2026-07-14 19:56:00,1785.9644877106323,7349.6350689284645,2173.1133370648477,-4.968419155734452,-0.2966573925488715,5.08733961263708,AJISAI (EGS),-6874.876228,-3153.9959169999997,2172.3402579999997,-8660.840715710632,-10503.630985928465,-0.7730790648479342,13613.832171329233
2026-07-14 20:00:00,560.964485120395,7106.466011560828,3333.365388745882,-5.19977691319772,-1.7216571165344159,4.5433896079150715,AJISAI (EGS),-5993.374791,-3860.273079,3332.681255,-6554.339276120395,-10966.739090560828,-0.6841337458818089,12776.099956362596
2026-07-14 20:04:00,-690.3684440462114,6529.772320645943,4336.846770313114,-5.18703976878812,-3.0651179996456874,3.7861007717554656,AJISAI (EGS),-4854.581747,-4421.901798999999,4336.287633999999,-4164.213302953789,-10951.674119645942,-0.5591363131143225,11716.647932239555
2026-07-14 20:08:00,-1909.3232395911207,5646.780829467587,5136.468335538641,-4.931056735735713,-4.26415559824628,2.851263217425029,AJISAI (EGS),-3506.342522,-4820.970399,5136.066851,-1597.0192824088792,-10467.751228467587,-0.40148453864185285,10588.8756027569
2026-07-14 20:12:00,-3038.7611028127913,4499.0307794509845,5694.7499206458015,-4.444011314465628,-5.26283628772552,1.7828357056051791,AJISAI (EGS),-2005.6636540000002,-5045.313322,5694.531175,1033.097448812791,-9544.344101450984,-0.21874564580139122,9600.093474206142
2026-07-14 20:16:00,-4025.7657783561804,3140.3976159111166,5985.535217999151,-3.7487587350905143,-6.01466966753041,0.6308553670686855,AJISAI (EGS),-416.259881,-5088.764846,5985.51274,3609.5058973561804,-8229.162461911117,-0.022477999151305994,8985.969488490451
2026-07-14 20:20:00,-4824.080750816036,1634.573927309306,5995.1781968005025,-2.877725133901659,-6.4846322696084835,-0.5508578428800395,AJISAI (EGS),1194.174909,-4951.2322939999995,5995.354461,6018.255659816036,-6585.806221309305,0.17626419949738192,8921.448582075289
2026-07-14 20:24:00,-5396.236567235035,52.124418691452604,5723.163225391026,-1.8714368036472737,-6.6506902333769915,-1.707111232408169,AJISAI (EGS),2756.858682,-4638.598577,5723.529536,8153.095249235035,-4690.7229956914525,0.3663106089743451,9406.159923134997
2026-07-14 20:28:00,-5715.286322063975,-1532.7623277390535,5182.140161846055,-0.7767338176069456,-6.504800126016678,-2.7837943723254974,AJISAI (EGS),4204.858217,-4162.473811,5182.675575,9920.144539063975,-2629.7114832609464,0.5354131539452283,10262.779859657057
2026-07-14 20:32:00,-5766.078849776782,-3045.696887483005,4397.371073569354,0.35528927513754605,-6.053358740485998,-3.7303170648465653,AJISAI (EGS),5475.972304,-3539.806196,4398.043559999999,11242.051153776782,-494.10930851699504,0.6724864306452218,11252.904451968612
2026-07-14 20:36:00,-5546.00930727746,-4415.549565721909,3405.600947138646,1.4715710425340442,-5.317057614518396,-4.501957866792273,AJISAI (EGS),6515.451621,-2792.3502599999997,3406.37115,12061.46092827746,1623.1993057219092,0.7702028613539369,12170.193766069311
2026-07-14 20:40:00,-5065.199566975051,-5577.799649720661,2253.384829498853,2.519534282902818,-4.330093131349753,-5.062026669333373,AJISAI (EGS),7278.43477,-1945.993924,2254.209579,12343.63433697505,3631.805725720661,0.8247495011469255,12866.830307210033
2026-07-14 20:44:00,-4346.080243316573,-6477.614372172724,994.9302333397645,3.449601869269461,-3.1387018589479165,-5.383719284079547,AJISAI (EGS),7731.9768300000005,-1029.954185,995.765377,12078.057073316573,5447.660187172723,0.835143660235417,13249.772257615004
2026-07-14 20:48:00,-3422.3743069964216,-7072.49639538846,-310.455146573688,4.217642436707671,-1.7990372249086566,-5.451529736888182,AJISAI (EGS),7856.563983,-75.857385,-309.651151,11278.938289996422,6996.63901038846,0.8039955736879847,13272.807051925598
2026-07-14 20:52:00,-2337.5178354394225,-7334.350203753479,-1601.1890535939076,4.787187612087102,-0.3744699097355185,-5.262098259620496,AJISAI (EGS),7647.019991,883.2742830000001,-1600.452929,9984.537826439422,8217.624486753479,0.7361245939075616,12931.37070672593
2026-07-14 20:56:00,-1142.5919139120474,-7250.845986040338,-2816.3672915081247,5.131263486005931,1.0675365723923147,-4.824412621603677,AJISAI (EGS),7112.742208,1814.09619,-2815.73012,8255.334121912047,9064.942176040338,0.6371715081245384,12260.657344749008
2026-07-14 21:00:00,106.1254885589202,-6826.002666573166,-3898.6841887217424,5.233708216305359,2.4587716672398012,-4.159340328926382,AJISAI (EGS),6277.253545,2684.033663,-3898.170012,6171.128056441079,9510.036329573166,0.5141767217423876,11336.825514365713
2026-07-14 21:04:00,1349.8539333400108,-6079.963661243152,-4797.164230679409,5.089899075496734,3.7336217516069063,-3.2985347006965995,AJISAI (EGS),5177.100455,3462.354447,-4796.789371,3827.246521659989,9542.318108243153,0.3748596794093828,10281.228086030553
2026-07-14 21:08:00,2530.1062805503807,-5047.991220022762,-5469.565339636113,4.706872374410713,4.832205917628422,-2.282812231940311,AJISAI (EGS),3860.16334,4121.184071,-5469.338442,1330.0570594496194,9169.175291022762,0.22689763611288072,9265.14043878325
2026-07-14 21:12:00,3591.44354438117,-3778.74979194061,-5884.3418930442685,4.102872614548853,5.703142670628073,-1.1601295845821578,AJISAI (EGS),2383.4825720000003,4636.433446999999,-5884.263704,-1207.9609723811695,8415.18323894061,0.07818904426858353,8501.439799343201
2026-07-14 21:16:00,4484.059800301157,-2331.980684081055,-6022.087425501251,3.306400814643351,6.305843797859657,0.016707493794689058,AJISAI (EGS),810.715215,4988.619497000001,-6022.152539,-3673.344585301157,7320.600181081056,-0.06511349874836014,8190.521806200451
2026-07-14 21:20:00,5166.086615601729,-775.6888415578894,-5876.407104323086,2.3548423599167623,6.612281555488934,1.1924876822663792,AJISAI (EGS),-790.6592360000001,5163.561149,-5876.606562,-5956.74585160173,5939.24999055789,-0.19945767691388028,8411.748428876108
2026-07-14 21:24:00,5605.525155482456,817.0286017636001,-5454.194951932933,1.2927473625376469,6.608204620531314,2.312098512671937,AJISAI (EGS),-2352.264201,5152.936206,-5454.51837,-7957.789356482456,4335.9076042364,-0.3234180670669957,9062.367587955134
2026-07-14 21:28:00,5781.730028386675,2371.3776857876824,-4775.310321759282,0.16982329753408223,6.293784390357148,3.32301766032944,AJISAI (EGS),-3807.766408,4954.6823030000005,-4775.7449400000005,-9589.496436386675,2583.304617212318,-0.43461824071891897,9931.359667118912
2026-07-14 21:32:00,5686.382251057693,3814.3472862758963,-3871.6652194852086,-0.9613064648236193,5.683664818515554,4.177718874845908,AJISAI (EGS),-5095.716358,4573.22405,-3872.1922969999996,-10782.098609057692,758.8767637241035,-0.5270775147910172,10808.771652494786
2026-07-14 21:36:00,5323.902291847302,5078.125854780438,-2785.7527683824305,-2.047515410251563,4.806381581533651,4.835906424656529,AJISAI (EGS),-6162.178663,4019.506381,-2786.3458610000002,-11486.0809548473,-1058.619473780438,-0.5930926175697095,11534.76186331265
2026-07-14 21:40:00,4711.271890847164,6103.300337446348,-1568.6703671627322,-3.037670613223405,3.703125247890639,5.2664709783915535,AJISAI (EGS),-6963.0440659999995,3310.813892,-1569.2984860000001,-11674.315956847164,-2792.4864454463477,-0.628118837267948,12003.650861418419
2026-07-14 21:44:00,3877.258082975867,6841.6797766799655,-277.718916045929,-3.885094806024287,2.4258563582226005,5.449045360156252,AJISAI (EGS),-7465.913843,2470.356515,-278.351536,-11343.171925975868,-4371.323261679965,-0.6326199540710036,12156.315922209305
2026-07-14 21:48:00,2861.0646442766324,7258.594307653478,1026.3113478547637,-4.549850191436796,1.0348350377061326,5.375042988784203,AJISAI (EGS),-7651.452834,1526.6158770000002,1025.702383,-10512.517478276632,-5731.9784306534775,-0.6089648547635989,11973.662799301916
2026-07-14 21:52:00,1710.4718824065556,7334.542953596607,2282.032801574891,-5.000694356330984,-0.40430907994171733,5.048090885007422,AJISAI (EGS),-7514.135109,512.464892,2281.474435,-9224.606991406556,-6822.078061596607,-0.558366574890897,11473.191514840048
2026-07-14 21:56:00,479.5597944435949,7066.100614187896,3430.3792452561092,-5.216577937286498,-1.8237873559384574,4.483819514349566,AJISAI (EGS),-7062.349551,-535.9086530000001,3429.8976430000002,-7541.909345443595,-7602.0092671878965,-0.4816022561089994,10708.451881819372
2026-07-14 22:00:00,-773.863841073304,6466.041565500189,4417.398802153015,-5.187595898142421,-3.156936094612398,3.709031893561922,AJISAI (EGS),-6317.872343,-1580.234803,4417.018629,-5544.008501926696,-8046.276368500189,-0.3801731530147663,9771.314845620916
2026-07-14 22:04:00,-1990.9942042173304,5562.686391421562,5196.780276551512,-4.915358884203661,-4.341372703269635,2.760328987398403,AJISAI (EGS),-5314.749394,-2581.5049440000003,5196.523475,-3323.7551897826697,-8144.191335421562,-0.2568015515116713,8796.317475825319
2026-07-14 22:08:00,-3114.7811960566014,4398.5237816803165,5731.995480317814,-4.412803532426139,-5.321858391943006,1.6823041408619055,AJISAI (EGS),-4097.663085,-3501.377779,5731.8794960000005,-982.8818889433987,-7899.901560680317,-0.11598431781385443,7960.810353821061
2026-07-14 22:12:00,-4092.573759374584,3028.1923712645043,5997.96883331063,-3.7034977876221826,-6.05275358835406,0.5254298361778459,AJISAI (EGS),-2719.8794120000002,-4303.6001670000005,5998.00428,1372.6943473745837,-7331.792538264504,0.035446689370473905,7459.187060043585
2026-07-14 22:16:00,-4878.5439933741145,1515.928935842516,5982.214149727025,-2.8205126101683775,-6.500002384424034,-0.6562515925961603,AJISAI (EGS),-1240.878694,-4955.398217,5982.402665,3637.6652993741145,-6471.327152842516,0.1885152729746551,7423.65704925311
2026-07-14 22:20:00,-5435.795235804436,-67.39987982527826,5685.402725920256,-1.8049271529496373,-6.642615452570847,-1.8075446946398026,AJISAI (EGS),276.226203,-5428.796987,5685.737051,5712.021438804436,-5361.397107174722,0.33432507974430337,7834.0135288341335
2026-07-14 22:24:00,-5738.072797706504,-1647.5594389819723,5121.345507848516,-0.7040203259040249,-6.473630367270834,-2.874556820317902,AJISAI (EGS),1767.384612,-5701.827271,5121.810865,7505.457409706504,-4054.2678320180275,0.465357151484568,8530.47353897846
2026-07-14 22:28:00,-5771.007282697046,-3150.3738410062874,4316.387354456998,0.43080917375328076,-6.000518728184522,-3.807131100252354,AJISAI (EGS),3170.313354,-5759.57428,4316.962246,8941.320636697046,-2609.2004389937124,0.5748915430021952,9314.244037471304
2026-07-14 22:32:00,-5532.830576188083,-4505.179550793397,3308.2273510421983,1.5463488634041713,-5.244994594534196,-4.561182369106199,AJISAI (EGS),4427.11554,-5595.019011,3308.884658,9959.946116188083,-1089.8394602066037,0.6573069578016657,10019.395047528864
2026-07-14 22:36:00,-5034.517722064505,-5648.156249755558,2144.199727784629,2.5900373641107652,-4.242175427291874,-5.100837142042879,AJISAI (EGS),5486.709341,-5209.6151979999995,2144.907694,10521.227063064503,438.5410517555583,0.707966215371016,10530.36265604618
2026-07-14 22:40:00,-4299.327997091978,-6525.3754706170175,879.0768634728034,3.512486186984841,-3.0390678432264155,-5.4002538045311885,AJISAI (EGS),6306.959946999999,-4613.550396,879.800888,10606.287944091979,1911.825074617018,0.7240245271965478,10777.217618343648
2026-07-14 22:44:00,-3361.7473807714177,-7095.406259522272,-427.5127054842234,4.269920668529531,-1.6923990035806549,-5.444988761044843,AJISAI (EGS),6856.41017,-3825.6494350000003,-426.807618,10218.157550771419,3269.756824522272,0.7050874842233839,10728.56252817894
2026-07-14 22:48:00,-2265.8707405042946,-7331.329959558062,-1713.9273532543798,4.8263804041915295,-0.26588166068484964,-5.2327890444660055,AJISAI (EGS),7115.519196,-2872.899095,-1713.27373,9381.389936504294,4458.430864558062,0.6536232543799088,10386.918857005256
2026-07-14 22:52:00,-1063.3005830488714,-7222.045699144725,-2919.4684950025157,5.155522737887998,1.1729307781841252,-4.773733756027544,AJISAI (EGS),7077.342572,-1789.594304,-2918.895435,8140.6431550488705,5432.451395144725,0.573060002515831,9786.807419524084
2026-07-14 22:56:00,189.32644072172093,-6772.792171497891,-3987.290232992589,5.2419041911460456,2.5559931135980287,-4.0897077346209825,AJISAI (EGS),6747.621085,-616.1361929999999,-3986.8227930000003,6558.294644278279,6156.655978497891,0.46743999258887925,8995.312206768764
2026-07-14 23:00:00,1433.0500791810664,-6004.863480005836,-4867.106849385898,5.08166744727766,3.8180983792233683,-3.2132559758121597,AJISAI (EGS),6144.291778,602.4660060000001,-4866.764966,4711.241698818933,6607.329486005836,0.3418833858986545,8114.9615771251
2026-07-14 23:04:00,2609.3887369419613,-4954.548661619928,-5517.560768690495,4.682621673312664,4.899985875519499,-2.185920000602337,AJISAI (EGS),5296.465371,1818.323114,-5517.358534,2687.076634058039,6772.871775619928,0.20223469049506093,7286.437604700159
2026-07-14 23:08:00,3663.0917055888467,-3671.3680851142294,-5908.141856181011,4.063755730976247,5.751071091448134,-1.0561858786962475,AJISAI (EGS),4242.944308,2982.548207,-5908.086871,579.8526024111534,6653.916292114229,0.054985181010124506,6679.134005693367
2026-07-14 23:12:00,4544.713416453503,-2215.7105799544047,-6020.580825349217,3.254255597745691,6.331698470835625,0.1228246596055751,AJISAI (EGS),3030.375286,4047.217739,-6020.673682,-1514.3381304535028,6262.928318954405,-0.09285665078277816,6443.406793795408
2026-07-14 23:16:00,5212.900384646715,-655.9927296868854,-5849.669287814619,2.292105995538214,6.614866370080785,1.2958064939448872,AJISAI (EGS),1711.1331440000001,4967.34005,-5849.904428000001,-3501.7672406467145,5623.332779686885,-0.23514018538207893,6624.518504318517
2026-07-14 23:20:00,5636.299975771979,934.529929495941,-5403.48332901096,1.2223479245651323,6.587400723679966,2.407777282651411,AJISAI (EGS),341.03008500000004,5702.7616689999995,-5403.850847,-5295.269890771979,4768.231739504058,-0.36751798903969757,7125.722228153414
2026-07-14 23:24:00,5795.015723889165,2481.1654214120176,-4703.006655719977,0.09505074974436244,6.250558320374718,3.4065643411553603,AJISAI (EGS),-1023.057468,6219.940844,-4703.493648,-6818.073191889165,3738.775422587982,-0.486992280022605,7775.896343680716
2026-07-14 23:28:00,5681.547095623296,3911.2616035449582,-3781.1664316759616,-1.0369475307355782,5.620031627839792,4.245199297523915,AJISAI (EGS),-2325.556231,6493.515105,-3781.7560980000003,-8007.103326623295,2582.253501455042,-0.589666324038717,8413.188288437686
2026-07-14 23:32:00,5301.165355448108,5157.608416806085,-2681.3139549624225,-2.1204675067204324,4.725320572424569,4.884132580754518,AJISAI (EGS),-3514.465759,6507.585621,-2681.9816880000003,-8815.631114448108,1349.977204193915,-0.6677330375778183,8918.396203563521
2026-07-14 23:36:00,4671.695442925513,6161.610777125675,-1455.2060518795047,-3.1044931268244103,3.6084474674201745,5.293158837204191,AJISAI (EGS),-4543.440877,6256.649234,-1455.918453,-9215.136319925514,95.03845687432568,-0.7124011204953149,9215.626414444694
2026-07-14 23:40:00,3822.6991807739482,6876.074809743992,-160.57119915557243,-3.9426325678502034,2.3220266252494155,5.452931131448652,AJISAI (EGS),-5373.605875,5746.117123,-161.291115,-9196.305055773948,-1129.9576867439919,-0.7199158444275611,9265.46445522102
2026-07-14 23:44:00,2794.087504015048,7267.459393162984,1141.6265622480287,-4.5953897955031575,0.9267562387825506,5.355948273713609,AJISAI (EGS),-5975.020571999999,4992.365832,1140.933612,-8769.108076015047,-2275.093561162984,-0.6929502480286374,9059.431971214179
2026-07-14 23:48:00,1634.2253217753228,7317.468879591997,2390.088442735302,-5.032097220024048,-0.5115368187097731,5.006930897308267,AJISAI (EGS),-6327.725617,4022.293338,2389.4518169999997,-7961.950938775322,-3295.1755415919974,-0.6366257353024594,8616.893001927301
2026-07-14 23:52:00,397.6264567373551,7023.900843348895,3526.094739347967,-5.232381225257687,-1.9251167704597598,4.422553761525006,AJISAI (EGS),-6422.31993,2872.388288,3525.5395630000003,-6819.946386737355,-4151.512555348895,-0.5551763479666079,7984.154653024464
2026-07-14 23:56:00,-857.6380645724323,6400.710102514058,4496.279431641319,-5.1870761113228445,-3.24761571553706,3.63056208290999,AJISAI (EGS),-6260.060552,1587.35635,4495.8272400000005,-5402.422487427568,-4813.353752514058,-0.4521916413186773,7235.64394397496
2026-07-15 00:00:00,-2072.68139305893,5477.299666570026,5255.12657589972,-4.898557077227218,-4.417168352040496,2.6683530955205996,AJISAI (EGS),-5852.502666,218.368394,5254.795225,-3779.82127294107,-5258.931272570026,-0.3313508997198369,6476.372989165021
2026-07-15 00:04:00,-3190.554287002455,4297.0930059339435,5767.073440118812,-4.380514570117556,-5.379243074240036,1.5811376387421505,AJISAI (EGS),-5220.724313,-1178.986605,5766.875097,-2030.1700259975446,-5476.0796109339435,-0.19834311881186295,5840.29436579059
2026-07-15 00:08:00,-4158.882962065329,2915.474708202849,6008.134342248352,-3.6572279277650903,-6.089060191921838,0.4198048655973509,AJISAI (EGS),-4394.1998490000005,-2546.957187,6008.073637,-235.31688693467186,-5462.431895202849,-0.06070524835195101,5467.4981710734155
2026-07-15 00:12:00,-4932.279670278588,1397.206720966958,5966.987512346753,-2.762409811121199,-6.513537139157203,-0.7614000540189578,AJISAI (EGS),-3409.3902820000003,-3828.008144,5967.062165,1522.8893882785878,-5225.214864966958,0.07465265324754,5442.61540801628
2026-07-15 00:16:00,-5474.431120130929,-186.56238878185783,5645.491009359192,-1.737687375290894,-6.632731700608001,-1.9072987555901586,AJISAI (EGS),-2308.11781,-4967.235659,5645.693178,3166.313310130929,-4780.6732702181425,0.2021686408088499,5734.141342464683
2026-07-15 00:20:00,-5759.784042256667,-1761.5721801043055,5058.611953386857,-0.6307717393321403,-6.440761801533494,-2.964236010220797,AJISAI (EGS),-1135.793607,-5914.727735,5058.928073,4623.990435256666,-4153.155554895695,0.3161196131432007,6215.302784936363
2026-07-15 00:24:00,-5774.758205608852,-3253.8799646454822,4233.768450346076,0.5066426821457811,-5.946169780859751,-3.8825071124212562,AJISAI (EGS),60.435674,-6627.784428,4234.180113,5835.1938796088525,-3373.9044633545177,0.41166265392439527,6740.379745232036
2026-07-15 00:28:00,-5518.42738947049,-4593.306646520217,3209.5997933652457,1.621202482625756,-5.171684508560316,-4.618680403223807,AJISAI (EGS),1233.563104,-7072.905283,3210.084351,6751.99049347049,-2479.5986364797827,0.48455763475431013,7192.89825152173
2026-07-15 00:32:00,-5002.622373890479,-5716.748279372858,2034.2016613037276,2.6603735680285236,-4.15333305722831,-5.137713641469573,AJISAI (EGS),2338.5524640000003,-7227.4439649999995,2034.7325930000002,7341.1748378904795,-1510.6956856271418,0.5309316962725461,7495.00165022912
2026-07-15 00:36:00,-4251.43081312994,-6571.193487694643,762.8904775106524,3.574968239850312,-2.9388770740017254,-5.414738714627447,AJISAI (EGS),3334.0585269999997,-7080.834183,763.438634,7585.48934012994,-509.64069530535653,0.5481564893475479,7602.590510346576
2026-07-15 00:40:00,-3300.098495504184,-7116.286522382659,-544.4072824420753,4.32158051948058,-1.5855995276256543,-5.4363806850439405,AJISAI (EGS),4183.964583,-6635.301283,-543.871491,7484.063078504184,480.98523938265953,0.535791442075265,7499.503133581983
2026-07-15 00:44:00,-2193.373114707198,-7326.289859600537,-1826.0144092244848,4.864768867766606,-0.15753549053195334,-5.2014944057282415,AJISAI (EGS),4858.670241999999,-5905.999122,-1825.519027,7052.043356707198,1420.2907376005369,0.4953822244847288,7193.645913554235
2026-07-15 00:48:00,-983.3702318968527,-7191.331018095985,-3021.4613121227903,5.178830900456191,1.2776919401139897,-4.721245957173377,AJISAI (EGS),5336.07121,-4920.543094,-3021.032042,6319.441441896853,2270.7879240959855,0.4292701227905127,6715.044163522409
2026-07-15 00:52:00,272.9250711811051,-6717.863150717139,-4074.3835980213744,5.2490481257480415,2.652222150779823,-4.018528203511711,AJISAI (EGS),5602.192461000001,-3717.954107,-4074.0436019999997,5329.267389818895,2999.9090437171394,0.33999602137464535,6115.598523313992
2026-07-15 00:56:00,1516.3842611941495,-5928.321364786533,-4935.204328910731,5.072332681904632,3.9012718737027083,-3.1267643925465207,AJISAI (EGS),5651.459484,-2347.0665129999998,-4934.974009,4135.07522280585,3581.2548517865334,0.23031991073185054,5470.304695787493
2026-07-15 01:00:00,2688.5434876490203,-4860.008060794014,-5563.465803201533,4.657268161764576,4.966214638866726,-2.088204588145167,AJISAI (EGS),5486.618008,-864.485813,-5563.361221,2798.07452035098,3995.522247794014,0.10458220153304865,4877.849840348895
2026-07-15 01:04:00,3734.3526252451015,-3563.2831457163156,-5929.704528740121,4.023587147617771,5.797273520446065,-0.9518457821689789,AJISAI (EGS),5118.335196000001,667.802625,-5929.736228,1383.9825707548994,4231.085770716316,-0.031699259879133024,4451.684462797904
2026-07-15 01:08:00,4604.738376295049,-2099.1644651891334,-6016.7949675114805,3.201158002368867,6.3557327412142985,0.2288939048611047,AJISAI (EGS),4564.522925,2185.065544,-6016.967305,-40.215451295049206,4284.230009189134,-0.17233748851958808,4284.418756828025
2026-07-15 01:12:00,5258.873288093406,-536.460434067606,-5820.716981622297,2.22856045280919,6.615620501693126,1.3986355634917924,AJISAI (EGS),3849.432901,3622.579291,-5821.027141,-1409.4403870934057,4159.039725067606,-0.3101593777028029,4391.370371041286
2026-07-15 01:16:00,5666.060766603926,1051.4353186577973,-5350.725729927022,1.1513203453533567,6.564840438441553,2.5025468543490423,AJISAI (EGS),3002.576025,4918.407199,-5351.1638729999995,-2663.484741603926,3866.971880342203,-0.43814307297725463,4695.489610688495
2026-07-15 01:20:00,5807.1614554209045,2589.9528187852056,-4628.921583706995,0.01986117082144939,6.205731831396496,3.488823919748389,AJISAI (EGS),2057.5093500000003,6016.094322,-4629.4724160000005,-3749.6521054209043,3426.1415032147943,-0.5508322930054419,5079.206317443166
2026-07-15 01:24:00,5675.49938906886,4006.817812361142,-3689.234719955996,-1.112773877713171,5.5550292674799735,4.311074075762948,AJISAI (EGS),1050.530794,6867.170922,-3689.878679,-4624.96859506886,2860.3531096388583,-0.6439590440040774,5438.010190490375
2026-07-15 01:28:00,5277.20030385507,5235.438668827922,-2575.858442504662,-2.1933633505273207,4.643186911578197,4.930509469267238,AJISAI (EGS),19.322554,7433.355512,-2576.572057,-5257.87774985507,2197.916843172078,-0.7136144953378789,5698.78209718236
2026-07-15 01:32:00,4630.933285879983,6218.052381740788,-1341.189471965697,-3.1710198422237617,3.51304528612249,5.3178410296714,AJISAI (EGS),-998.4149279999999,7688.347764,-1341.943762,-5629.348213879983,1470.2953822592117,-0.7542900343030396,5818.18961474787
2026-07-15 01:36:00,3767.0530299166976,6908.472636741486,-43.3618636067903,-3.9996489171150884,2.217855875363219,5.454750154746863,AJISAI (EGS),-1966.2885190000002,7619.110426,-44.121746,-5733.341548916698,710.6377892585142,-0.7598823932097005,5777.214896598361
2026-07-15 01:40:00,2726.172913660622,7274.293265521809,1256.5098965228908,-4.640207553788332,0.8187361548741314,5.3348242128281465,AJISAI (EGS),-2850.451937,7226.570497000001,1255.7798810000002,-5576.624850660622,-47.722768521808575,-0.7300155228906533,5576.829091927029
2026-07-15 01:44:00,1557.23519803566,7298.425508161354,2497.239345537999,-5.062612727674616,-0.6183095181316661,4.963875399208458,AJISAI (EGS),-3620.7196179999996,6525.689115,2496.569513,-5177.95481603566,-772.7363931613536,-0.6698325379989001,5235.297322874655
2026-07-15 01:48:00,315.1781883968773,6979.886450491058,3620.47566887772,-5.24717419679851,-2.025617602226754,4.359615705112226,AJISAI (EGS),-4251.509638,5544.876648,3619.890248,-4566.687826396877,-1435.0098024910576,-0.5854208777200256,4786.845639847233
2026-07-15 01:52:00,-941.674726649844,6333.803812991281,4573.458860026743,-5.185470803598954,-3.33713373322557,3.5507211242939274,AJISAI (EGS),-4722.583064,4324.790036,4572.975779,-3780.908337350156,-2009.0137769912808,-0.4830810267430934,4281.51894132818
2026-07-15 01:56:00,-2154.36651058668,5390.651426392599,5311.485212278656,-4.880645075822314,-4.49152506878695,2.5753703104022105,AJISAI (EGS),-5019.567104000001,2916.58514,5311.115465,-2865.200593413321,-2474.066286392599,-0.3697472786561775,3785.5486480394834
2026-07-15 02:00:00,-3266.0610131842036,4194.772663433703,5799.970560288311,-4.347141806082821,-5.4349792425451,1.479374328248964,AJISAI (EGS),-5134.262931,1379.7140430000002,5799.719227,-1868.2019178157966,-2815.0586204337033,-0.25133328831179824,3378.5697425652097
2026-07-15 02:04:00,-4224.673842312873,2802.280687201804,6016.027887062253,-3.609950272132061,-6.123585208985834,0.3140202161235775,AJISAI (EGS),-5064.746215,-220.624998,6015.894752,-840.0723726871274,-3022.905685201804,-0.13313506225313176,3137.4640062799945
2026-07-15 02:08:00,-4985.268954084204,1278.4435300995044,5949.503987769044,-2.703421578480605,-6.525239249685756,-0.8662636113305062,AJISAI (EGS),-4815.279739,-1816.268636,5949.483363,169.98921508420426,-3094.7121660995044,-0.020624769043934066,3099.3773124088348
2026-07-15 02:12:00,-5512.12698736988,-305.3283429898513,5603.443091026304,-1.6697258776854116,-6.621048574101321,-2.006335723171597,AJISAI (EGS),-4396.059953,-3338.992647,5603.525181,1116.0670343698803,-3033.664304010149,0.08208997369638382,3232.448722156521
2026-07-15 02:16:00,-5780.405237585624,-1874.7688801613529,4993.963155002213,-0.5569997051181308,-6.406210532768366,-3.0527979057379455,AJISAI (EGS),-3822.8126549999997,-4723.43675,4994.1368090000005,1957.5925825856239,-2848.6678698386468,0.173653997787369,3456.4544524991234
2026-07-15 02:20:00,-5777.319936034409,-3356.1881706868257,4149.545584023524,0.5827754155731246,-5.890333855242274,-3.956416343027995,AJISAI (EGS),-3116.245506,-5909.936664,4149.798694,2661.0744300344086,-2553.748493313174,0.25310997647648037,3688.2175306436197
2026-07-15 02:24:00,-5502.791779619028,-4679.909645450323,3109.755620072226,1.696115452664569,-5.097154220464301,-4.674429918465987,AJISAI (EGS),-2301.370292,-6847.148687,3110.07427,3201.4214876190276,-2167.2390415496766,0.318649927774004,3866.00888593699
2026-07-15 02:28:00,-4969.509669448343,-5783.56144718485,1923.4323456202937,2.73052520042453,-4.063596564751679,-5.172641965775503,AJISAI (EGS),-1406.70292,-7494.353532,1923.799832,3562.806749448343,-1710.7920848151498,0.3674863797061789,3952.265379048714
2026-07-15 02:32:00,-4202.38914489733,-6615.061759326346,646.4151773246621,3.6370299894105274,-2.8381623077276616,-5.427168420465451,AJISAI (EGS),-463.353,-7823.321110000001,646.812416,3739.03614489733,-1208.2593506736548,0.3972386753379169,3929.4124381563174
2026-07-15 02:36:00,-3237.4323830528097,-7135.138485307365,-661.0945014189226,4.37260452566781,-1.4786721398303613,-5.425708829011169,AJISAI (EGS),495.977028,-7819.630762,-660.687507,3733.4094110528094,-684.4922766926347,0.4069944189226362,3795.6390335533765
2026-07-15 02:40:00,-2120.0337249000772,-7319.239109972221,-1937.4076990325013,4.902336977794074,-0.04946365161590378,-5.168226399850579,AJISAI (EGS),1438.053042,-7483.359351,-1937.0116910000002,3558.0867669000772,-164.12024102777923,0.3960080325011859,3561.869881273995
2026-07-15 02:44:00,-902.8132239465206,-7158.718596699271,-3122.307102238542,5.201174140345913,1.381790502488346,-4.666969373600996,AJISAI (EGS),2330.19196,-6829.089439,-3121.943523,3233.0051839465204,329.62915769927076,0.3635792385421155,3249.765842829367
2026-07-15 02:48:00,356.9060217883045,-6661.238882846422,-4159.931348493308,5.255128985585601,2.7474333456793794,-3.945828926510115,AJISAI (EGS),3141.3258020000003,-5885.238864,-4159.621685,2784.419780211696,776.0000188464219,0.3096634933081077,2890.5310303775113
2026-07-15 02:52:00,1599.8388555574293,-5850.366083838252,-5001.4309708486235,5.061886995089778,3.9831220903591937,-3.039092818134935,AJISAI (EGS),3843.010941,-4692.752,-5001.197155,2243.1720854425707,1157.6140838382516,0.23381584862363525,2524.26057028178
2026-07-15 02:56:00,2767.5514623414338,-4764.402296215638,-5607.2631571762295,4.630807607898121,5.0308782158393734,-1.9897029532069341,AJISAI (EGS),4410.349464,-3303.229819,-5607.12759,1642.7980016585661,1461.1724772156376,0.13556717622941505,2198.592800134741
2026-07-15 03:00:00,3805.2066614609553,-3454.5304133339587,-5949.0218149021875,3.982366349618651,5.841742675053403,-0.8471486289137636,AJISAI (EGS),4822.7957910000005,-1776.609735,-5949.004271,1017.5891295390452,1677.9206783339587,0.0175439021877537,1962.3724008568079
2026-07-15 03:04:00,4664.115364977096,-1982.378692973705,-6010.7313036267315,3.1471112633788096,6.37794629833443,0.3348752987108412,AJISAI (EGS),5064.837546,-178.518392,-6010.8449869999995,400.7221810229039,1803.860300973705,-0.11368337326803157,1847.8339386201912
2026-07-15 03:08:00,5303.987228312773,-417.1275445243862,-5789.561113304144,2.164212611341871,6.614550598505688,1.5009361513292205,AJISAI (EGS),5126.542636,1422.589514,-5789.811706,-177.44459231277324,1839.7170585243862,-0.25059269585653965,1848.2547177170588
2026-07-15 03:12:00,5694.7914946158,1167.711584602415,-5295.942060956606,1.079674891652051,6.540537091935747,2.5963714310143544,AJISAI (EGS),5003.958887,2958.3883960000003,-5296.327077,-690.8326076158,1790.6768113975852,-0.3850160433939891,1919.3158371825161
2026-07-15 03:16:00,5818.154019254905,2697.710640894185,-4553.083082761792,-0.055732210657505735,6.159324379252044,3.5697652030601064,AJISAI (EGS),4699.355847,4363.617125,-4553.591861,-1118.7981722549048,1665.9064841058148,-0.508778238207924,2006.727191942644
2026-07-15 03:20:00,5668.2293999802505,4100.992000479519,-3595.904843226903,-1.1887699115046704,5.48868249315403,4.37531811989393,AJISAI (EGS),4221.293651999999,5578.884034,-3596.520108,-1446.935747980251,1477.8920335204803,-0.6152647730973513,2068.281484730067
2026-07-15 03:24:00,5252.001358632821,5311.599168087971,-2469.426150759628,-2.2661857303307524,4.560009549058753,4.975019356026371,AJISAI (EGS),3584.498647,6553.226006,-2470.1252560000003,-1667.5027116328215,1241.6268379120293,-0.6991052403723188,2078.9908577659435
2026-07-15 03:28:00,4588.983880980025,6272.615026565956,-1226.663825377173,-3.23723278916342,3.4169504934742068,5.340508090631166,AJISAI (EGS),2809.530125,7246.304523,-1227.419804,-1779.4537559800247,973.6894964340436,-0.755978622827115,2028.4298056972732
2026-07-15 03:32:00,3710.3224050545896,6938.870950195941,73.86466756026924,-4.056126030443456,2.1133771947806137,5.454501730967116,AJISAI (EGS),1922.230004,7630.132835,73.082484,-1788.0924010545896,691.2618848040593,-0.782183560269246,1917.059738219743
2026-07-15 03:36:00,2657.327818751006,7279.101550093656,1370.917819918199,-4.68428667426809,0.7108075321669745,5.311678907554087,AJISAI (EGS),952.957613,7690.23842,1370.144418,-1704.3702057510059,411.13686990634324,-0.7734019181989424,1753.2575173655007
2026-07-15 03:40:00,1479.5122817581566,7277.426120190589,2603.444940896412,-5.092225920040433,-0.7245963906431755,4.91894086155275,AJISAI (EGS),-64.366254,7426.199033,2602.71733,-1543.8785357581567,148.77291280941063,-0.7276108964119885,1551.0302518578299
2026-07-15 03:44:00,232.22906135383232,6934.077719658179,3713.4863403029285,-5.260944400704895,-2.1252625119063557,4.295029329945106,AJISAI (EGS),-1093.375382,6851.536238,3712.838554,-1325.6044433538323,-82.54148165817969,-0.64778630292858,1328.1719226293128
2026-07-15 03:48:00,-1025.9571224047374,6265.34899895106,4648.9079342598825,-5.18277056070907,-3.4254675277623914,3.469539311453845,AJISAI (EGS),-2096.499023,5992.978092,4648.368003,-1070.5419005952624,-272.3709069510596,-0.5399312598829056,1104.6475290377582
2026-07-15 03:52:00,-2236.030996481165,5302.772732720602,5365.8349158689425,-4.8616168842563825,-4.564425950156014,2.4814157703486908,AJISAI (EGS),-3036.278757,4889.138916,5365.424134,-800.2477605188351,-413.6338167206022,-0.41078186894264945,900.827165049993
2026-07-15 03:56:00,-3341.28181116923,4091.5971135647183,5830.674423237222,-4.312682905878234,-5.489056412722485,1.3770525562695626,AJISAI (EGS),-3876.709567,3588.7057200000004,5830.405814000001,-535.4277558307699,-502.8913935647179,-0.26860923722142616,734.5629364366002
2026-07-15 04:00:00,-4289.926728185139,2688.646369357247,6021.646465550505,-3.5616662581113996,-6.156324987725716,0.20811570819268643,AJISAI (EGS),-4584.569396,2148.236393,6021.525519999999,-294.64266781486094,-540.4099763572467,-0.12094555050589406,615.5138169621578
2026-07-15 04:04:00,-5037.492969397775,1159.675464384796,5929.770129736346,-2.643553096556597,-6.535112034618331,-0.9708027492889233,AJISAI (EGS),-5130.699527,629.667223,5929.7978459999995,-93.20655760222508,-530.008241384796,0.027716263653928763,538.1414303731431
2026-07-15 04:08:00,-5548.8656401262015,-423.6632640830377,5559.274793688969,-1.6010514169304242,-6.6075762345044575,-2.104618163919361,AJISAI (EGS),-5491.193195000001,-902.361586,5559.448768,57.67244512620073,-478.6983219169623,0.1739743110310883,482.159957483003
2026-07-15 04:12:00,-5799.921684117228,-1987.1182837304343,4927.423496304181,-0.4827162101587223,-6.369993168650003,-3.1402088801293084,AJISAI (EGS),-5648.454221,-2383.25614,4927.737027,151.46746311722836,-396.13785626956565,0.3135306958192814,424.1081134033081
2026-07-15 04:16:00,-5778.680988479347,-3457.2718981326902,4063.750590239577,0.6591926785822226,-5.833033327016539,-4.028830580466415,AJISAI (EGS),-5592.086851,-3751.198213,4064.1921159999997,186.5941374793474,-293.9263148673099,0.4415257604227918,348.15261834163437
2026-07-15 04:20:00,-5485.916045349506,-4764.967954916535,3008.7326435172795,1.771071062636326,-5.021430905287054,-4.728409526056562,AJISAI (EGS),-5319.565001,-4949.753156000001,3009.2849610000003,166.35104434950608,-184.78520108346584,0.5523174827208095,248.63335566699405
2026-07-15 04:24:00,-4935.176077883739,-5848.582136276215,1811.933793004219,2.800474366626416,-3.972996676801405,-5.205608659487349,AJISAI (EGS),-4836.632216,-5930.246311,1812.573793,98.54386188373883,-81.66417472378453,0.6399999957809541,127.9857013430516
2026-07-15 04:28:00,-4152.203807434359,-6656.974323089405,529.6951759908641,3.6986532704103996,-2.736956342358976,-5.437538120751228,AJISAI (EGS),-4157.387720000001,-6653.800467,530.393732,-5.183912565641549,3.1738560894045804,0.6985560091359275,6.118357006776148
2026-07-15 04:32:00,-3173.754157889508,-7151.964143618063,-777.5300667077701,4.422975174897216,-1.3716500774886646,-5.4129773091883475,AJISAI (EGS),-3304.024927,-7092.93066,-776.807228,-130.27076911049198,59.033483618062746,0.7228387077700518,143.02429153301424
2026-07-15 04:36:00,-2045.8617227563311,-7310.187568214246,-2048.0649676734934,4.9390687386570935,0.05830185092497073,-5.13299783980719,AJISAI (EGS),-2306.211256,-7232.612107,-2047.355339,-260.34953324366893,77.57546121424639,0.7096286734933983,271.6621711163583
2026-07-15 04:40:00,-821.6422916029946,-7124.225665314698,-3221.9676650306174,5.222538726149504,1.4851972832098952,-4.610924831614768,AJISAI (EGS),-1200.118793,-7070.764995,-3221.310035,-378.47650139700545,53.46067031469738,0.6576300306173835,382.2341400993263
2026-07-15 04:44:00,441.25359789492654,-6602.943120482516,-4243.901139321922,5.260135902893817,2.841601741965234,-3.871637661444627,AJISAI (EGS),-27.141223,-6618.135775999999,-4243.334033,-468.39482089492657,-15.192655517483217,0.5671063219215284,468.64149051534434
2026-07-15 04:48:00,1683.3959488687613,-5771.026755336116,-5065.761787354522,5.050322825315129,4.063629436699816,-2.9502745525437666,AJISAI (EGS),1167.6459069999999,-5897.596196,-5065.321377,-515.7500418687614,-126.56944066388405,0.44041035452210053,531.0537853728923
2026-07-15 04:52:00,2846.393360391359,-4667.764457792656,-5648.936341357265,4.603236049557914,5.093963213318261,-1.8904523380210867,AJISAI (EGS),2337.212752,-4942.919655000001,-5648.653439000001,-509.1806083913589,-275.1551972073448,0.2829023572639926,578.7705543181606
2026-07-15 04:56:00,3875.6340114667273,-3345.1453923086356,-5966.086464882532,3.940093129278341,5.8844718903425415,-0.7421338792889782,AJISAI (EGS),3434.4199040000003,-3797.1193240000002,-5965.984541,-441.214107466727,-451.97393169136467,0.1019238825319917,631.6251530335763
2026-07-15 05:00:00,4722.824983919287,-1865.3895332968627,-6002.392142529259,3.092118949423992,6.398339442825618,0.4407289438582287,AJISAI (EGS),4413.911617,-2510.44157,-6002.48613,-308.913366919287,-645.0520367031372,-0.09398747074101266,715.2059893135125
2026-07-15 05:04:00,5348.2241059608195,-298.0294241035617,-5756.213440461467,2.0990696980905668,6.611663890243688,1.6026697101258225,AJISAI (EGS),5233.985068,-1138.1174979999998,-5756.506751,-114.23903796081959,-840.0880738964381,-0.2933105385327508,847.819919398166
2026-07-15 05:08:00,5722.476208168482,1283.3259032105502,-5239.152993750285,1.0074221753138373,6.514504540482213,2.689215561269571,AJISAI (EGS),5858.371744,262.02856099999997,-5239.636458999999,135.89553583151792,-1021.2973422105503,-0.48346524971475446,1030.2990301868274
2026-07-15 05:12:00,5827.980374167856,2804.4101297221555,-4475.519795085831,-0.13171584118604196,6.1113558739689715,3.649357485417058,AJISAI (EGS),6257.867448,1632.025115,-4476.172919,429.88707383214387,-1172.3850147221556,-0.6531239141686456,1248.7153180624796
2026-07-15 05:16:00,5659.727633155063,4193.760832400928,-3501.212093287715,-1.2649197516110633,5.4210164172990805,4.43790695133038,AJISAI (EGS),6411.738093999999,2916.160582,-3502.004268,752.0104608449365,-1277.600250400928,-0.792174712285032,1482.492077747973
2026-07-15 05:20:00,5225.563039895654,5386.07312039091,-2362.0573734268655,-2.338917204098353,4.475817673475066,5.017645215146876,AJISAI (EGS),6308.832332,4063.260284,-2362.951252,1083.2692921043463,-1322.81283639091,-0.893878573134316,1709.7681007539354
2026-07-15 05:24:00,4545.846035392746,6325.289276815115,-1111.6725057387655,-3.3031138352651794,3.3201949830994817,5.361151326035973,AJISAI (EGS),5948.330232,5028.744783,-1112.626982,1402.4841966072545,-1296.544493815115,-0.9544762612345039,1909.9713236591595
2026-07-15 05:28:00,3652.510456586249,6967.268140458652,191.06396426535713,-4.112045998602533,2.0086236305819383,5.45218595486944,AJISAI (EGS),5340.065148,5776.373416,190.092825,1687.5546914137508,-1190.8947244586516,-0.9711392653571238,2065.4471729791303
2026-07-15 05:32:00,2587.5595517687325,7281.890543440953,1484.806983646979,-4.727610357321671,0.6030029349773292,5.286521233586162,AJISAI (EGS),4504.384185999999,6279.59376,1483.864376,1916.8246342312668,-1002.2967834409528,-0.9426076469790132,2163.0571904138565
2026-07-15 05:36:00,1401.0677231486106,7254.484607949054,2708.6650210852586,-5.1209219056273945,-0.8303669627710681,4.872144469483375,AJISAI (EGS),3471.534499,6522.438741,2707.794972,2070.4667758513892,-732.0458669490545,-0.8700490852584153,2196.070258030706
2026-07-15 05:40:00,148.7935024810217,6886.4954568723915,3805.091582123867,-5.273679522570883,-2.2240245873516815,4.228819240294085,AJISAI (EGS),2280.5931269999996,6499.934894,3804.334594,2131.799624518978,-386.56056287239153,-0.7569881238669041,2166.5639341820715
2026-07-15 05:44:00,-1110.4682323110842,6195.372370760207,4722.598157819684,-5.178966166176299,-3.5125949944774266,3.3870474355549587,AJISAI (EGS),977.988005,6218.017738,4721.988425,2088.4562373110844,22.645367239792904,-0.6097328196847229,2088.579095843657
2026-07-15 05:48:00,-2317.6560297235255,5213.6949242543205,5418.155176152818,-4.841466756829036,-4.635854668456186,2.386524970140644,AJISAI (EGS),-384.320292,5692.983767,5417.719171,1933.3357377235257,479.2888427456792,-0.43600515281832486,1991.859698784017
2026-07-15 05:52:00,-3416.1969221920276,3987.6008499356285,5859.1734380840935,-4.277135828147911,-5.541464709206629,1.2742108735639466,AJISAI (EGS),-1750.9166699999998,4950.528466,5858.9304919999995,1665.2802521920278,962.9276160643713,-0.24294608409400098,1923.63925182009
2026-07-15 05:56:00,-4354.621826915769,2574.607802585302,6024.987932184036,-3.512377648990445,-6.187276491995321,0.1021312075252315,AJISAI (EGS),-3065.179492,4024.4418459999997,6024.947813,1289.4423349157687,1449.8340434146976,-0.04011918403648451,1940.2784053137295
2026-07-15 06:00:00,-5088.932800936751,1040.9384656012194,5907.793340302099,-2.5828098961118577,-6.543159411337213,-1.074978067544383,AJISAI (EGS),-4271.61246,2955.040642,5907.954769,817.3203409367507,1914.1021763987806,0.16142869790110126,2081.2976018490817
2026-07-15 06:04:00,-5584.62992526052,-541.5329724400829,5513.002741838727,-1.5316731018264953,-6.592325402057153,-2.2021089169051664,AJISAI (EGS),-5318.184734,1787.404736,5513.356732,266.44519126052,2328.937708440083,0.35399016127303184,2344.1296924549706
2026-07-15 06:08:00,-5818.3188099411545,-2098.5895611262586,4859.018079011349,-0.40793358132519675,-6.332126812450052,-3.226435729171117,AJISAI (EGS),-6158.5934179999995,569.483269,4859.5509759999995,-340.27460805884493,2668.0728301262584,0.5328969886504638,2689.6839442073383
2026-07-15 06:12:00,-5778.830083372263,-3557.105120725715,3976.415903820683,0.7358794667711971,-5.774290980728934,-4.099722171177153,AJISAI (EGS),-6754.353132,-649.858266,3977.108022,-975.5230486277369,2907.246854725715,0.6921181793168216,3066.550174339903
2026-07-15 06:16:00,-5467.792759874982,-4848.461602409386,2906.5691281232093,1.8460523420670343,-4.944542037417389,-4.780598508032257,AJISAI (EGS),-7076.623444,-1822.780381,2907.3925090000002,-1608.8306841250178,3025.6812214093857,0.8233808767909068,3426.8183059111307
2026-07-15 06:20:00,-4899.618397641884,-5911.797406588377,1699.748296320908,2.8702029770253823,-3.881564290565223,-5.236601019257227,AJISAI (EGS),-7107.683439,-2904.336414,1700.666975,-2208.065041358116,3007.4609925883774,0.9186786790921815,3731.0017009884896
2026-07-15 06:24:00,-4100.8759830221,-6696.925917375875,412.77478073926227,3.75981979758188,-2.635292003736004,-5.4458438088591725,AJISAI (EGS),-6841.960349999999,-3854.192486,413.746526,-2741.0843669778997,2842.7334313758747,0.9717452607377481,3949.0097256200243
2026-07-15 06:28:00,-3109.0693210414006,-7166.766182536595,-893.6697799927716,4.472674914231132,-1.2645664591853412,-5.398191036088824,AJISAI (EGS),-6286.531718,-4638.125104000001,-892.691408,-3177.4623969585996,2528.6410785365943,0.9783719927715993,4060.824293830054
2026-07-15 06:32:00,-1970.8666468402669,-7299.145736203818,-2157.9442437978723,4.974948191999127,0.16572927105710225,-5.095822289539888,AJISAI (EGS),-5461.052739,-5229.228846,-2157.007636,-3490.1860921597327,2069.916890203818,0.9366077978725116,4057.8264831668735
2026-07-15 06:36:00,-739.8705363830819,-7087.870021129577,-3320.405254939819,5.242911036195117,1.5878834835513878,-4.5531338265214005,AJISAI (EGS),-4397.093328,-5608.779766,-3319.5592659999998,-3657.222791616918,1479.0902551295776,0.845988939819108,3944.9952149576566
2026-07-15 06:40:00,525.9517699890614,-6543.000078437791,-4326.26122769193,5.264058184123429,2.9347028672252997,-3.795982721879421,AJISAI (EGS),-3136.9122110000003,-5766.722485,-4325.552774,-3662.863980989062,776.2775934377905,0.7084536919301172,3744.219537795192
2026-07-15 06:44:00,1767.0373415237073,-5690.332834228384,-5128.172510293931,5.037632840801106,4.142774876756951,-2.860343315630386,AJISAI (EGS),-1731.7312749999999,-5701.77757,-5127.6433130000005,-3498.7686165237074,-11.444735771616251,0.5291972939303378,3498.78737479114
2026-07-15 06:48:00,2925.049655844246,-4570.12783282213,-5688.469669160305,4.574549800645163,5.155456838482412,-1.7904902546176573,AJISAI (EGS),-239.59772700000002,-5421.187624,-5688.152914,-3164.647382844246,-851.0597911778705,0.3167551603046377,3277.0864996573537
2026-07-15 06:52:00,3945.6147180161965,-3235.1636378071876,-5980.89207749653,3.8967675915704834,5.925455118111525,-0.636841105853706,AJISAI (EGS),1277.061019,-4940.140723,-5980.809039,-2668.5536990161963,-1704.9770851928129,0.08303849653020734,3166.721603245381
2026-07-15 06:56:00,4780.847758403215,-1748.2331595333637,-5991.780649384441,3.0361849673692514,6.416913083432197,0.5464149908389099,AJISAI (EGS),2754.0794389999996,-4280.922224999999,-5991.938448,-2026.7683194032156,-2532.689065466636,-0.1577986155589315,3243.810066537682
2026-07-15 07:00:00,5391.565828479471,-179.2011966477574,-5720.686546471431,2.0331392903331995,6.606968182926015,1.7037978987896052,AJISAI (EGS),4128.287483,-3471.850265,-5721.078877999999,-1263.2783454794708,-3292.6490683522425,-0.3923315285683202,3526.6712661378388
2026-07-15 07:04:00,5749.099046353632,1398.2458217975172,-5180.379957792844,0.9345731545190078,6.486757162353501,2.781044152357232,AJISAI (EGS),5340.232465,-2546.0446540000003,-5180.98806,-408.8665813536318,-3944.2904757975175,-0.6081022071557527,3965.425526800763
2026-07-15 07:08:00,5836.627650504689,2910.023015184952,-4396.2610174619085,-0.208075843104293,6.061846670589907,3.7275705604623948,AJISAI (EGS),6336.779133,-1540.079659,-4397.053572,500.15148249531103,-4450.102674184952,-0.7925545380912808,4478.120805022238
2026-07-15 07:12:00,5649.984838233185,4285.101555890097,-3405.192281613186,-1.341207234112269,5.352056498099137,4.498816712495102,AJISAI (EGS),7073.488172,-492.567119,-3406.1277179999997,1423.5033337668156,-4777.6686748900975,-0.9354363868137625,4985.226231908896
2026-07-15 07:16:00,5197.88017402923,5458.844383804598,-2253.7927628697007,-2.4115401038070483,4.3906406995683795,5.058370736187451,AJISAI (EGS),7516.665882,557.2895259999999,-2254.822366,2318.78570797077,-4901.554857804598,-1.029603130299165,5422.361869484548
2026-07-15 07:20:00,4501.5189085835955,6376.066388250963,-996.259085733621,-3.368644692245774,3.2228107395083727,5.379762816718523,AJISAI (EGS),7644.977400999999,1571.120362,-997.33078,3143.4584924164037,-4804.946026250964,-1.0716942663790405,5741.84976791089
2026-07-15 07:24:00,3593.620715433781,6993.663293113174,308.1916064547917,-4.167390833748727,1.9036281774124493,5.447803715063227,AJISAI (EGS),7450.5319150000005,2512.7442969999997,307.129701,3856.9111995662197,-4480.918996113174,-1.061905454791713,5912.224638721911
2026-07-15 07:28:00,2516.8758351143674,7282.667207622273,1598.1342374975152,-4.770161803509549,0.4953547333337712,5.259360837132466,AJISAI (EGS),6939.365233,3349.404669,1597.1317849999998,4422.489397885633,-3933.262538622273,-1.0024524975153781,5918.527492294951
2026-07-15 07:32:00,1321.91305312583,7229.615466595566,2812.8597550297636,-5.148685868583919,-0.9355910858507479,4.823504115278264,AJISAI (EGS),6131.282575,4052.834639,2811.961741,4809.3695218741705,-3176.7808275955663,-0.8980140297635444,5763.850486518552
2026-07-15 07:36:00,64.886292791759,6837.160979337532,3895.256758107879,-5.2853673924873075,-2.321877351981348,4.161010649922546,AJISAI (EGS),5059.069759,4600.114791,3894.500949,4994.183466208241,-2237.046188337532,-0.7558091078785765,5472.316211089291
2026-07-15 07:40:00,-1195.1907248279456,6123.901034638837,4794.501701296,-5.174048608604831,-3.598494549652832,3.3032767732009782,AJISAI (EGS),3767.1114589999997,4974.301399,4793.917853,4962.302183827946,-1149.5996356388368,-0.5838482959998146,5093.723846731718
2026-07-15 07:44:00,-2399.2225328878635,5123.4496030327655,5468.426249443691,-4.820189204610066,-4.705795474627379,2.2907337477217857,AJISAI (EGS),2309.492165,5164.816072,5468.036379,4708.714697887864,41.36646896723414,-0.3898704436905973,4708.896414539077
2026-07-15 07:48:00,-3490.786397978128,3882.8184864517198,5885.456844889329,-4.240498830625041,-5.592194865387157,1.1708880207052488,AJISAI (EGS),747.679159,5167.601706,5885.276471,4238.465556978128,1284.7832195482806,-0.18037388932862086,4428.911630576693
2026-07-15 07:52:00,-4418.73923205443,2460.2010078931085,6026.050998921913,-3.4620865389704045,-6.216437299343134,-0.003893389241301242,AJISAI (EGS),-852.100216,4985.063513,6026.088981,3566.6390160544306,2524.8625051068916,0.03798207808722509,4369.879236544072
2026-07-15 07:56:00,-5139.569501738737,922.2683031566218,5883.581867196361,-2.5211978580551464,-6.549385891838904,-1.1787502949585091,AJISAI (EGS),-2421.6756729999997,4625.821785,5883.838602,2717.8938287387373,3703.5534818433784,0.2567348036391195,4593.827959674054
2026-07-15 08:00:00,-5619.402742786801,-658.9035989164557,5464.644355673969,-1.4616003952231273,-6.5753073495360645,-2.2987711075746624,AJISAI (EGS),-3893.836996,4104.298862000001,5465.109079,1725.5657467868014,4763.202460916456,0.4647233260311623,5066.130184483246
2026-07-15 08:04:00,-5835.5821799726755,-2209.1523183888603,4788.772713719986,-0.33266448555870964,-6.292629054743647,-3.3114456839916104,AJISAI (EGS),-5205.219537999999,3440.161955,4789.424207,630.3626419726761,5649.31427338886,0.6514932800137103,5684.374129519746
2026-07-15 08:08:00,-5777.75615599729,-3655.6623547182485,3887.574547538975,0.8128204687838086,-5.714129999534113,-4.169064030792388,AJISAI (EGS),-6299.069671,2657.632032,3888.384347,-521.3135150027101,6313.2943867182485,0.8097994610252499,6334.7813261444
2026-07-15 08:12:00,-5448.414779113659,-4930.371240679606,2803.303775852893,1.9210420648922841,-4.86651537863219,-4.830976825908452,AJISAI (EGS),-7127.7672410000005,1784.668142,2804.236536,-1679.3524618863412,6715.039382679606,0.9327601471068192,6921.847981010802
2026-07-15 08:16:00,-4862.833763511388,-5973.194996983308,1586.9184128111096,2.939692752764046,-3.789330460334877,-5.265607099306884,AJISAI (EGS),-7654.984807,852.04765,1587.931608,-2792.1510434886122,6825.242646983308,1.0131951888904496,7374.282722164831
2026-07-15 08:20:00,-4048.407226693009,-6734.911980238101,295.6983758556043,3.8205111725840117,-2.5332021319887126,-5.452082274545234,AJISAI (EGS),-7857.37605,-107.63760400000001,296.744074,-3808.968823306991,6627.2743762381015,1.0456981443957147,7643.887116405591
2026-07-15 08:24:00,-3043.383763845082,-7179.547972804211,-1009.4695573814003,4.521686157649851,-1.1574542716888154,-5.381355712307334,AJISAI (EGS),-7725.6913540000005,-1061.045713,-1008.442279,-4682.307590154918,6118.502259804211,1.027278381400265,7704.549002203339
2026-07-15 08:28:00,-1895.0584244885238,-7286.124752778681,-2267.003855763852,5.009959424635211,0.27278713354512596,-5.056714058089097,AJISAI (EGS),-7265.243899,-1975.174032,-2266.0462230000003,-5370.185474511476,5310.950720778681,0.9576327638515068,7552.820036665388
2026-07-15 08:32:00,-657.5114288990602,-7049.67001822258,-3417.5825954285183,5.262277566346812,1.6898206976807584,-4.493618513636698,AJISAI (EGS),-6495.693431,-2818.43341,-3416.7433760000004,-5838.18200210094,4231.23660822258,0.8392194285179357,7210.251939336622
2026-07-15 08:36:00,610.9841755448625,-6481.434421830757,-4406.980484862095,5.2668853173879215,3.0267127398335028,-3.718892965753384,AJISAI (EGS),-5450.156434,-3561.667311,-4406.3042510000005,-6061.140609544863,2919.767110830757,0.6762338620947048,6727.738544819878
2026-07-15 08:40:00,1850.7445512870236,-5608.314099022956,-5188.639600109103,5.023809946446271,4.220539935128101,-2.769333234201982,AJISAI (EGS),-4173.699073,-4179.078659,-5188.164496,-6024.443624287023,1429.235440022956,0.47510410910308565,6191.658513754945
2026-07-15 08:44:00,3003.500602588229,-4471.52589212986,-5725.848262316074,4.5447454574018025,5.215346900137125,-1.689854470963617,AJISAI (EGS),-2721.3046,-4649.040527,-5725.602988,-5724.805202588229,-177.51463487014007,0.24527431607475592,5727.556731568341
2026-07-15 08:48:00,4015.1286759634277,-3124.6207419503453,-5993.433102418312,3.8523901595766623,5.964686925731372,-0.5313099791105432,AJISAI (EGS),-1155.426341,-4954.774423000001,-5993.433863,-5170.555016963428,-1830.1536810496555,-0.0007605816881550709,5484.897599746586
2026-07-15 08:52:00,4838.164145334884,-1630.9456350977305,-5978.900844515869,2.9793135665799446,6.433668733636361,0.6518936523143087,AJISAI (EGS),456.753738,-5084.888282,-5979.149388,-4381.4104073348835,-3453.942646902269,-0.24854348413100524,5579.110773892785
2026-07-15 08:56:00,5433.994318706728,-60.677734542174576,-5682.993835924808,1.9664293184975055,6.600471853419824,1.8042825964006737,AJISAI (EGS),2046.24105,-5033.768488,-5683.476600999999,-3387.7532687067282,-4973.0907534578255,-0.48276507519130973,6017.350254457768
2026-07-15 09:00:00,5774.644248074404,1512.4392698373358,-5119.645132573718,0.8611391347871243,6.457309850345756,2.8718224833064294,AJISAI (EGS),3545.201677,-4801.821846,-5120.334554999999,-2229.4425710744035,-6314.261115837336,-0.6894224262814532,6696.290621829185
2026-07-15 09:04:00,5844.083159262527,3014.5215238345377,-4315.336690417854,-0.2847980156034218,6.010817559823912,3.804374732951426,AJISAI (EGS),4889.883253,-4395.557457999999,-4316.194757,-954.1999062625273,-7410.0789818345365,-0.8580665821464208,7471.262859411094
2026-07-15 09:08:00,5638.992018291144,4374.992008223198,-3307.8817259179036,-1.4176159147226435,5.2818285283764785,4.55802417653188,AJISAI (EGS),6023.36547,-3827.492883,-3308.862724,384.373451708856,-8202.484891223197,-0.9809980820964483,8211.485998495074
2026-07-15 09:12:00,5168.947901325545,5529.897472058796,-2144.673314680557,-2.4840365403487548,4.304508255718496,5.097180331029759,AJISAI (EGS),6898.022029,-3115.876365,-2145.726109,1729.0741276744548,-8645.773837058796,-1.0527943194433647,8816.978149510149
2026-07-15 09:16:00,4456.002018584683,6424.938307480361,-880.4673004164652,-3.4338069223012364,3.124829824824688,5.396335421830309,AJISAI (EGS),7477.583914,-2284.214423,-881.537993,3021.5818954153165,-8709.15273048036,-1.0706925835348784,9218.421751032969
2026-07-15 09:20:00,3533.6570976541384,7018.056186071906,425.20320115838524,-4.222142476795545,1.7984237642618286,5.4413566936701026,AJISAI (EGS),7738.697687,-1360.601394,424.16779599999995,4205.040589345861,-8378.657580071906,-1.035405158385288,9374.661075164608
2026-07-15 09:24:00,2445.284783870925,7281.43916421407,1710.8566463680563,-4.8119242214374705,0.38789509069386924,5.230208130830583,AJISAI (EGS),7671.895657,-376.863197,1709.904915,5226.610873129075,-7658.30236121407,-0.9517313680562438,9271.842167588955
2026-07-15 09:28:00,1242.060184188039,7202.83378545118,2915.989703442057,-5.175503076634809,-1.0402389465269584,4.7730383909090355,AJISAI (EGS),7281.9238399999995,632.4619379999999,2915.162463,6039.863655811961,-6570.371847451181,-0.8272404420567909,8924.670295249232
2026-07-15 09:32:00,-19.47743356815669,6786.096104470995,3983.9477802935644,-5.295995992746476,-2.4187947728893264,4.091629371932005,AJISAI (EGS),6587.412859,1631.269443,3983.2773190000003,6606.890292568157,-5154.826661470995,-0.6704612935641308,8379.930649913631
2026-07-15 09:36:00,-1280.1069592108538,6050.962480064044,4864.59141270594,-5.168009088956907,-3.6831451359420164,3.2182590743070802,AJISAI (EGS),5619.923149,2583.116853,4864.100869,6900.030108210854,-3467.845627064044,-0.4905437059396718,7722.458742395238
2026-07-15 09:40:00,-2480.7111766279595,5032.068620869353,5516.629166124026,-4.797779002134144,-4.774233200934568,2.194078270805714,AJISAI (EGS),4422.4316770000005,3452.491573,5516.332217,6903.14285362796,-1579.5770478693535,-0.2969491240255593,7081.5566788615915
2026-07-15 09:44:00,-3565.0301067534097,3777.284743411378,5909.5147185854075,-4.202770476058113,-5.641238223744734,1.067122913979089,AJISAI (EGS),3047.35131,4206.077171,5909.416791000001,6612.381416753409,428.7924275886221,-0.09792758540697832,6626.269761802109
2026-07-15 09:48:00,-4482.258930782656,2345.461965725726,6024.835235717388,-3.410795358067851,-6.24380559880915,-0.10991816892923366,AJISAI (EGS),1554.184398,4813.980269000001,6024.936563,6036.443328782656,2468.518303274275,0.10132728261214652,6521.673917444198
2026-07-15 09:52:00,-5189.38410149528,803.7005612337266,5857.144800886754,-2.4587232169946307,-6.5537965783655645,-1.2820803038828363,AJISAI (EGS),6.922657,5250.88335,5857.4409479999995,5196.3067584952805,4447.182788766273,0.2961471132457518,6839.520361310858
2026-07-15 09:56:00,-5653.167054863969,-775.7415964093831,5414.217844783259,-1.3908431158663601,-6.556533895812232,-2.394568161524222,AJISAI (EGS),-1528.699435,5497.091492,5414.698627999999,4124.467619863968,6272.833088409383,0.48078321673983737,7507.307662105134
2026-07-15 10:00:00,-5851.697505155339,-2318.77660706485,4716.713910391317,-0.25692192973512457,-6.251517964932248,-3.3952064237926165,AJISAI (EGS),-2987.996305,5539.437859000001,4717.360928,2863.701200155339,7858.21446606485,0.6470176086831998,8363.750329671122
2026-07-15 10:04:00,-5775.448365414743,-3752.918666374135,3797.2601197490717,0.8900000685288408,-5.65257395478833,-4.236829655085934,AJISAI (EGS),-4310.065514000001,5372.009792000001,3798.045053,1465.3828514147426,9124.928458374136,0.7849332509281339,9241.843262455102
2026-07-15 10:08:00,-5427.775249835804,-5010.6781525298475,2698.975711513778,1.9960227536602688,-4.787378966036741,-4.879525129075799,AJISAI (EGS),-5440.364372,4996.651771,2699.8615959999997,-12.589122164195942,10007.329923529847,0.8858844862215847,10007.337881233156
2026-07-15 10:12:00,-4824.819653544439,-6032.763327004525,1473.48694774396,3.00892523162301,-3.6963263843016416,-5.292615716557821,AJISAI (EGS),-6333.019472,4423.194664,1474.430712,-1508.1998184555614,10455.957991004525,0.94376425604014,10564.17176558256
2026-07-15 10:16:00,-3994.799471594322,-6770.9286479127395,178.51040556379564,3.8807088910788745,-2.430719567989423,-5.456251105310879,AJISAI (EGS),-6952.754665,3669.373094,179.465599,-2957.9551934056785,10440.301741912739,0.9551934362043539,10851.239574388554
2026-07-15 10:20:00,-2976.7037715054103,-7190.313566007694,-1124.885446398173,4.569991293815385,-1.0503463569535822,-5.362477829984264,AJISAI (EGS),-7276.336918,2760.409432,-1123.9656980000002,-4299.63314649459,9950.722998007694,0.9197483981727146,10839.913939854472
2026-07-15 10:24:00,-1818.4473734751696,-7271.136386104855,-2375.2024475743397,5.044086576520102,0.3794442454600488,-5.015688193414725,AJISAI (EGS),-7293.462525000001,1728.2614110000002,-2374.3624419999996,-5475.015151524831,8999.397797104855,0.8400055743400117,10533.990332517471
2026-07-15 10:28:00,-574.5788086289938,-7009.644557426109,-3513.462893048694,5.280624937821566,1.7909809219323651,-4.432401699047667,AJISAI (EGS),-7007.036907,610.552201,-3512.741896,-6432.458098371006,7620.196758426109,0.7209970486937891,9972.157055735897
2026-07-15 10:32:00,696.3341210880474,-6418.271254038396,-4486.028407725523,5.268606979898936,3.117607875538883,-3.6403977838439214,AJISAI (EGS),-6432.842320000001,-550.773729,-4485.458883,-7129.176441088048,5867.497525038396,0.5695247255225695,9233.238015932166
2026-07-15 10:36:00,1934.498817077744,-5525.000638500255,-5247.140254411235,5.0088472907297845,4.296906700743572,-2.67727882896208,AJISAI (EGS),-5598.627761,-1711.012982,-5246.747356,-7533.126578077744,3813.987656500255,0.3928984112353646,8443.606933037963
2026-07-15 10:40:00,3081.7262397170375,-4371.992276207723,-5761.058056214356,4.51381990463299,5.273621809782893,-1.5885829970497798,AJISAI (EGS),-4542.687714,-2824.416119,-5760.8586589999995,-7624.413953717038,1547.576157207723,0.19939721435639512,7779.889468350571
2026-07-15 10:44:00,4084.15563901816,-3013.5523199927643,-6003.70484213426,3.8069615798234286,6.002162494764512,-0.4255802532285449,AJISAI (EGS),-3312.023499,-3845.978791,-6003.705615,-7396.17913801816,-832.4264710072357,-0.0007728657401457895,7442.875766213569
2026-07-15 10:48:00,4894.7545411339415,-1513.5629002513383,-5963.757601929819,2.921509343100408,6.44860850806368,0.7571252173161062,AJISAI (EGS),-1960.1899469999998,-4733.248304,-5963.953407999999,-6854.944488133941,-3219.6854037486614,-0.19580607017996954,7573.416538976982
2026-07-15 10:52:00,5475.491523605243,57.50635340468004,-5643.149529759946,1.8989480687997946,6.5921838438052855,1.904085916110549,AJISAI (EGS),-544.927772,-5448.083626000001,-5643.523408,-6020.419295605243,-5505.589979404681,-0.37387824005418224,8158.245501086744
2026-07-15 10:56:00,5799.096161191034,1625.8745694817067,-5056.971439477507,0.7871317697849083,6.426178004171721,2.961516218000917,AJISAI (EGS),874.3208020000001,-5958.30654,-5057.496024,-4924.775359191034,-7584.181109481706,-0.5245845224926597,9042.854400857246
2026-07-15 11:00:00,5850.334401187652,3117.8783873272823,-4232.777387134398,-0.36186783596152916,5.9582897585341295,3.879740830395774,AJISAI (EGS),2238.917551,-6239.179807,-4233.416908,-3611.4168501876516,-9357.058194327283,-0.6395208656022078,10029.799107002771
2026-07-15 11:04:00,5626.74043839521,4463.410622156697,-3209.31723651528,-1.4941290720708318,5.210358624354558,4.615506756793128,AJISAI (EGS),3493.461253,-6274.646248,-3210.030376,-2133.27918539521,-10738.056870156697,-0.7131394847201591,10947.910574083431
2026-07-15 11:08:00,5138.761683520414,5599.217557649345,-2034.7403520927448,-2.55638840864771,4.217450171365734,5.134059140474988,AJISAI (EGS),4588.055515,-6058.260918,-2035.485036,-550.7061685204144,-11657.478475649345,-0.7446839072551938,11670.479092514941
2026-07-15 11:12:00,4409.2952481290795,6471.897671933953,-764.3410304627442,-3.4985819446535467,3.0262843655160276,5.410862781949833,AJISAI (EGS),5480.3177319999995,-5593.750148,-765.078388,1071.02248387092,-12065.647819933953,-0.7373575372557752,12113.08990387383
2026-07-15 11:16:00,3472.6239088718803,7040.447286372512,542.0543995436091,-4.276282804906345,1.6930432413152467,5.4328473656439815,AJISAI (EGS),6137.031173,-4895.145030000001,541.3595180000001,2664.40726412812,-11935.592316372513,-0.6948815436089717,12229.367542708396
2026-07-15 11:20:00,2372.794908383705,7278.214688056734,1822.9315066975687,-4.85288083568952,0.2806559518369065,5.199074289344521,AJISAI (EGS),6535.363979000001,-3986.4652349999997,1822.310196,4162.569070616295,-11264.679923056734,-0.6213106975687879,12009.162977601556
2026-07-15 11:24:00,1161.5214110707816,7174.155239044754,3018.015833794005,-5.2013588890491995,-1.1442810770268013,4.7207665803259635,AJISAI (EGS),6663.605359,-2900.9509909999997,3017.493927,5502.083947929219,-10075.106230044754,-0.52190679400519,11479.577239129221
2026-07-15 11:28:00,-104.28219055268092,6733.323138763656,4071.131121782812,-5.305553465549411,-2.5147512686999103,4.020701808392601,AJISAI (EGS),6521.393176,-1679.868172,4070.727879,6625.67536655268,-8413.191310763656,-0.403242782811958,10708.938428110268
2026-07-15 11:32:00,-1365.198988534785,5976.5845670717845,4932.840827548332,-5.160839027805642,-3.766526227511635,3.1320265498307966,AJISAI (EGS),6119.438765,-370.939323,4932.568516,7484.637753534785,-6347.523890071784,-0.27231154833134497,9813.809755177845
2026-07-15 11:36:00,-2562.102384377554,4939.584065740946,5562.74573759966,-4.7742311940407065,-4.84115326340449,2.09659502338763,AJISAI (EGS),5478.786502,973.5268560000001,5562.610043,8040.888886377554,-3966.0572097409463,-0.13569459966038266,8965.796333422995
2026-07-15 11:40:00,-3638.907739445594,3671.0344336206676,5931.337972604658,-4.163949638052268,-5.688586735746673,0.9629546312356508,AJISAI (EGS),4629.669285,2298.7245660000003,5931.339185,8268.577024445594,-1372.3098676206673,0.0012123953420086764,8381.682431466852
2026-07-15 11:44:00,-4545.160811394771,2230.4266023901055,6021.341070714303,-3.358506876895713,-6.269380188501795,-0.2159032162073499,AJISAI (EGS),3610.0350639999997,3549.5748909999998,6021.475898,8155.195875394771,1319.1482886098943,0.13482728569670144,8261.196765092616
2026-07-15 11:48:00,-5238.357615021034,685.2706260532967,5828.492071329963,-2.3953925646234078,-6.55639715883475,-1.384929124420493,AJISAI (EGS),2463.8221719999997,4673.003386,5828.755886,7702.179787021034,3987.7327599467035,0.2638146700364814,8673.26847883459
2026-07-15 11:52:00,-5685.905894875824,-892.0137512502849,5361.742201530312,-1.3194114400448904,-6.536017399216324,-2.4894638182116666,AJISAI (EGS),1239.060088,5620.190917999999,5362.129489,6924.965982875824,6512.2046692502845,0.3872874696880899,9505.996195464424
2026-07-15 11:56:00,-5866.650651698895,-2427.4329337484987,4642.868868574975,-0.18071926031905897,-6.208812082593261,-3.4776860884327165,AJISAI (EGS),-14.131751,6348.715190000001,4643.37101,5852.518900698895,8776.148123748499,0.5021414250250018,10548.590124995762
2026-07-15 12:00:00,-5771.896103362473,-3848.8496792113897,3705.5067817883014,0.9674023476344927,-5.5896467954879645,-4.30299313072898,AJISAI (EGS),-1245.577761,6824.497826000001,3706.1094500000004,4526.318342362472,10673.34750521139,0.6026682116989832,11593.442330327009
2026-07-15 12:04:00,-5405.867617731165,-5089.364255327956,2593.624467868384,2.070976683967901,-4.70716109988402,-4.926224762938477,AJISAI (EGS),-2407.042837,7023.468969,2594.306059,2998.8247807311654,12112.833224327955,0.6815911316161873,12478.528729400632
2026-07-15 12:08:00,-4785.57389586225,-6090.491498314691,1359.4969379764234,3.077881774082358,-3.6025833913237197,-5.317616455436083,AJISAI (EGS),-3454.118079,6932.855269000001,1360.227453,1331.4558168622498,13023.346767314692,0.7305150235765723,13091.231269351043
2026-07-15 12:12:00,-3940.0550341833477,-6804.972753036686,61.255356872435726,3.940394349954102,-2.3278771398386144,-5.45834868741879,AJISAI (EGS),-4347.91916,6552.005825,61.999488,-407.86412581665263,13356.978578036687,0.7441311275642732,13363.204347498033
2026-07-15 12:16:00,-2909.0360264840283,-7199.067689608067,-1239.8736428981385,4.617572693916513,-0.9432753992779463,-5.341564667931471,AJISAI (EGS),-5056.527295,5892.691502000001,-1239.1505849999999,-2147.4912685159716,13091.759191608067,0.723057898138677,13266.720695116008
2026-07-15 12:20:00,-1741.0442034883408,-7254.1930257938175,-2482.4989946609185,5.077313848759034,0.48566970745965615,-4.97276047592249,AJISAI (EGS),-5556.102049,4978.829494,-2481.828823,-3815.0578455116593,12233.022519793816,0.6701716609186406,12814.1135777514
2026-07-15 12:24:00,-491.08688348250956,-6967.813075996565,-3608.009851302555,5.297939905018283,1.8913365638096875,-4.369506830141661,AJISAI (EGS),-5831.6115,3845.6337949999997,-3607.420999,-5340.52461651749,10813.446870996566,0.5888523025550967,12060.341485971354
2026-07-15 12:28:00,781.9845844611158,-6353.536104526567,-4563.375130112088,5.269213045388212,3.207365293759816,-3.5605270880732203,AJISAI (EGS),-5877.1618,2538.233565,-4562.891935,-6659.146384461115,8891.769669526568,0.4831951120886515,11108.906276455467
2026-07-15 12:32:00,2018.2811029753864,-5440.422838351262,-5303.652416299708,4.992738272569709,4.371857830370176,-2.584215001342339,AJISAI (EGS),-5695.931213000001,1109.8278529999998,-5303.293704,-7714.212315975387,6550.250691351262,0.35871229970871354,10120.022524884445
2026-07-15 12:36:00,3159.706397086592,-4271.560781353362,-5794.0858049493745,4.481770321863515,5.330270582429142,-1.4867140709265614,AJISAI (EGS),-5299.7366059999995,-380.529961,-5793.863151,-8459.443003086591,3891.0308203533614,0.2226539493749442,9311.406811915438
2026-07-15 12:40:00,4152.675226671395,-2901.993996569304,-6011.703453589879,3.7604829275233262,6.037877619353011,-0.3196917517566957,AJISAI (EGS),-4708.279355000001,-1870.413547,-6011.620976,-8860.954581671394,1031.5804495693037,0.08247758987909037,8920.800094676455
2026-07-15 12:44:00,4950.599289788947,-1396.1207589786693,-5946.356647530486,2.8627772436680003,6.461735118693955,0.8620700655073066,AJISAI (EGS),-3948.12571,-3296.664244,-5946.410999,-8898.724999788947,-1900.5434850213308,-0.05435146951367642,9099.41603419032
2026-07-15 12:48:00,5516.03942309288,175.31673390327964,-5601.168660103257,1.8307041857172146,6.582113655550991,2.0031702189774623,AJISAI (EGS),-3051.483633,-4598.083082,-5601.34897,-8567.52305609288,-4773.39981590328,-0.18030989674298326,9807.53777212508
2026-07-15 12:52:00,5822.439251727342,1738.5204458794653,-4992.382533392573,0.7125630619201258,6.393377522676391,3.050091418150597,AJISAI (EGS),-2054.8307369999998,-5718.076496000001,-4992.671443,-7877.269988727341,-7456.596941879466,-0.2889096074268309,10846.760830423957
2026-07-15 12:56:00,5855.369075879602,3220.066850645051,-4148.614302105517,-0.439270461005998,5.9042849000677515,3.95364021454509,AJISAI (EGS),-997.442792,-6607.152914,-4148.989552999999,-6852.811867879602,-9827.219764645051,-0.37525089448263316,11980.620974723935
2026-07-15 13:00:00,5613.221634107836,4550.3364316137495,-3109.5361024775552,-1.5707297112022875,5.137673214298403,4.6712425160969815,AJISAI (EGS),80.127746,-7225.164847,-3109.972313,-5533.0938881078355,-11775.501278613749,-0.4362105224449806,13010.670948399624
2026-07-15 13:04:00,5107.317311233924,5666.79047463478,-1924.0355102580756,-2.6285773929757084,4.1294964643668415,5.168993040547563,AJISAI (EGS),1137.573508,-7543.191745,-1924.506372,-3969.7438032339237,-13209.982219634781,-0.4708617419244092,13793.567208234857
2026-07-15 13:08:00,4361.398850632714,6516.937809542946,-647.9242853395557,-3.5629510422700683,2.9272065391133415,5.423339321860933,AJISAI (EGS),2136.30186,-7544.962009,-648.404494,-2225.096990632714,-14061.899818542945,-0.48020866044430477,14236.85651241387
2026-07-15 13:12:00,3410.5258485402105,7060.837746671561,658.7009139453531,-4.329793639099485,1.5875193668990517,5.422278997749211,AJISAI (EGS),3040.797504,-7227.728473,658.233329,-369.7283445402104,-14288.56621967156,-0.46758494535311,14293.348938626363
2026-07-15 13:16:00,2299.4151166345546,7273.00270073201,1934.3163628063003,-4.8930148948340015,0.17366903091649055,5.165971244641253,AJISAI (EGS),3819.830895,-6602.5364500000005,1933.879459,1520.4157783654455,-13875.539150732011,-0.43690380630027903,13958.59058262991
2026-07-15 13:20:00,1080.3094112119315,7143.596077941466,3118.8995351054155,-5.2262387646354656,-1.2476883651810051,4.666708651483681,AJISAI (EGS),4447.459921,-5693.849865,3118.5110440000003,3367.150509788068,-12837.445942941467,-0.38849110541514165,13271.688703568801
2026-07-15 13:24:00,-189.51214164806092,6678.8648664854545,4156.773829296926,-5.314028120711658,-2.609721717139528,3.9482549397798414,AJISAI (EGS),4903.783609,-4538.558695000001,4156.452279,5093.295750648061,-11217.423561485455,-0.3215502969260342,12319.588185679471
2026-07-15 13:28:00,-1450.4485629342983,5900.7955134596195,4999.2241785966435,-5.152530072558802,-3.8486178349121243,3.0446118593618365,AJISAI (EGS),5175.4404859999995,-3184.431293,4998.985592,6625.8890489342975,-9085.22680645962,-0.23858659664347215,11244.721066817241
2026-07-15 13:32:00,-2643.3763372459953,4846.02824815299,5606.75856296003,-4.749541101661893,-4.906541663992194,1.9983207921811037,AJISAI (EGS),5255.854426,-1688.08708,5606.614048,7899.230763245995,-6534.1153281529905,-0.1445149600294826,10251.463787845145
2026-07-15 13:36:00,-3712.3988160621157,3564.1024485504668,5950.918362199935,-4.1240355068310635,-5.734232961494414,0.8584223977136564,AJISAI (EGS),5145.238575,-112.585992,5950.87475,8857.637391062115,-3676.6884405504666,-0.04361219993461418,9590.400306677564
2026-07-15 13:40:00,-4607.424670934939,2115.1307765724287,6015.569790133726,-3.305224211325555,-6.293160472953883,-0.3218086279759047,AJISAI (EGS),4850.378054,1475.253917,6015.630998,9457.80272493494,-639.8768595724287,0.061207866273434774,9479.423757958573
2026-07-15 13:44:00,-5286.471050843573,567.0136732870684,5797.634444418945,-2.3312128529499976,-6.557193902065997,-1.4872579586476682,AJISAI (EGS),4384.221064,3007.6957469999998,5797.80191,9670.692114843572,2440.6820737129315,0.1674655810547847,9973.926758959382
2026-07-15 13:48:00,-5717.602376589599,-1007.6871943988907,5307.2371941498095,-1.2473159030459298,-6.513770750715556,-2.5834221445818946,AJISAI (EGS),3765.307743,4418.974536999999,5307.510056,9482.910119589598,5426.66173139889,0.27286185019056575,10925.85200145497
2026-07-15 13:52:00,-5880.427650348532,-2535.092269411155,4567.2654673547095,-0.1040701627802887,-6.164530408649997,-3.5588532908864408,AJISAI (EGS),3017.05858,5648.135276,4567.640211,8897.486230348532,8183.227545411155,0.3747436452904367,12088.443837800232
2026-07-15 13:56:00,-5767.089003133706,-3943.431580969708,3612.3492451541847,1.04501108812731,-5.525372837564306,-4.367529145837916,AJISAI (EGS),2166.93986,6641.707979000001,3612.818457,7934.028863133706,10585.13955996971,0.46921184581515263,13228.529537527376
2026-07-15 14:00:00,-5382.685635404834,-5166.412105204189,2487.2899705917002,2.145885889095603,-4.625890331308325,-4.971057776771433,AJISAI (EGS),1245.525165,7356.106452999999,2487.841685,6628.210800404834,12522.518558204189,0.551714408299631,14168.50908739379
2026-07-15 14:04:00,-4745.094675332141,-6146.369295821996,1244.9916354103875,3.1465435695669295,-3.5081329276587847,-5.340599672352662,AJISAI (EGS),285.47063799999995,7759.635069,1245.607803,5030.565313332141,13906.004364821996,0.6161675896125871,14787.952702988043
2026-07-15 14:08:00,-3884.176619263245,-6837.041822547793,-56.022257588558254,3.9995488546759215,-2.2247076494108766,-5.458374206558249,AJISAI (EGS),-679.569937,7833.986272,-55.367769,3204.6066822632447,14671.028094547793,0.6544885885582516,15016.9427570119
2026-07-15 14:12:00,-2840.3876116854212,-7205.8157416840795,-1354.3905079279295,4.664412719606984,-0.8362739125867305,-5.318624288417518,AJISAI (EGS),-1616.053808,7575.141275,-1353.728913,1224.3338036854213,14780.957016684079,0.6615949279296274,14831.577260346146
2026-07-15 14:16:00,-1662.860017383558,-7235.307674773052,-2588.8528195418853,5.109625511667064,0.591432924874575,-4.927947411688641,AJISAI (EGS),-2491.647708,6993.616553999999,-2588.215611,-828.787690616442,14228.924228773052,0.6372085418852294,14253.040873803628
2026-07-15 14:20:00,-407.0502291422384,-6924.1955370930345,-3701.1876843067084,5.3142093633568095,1.9908604507367618,-4.304957985898769,AJISAI (EGS),-3276.276042,6114.022852,-3700.605556,-2869.2258128577614,13038.218389093036,0.5821283067084551,13350.190855029992
2026-07-15 14:24:00,867.9182173127886,-6287.254916551839,-4638.991433846871,5.268693591510407,3.2959625236074865,-3.479311299646601,AJISAI (EGS),-3943.075781,4973.962196,-4638.493548,-4810.993998312789,11261.21711255184,0.4978858468703038,12245.843145970897
2026-07-15 14:28:00,2102.0721023867177,-5354.611367799115,-5358.154782374366,4.97547654815284,4.44537655179848,-2.490177020276422,AJISAI (EGS),-4469.228257000001,3622.335499,-5357.767263000001,-6571.300359386718,8976.946866799115,0.38751937436518347,11125.087128323163
2026-07-15 14:32:00,3237.4207010545406,-4170.265345829634,-5824.919086062512,4.448594189429661,5.385282837148256,-1.3842861447022177,AJISAI (EGS),-4836.649112,2117.158204,-5824.662418,-8074.069813054541,6287.423549829633,0.2566680625122899,10233.391339478294
2026-07-15 14:36:00,4220.666931296625,-2789.981392000915,-6017.425949530847,3.7129556117088875,6.071828704384568,-0.2136843533206082,AJISAI (EGS),-5032.52913,522.998692,-6017.313671,-9253.196061296625,3312.980084000915,0.1122785308471066,9828.401416221692
2026-07-15 14:40:00,5005.678691042543,-1278.6548660060503,-5926.704557031689,2.8031225695997057,6.473051870863973,0.9666886814046927,AJISAI (EGS),-5049.7211720000005,-1091.8413759999999,-5926.743162,-10055.399863042543,186.81349000605042,-0.03860496831111959,10057.135063586178
2026-07-15 14:44:00,5555.620038978643,292.7193609694335,-5557.067064810945,1.7617066742723482,6.570271343502729,2.101498127752152,AJISAI (EGS),-4886.972981,-2658.2831069999997,-5557.256489,-10442.593019978642,-2951.0024679694334,-0.18942418905498926,10851.551252367095
2026-07-15 14:48:00,5844.658113131218,1850.3460372811683,-4925.902794044916,0.6374453627267251,6.358924795879608,3.137514556154098,AJISAI (EGS),-4549.006992,-4109.446055,-4926.236594,-10393.665105131218,-5959.792092281168,-0.33379995508403226,11981.126667065244
2026-07-15 14:52:00,5859.175090897259,3321.0606800584223,-4062.879239560053,-0.516990728797506,5.848825024435213,4.026044792696254,AJISAI (EGS),-4046.441762,-5383.531715,-4063.3447579999997,-9905.61685289726,-8704.592395058422,-0.4655184399466634,13186.780282435077
2026-07-15 14:56:00,5598.427419938441,4635.74907709628,-3008.5760775926133,-1.6474005673129264,5.063799027030083,4.725210175753069,AJISAI (EGS),-3395.544094,-6426.499398,-3009.1542170000002,-8993.97151393844,-11062.24847509628,-0.5781394073869706,14257.098767019581
2026-07-15 15:00:00,5074.610911309091,5732.602721124513,-1812.6007203975355,-2.7005849724621616,4.040677328292621,5.201968648501721,AJISAI (EGS),-2617.8048139999996,-7194.417527,-1813.266422,-7692.415725309091,-12927.020248124512,-0.6657016024644236,15042.64313973985
2026-07-15 15:04:00,4312.313456038154,6560.052738096317,-531.261186435527,-3.626895368731226,2.827628560957146,5.433760252994562,AJISAI (EGS),-1739.335362,-7655.37933,-531.98522,-6051.648818038154,-14215.432068096317,-0.7240335644730749,15449.950253115649
2026-07-15 15:08:00,3347.3680140156644,7079.229401442846,775.0985348781196,-4.382656751968705,1.4818847945142428,5.40965564719673,AJISAI (EGS),-790.089043,-7790.880774,774.348598,-4137.457057015665,-14870.110175442846,-0.7499368781195699,15434.983903161768
2026-07-15 15:12:00,2225.1547164136955,7265.812763775149,2044.969023132514,-4.932309679494581,0.06696579968745149,5.130911680951651,AJISAI (EGS),197.073662,-7596.58165,2044.2274280000001,-2028.0810544136955,-14862.39441377515,-0.7415951325137939,15000.129366903804
2026-07-15 15:16:00,998.4372449608032,7111.173119346727,3218.6026325976172,-5.250128269770271,-1.350432064258192,4.6108852480840286,AJISAI (EGS),1187.445311,-7082.414551,3217.9031179999997,189.0080660391967,-14193.587670346726,-0.6995145976175081,14194.846089132743
2026-07-15 15:20:00,-275.1511015382509,6622.744538228723,4240.843535517196,-5.321408443363873,-2.7036814623569785,3.874316314204078,AJISAI (EGS),2145.624195,-6272.038106999999,4240.220224000001,2420.7752965382506,-12894.782645228723,-0.6233115171953614,13120.044698572448
2026-07-15 15:24:00,-1535.8371330444454,5823.623881908758,5063.716405417446,-5.143074104653392,-3.9294005096618325,2.9560480985889055,AJISAI (EGS),3036.714435,-5201.670827,5063.204014999999,4572.551568044445,-11025.294708908757,-0.5123904174470226,11935.885033094995
2026-07-15 15:28:00,-2724.5129791114223,4751.4336874847095,5648.651035344669,-4.723704329553961,-4.970384992482492,1.8992926529815979,AJISAI (EGS),3827.5271549999998,-3918.391105,5648.279944,6552.040134111422,-8669.82479248471,-0.37109134466936666,10867.156573322118
2026-07-15 15:32:00,-3785.482692258775,3456.5237445201424,5968.248487461697,-4.0830275949032515,-5.778170069137735,0.7535655718207503,AJISAI (EGS),4487.750838000001,-2478.004437,5968.038888,8273.233530258776,-5934.528181520142,-0.20959946169659815,10181.601928350312
2026-07-15 15:36:00,-4669.030222990487,1999.6102659487872,6007.523537851188,-3.250950827023644,-6.315146460261985,-0.42759452775143547,AJISAI (EGS),4991.064838,-942.579454,6007.484122999999,9660.095060990487,-2942.189719948787,-0.039414851188666944,10098.213551767394
2026-07-15 15:40:00,-5333.705419917985,448.96465560397934,5764.583518122745,-2.266191397355668,-6.556193652808689,-1.5890281948070522,AJISAI (EGS),5316.165331,622.245405,5764.714116,10649.870750917984,173.28074939602067,0.13059787725524075,10651.280357141362
2026-07-15 15:44:00,-5748.239703392081,-1122.7294124519365,5250.723359550175,-1.174567400405251,-6.4898073669032215,-2.6764075486146366,AJISAI (EGS),5447.667673000001,2150.073233,5251.016197,11195.907376392082,3272.8026454519368,0.2928374498251287,11664.457948082354
2026-07-15 15:48:00,-5893.014705678018,-2641.7260584867986,4489.932255034101,-0.026988660791926952,-6.118692396372901,-3.638677129555954,AJISAI (EGS),5376.855513,3576.569018,4490.372622999999,11269.870218678017,6218.295076486798,0.44036796589807636,12871.564341525454
2026-07-15 15:52:00,-5761.016948421304,-4036.6411303231107,3517.8227584458045,1.1228097753554465,-5.459776753025965,-4.430413000320663,AJISAI (EGS),5102.242329,4842.189053,3518.38981,10863.259277421304,8878.83018332311,0.5670515541955865,14030.111470487931
2026-07-15 15:56:00,-5358.2233702816575,-5241.804900965349,2380.0125230466274,2.2207321648707756,-4.5435954499503675,-5.014006931307294,AJISAI (EGS),4629.902356,5894.711494,2380.680269,9988.125726281658,11136.516394965349,0.6677459533725596,14959.433591724859
2026-07-15 16:00:00,-4703.380540108732,-6200.387188496902,1130.0144903509681,3.2148916428739134,-3.413006543666128,-5.361556499856188,AJISAI (EGS),3973.5301600000003,6691.456456,1130.752853,8676.910700108732,12891.843644496901,0.738362649031842,15539.897438432337
2026-07-15 16:04:00,-3827.167324843377,-6867.134075279647,-173.27791675014842,4.05815362677802,-2.1212438589527887,-5.45632764816034,AJISAI (EGS),3154.198236,7201.084288999999,-172.50324700000002,6981.365560843377,14068.218364279646,0.774669750148405,15705.229499733465
2026-07-15 16:08:00,-2770.766013445385,-7210.563785391216,-1468.3925845170381,4.710493731026971,-0.7293742278574775,-5.293665533615605,AJISAI (EGS),2199.797357,7404.874114,-1467.620692,4970.563370445385,14615.437899391216,0.7718925170381681,15437.536260893206
2026-07-15 16:12:00,-1583.9063122416908,-7214.493940917316,-2694.2236073179783,5.141005912863437,0.6967036185585987,-4.881266225399486,AJISAI (EGS),1144.167551,7297.413786,-2693.4958149999998,2728.0738632416906,14511.907726917316,0.727792317978583,14766.104882722004
2026-07-15 16:16:00,-322.4837882087193,-6878.812419080806,-3792.961130231024,5.329420357120735,2.089525838524186,-4.238779866969604,AJISAI (EGS),25.947941999999998,6886.670358,-3792.3165299999996,348.43173020871933,13765.482777080806,0.6446002310244694,13769.8918358945
2026-07-15 16:20:00,954.1173477961762,-6219.454034750221,-4712.848759549878,5.267038907224551,3.3833776096224177,-3.3967813370395405,AJISAI (EGS),-1112.811391,6193.444639,-4712.3217589999995,-2066.9287387961763,12412.89867375022,0.5270005498787214,12583.808969218386
2026-07-15 16:24:00,2185.852242459727,-5267.597166136987,-5410.626810486333,4.957056037705679,4.517446666794915,-2.3952005088463655,AJISAI (EGS),-2228.216136,5250.253085,-5410.246588999999,-4414.068378459728,10517.850251136988,0.38022148633353936,11406.540829700689
2026-07-15 16:28:00,3314.848580423596,-4068.140036023588,-5853.546304989141,4.414289294490094,5.438648797390413,-1.2813378704835685,AJISAI (EGS),-3276.205966,4099.71681,-5853.336152,-6591.054546423597,8167.856846023587,0.2101529891415339,10495.517401978324
2026-07-15 16:32:00,4288.110125415364,-2677.5501086792847,-6020.870199536827,3.664381380262782,6.104012763433273,-0.10759797731650252,AJISAI (EGS),-4214.278658,2792.5572599999996,-6020.846213000001,-8502.388783415365,5470.107368679284,0.02398653682666918,10110.029161669227
2026-07-15 16:36:00,5059.973008714068,-1161.20071394538,-5904.808753564464,2.742550980533436,6.482562659070255,1.0709416685772255,AJISAI (EGS),-5003.199761,1385.304067,-5904.978752999999,-10063.172769714067,2546.50478094538,-0.16999943553582852,10380.372479896478
2026-07-15 16:40:00,5594.21544399645,409.6804875413959,-5510.86138171528,1.6919649021318381,6.556667509687008,2.199032540603991,AJISAI (EGS),-5608.641003,-62.181988,-5511.224243,-11202.85644699645,-471.8624755413959,-0.3628612847196564,11212.789434369231
2026-07-15 16:44:00,5865.73747558428,1961.3209049267195,-4857.557317059448,0.5617913730371156,6.322836696848022,3.2237525278487134,AJISAI (EGS),-6002.688755,-1489.270106,-4858.10283,-11868.42623058428,-3450.5910109267197,-0.5455129405518164,12359.859214938237
2026-07-15 16:48:00,5861.740570859867,3420.834170848404,-3975.604601635633,-0.5950131605525586,5.791932568333668,4.096927028835567,AJISAI (EGS),-6165.163837,-2837.109474,-3976.314617,-12026.904407859867,-6257.943644848404,-0.7100153643668818,13557.591556099462
2026-07-15 16:52:00,5582.349897738415,4719.628810800278,-2906.4753661407426,-1.7241241096950817,4.9887630803387015,4.77738912434092,AJISAI (EGS),-6084.687957,-4051.072361,-2907.3241519999997,-11667.037854738415,-8770.701171800278,-0.8487858592570774,14596.060155718576
2026-07-15 16:56:00,5040.638954031815,5796.641461475185,-1700.4781938092895,-2.7723924268139677,3.951023119654291,5.232973328533019,AJISAI (EGS),-5759.431092,-5082.990614,-1701.431919,-10800.070046031815,-10879.632075475185,-0.9537251907106565,15329.967645317907
2026-07-15 17:00:00,4262.040076498988,6601.237164294399,-414.3959501309272,-3.690395955259908,2.7275826709532316,5.442121575535658,AJISAI (EGS),-5197.4837529999995,-5893.089747,-415.41353200000003,-9459.523829498987,-12494.3269112944,-1.017581869072842,15671.336799476536
2026-07-15 17:04:00,3283.1559044538158,7095.624762878739,891.203148009142,-4.43485387550655,1.376172059980679,5.394982159940209,AJISAI (EGS),-4416.813083,-6451.532926,890.1673619999999,-7699.968987453816,-13547.157688878739,-1.0357860091420434,15582.52241865705
2026-07-15 17:08:00,2150.023417296634,7256.655071626429,2154.847576348421,-4.9707485104785025,-0.03942252407436873,5.093909029423078,AJISAI (EGS),-3444.7807940000002,-6739.500440000001,2153.8421200000003,-5594.804211296634,-13996.15551162643,-1.0054563484209211,15072.962690835398
2026-07-15 17:12:00,915.9183556175358,7076.903737509982,3317.087402126788,-5.27301308644098,-1.4524838025085134,4.553317681082687,AJISAI (EGS),-2317.2299709999998,-6749.7529349999995,3316.1625520000002,-3233.1483266175355,-13826.656672509982,-0.9248501267879874,14199.63674523832
2026-07-15 17:16:00,-361.1825379657296,6564.985859313786,4323.3084711768215,-5.327683101644065,-2.7966063219509523,3.7989140364624783,AJISAI (EGS),-1077.181596,-6486.666442,4322.512704,-715.9990580342703,-13051.652301313785,-0.7957671768217551,13071.277025552661
2026-07-15 17:20:00,-1621.3458536615083,5745.0985670181735,5126.293163623588,-5.132463246713521,-4.008855348563924,2.866368786633924,AJISAI (EGS),226.802345,-5965.762771,5125.6693940000005,1848.1481986615083,-11710.861338018174,-0.6237696235875774,11855.797123415749
2026-07-15 17:24:00,-2805.4920219220994,4655.833098308455,5688.407348019251,-4.69671677196295,-5.0326704281382915,1.7995479569494868,AJISAI (EGS),1542.521562,-5212.778203,5687.990752000001,4348.013583922099,-9868.611301308454,-0.4165960192503917,10784.002564717623
2026-07-15 17:28:00,-3858.1385660807396,3348.333328935768,5983.321796026875,-4.040925742641824,-5.8203918340463145,0.6484236308923487,AJISAI (EGS),2816.219724,-4262.336897,5983.136915,6674.35829008074,-7610.670225935768,-0.18488102687479113,10122.715046196632
2026-07-15 17:32:00,-4729.957105645156,1883.9007538810606,5997.205314663497,-3.195690543848102,-6.335338759015009,-0.5332210800588258,AJISAI (EGS),3994.7624929999997,-3156.315105,5997.261194,8724.719598645155,-5040.215858881061,0.05587933650258492,10075.937077126948
2026-07-15 17:36:00,-5380.041744456877,331.1582903675639,5729.351718322093,-2.200335879482661,-6.553403826571692,-1.6902014214601084,AJISAI (EGS),5027.839935,-1941.980331,5729.639704,10407.881679456877,-2273.1386213675637,0.2879856779072725,10653.223001911801
2026-07-15 17:40:00,-5777.8011776002995,-1237.108258475958,5192.221995818827,-1.101177188937599,-6.464141182800376,-2.768384792798534,AJISAI (EGS),5870.121667,-669.973557,5192.719389999999,11647.9228446003,567.1347014759581,0.49739418117223977,11661.721511457075
2026-07-15 17:44:00,-5904.398205401766,-2747.3062277271747,4410.898438556345,0.050510884804681376,-6.071317942209851,-3.717127200439943,AJISAI (EGS),6483.277649000001,607.7938379999999,4411.572536000001,12387.675854401767,3355.1000657271748,0.6740974436552278,12833.986519362501
2026-07-15 17:48:00,-5753.670082128701,-4128.455663298308,3421.96309410188,1.2007816011251744,-5.39288355897401,-4.491620615995225,AJISAI (EGS),6837.777183,1840.246829,3422.77387,12591.447265128701,5968.702492298307,0.8107758981200277,13934.4879464386
2026-07-15 17:52:00,-5332.4752124254655,-5315.526487695456,2271.8327909130107,2.295497074730909,-4.460305471505063,-5.055055706034168,AJISAI (EGS),6914.381947,2979.184021,2272.735394,12246.857159425464,8294.710508695456,0.9026030869890747,14791.475028580682
2026-07-15 17:56:00,-4660.430408045543,-6252.536329866538,1014.6091347925612,3.2829068607647414,-3.317235880504696,-5.3804788504508485,AJISAI (EGS),6705.243632000001,3981.16878,1015.556911,11365.674040045544,10233.705109866538,0.9477762074387783,15294.027185753052
2026-07-15 18:00:00,-3769.030646836117,-6895.248419243298,-290.46710827568046,4.116189811468538,-2.0175184777636788,-5.452209797362637,AJISAI (EGS),6214.526715,4809.193525000001,-289.520349,9983.557361836116,11704.441944243299,0.9467592756804493,15383.932518039303
2026-07-15 18:04:00,-2700.1791243362004,-7213.318543137538,-1581.836614372677,4.755798094894539,-0.6226084807194244,-5.266698021721528,AJISAI (EGS),5458.497093,5434.039822,-1580.9356559999999,8158.6762173362,12647.358365137537,0.9009583726772235,15050.570489096677
2026-07-15 18:08:00,-1504.1949802046977,-7191.766028444262,-2798.571421024451,5.171439485403889,0.8014518355273998,-4.8327348530012015,AJISAI (EGS),4465.049239,5835.271667,-2797.758623,5969.244219204697,13027.037695444262,0.8127980244507853,14329.535523794031
2026-07-15 18:12:00,-237.4028691051544,-6831.684704651089,-3883.295464542536,5.343560087303305,2.1873064195930225,-4.170997785520851,AJISAI (EGS),3272.6868480000003,6001.8193679999995,-3882.607831,3510.0897171051547,12833.504072651089,0.6876335425363322,13304.869675337648
2026-07-15 18:16:00,1040.563983470025,-6150.160192623844,-4784.919217170623,5.264239500152003,3.4695891172188817,-3.312968603843904,AJISAI (EGS),1929.0037590000002,5932.143215,-4784.385892,888.4397755299751,12082.303407623844,0.5333251706224473,12114.923902074592
2026-07-15 18:20:00,2269.601688680142,-5179.411429242828,-5461.048727190528,4.9374709322226735,4.588052553762462,-2.2993214308606844,AJISAI (EGS),488.737606,5633.98876,-5460.690477,-1780.864082680142,10813.400189242828,0.35825019052754214,10959.064771322424
2026-07-15 18:24:00,3391.9692725631526,-3965.219032638951,-5879.956699200223,4.378853736965191,5.49035929104311,-1.1779080862876925,AJISAI (EGS),-988.50667,5123.770563,-5879.786921,-4380.475942563153,9088.989595638952,0.169778200222936,10089.514427455482
2026-07-15 18:28:00,4354.984069126495,-2564.7357175328398,-6022.034930748672,3.61476232483847,6.13442741647959,-0.0014725696026516536,AJISAI (EGS),-2440.757952,4425.639695,-6022.061039,-6795.742021126495,6990.37541253284,-0.0261082513279689,9749.228586228232
2026-07-15 18:32:00,5113.462479163078,-1043.7936205504852,-5880.677504978092,2.681068498008532,6.490271962576578,1.1747897638303373,AJISAI (EGS),-3806.299106,3570.296719,-5880.900885,-8919.761585163078,4614.090339550485,-0.22338002190826955,10042.508473861632
2026-07-15 18:36:00,5631.807770929999,526.1666769156807,-5462.569042579284,1.6214886015204526,6.541313296931779,2.2957366447783625,AJISAI (EGS),-5026.302519999999,2593.6148190000004,-5462.983218,-10658.110290929999,2067.4481420843194,-0.4141754207166741,10856.779309048201
2026-07-15 18:40:00,5885.662215357231,2071.4150427359937,-4787.371904738977,0.48561414292082666,6.285130573392859,3.3087726651576714,AJISAI (EGS),-6047.384768,1535.132862,-4787.961026999999,-11933.046983357232,-536.2821807359937,-0.5891222610225668,11945.091428342068
2026-07-15 18:44:00,5863.053866536598,3519.3621547776224,-3886.823376311576,-0.6733219628012013,5.733630355019881,4.16625995460415,AJISAI (EGS),-6823.982005,436.470428,-3887.56211,-12687.035871536598,-3082.8917267776224,-0.738733688423963,13056.2284427938
2026-07-15 18:48:00,5564.981465025496,4801.9565014612945,-2803.2726084701676,-1.8008825459205955,4.9125926692691575,4.827759426249622,AJISAI (EGS),-7320.444173999999,-660.281569,-2804.1282880000003,-12885.425639025496,-5462.238070461294,-0.8556795298327415,13995.364924482668
2026-07-15 18:52:00,5005.398260242617,5858.894528168962,-1587.7104057722393,-2.8439808422163217,3.860564345093971,5.261995197180334,AJISAI (EGS),-7512.745062,-1714.144225,-1588.6459410000002,-12518.143322242617,-7573.038753168962,-0.9355352277609654,14630.612737285903
2026-07-15 18:56:00,4210.580111904289,6640.486482495467,-297.37287082208786,-3.753433717903258,2.627101120352347,5.44842008019162,AJISAI (EGS),-7389.705622,-2686.749534,-298.34722899999997,-11600.28573390429,-9327.236016495466,-0.9743581779121087,14885.024748552065
2026-07-15 19:00:00,3217.8954245146138,7110.027016500908,1006.9707510952709,-4.48636670903135,1.2704135686892322,5.378264168632729,AJISAI (EGS),-6953.652947,-3543.692107,1006.002123,-10171.548371514613,-10653.719123500909,-0.9686280952709012,14729.634359845832
2026-07-15 19:04:00,2074.0313323996916,7245.540444327658,2263.910407373844,-5.008314756966317,-0.14546498798209898,5.054977462459686,AJISAI (EGS),-6220.471509,-4255.684732,2262.993193,-8294.502841399692,-11501.225176327658,-0.9172143738442173,14180.160746051608
2026-07-15 19:08:00,832.7665692389485,7040.805853922007,3414.316584449061,-5.294879020309615,-1.5538155924836634,4.494027919936396,AJISAI (EGS),-5219.0290669999995,-4799.474784,3413.496147,-6051.795636238948,-11840.280637922007,-0.8204374490610462,13297.235678165187
2026-07-15 19:12:00,-447.5895738247558,6505.612978046258,4404.137476927805,-5.332840954377082,-2.888472593741295,3.722076756896525,AJISAI (EGS),-3990.002698,-5158.488807,4403.457642,-3542.413124175244,-11664.101785046258,-0.6798349278051319,12190.158393409982
2026-07-15 19:16:00,-1706.9555876075685,5665.248782269019,5186.930833849925,-5.120689869671272,-4.086963997742068,2.7756078532710986,AJISAI (EGS),-2584.171895,-5323.194698,5186.4307690000005,-877.2163073924314,-10988.44348026902,-0.5000648499244562,11023.402325012308
2026-07-15 19:20:00,-2886.292951180766,4559.259376714361,5726.0125001497045,-4.6685746192318245,-5.093385741078229,1.6991243168398225,AJISAI (EGS),-1060.271757,-5291.191296,5725.721359,1826.021194180766,-9850.45067271436,-0.29114114970434457,10018.269907620743
2026-07-15 19:24:00,-3930.345484887195,3239.566246570198,5996.1325854820025,-3.997730123761474,-5.8608926377511095,0.5430361569163911,AJISAI (EGS),517.493235,-5067.050906,5996.067301,4447.838719887195,-8306.617152570198,-0.06528448200242565,9422.48150975969
2026-07-15 19:28:00,-4790.184889570099,1768.0378162396178,5984.61897724743,-3.139447540124513,-6.353738575004598,-0.6386485047993083,AJISAI (EGS),2082.172098,-4661.93833,5984.784412,6872.356987570099,-6429.976146239618,0.16543475257003593,9411.369923299302
2026-07-15 19:32:00,-5425.461066873614,213.62904748358673,5691.952294340559,-2.1336543499452274,-6.5488324042573085,-1.790739441598607,AJISAI (EGS),3566.907945,-4093.040494,5692.339188,8992.369011873614,-4306.669541483587,0.38689365944082965,9970.461530688235
2026-07-15 19:36:00,-5806.270209832342,-1350.7919626116875,5131.7551544512735,-1.0271568875788768,-6.436786644478204,-2.8593190074945656,AJISAI (EGS),4907.794479,-3382.844924,5132.33916,10714.064688832343,-2032.0529613883125,0.5840055487269638,10905.064040868057
2026-07-15 19:40:00,-5914.56472969951,-2851.8051948128505,4330.193872666905,0.12841377726233655,-6.022427376451873,-3.7941736091475615,AJISAI (EGS),6046.650864,-2558.286695,4330.938444,11961.215593699511,293.5184998128507,0.7445713330953367,11964.81642747097
2026-07-15 19:44:00,-5745.038815133585,-4218.853099438606,3324.8065349070043,1.2789094670865435,-5.324718606470056,-4.551128546497163,AJISAI (EGS),6933.602929,-1649.7807109999999,3325.667724,12678.641744133583,2569.0723884386057,0.8611890929955734,12936.308984976007
2026-07-15 19:48:00,-5305.435882257057,-5387.561360064434,2162.7917866522403,2.3701619550056057,-4.376049625178126,-5.094188306209384,AJISAI (EGS),7529.349236,-690.163638,2163.721286,12834.785118257056,4697.397722064434,0.9294993477597018,13667.37923872232
2026-07-15 19:52:00,-4616.243572955748,-6302.808558205282,898.8193656123203,3.350569938737393,-3.2208526568090803,-5.397359420081937,AJISAI (EGS),7806.998352,286.424704,899.7678070000001,12423.241924955748,6589.233262205282,0.9484413876797362,14062.536606504238
2026-07-15 19:56:00,-3709.770483567024,-6921.384448609186,-407.5453457404159,4.173638485365835,-1.9135641489407444,-5.446022238623554,AJISAI (EGS),7753.373415,1245.6905020000002,-406.624823,11463.143898567025,8167.074950609186,0.9205227404158904,14074.97005806707
2026-07-15 20:00:00,-2628.635245753485,-7214.087390486435,-1694.6795545078905,4.800308192678446,-0.5160085991917722,-5.237732142737215,AJISAI (EGS),7369.696537,2154.327391,-1693.829419,9998.331782753485,9368.414781486434,0.8501355078906272,13701.599712395715
2026-07-15 20:04:00,-1423.738309112052,-7167.138729082935,-2901.8567168095688,5.20091075593992,0.9056479593516878,-4.782371934075606,AJISAI (EGS),6671.600759999999,2981.107065,-2901.113818,8095.339069112051,10148.245794082935,0.7428988095689419,12981.579560781985
2026-07-15 20:08:00,-151.82314479606612,-6782.8338697839,-3972.1565130053336,5.3566159194491885,2.2841763308955065,-4.101637654886148,AJISAI (EGS),5688.466851,3697.877834,-3971.550289,5840.289995796066,10480.7117037839,0.6062240053338428,11998.09590811542
2026-07-15 20:12:00,1127.2398144210572,-6079.40049992146,-4855.175596266539,5.260286103905156,3.554576137855213,-3.2279049764664003,AJISAI (EGS),4462.120534,4280.437471,-4854.727134,3334.8807195789423,10359.83797092146,0.44846226653953636,10883.366776815154
2026-07-15 20:16:00,2353.300349674794,-5090.085596056362,-5509.401534911906,4.916715700140475,4.65717917013498,-2.2025760773474357,AJISAI (EGS),3044.967506,4709.254143,-5509.122759,691.6671563252062,9799.339739056362,0.27877591190645035,9823.719400222311
2026-07-15 20:20:00,3468.7618297151494,-3861.5366169196786,-5904.140342041236,4.342285935397156,5.540405750244787,-1.074035801920222,AJISAI (EGS),1497.672625,4970.02514,-5904.034432,-1971.0892047151494,8831.561756919678,0.10591004123580205,9048.849414729351
2026-07-15 20:24:00,4421.26791770484,-2451.573744565645,-6020.919728289045,3.564100885658943,6.163070887417214,0.10465191182009881,AJISAI (EGS),-113.502669,5054.071003999999,-6020.983308,-4534.770586704841,7505.6447485656445,-0.06357971095440007,8769.198787218636
2026-07-15 20:28:00,5166.127319876401,-926.468716121886,-5854.319920839557,2.618681508900483,6.496184840823126,1.2781938513498845,AJISAI (EGS),-1719.581259,4958.566844,-5854.545674,-6885.708578876402,5885.035560121886,-0.22575316044276406,9057.959275028548
2026-07-15 20:32:00,5668.3792218282015,642.1448140132229,-5412.208266756293,1.5502878709356183,6.524220382305774,2.3915739301923242,AJISAI (EGS),-3251.8505210000003,4686.615224,-5412.5859390000005,-8920.229742828202,4044.470409986777,-0.3776722437078206,9794.296284304035
2026-07-15 20:36:00,5904.41736420133,2180.5988867618166,-4715.373056581243,0.408927071414405,6.245824239604149,3.3925427486058246,AJISAI (EGS),-4644.823307,4247.163143,-4715.887213999999,-10549.240671201329,2066.564256238183,-0.5141574187564402,10749.751942647206
2026-07-15 20:40:00,5863.103563920903,3616.6200072870065,-3796.569125119655,-0.751901029763191,5.6739415840464975,4.234017180068756,AJISAI (EGS),-5839.065785,3654.764105,-3797.1961069999998,-11702.169348920903,38.1440977129937,-0.6269818803448288,11702.231532324102
2026-07-15 20:44:00,5546.314823239014,4882.713638902688,-2699.0068663995876,-1.8776578262370502,4.835315354313223,4.876301829960081,AJISAI (EGS),-6783.781601,2929.181705,-2699.7151660000004,-12330.096424239015,-1953.5319339026883,-0.708299600412829,12483.892235576917
2026-07-15 20:48:00,4968.886008322959,5919.350423392109,-1474.3400793283686,-2.9153311174302536,3.7693316485255433,5.28902312842157,AJISAI (EGS),-7439.039621,2094.829781,-1475.094582,-12407.92562932296,-3824.5206423921095,-0.7545026716313714,12983.973857651099
2026-07-15 20:52:00,4157.935355252546,6677.796773146666,-180.23630392785577,-3.8159894648495105,2.526216158582362,5.452653349619946,AJISAI (EGS),-7777.530616999999,1180.050306,-181.002315,-11935.465972252547,-5497.746467146666,-0.7660110721442379,13140.797722307236
2026-07-15 20:56:00,3151.5928878765467,7122.44001648256,1122.357470872923,-4.537176927211077,1.1646415829732866,5.3595080902457255,AJISAI (EGS),-7785.753304999999,216.240985,1121.6139229999999,-10937.346192876546,-6906.19903148256,-0.7435478729230454,12935.266806608404
2026-07-15 21:00:00,1997.1889799377977,7232.480319967702,2372.116213253811,-5.044991844748607,-0.25113091623987127,5.014131887763019,AJISAI (EGS),-7464.56038,-763.141453,2371.429183,-9461.749359937798,-7995.621772967702,-0.6870302538109172,12387.682146335894
2026-07-15 21:04:00,748.996094227146,7002.897927314885,3510.253399295602,-5.315712008790427,-1.6543998401092697,4.433038583604318,AJISAI (EGS),-6829.042398,-1723.666131,3509.656099,-7578.038492227146,-8726.564058314885,-0.5973002956020537,11557.663605171985
2026-07-15 21:08:00,-534.3549894640214,6444.6504738438025,4483.300014961212,-5.3368710587381845,-2.9792570622586925,3.6438336600757295,AJISAI (EGS),-5907.763649,-2631.064797,4482.823364,-5373.408659535979,-9075.715270843803,-0.47665096121181705,10547.138404657435
2026-07-15 21:12:00,-1792.6469098016241,5584.104046924103,5245.60653045147,-5.107746599846845,-4.163708656399422,2.683799626033899,AJISAI (EGS),-4741.400646,-3452.381812,5245.278144,-2948.753736198376,-9036.485858924103,-0.3283864514696688,9505.431362285291
2026-07-15 21:16:00,-2966.8950316373953,4461.745586618906,5761.452302284201,-4.639274364133009,-5.152519293408202,1.5980595931569275,AJISAI (EGS),-3380.867818,-4157.099521,5761.294175,-413.9727863626049,-8618.845107618905,-0.1581272842013277,8628.781170129381
2026-07-15 21:20:00,-4002.082352449951,3130.2575659006557,6006.6760054583165,-3.9534412506954073,-5.899667466652904,0.43744282223553965,AJISAI (EGS),-1885.0362109999999,-4718.208147,6006.700914,2117.0461414499514,-7848.4657129006555,0.024908541683544172,8128.978928022003
2026-07-15 21:24:00,-4849.693086276175,1652.0569083057235,5969.7692368070575,-3.0822263567639445,-6.370347707733438,-0.7438370916321151,AJISAI (EGS),-318.154317,-5113.193864,5969.978808,4531.538769276174,-6765.250772305723,0.20957119294234872,8142.693760271001
2026-07-15 21:28:00,-5469.944458832071,96.41113740908372,5652.3993141739165,-2.066155230863665,-6.542487926601254,-1.890604286707051,AJISAI (EGS),1252.923299,-5324.921031000001,5652.785275,6722.867757832071,-5421.332168409084,0.3859608260836467,8636.422495367566
2026-07-15 21:32:00,-5833.63032844417,-1463.749142505489,5069.345632282099,-0.9525184779938508,-6.407758701495359,-2.9491757042234794,AJISAI (EGS),2761.590108,-5342.381889,5069.890351,8595.22043644417,-3878.632746494511,0.5447187179006505,9429.825376430124
2026-07-15 21:36:00,-5923.501060547615,-2955.195876729516,4247.84904881465,0.20670498542942808,-5.972041453732623,-3.8697869827590368,AJISAI (EGS),4144.317546,-5161.2879060000005,4248.52626,10067.818606547615,-2206.0920292704845,0.6772111853497336,10306.687828520475
2026-07-15 21:40:00,-5735.113835005782,-4307.811947671239,3226.389860302247,1.357175988333853,-5.25530756928533,-4.608913986948565,AJISAI (EGS),5343.359223,-4784.467273,3227.165929,11078.473058005782,-476.65532532876114,0.7760686977526348,11088.72247819409
2026-07-15 21:44:00,-5277.100438175963,-5457.894665321336,2052.9308538381474,2.4447079203934314,-4.290857341079066,-5.131389669574346,AJISAI (EGS),6309.217458,-4222.0291179999995,2053.766945,11586.317896175962,1235.8655473213366,0.8360911618524369,11652.043886861724
2026-07-15 21:48:00,-4570.819710734429,-6351.196396403378,782.6891277071887,3.4178614479540625,-3.1238886553788956,-5.412191691281002,AJISAI (EGS),7002.758452,-3491.260311,783.543708,11573.57816273443,2859.9360854033775,0.8545802928113062,11921.700660217195
2026-07-15 21:52:00,-3649.3911401066007,-6945.542440384576,-524.4681857948345,4.2304806643481845,-1.8094134362139715,-5.437767354986445,AJISAI (EGS),7396.865817,-2616.232676,-523.636116,11046.256957106601,4329.309764384576,0.8320697948345241,11864.346441787755
2026-07-15 21:56:00,-2556.143090317921,-7212.878349784781,-1806.8785937552875,4.844006428829881,-0.4096062916137582,-5.206779053932173,AJISAI (EGS),7477.543559000001,-1627.115349,-1806.106697,10033.686649317922,5585.763000784781,0.7718967552875711,11483.710927808203
2026-07-15 22:00:00,-1342.5489829096261,-7140.627413017709,-3004.0403589591024,5.229404352907596,1.009262720330669,-4.730196803936136,AJISAI (EGS),7244.4036160000005,-559.2054009999999,-3003.361918,8586.952598909627,6581.422012017709,0.6784409591023177,10819.00508810649
2026-07-15 22:04:00,-65.76065126581145,-6732.281872540783,-4059.5106644750304,5.368575391491568,2.3801101615873907,-4.030725978998066,AJISAI (EGS),6710.516976,548.288403,-4058.953586,6776.277627265811,7280.570275540784,0.5570784750302664,9946.086784721296
2026-07-15 22:08:00,1214.1262165978103,-6007.2024299250825,-4923.591376015711,5.255169685384419,3.6383182939209893,-3.1416227916915678,AJISAI (EGS),5901.649899,1653.658138,-4923.176902,4687.5236824021895,7660.860567925082,0.41447401571076625,8981.183835445052
2026-07-15 22:12:00,2436.9278822177857,-4999.651335027324,-5555.667018821881,4.894785093955551,4.724812054504529,-2.105001052969345,AJISAI (EGS),4854.942551,2714.2465150000003,-5555.409213999999,2418.0146687822144,7713.897850027324,0.2578048218820186,8083.997466944523
2026-07-15 22:16:00,3545.2051254978605,-3757.127156890736,-5926.088146271535,4.304584632716804,5.588780210966828,-0.9697601848062373,AJISAI (EGS),3617.117354,3688.072469,-5925.993396,71.91222850213944,7445.199625890737,0.09475027153530391,7445.546913890834
2026-07-15 22:20:00,4486.940729355448,-2338.0996574919,-6017.525035375773,3.5123998561991145,6.189942001342879,0.21073551112199046,AJISAI (EGS),2242.321481,4535.472844999999,-6017.592078,-2244.619248355448,6873.572502491899,-0.06704262422681495,7230.789342913762
2026-07-15 22:24:00,5217.947738185427,-809.2609310402346,-5825.745949128547,2.5553967686900396,6.5003069286437185,1.3811149768211521,AJISAI (EGS),789.709054,5220.705319,-5825.967678999999,-4428.238684185427,6029.966250040235,-0.22172987145222578,7481.296068857635
2026-07-15 22:28:00,5703.912077303175,757.5821164606714,-5359.798054559121,1.4783731766660788,6.505400970378585,2.4865082029568226,AJISAI (EGS),-679.13225,5713.45813,-5360.163558,-6383.044327303174,4955.876013539329,-0.36550344087936537,8081.086689269238
2026-07-15 22:32:00,5921.988118772677,2288.8433244201974,-4641.587959528249,0.3317439060264415,6.204935967220273,3.4750310197105034,AJISAI (EGS),-2102.808244,5990.211434000001,-4642.083527,-8024.796362772677,3701.3681095798033,-0.4955674717512011,8837.278019400039
2026-07-15 22:36:00,5861.878493279999,3712.583654450767,-3704.875970611685,-0.8307339459727937,5.612889820848352,4.300172904312083,AJISAI (EGS),-3422.6983990000003,6035.390809,-3705.482502,-9284.57689228,2322.8071545492335,-0.6065313883150338,9570.726279325158
2026-07-15 22:40:00,5526.342985918268,4961.882338292386,-2593.717608446851,-1.954431648182083,4.75695894950365,4.922997776068252,AJISAI (EGS),-4585.386619,5842.253395,-2594.406885,-10111.729604918268,880.3710567076141,-0.6892765531488294,10149.981737696438
2026-07-15 22:44:00,4931.099741056835,5977.998320304258,-1360.410168962353,-2.986423970074019,3.67735579824376,5.3140467584555235,AJISAI (EGS),-5544.847472,5413.453796,-1361.146284,-10475.947213056836,-564.5445243042586,-0.7361150376468686,10491.147748103662
2026-07-15 22:48:00,4104.107997844909,6713.1648009200435,-63.03064884720023,-3.8780439038998975,2.4249600201030956,5.4548197595162256,AJISAI (EGS),-6264.295749,4761.238626,-63.775892,-10368.40374684491,-1951.9261749200432,-0.745243152799766,10550.536128809423
2026-07-15 22:52:00,3084.255020558042,7132.868280685173,1237.3195798918882,-4.587266188178286,1.0588882096094325,5.33872112335235,AJISAI (EGS),-6717.608845,3907.23115,1236.599752,-9801.863865558042,-3225.637130685173,-0.7198278918881442,10318.976240690716
2026-07-15 22:56:00,1919.50728457465,7217.486746883199,2479.4240189023085,-5.080763264508642,-0.3563899206406594,4.971387942075436,AJISAI (EGS),-6890.248333,2881.79275,2478.76045,-8809.75561757465,-4335.693996883199,-0.6635689023082705,9818.861284096074
2026-07-15 23:00:00,664.6215207005345,6963.198943471216,3604.8615592517617,-5.335498129137002,-1.7542093535052268,4.370372931309742,AJISAI (EGS),-6779.639897,1722.981365,3604.282435,-7444.261417700534,-5240.217578471216,-0.5791242517616411,9103.675557716697
2026-07-15 23:04:00,-621.4612251995198,6382.123345239683,4560.766180378158,-5.339762677897607,-3.0689370049529043,3.56421445331372,AJISAI (EGS),-6395.012085,475.1536,4560.297348,-5773.550859800481,-5906.969745239683,-0.46883237815836765,8259.914123142178
2026-07-15 23:08:00,-1878.400111549405,5501.6941728588645,5302.2981099283,-5.093626325980773,-4.239072080313534,2.5909788172043475,AJISAI (EGS),-5756.723747,-812.727155,5301.961891,-3878.3236354505952,-6314.421327858865,-0.33621892829978606,7410.351613793829
2026-07-15 23:12:00,-3047.277313170355,4363.3249460828665,5794.713381533956,-4.6088128081309945,-5.210060040093889,1.4963918802556853,AJISAI (EGS),-4895.140965,-2089.00274,5794.526011,-1847.8636518296448,-6452.327686082866,-0.18737053395580006,6711.716075598876
2026-07-15 23:16:00,-4073.3279362196613,3020.4423655157357,6014.948059418238,-3.908059979870781,-5.936711910498309,0.3316833752349642,AJISAI (EGS),-3849.1392730000002,-3301.377483,6014.918036,224.18866321966107,-6321.819848515735,-0.03002341823776078,6325.793764793882
2026-07-15 23:20:00,-4908.461156496808,1535.9933518119337,5952.6616574137815,-3.0240319012510466,-6.3851685467101165,-0.8487472143254384,AJISAI (EGS),-2664.312007,-4399.045583,5952.7899019999995,2244.149149496808,-5935.038934811933,0.1282445862179884,6345.147167668177
2026-07-15 23:24:00,-5513.473030404157,-20.461500690595543,5610.707659413794,-1.9978473182048426,-6.5343794884210915,-1.9897582307849098,AJISAI (EGS),-1390.967247,-5334.811405,5610.9872000000005,4122.505783404156,-5314.349904309405,0.27954058620616706,6725.873097061603
2026-07-15 23:28:00,-5859.865189019193,-1575.9488135236247,5005.0169631358585,-0.8772743049750099,-6.377072799157572,-3.0379207888453243,AJISAI (EGS),-81.99637,-6067.127086,5005.4332,5777.868819019193,-4491.178272476376,0.4162368641418652,7318.090634736035
2026-07-15 23:32:00,-5931.194191051033,-3057.451697887089,4163.895083806492,0.28536914547675396,-5.92018134337204,-3.943938481515455,AJISAI (EGS),1209.3108670000001,-6561.973718,4164.427086,7140.505058051033,-3504.5220201129114,0.5320021935076511,7954.149065521403
2026-07-15 23:36:00,-5723.886114667271,-4395.311311905182,3126.750332481363,1.4355634972455928,-5.184676432518025,-4.664954783397937,AJISAI (EGS),2431.427666,-6794.50192,3127.371584,8155.313780667271,-2399.1906080948174,0.6212515186371093,8500.897530323804
2026-07-15 23:40:00,-5247.464284067194,-5526.512205996777,1942.2916513315454,2.5191158696559994,-4.204758237532498,-5.166645472776411,AJISAI (EGS),3536.649736,-6750.345625,1942.970954,8784.114020067194,-1223.8334190032228,0.6793026684545111,8868.958665844726
2026-07-15 23:44:00,-4524.158885319799,-6397.693051532446,666.2624970527967,3.484761822340643,-3.0263757098621067,-5.424969935972843,AJISAI (EGS),4482.969875,-6426.523322,666.9651580000001,9007.1287603198,-28.830270467554328,0.7026609472034124,9007.174927978678
2026-07-15 23:48:00,-3587.8973324247213,-6967.723350787822,-641.19124529834,4.286697311509535,-1.7050988108854135,-5.427448326995206,AJISAI (EGS),5235.684607,-5831.857846,-640.500963,8823.581939424721,1135.865504787822,0.6902822983400938,8896.391918255325
2026-07-15 23:52:00,-2482.7117840580163,-7209.700083525829,-1918.3911691945048,4.8868752390832935,-0.303433034734328,-5.173850674978475,AJISAI (EGS),5768.658101,-4986.866565,-1917.747686,8251.369885058017,2222.8335185258284,0.6434831945048245,8545.530659075239
2026-07-15 23:56:00,-1260.640081852421,-7112.2480196166525,-3105.0836347392647,5.256905014735807,1.1122672054147404,-4.676229485459556,AJISAI (EGS),6065.18314,-3923.10608,-3104.5187889999997,7325.823221852421,3189.1419396166525,0.5648457392649107,7989.888141138445
2026-07-16 00:00:00,20.768214209538097,-6680.051141707051,-4145.3248834560745,5.379426221578889,2.475082960413721,-3.9582898416270695,AJISAI (EGS),6118.405733,-2681.993533,-4144.867556,6097.637518790461,3998.0576087070513,0.4573274560743812,7291.477776298152
2026-07-16 00:04:00,1301.2042553503575,-5933.593806653492,-4990.140734957932,5.248881452041253,3.7207957433368914,-3.054154834119308,AJISAI (EGS),5931.308287999999,-1313.1620679999999,-4989.815782,4630.104032649642,4620.431738653492,0.3249529579325099,6541.120157152705
2026-07-16 00:08:00,2520.4636964280367,-4908.140530551366,-5599.8277534188255,4.871674156785831,4.790937328475401,-2.0066332623750025,AJISAI (EGS),5516.2787,127.56599800000001,-5599.654437,2995.815003571963,5035.706528551366,0.17331641882537951,5859.45797897385
2026-07-16 00:12:00,3621.2778615733732,-3652.0250936624348,-5945.791867294811,4.265748901933594,5.635475312343002,-0.8651205458124667,AJISAI (EGS),4894.311493,1580.494463,-5945.782929999999,1273.033631426627,5232.519556662435,0.008937294811403262,5385.153251085617
2026-07-16 00:16:00,4551.981473122958,-2224.3488524678387,-6011.852153128557,3.4596623877457042,6.215040181633679,0.3167382889523683,AJISAI (EGS),4093.9008440000002,2984.552181,-6012.012591,-458.0806291229578,5208.901033467839,-0.1604378714428094,5229.004481254564
2026-07-16 00:20:00,5268.903940105233,-692.2049834427394,-5794.966372629927,2.491221404568289,6.5026444312914276,1.4835143615125386,AJISAI (EGS),3149.695108,4279.873879,-5795.292718000001,-2119.2088321052333,4972.078862442739,-0.3263453700737955,5404.869507668433
2026-07-16 00:24:00,5738.388705904573,872.4461454771639,-5305.358180342783,1.4057553541150258,6.484867786304354,2.580503598817624,AJISAI (EGS),2100.977788,5410.367845,-5305.839421,-3637.4109179045727,4537.921699522836,-0.48124065721640363,5815.796744065613
2026-07-16 00:28:00,5938.359850083936,2396.1197035081373,-4566.044477942438,0.25407874200434316,6.162484476830843,3.556206193250481,AJISAI (EGS),990.033816,6326.173309000001,-4566.663614,-4948.326034083936,3930.0536054918634,-0.6191360575621729,6319.117997391875
2026-07-16 00:32:00,5859.367738176691,3807.229579653842,-3611.7785836112985,-0.9098039891251898,5.550498986198629,4.3647019258178235,AJISAI (EGS),-139.540503,6985.906967,-3612.513422,-5998.908241176691,3178.677387346158,-0.7348383887015189,6789.027217420098
2026-07-16 00:36:00,5505.059286794921,5039.445344114151,-2487.4446948815394,-2.0311854614213107,4.677551510410566,4.96782940504716,AJISAI (EGS),-1244.5270090000001,7358.596594,-2488.266881,-6749.586295794921,2319.1512498858483,-0.8221861184606496,7136.902574662185
2026-07-16 00:40:00,4892.037372357985,6034.828064004187,-1245.9638441771572,-3.0572399430910897,3.584667674001602,5.337056490168206,AJISAI (EGS),-2283.712298,7425.199142,-1246.8364809999998,-7175.749670357985,1390.3710779958137,-0.8726368228426509,7309.207606003882
2026-07-16 00:44:00,4049.100634321806,6746.58801253497,54.19966808301326,-3.9395776500643502,2.3233649113333232,5.454918479359203,AJISAI (EGS),-3219.389428,7179.618582,53.319713,-7268.490062321805,433.03056946502966,-0.8799550830132574,7281.3778939485765
2026-07-16 00:48:00,3015.888964041408,7141.316985414093,1351.8135132877944,-4.636616141732245,0.9531853874528491,5.315911245077185,AJISAI (EGS),-4018.682155,6629.160793999999,1350.9676740000002,-7034.571119041408,-512.1561914140939,-0.845839287794206,7053.190448917382
2026-07-16 00:52:00,1840.9975785408838,7200.572375618314,2585.793192727667,-5.1156125801532735,-0.4612119113800262,4.926761984621889,AJISAI (EGS),-4654.639213,5794.37686,2585.016568,-6495.636791540885,-1406.195515618314,-0.7766247276667855,6646.102900114516
2026-07-16 00:56:00,579.6578196523277,6921.728404850998,3698.105283430246,-5.354223606534251,-1.853217351544218,4.306054853071522,AJISAI (EGS),-5107.050372000001,4708.28787,3697.426433,-5686.708191652328,-2213.440534850998,-0.6788504302458023,6102.292152885265
2026-07-16 01:00:00,-708.8903840584265,6318.056997758417,4636.506712322033,-5.341505288640926,-3.157490198139357,3.4832493550084394,AJISAI (EGS),-5362.961746,3415.0373560000003,4635.947396,-4654.071361941574,-2903.019641758417,-0.5593163220337374,5485.244169160987
2026-07-16 01:04:00,-1964.1952050293319,5418.049251348002,5356.984179063128,-5.07832220622062,-4.3130375850488125,2.497180510707741,AJISAI (EGS),-5416.8920020000005,1968.045599,5356.559337000001,-3452.6967969706684,-3450.003652348002,-0.4248420631274712,4880.946686198984
2026-07-16 01:08:00,-3127.4186368609003,4264.0308136382555,5825.7831864545105,-4.577187067568319,-5.265997529582207,1.3941594923870488,AJISAI (EGS),-5270.76262,427.75615899999997,5825.501128,-2143.3439831391,-3836.2746546382555,-0.28205845451066125,4394.419954377986
2026-07-16 01:12:00,-4144.060874778394,2910.155720565484,6020.945606135142,-3.861587516860713,-5.9720221606396935,0.22579762599217285,AJISAI (EGS),-4933.571525,-1140.9153489999999,6020.807149,-789.5106502216067,-4051.071069565484,-0.13845713514183444,4127.287716728039
2026-07-16 01:16:00,-4966.468518719346,1419.8823220826166,5933.302654035718,-2.964869451471556,-6.398204067543359,-0.9533393451068349,AJISAI (EGS),-4420.848809,-2671.323141,5933.301181,545.6197097193462,-4091.2054630826165,-0.0014730357179359999,4127.428134903555
2026-07-16 01:20:00,-5556.02793931979,-136.95521059937522,5566.893019875803,-1.928739783947426,-6.524516732674347,-2.088163804301415,AJISAI (EGS),-3753.931405,-4097.9227599999995,5567.0172139999995,1802.09653431979,-3960.967549400624,0.12419412419694709,4351.645190251195
2026-07-16 01:24:00,-5884.9585839060355,-1687.360398746454,4938.793409200798,-0.8014370766292714,-6.344744870602772,-3.12552057462696,AJISAI (EGS),-2959.085699,-5359.088691999999,4939.029416,2925.8728849060353,-3671.7282932535454,0.2360067992021868,4694.925010456096
2026-07-16 01:28:00,-5937.631334769677,-3158.5465979971736,4078.3637082075975,0.3643905628659403,-5.866868619560439,-4.016599810342756,AJISAI (EGS),-2066.508357,-6399.80639,4078.694939,3871.1229777696767,-3241.259792002826,0.33123079240249353,5048.89673671233
2026-07-16 01:32:00,-5711.346920992275,-4481.330896338111,3025.92568229339,1.5140540475463915,-5.112851481095876,-4.7192294420149326,AJISAI (EGS),-1109.234626,-7174.133057,3026.3325010000003,4602.112294992276,-2692.8021606618886,0.4068187066104656,5332.037248340062
2026-07-16 01:36:00,-5216.523176699828,-5593.400442289191,1830.9161373326367,2.5933664915023322,-4.117782108338659,-5.199942137482753,AJISAI (EGS),-121.977819,-7647.3131109999995,1831.375635,5094.545357699828,-2053.9126687108082,0.4594976673633937,5492.990976097606
2026-07-16 01:40:00,-4476.261554508404,-6442.292414089643,549.5836637233616,3.5512513658312486,-2.9283456914709434,-5.435689217937696,AJISAI (EGS),860.067805,-7797.434724000001,550.071014,5336.329359508403,-1355.1423099103577,0.4873502766383808,5505.708124371546
2026-07-16 01:44:00,-3525.294191346487,-6987.928811330486,-757.6702184389588,4.342269345229219,-1.6006526388569702,-5.41506913126091,AJISAI (EGS),1802.4221229999998,-7616.527815,-757.18011,5327.716314346487,-628.5990036695148,0.4901084389588277,5364.671292239097
2026-07-16 01:48:00,-2408.350868394568,-7204.5618874485435,-2029.1749824609585,4.9288970988107845,-0.1975200619970202,-5.138959682769524,AJISAI (EGS),2672.4695380000003,-7111.025159,-2028.707047,5080.820406394569,93.53672844854373,0.4679354609584152,5081.681349766819
2026-07-16 01:52:00,-1178.025082489933,-7082.017047949492,-3204.9482690619416,5.28339759807246,1.214632867884445,-4.6204906806552435,AJISAI (EGS),3440.520192,-6301.549841,-3204.526843,4618.545274489933,780.4672069494918,0.4214260619414745,4684.024945624944
2026-07-16 01:56:00,107.74669500058575,-6626.164565289918,-4229.5667224209665,5.3891563158884574,2.569070242810337,-3.8843568954326537,AJISAI (EGS),4080.744,-5222.037582000001,-4229.215469,3972.9973049994146,1404.126983289917,0.35125342096671375,4213.8201544577605
2026-07-16 02:00:00,1388.454689184769,-5858.602791983525,-5054.798560467337,5.241412859102386,3.8019891838769277,-2.9655343234757385,AJISAI (EGS),4571.945981,-3918.240221,-5054.541025,3183.491291815231,1940.362570983525,0.25753546733631083,3728.2199208552224
2026-07-16 02:04:00,2603.8869611778186,-4815.585269380475,-5641.867108820557,4.8473782288646525,4.855541698264917,-1.9075098964713808,AJISAI (EGS),4898.162331,-2445.699966,-5641.725387,2294.275369822182,2369.8853033804753,0.14172182055699523,3298.4929655581427
2026-07-16 02:08:00,3696.9585745095055,-3546.264927762941,-5963.244106088959,4.225778151724028,5.680484295773687,-0.7601563250277036,AJISAI (EGS),5049.074713999999,-867.3086850000001,-5963.235181,1352.1161394904939,2678.956242762941,0.008925088958676497,3000.837317381412
2026-07-16 02:12:00,4616.3690369596725,-2110.3566409143205,-6003.903240068749,3.405891993823122,6.238365446818182,0.4226203367488843,AJISAI (EGS),5020.251407,749.431578,-6004.036991999999,403.88237004032726,2859.78821891432,-0.1337519312501172,2888.167177252749
2026-07-16 02:16:00,5318.976139290408,-575.3353670498572,-5761.99280502514,2.4261629183751587,6.503204119274645,1.5853534163188463,AJISAI (EGS),4813.2203,2335.331299,-5762.271538,-505.7558392904084,2910.666666049857,-0.2787329748598495,2954.279859377274
2026-07-16 02:20:00,5771.791573571899,986.7048165918321,-5248.909185291284,1.3324456089029477,6.462634068728232,2.6735245965304437,AJISAI (EGS),4435.381886,3822.496216,-5249.326883000001,-1336.4096875718988,2835.7913994081678,-0.41769770871633227,3134.91688701068
2026-07-16 02:24:00,5953.518112975424,2502.399840972437,-4488.771143330403,0.1759460213862012,6.1184889289248865,3.636037469386976,AJISAI (EGS),3899.771029,5147.258175,-4489.314224000001,-2053.7470839754237,2644.858334027563,-0.5430806695976571,3348.604632820845
2026-07-16 02:28:00,5855.560644455703,3900.534830006822,-3517.3121702418566,-0.9890941331592928,5.486793345530548,4.427579652654411,AJISAI (EGS),3224.667469,6252.9418940000005,-3517.961104,-2630.8931754557034,2352.4070639931783,-0.6489337581433574,3529.223472167698
2026-07-16 02:32:00,5482.457387798155,5115.386033839667,-2380.2283626192784,-2.1079004727965023,4.597121322055945,5.010779564736557,AJISAI (EGS),2433.054063,7092.34828,-2380.9588160000003,-3049.4033247981547,1976.962246160333,-0.7304533807218831,3634.1767834814377
2026-07-16 02:36:00,4851.697193861207,6089.830172187203,-1131.0444729791996,-3.1277594113957345,3.4912982540694983,5.358043497278303,AJISAI (EGS),1551.926467,7629.838859,-1131.828385,-3299.7707268612066,1540.0086868127974,-0.7839120208004715,3641.44397455557
2026-07-16 02:40:00,3992.916267512276,6778.064534287079,171.41021066107876,-4.00057123330056,2.2214629976198084,5.452949472813773,AJISAI (EGS),611.462963,7842.912392,170.60522899999998,-3381.453304512276,1064.8478577129208,-0.8049816610787843,3545.1555760880597
2026-07-16 02:44:00,2946.5022781891885,7147.791959897998,1465.79588549402,-4.6852084376269465,0.8475648752060027,5.291087207712808,AJISAI (EGS),-355.92273,7723.182151999999,1465.006298,-3302.4250081891887,575.3901921020015,-0.7895874940199974,3352.17622319128
2026-07-16 02:48:00,1761.671602560886,7181.750450650768,2691.183462091037,-5.149523437173679,-0.5655671076302763,4.880271090271181,AJISAI (EGS),-1316.614639,7276.70773,2690.445364,-3078.286241560886,94.95727934923252,-0.7380980910370454,3079.750576698257
2026-07-16 02:52:00,494.12034188233685,6878.506320038571,3789.949310944557,-5.371874822192938,-1.9513974721597782,4.240108860004007,AJISAI (EGS),-2236.88591,6523.663937,3789.29466,-2731.006251882337,-354.8423830385709,-0.6546509445570337,2753.962362340626
2026-07-16 02:56:00,-796.6242347191596,6252.477231689809,4710.49300484468,-5.342088588964509,-3.2448949226492636,3.4009690828363404,AJISAI (EGS),-3084.0088480000004,5497.363672,4709.948006,-2287.3846132808408,-755.1135596898084,-0.5449988446807765,2408.801601237656
2026-07-16 03:00:00,-2050.0119279916157,5333.199639800229,5409.644102779058,-5.061827675053933,-4.385589048904372,2.4024401489030156,AJISAI (EGS),-3827.340204,4242.7024280000005,5409.227783,-1777.3282760083844,-1090.4972118002288,-0.4163197790576305,2085.2050601715814
2026-07-16 03:04:00,-3207.297641260955,4163.896674628291,5854.649991626643,-4.544394579769977,-5.320321904175569,1.2914009496896912,AJISAI (EGS),-4439.35296,2814.122516,5854.37355,-1232.055318739045,-1349.7741586282914,-0.2764416266427361,1827.5258313232823
2026-07-16 03:08:00,-4214.259685435639,2799.432689320295,6024.666360861759,-3.814025421442089,-6.0055950080558524,0.11982543194191235,AJISAI (EGS),-4896.593326,1273.198388,6024.535264,-682.3336405643613,-1526.2343013202951,-0.13109686175903335,1671.8164841748785
2026-07-16 03:12:00,-5023.694557843965,1303.758835314635,5911.699490260551,-2.9047446593964024,-6.409457827830061,-1.0575740689830069,AJISAI (EGS),-5180.537283,-314.04584600000004,5911.715154,-156.84272515603425,-1617.804681314635,0.0156637394493373,1625.3896848335391
2026-07-16 03:16:00,-5597.590400316626,-253.03663055595476,5520.971887922821,-1.858842178042015,-6.512909844329079,-2.185783808105592,AJISAI (EGS),-5278.326008999999,-1879.971673,5521.131332999999,319.26439131662664,-1626.9350424440452,0.15944507717813394,1657.9648395903682
2026-07-16 03:20:00,-5908.894451803603,-1797.9537387729713,4870.699952111457,-0.7250198643238364,-6.3107913287071735,-3.2119417952142864,AJISAI (EGS),-5183.361981,-3358.208535,4870.995846,725.5324708036032,-1560.254796227029,0.2958938885431053,1720.6953486579262
2026-07-16 03:24:00,-5942.799935033214,-3258.455039692691,3991.287254498865,0.4437532145501651,-5.812125251391558,-4.087743230196061,AJISAI (EGS),-4895.738230000001,-4686.482902,3991.708082,1047.061705033213,-1428.0278623073086,0.4208275011351361,1770.7631029499194
2026-07-16 03:28:00,-5697.487823337769,-4565.851010484841,2923.9540949443704,1.5926294186026706,-5.039859288159708,-4.771717138041177,AJISAI (EGS),-4422.466076000001,-5809.2805180000005,2924.483313,1275.0217473377688,-1243.4295075151595,0.5292180556298263,1780.9541477577125
2026-07-16 03:32:00,-5184.273233006319,-5658.546494146097,1718.8465533049343,2.6674402706717166,-4.029958909979177,-5.231266836186758,AJISAI (EGS),-3777.4732280000003,-6680.228741999999,1719.4619480000001,1406.8000050063188,-1021.6822478539025,0.6153946950657883,1738.6550113165672
2026-07-16 03:36:00,-4427.128575600088,-6484.989056940189,432.6969148486985,3.61731025977519,-2.8298304957086047,-5.444345394930821,AJISAI (EGS),-2981.344533,-7264.085791,433.370239,1445.784042600088,-779.0967340598118,0.6733241513015287,1642.340912303268
2026-07-16 03:40:00,-3461.5872663236305,-7006.161124602227,-873.8608938084526,4.397177647337693,-1.4961071677788713,-5.400634538682113,AJISAI (EGS),-2060.791278,-7538.231798999999,-873.162726,1400.7959883236304,-532.0706743977726,0.6981678084525811,1498.442221407274
2026-07-16 03:44:00,-2333.0703019053794,-7197.473683380179,-2139.1880159497687,4.9700545314336715,-0.09189835200324302,-5.102119505921008,AJISAI (EGS),-1047.850113,-7493.579543,-2138.501075,1285.2201889053795,-296.1058596198209,0.686940949768541,1318.889717132953
2026-07-16 03:48:00,-1094.7178574328163,-7049.951547101223,-3303.596438966757,5.308867086024377,1.3163315367816064,-4.563001761977853,AJISAI (EGS),21.168199,-7134.850696,-3302.958437,1115.8860564328163,-84.89914889877764,0.6380019667572014,1119.1112382026324
2026-07-16 03:52:00,195.15767729983875,-6570.645478867463,-4312.204333906691,5.397753776423166,2.66204799774646,-3.8089553508163623,AJISAI (EGS),1106.9390230000001,-6480.207456,-4311.652950000001,911.7813457001614,90.43802286746268,0.5513839066907167,916.2557297890069
2026-07-16 03:56:00,1475.8579737252442,-5782.257872700397,-5117.5404579498445,5.232755616753037,3.881879857207896,-2.8757949018079243,AJISAI (EGS),2168.5399479999996,-5560.274479000001,-5117.111078,692.6819742747555,221.98339370039594,0.4293799498445878,727.3823815099313
2026-07-16 04:00:00,2687.176609688784,-4722.017827035335,-5681.76925675747,4.8218929539722435,4.9186124560348565,-1.807668418642283,AJISAI (EGS),3164.966037,-4416.6217879999995,-5681.492819,477.78942731121606,305.3960390353359,0.2764377574703758,567.053396010187
2026-07-16 04:04:00,3772.2256428136625,-3439.88120553026,-5978.438311829331,4.184672131927324,5.723801003792841,-0.6549070775269277,AJISAI (EGS),4056.689398,-3099.80156,-5978.3401619999995,284.4637551863375,340.0796455302602,0.09814982933130523,443.36644319579375
2026-07-16 04:08:00,4680.082235937158,-1996.1582364562644,-5993.681311313053,3.3510925544935195,6.2599184072375635,0.5283417910284672,AJISAI (EGS),4807.204828,-1667.0456159999999,-5993.777944,127.12259206284216,329.1126204562645,-0.09663268694748695,352.8105436268043
2026-07-16 04:12:00,5368.144566105067,-458.6863391424594,-5726.837686682695,2.360229189364234,6.501993323006345,1.6865937557641417,AJISAI (EGS),5384.510626,-179.738013,-5727.13353,16.36605989493364,278.94832614245945,-0.2958433173052981,279.4281734139077
2026-07-16 04:16:00,5804.103253148034,1100.3264101380107,-5190.472369929231,1.2584555177825762,6.438713562522445,2.765536031132053,AJISAI (EGS),5762.478991999999,1299.2365300000001,-5190.959838000001,-41.62426114803475,198.91011986198941,-0.4874680707698644,203.21922282291803
2026-07-16 04:20:00,5967.448655601637,2607.6560314527715,-4409.797143802949,0.09736053181526619,6.072968914779746,3.714494545647689,AJISAI (EGS),5922.062749,2708.166023,-4410.457131,-45.385906601637544,100.50999154722876,-0.6599871970511231,110.28406277416894
2026-07-16 04:24:00,5850.446829186504,3992.4770225028133,-3421.5124587284686,-1.068587051583395,5.421797498123991,4.4887821124547385,AJISAI (EGS),5852.283902,3989.102441,-3422.31602,1.837072813495979,-3.374581502813271,-0.8035612715316347,3.9253468073943534
2026-07-16 04:28:00,5458.531286961549,5189.68842131256,-2272.1092099506445,-2.1845576515937624,4.515696886741556,5.051831817560515,AJISAI (EGS),5550.948752,5090.273849,-2273.0209139999997,92.41746503845116,-99.41457231256027,-0.911704049355194,135.73900042543494
2026-07-16 04:32:00,4810.07788137111,6142.995835496428,-1015.6956052772653,-3.197962588694529,3.397278602281454,5.376999728159246,AJISAI (EGS),5025.032399000001,5968.21188,-1016.6752759999999,214.95451762889024,-174.78395549642846,-0.9796707227346815,277.04843530107036
2026-07-16 04:36:00,3935.5583131083517,6807.593169274258,288.5565498929557,-4.061005106376281,2.1192863902802817,5.448913497790294,AJISAI (EGS),4290.691479,6589.493552,287.552762,355.13316589164833,-218.09961727425798,-1.0037878929556996,416.75894250938023
2026-07-16 04:40:00,2876.1029439714075,7152.2996804917275,1579.2235068614007,-4.733024733928611,0.7420582393549984,5.264258535010832,AJISAI (EGS),3372.881214,6932.016864,1578.24178,496.7782700285925,-220.28281649172732,-0.9817268614006025,543.4281301163564
2026-07-16 04:44:00,1681.5415065497016,7161.034801888314,2795.5549286284677,-5.182479571043546,-0.6694260479128488,4.831933042407698,AJISAI (EGS),2304.575484,6985.747934999999,2794.64194,623.0339774502984,-175.28686688831476,-0.9129886284677013,647.2230344396717
2026-07-16 04:48:00,408.0248167146573,6833.553193020273,3880.358914166677,-5.388438321441282,-2.048723780386679,4.172560074398796,AJISAI (EGS),1125.617354,6752.910099000001,3879.558438,717.5925372853427,-80.64309402027266,-0.8004761666770719,722.1101016762416
2026-07-16 04:52:00,-884.6442146916784,6185.410229743078,4782.697117532796,-5.3415025056384255,-3.3311299692263026,3.317404841775646,AJISAI (EGS),-118.74908900000001,6247.62474,4782.045856,765.8951256916783,62.21451025692204,-0.651261532796525,768.4181238013355
2026-07-16 04:56:00,-2135.8297486713486,5247.175948445612,5460.25801171556,-5.044136450182605,-4.456710915599992,2.306793519271556,AJISAI (EGS),-1379.604908,5495.04401,5459.78466,756.2248406713486,247.86806155438717,-0.4733517155600566,795.8107875927434
2026-07-16 05:00:00,-3286.8927688482363,4062.9561275712263,5881.3029019345295,-4.510433109064571,-5.373023900158255,1.188154964135623,AJISAI (EGS),-2606.2676770000003,4530.036791,5881.027891,680.625091848236,467.0806634287742,-0.275010934529746,825.4786111302325
2026-07-16 05:04:00,-4283.902772011984,2688.308299773513,6026.108896191714,-3.765375612515421,-6.037427841166153,0.013806683500423887,AJISAI (EGS),-3748.307361,3395.519631,6026.041584,535.5954110119837,707.2113312264869,-0.06731219171433622,887.1360187948445
2026-07-16 05:08:00,-5080.118633983006,1187.657735967942,5887.860275707774,-2.8436635545958917,-6.418933962846453,-1.1614120980526443,AJISAI (EGS),-4757.60114,2140.5192629999997,5888.000113,322.5174939830058,952.8615270320577,0.13983729222582042,1005.9635396859129
2026-07-16 05:12:00,-5638.141694574996,-368.6727045724059,5472.9615524934425,-1.788164430182999,-6.499569544048521,-2.2825813272658713,AJISAI (EGS),-5590.359041000001,818.044266,5473.301931,47.78265357499549,1186.716970572406,0.34037850655749935,1187.678603867538
2026-07-16 05:16:00,-5931.656887380718,-1907.6991012829437,4800.762283765482,-0.6480361024250924,-6.275229057824372,-3.297151617472225,AJISAI (EGS),-6209.041613,-517.1497459999999,4801.291276,-277.3847256192821,1390.549355282944,0.5289922345182276,1417.9457236853177
2026-07-16 05:20:00,-5946.687674237652,-3357.152015896322,3902.69864498912,0.5234407514159397,-5.755973592744131,-4.1573415692236475,AJISAI (EGS),-6584.092686,-1810.816446,3903.396796,-637.4050117623483,1546.335569896322,0.698151010879883,1672.5547318880708
2026-07-16 05:24:00,-5682.300702001642,-4648.8525739120905,2820.874195515072,1.671271119938917,-4.96572670334229,-4.822397724484589,AJISAI (EGS),-6695.411699,-3011.419464,2821.713026,-1013.1109969983581,1637.4331099120905,0.838830484927712,1925.5081888457316
2026-07-16 05:28:00,-5150.710937234233,-5721.938143043328,1606.1254077723854,2.7413174942156484,-3.9413187487708665,-5.260607497703702,AJISAI (EGS),-6533.482481999999,-4072.196434,1607.068203,-1382.7715447657665,1649.7417090433278,0.9427952276146243,2152.604408718412
2026-07-16 05:32:00,-4376.761210881489,-6525.778233947064,315.64661753699266,3.682918570486925,-2.7308620291353836,-5.450935120455065,AJISAI (EGS),-6100.079288,-4952.999167999999,316.649869,-1723.3180771185107,1572.7790659470647,1.0032514630073592,2333.122412501809
2026-07-16 05:36:00,-3396.7825290072255,-7022.423259766758,-989.7191714396461,4.451403071381121,-1.3914945143120119,-5.384150112319471,AJISAI (EGS),-5408.485733,-5621.824454,-988.7037809999999,-2011.703203992775,1400.5988057667582,1.0153904396461257,2451.2502578659346
2026-07-16 05:40:00,-2256.880461886068,-7188.44601182568,-2248.388548888923,5.010330116878716,0.013401382817656762,-5.063344318964028,AJISAI (EGS),-4483.192145999999,-6055.962724,-2247.411894,-2226.3116841139313,1132.4832878256802,0.9766548889233491,2497.7956413368656
2026-07-16 05:44:00,-1010.7326748808889,-7016.069106282637,-3400.990787930306,5.3332985964096045,1.4173354261089632,-4.5037847633794845,AJISAI (EGS),-3359.0671460000003,-6242.710539,-3400.104244,-2348.334471119111,773.3585672826375,0.8865439303058338,2472.3994515037148
2026-07-16 05:48:00,282.98369249156366,-6513.51765381456,-4393.206482353086,5.4052069087878385,2.753992694263962,-3.732113964609719,AJISAI (EGS),-2080.037897,-6179.623147,-4392.4591040000005,-2363.0215894915636,333.89450681455946,0.7473783530858782,2386.4947376138452
2026-07-16 05:52:00,1563.3942658858157,-5704.587847482427,-5178.342759764752,5.222901697275486,3.9604495526498065,-2.784970620566139,AJISAI (EGS),-697.34195,-5874.314356,-5177.7783150000005,-2260.736215885816,-169.72650851757317,0.5644447647518973,2267.098507808864
2026-07-16 05:56:00,2770.311345332527,-4627.470654208141,-5719.519176272873,4.795214285793596,4.980137480971535,-1.707146550899582,AJISAI (EGS),732.5637780000001,-5343.837394,-5719.172603,-2037.7475673325266,-716.3667397918589,0.3465732728727744,2159.9992069819564
2026-07-16 06:00:00,3847.0572941423006,-3332.9085055618493,-5991.368784206725,4.142430938940648,5.765419878705307,-0.5494124591154629,AJISAI (EGS),2150.338014,-4613.70355,-5991.262629,-1696.7192801423007,-1280.7950444381509,0.10615520672490675,2125.862712578792
2026-07-16 06:04:00,4743.0998206165505,-1881.7887419504414,-5981.190237459458,3.2952683205063633,6.279700261508988,0.6338628476838644,AJISAI (EGS),3496.23553,-3716.606874,-5981.333321,-1246.8642906165505,-1834.8181320495587,-0.14308354054173833,2218.384132062219
2026-07-16 06:08:00,5416.389476802517,-342.2919086940818,-5689.514280148471,2.2934284767896527,6.499019927268561,1.787197211960757,AJISAI (EGS),4712.638957,-2690.9239270000003,-5689.902241000001,-703.7505198025165,-2348.6320183059183,-0.3879608515298969,2451.8028676970885
2026-07-16 06:12:00,5835.306433960988,1213.2795815750549,-5130.069786338902,1.1837970293229807,6.413120511348574,2.8565031071397686,AJISAI (EGS),5746.542212,-1579.0566059999999,-5130.684257,-88.76422196098792,-2792.3361875750547,-0.6144706610975845,2793.746740332009
2026-07-16 06:16:00,5980.13742892638,2711.8610555900154,-4329.152313277055,0.018337405119313657,6.025944447194714,3.7915476287644156,AJISAI (EGS),6551.890956,-425.684868,-4329.961672,571.7535270736198,-3137.5459235900153,-0.809358722945035,3189.2157615029732
2026-07-16 06:20:00,5844.016189562882,4083.0343498778143,-3324.415686007548,-1.1482651210120132,5.355536366182242,4.548285962166777,AJISAI (EGS),7091.687564,724.013497,-3325.377818,1247.6713744371182,-3359.0208528778144,-0.9621319924517593,3583.2535319672506
2026-07-16 06:24:00,5433.275326231093,5262.33715983064,-2163.1281811237795,-2.2611377350173427,4.433306911807367,5.0909704474620865,AJISAI (EGS),7339.756704,1826.113094,-2164.1935750000002,1906.4813777689078,-3436.22406583064,-1.0653938762206963,3929.6702418189493
2026-07-16 06:28:00,4767.1785011612565,6194.316917570466,-899.9609561987586,-3.2678295344822024,3.3026398550725253,5.393917909335216,AJISAI (EGS),7282.0788729999995,2839.5966639999997,-901.076909,2514.900371838743,-3354.7202535704664,-1.1159528012414057,4192.716673630738
2026-07-16 06:32:00,3877.030604163067,6835.17339432172,405.59428105412314,-4.120859652848803,2.0168671337314548,5.442812106161018,AJISAI (EGS),6917.605782,3727.855141,404.48083399999996,3040.5751778369327,-3107.3182533217196,-1.113447054123185,4347.473447793417
2026-07-16 06:36:00,2804.6993659685772,7154.8472646133505,1692.0534002157667,-4.780046705454924,0.6366968422399473,5.235435518142544,AJISAI (EGS),6258.493278,4459.966165,1690.994436,3453.7939120314227,-2694.8810996133507,-1.058964215766764,4380.762222404201
2026-07-16 06:40:00,1600.6198500889877,7138.439835940985,2898.868083419409,-5.214464815646181,-0.7727596002509722,4.781766325522141,AJISAI (EGS),5329.732606,5011.698794,2897.9114139999997,3729.112755911012,-2126.7410419409853,-0.9566694194090815,4292.937260313832
2026-07-16 06:44:00,321.38735049124625,6786.89001229648,3969.299911772071,-5.403900821810714,-2.145170776141159,4.103434219589218,AJISAI (EGS),4168.190834,5366.213302,3968.486796,3846.8034835087537,-1420.6767102964795,-0.813115772070887,4100.758468511791
2026-07-16 06:48:00,-972.9314336942009,6116.882544612997,4853.091785862264,-5.339737201737574,-3.416174643627376,3.2325883119950274,AJISAI (EGS),2821.104887,5514.436951000001,4852.456063,3794.036320694201,-602.4455936129962,-0.6357228622646289,3841.5690414404976
2026-07-16 06:52:00,-2221.627870870554,5160.009027020637,5508.806809500406,-5.025242539350176,-4.526388196664532,2.2102767410478825,AJISAI (EGS),1344.1113030000001,5455.1214199999995,5508.374591,3565.739173870554,295.1123929793621,-0.4322185004066341,3577.930598457424
2026-07-16 06:56:00,-3366.1822726628734,3961.242870558967,5905.731856539411,-4.475300752720855,-5.424094847674975,1.0844604254376728,AJISAI (EGS),-201.09080799999998,5194.605297,5905.522149,3165.0914646628735,1233.3624264410332,-0.209707539410374,3396.908432474378
2026-07-16 07:00:00,-4352.96843277188,2576.8175363467785,6025.272642610544,-3.715640372912399,-6.0675186434181185,-0.09221871030349399,AJISAI (EGS),-1749.336158,4746.319841,6025.296398,2603.6322747718796,2169.502304653222,0.023755389456709963,3389.0472514696153
2026-07-16 07:04:00,-5135.720091378363,1071.6136843102558,5861.793963136505,-2.781632547604434,-6.426637181037394,-1.2648142857792215,AJISAI (EGS),-3234.742623,4130.08081,5862.051227,1900.9774683783626,3058.4671256897445,0.25726386349469976,3601.102131346984
2026-07-16 07:08:00,-5677.663179239541,-483.8306935828774,5422.88009283047,-1.7167168513735256,-6.4845070816917545,-2.3785197448499886,AJISAI (EGS),-4593.510739,3371.207211,5423.358816999999,1084.1524402395407,3855.037904582877,0.4787241695294142,4004.5853703754306
2026-07-16 07:12:00,-5953.230150930706,-2016.5671903983039,4729.006796855481,-0.5704995877937609,-6.238075405350618,-3.3811176542160375,AJISAI (EGS),-5766.678949,2499.5013590000003,4729.686105000001,186.55120193070616,4516.068549398304,0.679308144519382,4519.920016467752
2026-07-16 07:16:00,-5949.282483118765,-3454.6130569183515,3812.631379497459,0.6034365009528889,-5.698436372023249,-4.2253682337350265,AJISAI (EGS),-6702.726451,1548.116344,3813.483601,-753.443967881235,5002.7294009183515,0.8522215025409423,5059.148149425059
2026-07-16 07:20:00,-5665.777756600956,-4730.317120684228,2716.7250342946495,1.7499603959787429,-4.890480840943899,-4.871251740554673,AJISAI (EGS),-7359.904049,552.345855,2717.714307,-1694.1262923990435,5282.6629756842285,0.989272705350686,5547.66554398543
2026-07-16 07:24:00,-5115.833147969128,-5783.563833454746,1492.7954600051105,2.814978257968095,-3.8518918679824514,-5.287952812348651,AJISAI (EGS),-7708.185366000001,-451.62688,1493.877599,-2592.352218030873,5331.936953454746,1.0821389948894193,5928.730291468037
2026-07-16 07:28:00,-4325.161132938809,-6564.655878293999,198.4772017630604,3.7480562569397198,-2.631472196175087,-5.455455845186192,AJISAI (EGS),-7730.733724000001,-1427.9872560000001,199.60177900000002,-3405.572591061192,5136.668622293999,1.124577236939615,6163.05853232962
2026-07-16 07:32:00,-3330.8863766224545,-7036.718847770365,-1105.2010797932446,4.504926450976762,-1.2868466515176074,-5.365622204926817,AJISAI (EGS),-7424.787102,-2342.5124840000003,-1104.088191,-4093.9007253775458,4694.206363770365,1.112888793244565,6228.611223493601
2026-07-16 07:36:00,-2179.792145696855,-7177.4900243102875,-2356.735173283963,5.049706500078054,0.11834870733533201,-5.022649036232779,AJISAI (EGS),-6801.895877999999,-3163.712389,-2355.689028,-4622.103732303144,4013.7776353102877,1.046145283963142,6121.621918438582
2026-07-16 07:40:00,-926.084197980369,-6980.387844761225,-3497.094439938162,5.356677390006411,1.5176171437196535,-4.442862371142705,AJISAI (EGS),-5887.488853,-3863.844058,-3496.168796,-4961.404655019631,3116.543786761225,0.9256439381620112,5859.042770151722
2026-07-16 07:44:00,371.2069197540586,-6454.805285395601,-4472.542555707208,5.411504229941688,2.8448812877509626,-3.653862028579742,AJISAI (EGS),-4719.787559,-4419.76158,-4471.787714,-5090.994478754059,2035.0437053956002,0.7548417072075608,5482.666161217603
2026-07-16 07:48:00,1651.0434282582569,-5625.621813821268,-5237.1825338718045,5.211843342137702,4.03768061066517,-2.693095927572991,AJISAI (EGS),-3348.133208,-4813.577037999999,-5236.642125,-4999.176636258257,812.0447758212686,0.5404088718041749,5064.699798654485
2026-07-16 07:52:00,2853.269647609114,-4531.976363187577,-5755.102659119802,4.767338494210391,5.040105240097092,-1.6059822599953586,AJISAI (EGS),-1830.820875,-5033.123081000001,-5754.80994,-4684.0905226091145,-501.14671781242396,0.2927191198023138,4710.822873177804
2026-07-16 07:56:00,3921.4316126893445,-3225.3814252194975,-6002.03067544032,4.099055021005312,5.805335961001161,-0.4437122120492731,AJISAI (EGS),-232.553696,-5072.220047000001,-6002.005277,-4153.9853086893445,-1846.8386217805032,0.02539844031980465,4546.0319884875535
2026-07-16 08:00:00,4805.400485548052,-1767.283136654123,-5966.43474316877,3.238423917321939,6.297712792780549,0.7391437762455688,AJISAI (EGS),1378.363722,-4930.7585,-5966.680416,-3427.0367635480516,-3163.4753633458768,-0.24567283122996741,4663.92081982117
2026-07-16 08:04:00,5463.691162810005,-226.1858246626278,-5650.036665336795,2.225769422310773,6.494292365494063,1.8871258485209728,AJISAI (EGS),2932.9720359999997,-4614.611251,-5650.54058,-2530.7191268100055,-4388.425426337372,-0.5039146632052507,5065.8481299044415
2026-07-16 08:08:00,5865.383931458085,1325.5333715858028,-5067.72423010399,1.108482464394415,6.385869650053545,2.9463914116424132,AJISAI (EGS),4364.631342000001,-4135.389077,-5068.459439,-1500.752589458084,-5460.922448585803,-0.7352088960105903,5663.385283093993
2026-07-16 08:12:00,5991.57059622031,2814.9881880857142,-4246.867120429592,-0.06110788433798745,5.977435951076119,3.8671674463519756,AJISAI (EGS),5611.909532,-3510.044633,-4247.795132,-379.66106422031044,-6325.032821085714,-0.9280115704077616,6336.41725052114
2026-07-16 08:16:00,5836.258911742876,4172.1855862287675,-3226.0585841030424,-1.2281104249628312,5.28803518377057,4.606068497598768,AJISAI (EGS),6621.263185,-2760.332965,-3227.130998,785.0042732571237,-6932.518551228768,-1.0724138969576416,6976.82207901524
2026-07-16 08:20:00,5406.684199164508,5333.317544934737,-2053.326550776671,-2.3376212338756233,4.349980297318471,5.128180466554132,AJISAI (EGS),7349.399575,-1912.136724,-2054.487943,1942.7153758354925,-7245.454268934737,-1.1613922233291305,7501.383335329834
2026-07-16 08:24:00,4722.998516124731,6243.785954781597,-783.8843893405419,-3.3373401612001503,3.207413208524799,5.408791548646539,AJISAI (EGS),7765.20524,-994.660475,-785.0755919999999,3042.206723875269,-7238.446429781597,-1.1912026594579856,7851.759668161883
2026-07-16 08:28:00,3817.337395391611,6860.805356617851,522.479040756031,-4.1801151951701545,1.914237192686997,5.43464764313306,AJISAI (EGS),7851.136802,-39.511993000000004,521.3166209999999,4033.799406608389,-6900.3173496178515,-1.1624197560311131,7992.866727864978
2026-07-16 08:32:00,2732.300374683223,7155.4424644129085,1804.2428173060355,-4.826256052272537,0.5315118303108293,5.2046292113410155,AJISAI (EGS),7603.995116,920.305017,1803.1631499999999,4871.694741316777,-6235.137447412909,-1.079667306035617,7912.670207103654
2026-07-16 08:36:00,1518.9196026949207,7113.980527176973,3001.0838219823954,-5.245463111722403,-0.8755389720814282,4.729790117533059,AJISAI (EGS),7035.035211,1851.45378,3000.133696,5516.115608305079,-5262.526747176973,-0.9501259823955479,7623.760231780598
2026-07-16 08:40:00,234.2244248394579,6738.5382398336415,4056.738681568079,-5.418249221111736,-2.240713401739893,4.032757609602542,AJISAI (EGS),6169.40883,2721.343629,4055.956285,5935.184405160542,-4017.1946108336415,-0.7823965680786387,7166.886846931249
2026-07-16 08:44:00,-1061.4666772494784,6046.921086451799,4921.650431293225,-5.336783084135518,-3.500008771450734,3.1465516365972532,AJISAI (EGS),5044.980303,3499.188926,4921.06432,6106.446980249479,-2547.7321604517992,-0.5861112932243486,6616.618035486469
2026-07-16 08:48:00,-2307.385239300066,5071.729951377541,5555.272179758834,-5.00514024708766,-4.5946064736077,2.112926251716177,AJISAI (EGS),3710.590553,4157.015195,5554.900820000001,6017.975792300066,-914.7147563775407,-0.3713597588330231,6087.095847787556
2026-07-16 08:52:00,-3445.1442231438937,3858.7906876722104,5927.927632553262,-4.438995946783664,-5.473526670379371,0.9803563869005149,AJISAI (EGS),2223.86726,4670.587576999999,5927.781508,5669.011483143893,811.7968893277889,-0.14612455326187046,5726.8407876325655
2026-07-16 08:56:00,-4421.434868518713,2464.9953266789,6022.157888737538,-3.6648223540730043,-6.095865990661498,-0.19821083620804944,AJISAI (EGS),648.688665,5020.239394,6022.241258,5070.123533518713,2555.2440673211004,0.08336926246192888,5677.624934395579
2026-07-16 09:00:00,-5190.47826745404,955.6611440738905,5833.510345241798,-2.7186584331014805,-6.432572759313803,-1.3677416412557082,AJISAI (EGS),-947.579497,5191.585796,5833.8206660000005,4242.8987704540405,4235.92465192611,0.3103207582025789,5995.435574619638
2026-07-16 09:04:00,-5716.136297018598,-598.4781864057394,5370.7463719146745,-1.6445101352882996,-6.467734229632544,-2.4735627556320328,AJISAI (EGS),-2496.966982,5176.108337000001,5371.27247,3219.1693150185984,5774.58652340574,0.5260980853254296,6611.2707456158305
2026-07-16 09:08:00,-5973.598678050369,-2124.529155803491,4655.460575136598,-0.4924244790617005,-6.19934817312692,-3.4638079768050205,AJISAI (EGS),-3933.794352,4971.592133,4656.180096,2039.8043260503691,7096.121288803492,0.7195208634020673,7383.477470114892
2026-07-16 09:12:00,-5950.5725499939945,-3550.814237307471,3721.119522791215,0.6837234701740936,-5.639536681753344,-4.291797218981714,AJISAI (EGS),-5197.476783,4582.394617999999,3721.9993360000003,753.0957669939944,8133.20885530747,0.8798132087854356,8168.000997330216
2026-07-16 09:16:00,-5647.911514363195,-4810.226803520684,2611.546071933358,1.8286782310113043,-4.814149068008351,-4.918260419833966,AJISAI (EGS),-6235.129772,4019.514167,2612.544694,-587.218257636805,8829.740970520685,0.9986220666423833,8849.245837123048
2026-07-16 09:20:00,-5079.637105023401,-5843.412674012633,1378.8997036005433,2.8884024732006077,-3.761708634921709,-5.313292236793061,AJISAI (EGS),-7003.854759,3300.428637,1379.969256,-1924.2176539765987,9143.841311012633,1.0695523994568248,9344.113047518142
2026-07-16 09:24:00,-4272.330429793723,-6601.618600504617,81.23314322704591,3.812703178599741,-2.531692885967447,-5.457905818049735,AJISAI (EGS),-7472.589526,2448.6886680000002,82.321502,-3200.259096206277,9050.307268504617,1.0883587729540807,9599.464626828069
2026-07-16 09:28:00,-3263.9056351407603,-7049.052176267288,-1220.2627926887176,4.55772860825504,-1.1821953963798755,-5.345057956140524,AJISAI (EGS),-7623.424967,1493.2601869999999,-1219.2091200000002,-4359.519331859239,8542.312363267287,1.05367268871737,9590.438489803773
2026-07-16 09:32:00,-2101.8165718840733,-7164.617475480252,-2464.186809736874,5.088166399511276,0.2229134746471534,-4.980049305447853,AJISAI (EGS),-7452.31255,467.62428000000006,-2463.219674,-5350.495978115927,7632.241755480252,0.9671357368738427,9320.88635062581
2026-07-16 09:36:00,-840.787483911642,-6942.926401595685,-3591.8710133992035,5.378988878812177,1.6171497000001993,-4.380257914451304,AJISAI (EGS),-6969.122779,-591.336098,-3591.037208,-6128.335295088358,6351.590303595685,0.8338053992033565,8826.051980868222
2026-07-16 09:40:00,459.8091888755086,-6394.532980739525,-4550.182576776174,5.416634475923318,2.934691225929874,-3.5742293577699966,AJISAI (EGS),-6197.059079,-1644.620557,-4549.522089,-6656.8682678755085,4749.9124237395245,0.6604877761737953,8177.74807665821
2026-07-16 09:44:00,1738.785033694843,-5545.389154899978,-5294.037592190509,5.199573069033719,4.113555926060328,-2.6002056539012806,AJISAI (EGS),-5171.468648,-2652.5155440000003,-5293.582709,-6910.253681694843,2892.873610899978,0.4548831905085535,7491.349937156675
2026-07-16 09:48:00,2936.029778346212,-4435.567714266736,-5788.506314869396,4.73826217150288,5.098504788850124,-1.5042137434557847,AJISAI (EGS),-3938.13402,-3576.0592110000002,-5788.2794890000005,-6874.1637983462115,859.5085032667362,0.22682586939572502,6927.689574824453
2026-07-16 09:52:00,3995.3265467326605,-3117.334567220293,-6010.419991982735,4.054545183393699,5.843544887537976,-0.33784615075584984,AJISAI (EGS),-2551.14874,-4378.516221,-6010.431355000001,-6546.475286732661,-1261.1816537797067,-0.011363017265466624,6666.8521690345815
2026-07-16 09:56:00,4866.962877921538,-1652.6762634927613,-5949.420405438885,3.1805643489759974,6.313958364793312,0.8441449341432066,AJISAI (EGS),-1070.486429,-5026.8149060000005,-5949.66603,-5937.449306921539,-3374.138642507239,-0.24562456111561914,6829.210489614087
2026-07-16 10:00:00,5510.029960113893,-110.4015644457825,-5608.419734423199,2.157261052210379,6.4878196138673205,1.9863419744179411,AJISAI (EGS),440.627285,-5492.901212000001,-5608.881713000001,-5069.402675113894,-5382.499647554218,-0.46197857680181187,7393.926301485388
2026-07-16 10:04:00,5894.318696895745,1437.0572159894716,-5003.459231963617,1.032524516418704,6.356976196895845,3.0351669273068644,AJISAI (EGS),1918.433548,-5754.963224,-5004.106825,-3975.8851488957453,-7192.020439989472,-0.6475930363831139,8217.83555115414
2026-07-16 10:08:00,6001.734542555116,2917.0112055271916,-4162.972657395348,-0.14095952154936225,5.927464253870761,3.941325258433043,AJISAI (EGS),3301.345179,-5798.478876,-4163.764701,-2700.389363555116,-8715.490081527192,-0.7920436046524628,9124.246308782635
2026-07-16 10:12:00,5827.1654796346675,4259.910092324604,-3126.478366325054,-1.3081047578581881,5.219319485658224,4.662107662720279,AJISAI (EGS),4532.536918,-5617.03501,-3127.367559,-1294.6285616346677,-9876.945102324604,-0.8891926749456616,9961.431044664107
2026-07-16 10:16:00,5378.752958519038,5402.6155168968335,-1942.745908232342,-2.413988438470251,4.265746123692823,5.163447621478613,AJISAI (EGS),5562.316627,-5212.863298,-1943.683551,183.5636684809624,-10615.478814896833,-0.9376427676581898,10617.06583614718
2026-07-16 10:20:00,4677.537791762821,6291.3961556742715,-667.5098999472135,-3.4064742415638025,3.111629905416351,5.421614938084202,AJISAI (EGS),6350.168593,-4597.045966,-668.448153,1672.6308012371792,-10888.44212167427,-0.9382530527865356,11016.163874716853
2026-07-16 10:24:00,3756.483367290489,6884.4898700532185,639.1665239844217,-4.238752002897803,1.8114284394592104,5.424423246279047,AJISAI (EGS),6866.371585,-3789.35924,638.2731779999999,3109.888217709511,-10673.84911005322,-0.893345984421785,11117.664338740371
2026-07-16 10:28:00,2658.915228628273,7154.093660182717,1915.7492551688888,-4.871634508262863,0.4265341225392637,5.171851427220587,AJISAI (EGS),7093.116392,-2817.7390920000003,1914.941623,4434.201163371727,-9971.832752182718,-0.8076321688888584,10913.275816500784
2026-07-16 10:32:00,1436.4541438551475,7087.67240856555,3102.163459112289,-5.275458515340677,-0.9777357199452088,4.676024281835252,AJISAI (EGS),7025.069879,-1717.377131,3101.475342,5588.615735144852,-8805.049539565549,-0.6881171122886371,10428.879311930754
2026-07-16 10:36:00,146.5528947355328,6688.519799872107,4142.642173084391,-5.431470605495067,-2.335327049132749,3.9605571386196177,AJISAI (EGS),6669.365961,-529.478711,4142.099293,6522.813066264468,-7217.998510872107,-0.5428800843910722,9728.648061015529
2026-07-16 10:40:00,-1150.2304105047813,5975.553110250176,4988.34717110514,-5.33263081095639,-3.582612702695853,3.0593274092195863,AJISAI (EGS),6045.041871,700.263638,4987.9670049999995,7195.272281504782,-5275.289472250176,-0.3801661051402334,8921.918087807735
2026-07-16 10:44:00,-2393.0805450805497,4982.370010110498,5599.6365928110945,-4.983824181407291,-4.661351899791799,2.0147787934640426,AJISAI (EGS),5181.971947,1923.413541,5599.42853,7575.052492080549,-3058.956469110498,-0.20806281109435076,8169.37176170719
2026-07-16 10:48:00,-3523.7565151315266,3755.6334354557603,5947.881848403019,-4.401517471823938,-5.52131188483165,0.8758820512525105,AJISAI (EGS),4119.374568,3090.6799029999997,5947.848139000001,7643.131083131527,-664.9535324557605,-0.033709403018292505,7672.002082598324
2026-07-16 10:52:00,-4489.280190847473,2352.8765285056675,6016.76578125791,-3.612924580588927,-6.122469048310181,-0.30412979110393346,AJISAI (EGS),2903.979418,4153.881622,6016.9039649999995,7393.259608847473,1801.0050934943324,0.13818374208949535,7609.461676735271
2026-07-16 10:56:00,-5244.372501975484,839.8343702835618,5803.020051149657,-2.65474839293918,-6.436746538151993,-1.470155343417125,AJISAI (EGS),1587.944933,5067.919474,5803.325071,6832.317434975484,4228.085103716438,0.3050198503433421,8034.75359109263
2026-07-16 11:00:00,-5753.542585855218,-712.5831105102063,5316.58002960769,-1.5715553594341607,-6.44926327589914,-2.5676743797190067,AJISAI (EGS),226.615823,5792.687638,5317.043721,5980.158408855218,6505.270748510206,0.46369139230955625,8836.336476245911
2026-07-16 11:04:00,-5992.74708934022,-2231.556601642579,4580.151383422156,-0.4138252956718876,-6.159065608676079,-3.545191127606512,AJISAI (EGS),-1123.79569,6294.855103,4580.7602400000005,4868.95139934022,8526.411704642578,0.6088565778445627,9818.67530051327
2026-07-16 11:08:00,-5950.546329969128,-3645.732182421702,3628.1976918051937,0.7642843487618894,-5.579297968040945,-4.3566031197274935,AJISAI (EGS),-2408.523119,6549.44471,3628.9303760000003,3542.0232109691283,10195.176892421701,0.7326841948065521,10792.940323731971
2026-07-16 11:12:00,-5628.694838326354,-4888.564397657693,2505.3771644254157,1.907405354375744,-4.736758992309681,-4.9634056981772385,AJISAI (EGS),-3576.470037,6541.133609,2506.203191,2052.2248013263543,11429.698006657694,0.8260265745843753,11612.477076011552
2026-07-16 11:16:00,-5042.120436183133,-5901.474438362784,1264.4813499617717,2.9615698734626044,-3.670799527995988,-5.336615998597623,AJISAI (EGS),-4582.2586550000005,6265.194861999999,1265.361729,459.86178118313273,12166.669300362784,0.8803790382282841,12175.356894040126
2026-07-16 11:20:00,-4218.27160986416,-6636.663686155258,-36.041053800219466,3.876839103389988,-2.4315559592834215,-5.458284086948351,AJISAI (EGS),-5388.016625,5728.009247999999,-35.149159,-1169.7450151358398,12364.672934155256,0.8918948002194682,12419.880875618053
2026-07-16 11:24:00,-3195.8475622561314,-7059.428184263278,-1334.8606461605757,4.60979036237745,-1.0775723974817353,-5.322465289331742,AJISAI (EGS),-5964.817752,4947.090908,-1333.999205,-2768.9701897438686,12006.51909226328,0.8614411605756231,12321.67591550166
2026-07-16 11:28:00,-2022.9653810911893,-7149.840714966978,-2570.702723115835,5.125692615778612,0.3270658367832817,-4.935561501006026,AJISAI (EGS),-6293.699463000001,3950.600574,-2569.910613,-4270.734081908811,11100.441288966978,0.7921101158349302,11893.652384176141
2026-07-16 11:32:00,-754.8579827729341,-6903.703925195574,-3685.2846348393728,5.40021863429596,1.7159065162711045,-4.315995355737885,AJISAI (EGS),-6366.213661000001,2776.357873,-3684.596482,-5611.355678227066,9680.061798195573,0.6881528393728331,11188.874359738373
2026-07-16 11:36:00,548.7719832885933,-6332.725746701589,-4626.097214328717,5.420586609544793,3.0234004545649125,-3.4932462786801337,AJISAI (EGS),-6184.498102,1470.394178,-4625.542283,-6733.270085288593,7803.119924701588,0.55493132871743,10306.58075739311
2026-07-16 11:40:00,1826.598370112159,-5463.919526415249,-5348.886498684154,5.186083678865847,4.188058950924964,-2.5063350006437703,AJISAI (EGS),-5760.885031000001,85.117617,-5348.486904,-7587.48340111216,5549.0371434152485,0.3995946841532714,9400.091368749057
2026-07-16 11:44:00,3018.5697880601633,-4338.277602198797,-5819.717575709099,4.707982238484623,5.155325771393284,-1.4018794155958885,AJISAI (EGS),-5117.093492999999,-1322.8221899999999,-5819.487051,-8135.663281060162,3015.4554121987967,0.23052470909897238,8676.519372357285
2026-07-16 11:48:00,4068.7199163620076,-3008.8025262831206,-6016.533595920584,4.008902593473118,5.880042889511377,-0.2318541475277186,AJISAI (EGS),-4283.067006,-2694.875823,-6016.47714,-8351.786922362007,313.9267032831208,0.056455920584085106,8357.684773593613
2026-07-16 11:52:00,4927.765606348519,-1538.0028164609955,-5930.153651574252,3.1216950017990754,6.3284399177448485,0.9488267809404237,AJISAI (EGS),-3295.5303879999997,-3973.0413909999997,-5930.266512,-8223.295994348518,-2435.038574539004,-0.1128604257482948,8576.246841299451
2026-07-16 11:56:00,5555.386258738782,5.027677490560079,-5564.679186441462,2.0879127794257495,6.479611185246717,2.084808157788562,AJISAI (EGS),-2196.34262,-5102.326576,-5564.946862,-7751.728878738782,-5107.35425349056,-0.2676755585380306,9283.015035632074
2026-07-16 12:00:00,5922.093827071334,1547.8209554243156,-4937.299049197082,0.9559362514132099,6.326455845610221,3.1227960452676333,AJISAI (EGS),-1030.713385,-6033.134896,-4937.698692,-6952.807212071334,-7580.955851424315,-0.3996428029176968,10286.516412721563
2026-07-16 12:04:00,6010.615884288276,3017.9043939455523,-4077.500628231753,-0.22120135297683668,5.876050575862249,4.013992868785614,AJISAI (EGS),154.650465,-6723.482205,-4078.0031129999998,-5855.965419288276,-9741.386598945552,-0.5024847682466316,11366.043467913847
2026-07-16 12:08:00,5816.726683611819,4346.187820661319,-3025.712713251904,-1.3882296292771208,5.149415096036743,4.716382058740626,AJISAI (EGS),1313.4030120000002,-7140.947178,-3026.284947,-4503.323671611819,-11487.13499866132,-0.572233748096096,12338.322207505387
2026-07-16 12:12:00,5349.477023718623,5470.217662913433,-1831.4281416554431,-2.4902194246921696,4.180633639269874,5.196758399472271,AJISAI (EGS),2401.3556200000003,-7264.259632,-1832.0356869999998,-2948.121403718623,-12734.477294913433,-0.6075453445566836,13071.278902802165
2026-07-16 12:16:00,4630.7966020151125,6337.141400096449,-550.8815980375095,-3.475211416044505,3.015321222293598,5.432383156289034,AJISAI (EGS),3378.143031,-7084.436636,-551.492127,-1252.6535710151124,-13421.578036096449,-0.6105289624904344,13479.907207423541
2026-07-16 12:20:00,3694.47363005091,6906.228411275526,755.6125011288112,-4.296750301021415,1.7084726413449092,5.412142844224596,AJISAI (EGS),4208.6968289999995,-6605.390925,755.0264579999999,514.2231989490897,-13511.619336275526,-0.5860431288112977,13521.400923358447
2026-07-16 12:24:00,2584.5536162012236,7150.809853511261,2026.5304723900078,-4.916163849745008,0.3217943990072942,5.1371147317797865,AJISAI (EGS),4864.460796,-5843.953038,2025.9928810000001,2279.9071797987767,-12994.762891511262,-0.5375913900077194,13193.249775703509
2026-07-16 12:28:00,1353.2372628465919,7059.531562314456,3202.068743540969,-5.3044352063814655,-1.079321758937673,4.620489359086043,AJISAI (EGS),5324.291235000001,-4829.298207999999,3201.602364,3971.0539721534087,-11888.829770314456,-0.4663795409692284,12534.494133182261
2026-07-16 12:32:00,58.3899863182579,6636.857067578261,4226.977919955688,-5.443552257496365,-2.428987566894169,3.886860270220563,AJISAI (EGS),5575.0192910000005,-3601.8093080000003,4226.603062,5516.629304681743,-10238.666375578261,-0.3748579556877303,11630.283237143829
2026-07-16 12:36:00,-1239.2027822577143,5902.806203145148,5053.156827958233,-5.3272712989838755,-3.663967316039369,2.9709486615093543,AJISAI (EGS),5611.674359000001,-2211.432012,5052.888782999999,6850.877141257715,-8114.238215145148,-0.2680449582339861,10619.575296996461
2026-07-16 12:40:00,-2478.6922314548983,4891.960691159386,5641.883312082746,-4.961289260423397,-4.726611202052113,1.915871399551412,AJISAI (EGS),5437.379592,-715.600248,5641.731746,7916.071823454899,-5607.560939159386,-0.15156608274537575,9700.97586964605
2026-07-16 12:44:00,-3601.996875065858,3651.8050294206505,5965.586966893044,-4.362864458579203,-5.567443599672111,0.7710767564265343,AJISAI (EGS),5062.947739,823.168514,5965.557089,8664.944614065858,-2828.6365154206505,-0.029877893043703807,9114.957471216894
2026-07-16 12:48:00,-4556.482430545485,2240.495916645853,6009.098324545407,-3.559950454614756,-6.147327568291217,-0.40993569641460237,AJISAI (EGS),4506.219575,2339.89911,6009.19204,9062.702005545485,99.40319335414688,0.09371545459271147,9063.247135820016
2026-07-16 12:52:00,-5297.3821463334925,724.1673972096977,5770.33454260227,-2.5899099989799974,-6.439164916504665,-1.5720167552351347,AJISAI (EGS),3791.193521,3769.9016699999997,5770.551337,9088.575667333493,3045.734272790302,0.21679439773015474,9585.33802055492
2026-07-16 12:56:00,-5789.863688670515,-826.1137426068302,5260.401475496803,-1.4978639860879235,-6.429107017135628,-2.6608189761083487,AJISAI (EGS),2946.989483,5051.532222,5260.739001,8736.853171670515,5877.64596460683,0.3375255031969573,10529.925239170103
2026-07-16 13:00:00,-6010.660200119365,-2337.6215951878853,4503.107657310662,-0.33471691668067344,-6.117246396277448,-3.625236132323086,AJISAI (EGS),2006.68524,6128.869731,4503.5607580000005,8017.345440119365,8466.491326187885,0.45310068933849834,11660.158810578769
2026-07-16 13:04:00,-5949.192554100904,-3739.344074743537,3533.901042627143,0.8451015124618063,-5.517744019898534,-4.41976114061669,AJISAI (EGS),1006.0613810000001,6954.2030669999995,3534.459692,6955.2539351009045,10693.547141743536,0.5586493728569621,12756.46926412309
2026-07-16 13:08:00,-5608.1209354406665,-4965.31330441664,2398.258547924447,1.9861222458648846,-4.658338450252788,-5.006670221334593,AJISAI (EGS),-17.708955000000003,7490.221581,2398.906866,5590.411980440666,12455.53488541664,0.6483180755526519,13652.584217400083
2026-07-16 13:12:00,-5003.281163808587,-5957.739565712796,1149.583811681918,3.0344600216012387,-3.5791951237553765,-5.35791510041723,AJISAI (EGS),-1027.389606,7711.795711,1150.297797,3975.891557808587,13669.535276712795,0.7139853180819955,14236.007476484556
2026-07-16 13:16:00,-4162.98760674239,-6669.789093286697,-153.30087364305288,3.940443715782666,-2.331093235506363,-5.456590499139616,AJISAI (EGS),-1986.984686,7607.239539,-152.553514,2176.0029207423904,14277.028632286696,0.7473596430528744,14441.902085139614
2026-07-16 13:20:00,-3126.719850139835,-7067.852456487687,-1448.9511552597523,4.661092538138858,-0.9730091228119325,-5.297852908119402,AJISAI (EGS),-2862.969212,7178.980106999999,-1448.205413,263.75063813983525,14246.832563487686,0.7457422597524328,14249.273772627985
2026-07-16 13:24:00,-1943.2506367533094,-7133.172679020875,-2676.242538074408,5.162268040202755,0.4307762551880039,-4.889202716980616,AJISAI (EGS),-3625.403172,6443.576827,-2675.532131,-1682.1525352466904,13576.749506020875,0.7104070744080673,13680.561567631396
2026-07-16 13:28:00,-668.3115362460941,-6862.7400627105935,-3777.2999523820686,5.420352395643779,1.8138614329170955,-4.250099280808617,AJISAI (EGS),-4248.881112,5431.068617,-3776.6573240000002,-3580.569575753906,12293.808679710593,0.6426283820683238,12804.6167749415
2026-07-16 13:32:00,638.076443320401,-6269.408977620572,-4700.257793939982,5.423349828051549,3.1109874228857888,-3.4109436172921677,AJISAI (EGS),-4713.282473,4183.690721,-4699.713158,-5351.3589163204015,10453.099698620572,0.5446359399820722,11743.267682259979
2026-07-16 13:36:00,1914.4624454878851,-5381.2428433712985,-5401.708577152319,5.171368262672264,4.2611736972876715,-2.4115195256020665,AJISAI (EGS),-5004.306713999999,2754.036285,-5401.287702,-6918.769159487884,8135.279128371299,0.42087515231924044,10679.519341053241
2026-07-16 13:40:00,3100.8675225220704,-4240.139042660465,-5848.724700946128,4.67649595054561,5.210558420686615,-1.2990178934752517,AJISAI (EGS),-5113.7925,1202.7632409999999,-5848.446511,-8214.66002252207,5442.9022836604645,0.2781899461278954,9854.228769035568
2026-07-16 13:44:00,4141.589421364354,-2899.8198758655785,-6020.369206067281,3.9621287856585066,5.914826790202635,-0.12577611821651305,AJISAI (EGS),-5039.830077,-404.04102500000005,-6020.244704,-9181.419498364354,2495.7788508655785,0.12450206728135527,9514.587541920766
2026-07-16 13:48:00,4987.787249779791,-1423.2973281462635,-5908.641756849465,3.061821647976503,6.341160963960646,1.0531498925525222,AJISAI (EGS),-4786.681726,-1997.716432,-5908.674375,-9774.46897577979,-574.4191038537365,-0.03261815053429018,9791.332956570197
2026-07-16 13:52:00,5599.740512318897,120.06900081570875,-5518.8315215835955,2.01773440538239,6.4696771229104035,2.182487239681139,AJISAI (EGS),-4364.530301,-3509.989235,-5519.01746,-9964.270813318897,-3630.058235815709,-0.18593841640449682,10604.905264600216
2026-07-16 13:56:00,5948.6925740975685,1657.7948448302534,-4869.268656726534,0.8787311078002709,6.294324757308087,3.2092455779166706,AJISAI (EGS),-3789.075237,-4875.918682,-4869.5973380000005,-9737.767811097568,-6533.713526830254,-0.3286812734668274,11726.616498443358
2026-07-16 14:00:00,6018.201478531626,3117.6425561540177,-3990.483337121132,-0.30181688892783,5.8232165203138155,4.085142636136354,AJISAI (EGS),-3080.985807,-6036.720429,-3990.937929,-9099.187285531625,-9154.362985154017,-0.4545918788680865,12907.268151231388
2026-07-16 14:04:00,5804.933629158382,4430.999320225764,-2923.7997585284047,-1.4684662684273175,5.078348117139807,4.768870952941487,AJISAI (EGS),-2265.220968,-6942.349354,-2924.3576439999997,-8070.154597158382,-11373.348674225763,-0.5578854715950001,13945.624962646374
2026-07-16 14:08:00,5318.852188200156,5536.111218993756,-1719.4154220883208,-2.5662940603113613,4.094672247836717,5.228100034130221,AJISAI (EGS),-1370.227326,-7553.725955,-1720.049663,-6689.079514200156,-13089.837173993756,-0.6342409116791714,14699.919128730693
2026-07-16 14:12:00,4582.775634920197,6381.016238031156,-434.0436914759019,-3.5435312005087063,2.9185184565653515,5.441092070714825,AJISAI (EGS),-427.029669,-7844.495715,-434.724842,-5009.805303920197,-14225.511953031157,-0.6811505240981433,15081.887811974511
2026-07-16 14:16:00,3631.3137272896993,6926.023115451296,871.77283496098,-4.354090278380424,1.6054014481392418,5.397811154996197,AJISAI (EGS),531.76365,-7802.220437,871.0759129999999,-3099.5500772896994,-14728.243552451295,-0.6969219609801485,15050.859420898527
2026-07-16 14:20:00,2509.2256573525897,7145.600660184944,2136.544505243965,-4.959825904146349,0.21732308969240963,5.100432439095218,AJISAI (EGS),1473.007654,-7428.933446000001,2135.862456,-1036.2180033525897,-14574.534106184945,-0.6820492439651389,14611.324123022232
2026-07-16 14:24:00,1269.283158331622,7029.574610307917,3300.7618724172607,-5.33237749703194,-1.1802693719156627,4.563206558734735,AJISAI (EGS),2364.0882030000002,-6741.029137,3300.1244559999996,1094.8050446683783,-13770.603747307918,-0.6374164172611927,13814.055380571697
2026-07-16 14:28:00,-30.246705489598234,6583.572857571168,4309.714052048802,-5.454481664058426,-2.5216712669126125,3.811695026457801,AJISAI (EGS),3173.972715,-5768.485202,4309.153067,3204.219420489598,-12352.058059571169,-0.56098504880174,12760.891846433147
2026-07-16 14:32:00,-1328.3636291971386,5828.708271655628,5116.054939184985,-5.320695731022597,-3.744054022837409,2.8814488504729976,AJISAI (EGS),3874.201094,-4553.4748739999995,5115.602387,5202.564723197139,-10382.183145655628,-0.45255218498550676,11612.76912600068
2026-07-16 14:36:00,-2564.1984997087798,4800.533668397963,5681.996400224131,-4.9375307188964115,-4.790371682066117,1.816241380599758,AJISAI (EGS),4439.793406999999,-3148.463835,5681.678654,7003.991906708779,-7948.997503397963,-0.31774622413104225,10594.454400262044
2026-07-16 14:40:00,-3679.842868346398,3547.3394306192995,5981.036297957575,-4.323036393501165,-5.611915514549887,0.6659799613289833,AJISAI (EGS),4850.059748,-1613.8891540000002,5980.870413,8529.902616346397,-5161.2285846193,-0.16588495757514465,9969.83044863664
2026-07-16 14:44:00,-4623.019546144601,2127.8881700877764,5999.1583799754435,-3.5059037601363214,-6.170441885787339,-0.5155887124772351,AJISAI (EGS),5089.299113,-15.524827,5999.153135,9712.318659144601,-2143.4129970877766,-0.005244975443929434,9946.021969253874
2026-07-16 14:48:00,-5349.486572932686,608.6940264874556,5735.4661098411325,-2.5241512157631454,-6.439834846520719,-1.673287437864426,AJISAI (EGS),5147.370233,1578.353442,5735.623570000001,10496.856805932686,969.6594155125445,0.15746015886816167,10541.548378257397
2026-07-16 14:52:00,-5825.081363166851,-939.0387190308252,5202.231881453333,-1.423447863027325,-6.407278751388566,-2.752961256153132,AJISAI (EGS),5020.1216859999995,3099.8870070000003,5202.547394,10845.20304916685,4038.9257260308254,0.31551254666737805,11572.871307398165
2026-07-16 14:56:00,-6027.323030148323,-2442.6966752695275,4424.358492651089,-0.25511457932598836,-6.073909647884233,-3.7039125121726197,AJISAI (EGS),4709.67002,4484.531261,4424.820766,10736.993050148321,6927.227936269528,0.46227334891045757,12777.695678551083
2026-07-16 15:00:00,-5946.500238512006,-3831.6276599130065,3438.265257271742,0.9261570267039886,-5.454898958446019,-4.481247106321237,AJISAI (EGS),4224.504745,5673.824226,3438.856827,10171.004983512006,9505.451885913006,0.5915697282580368,13921.31309467566
2026-07-16 15:04:00,-5586.1833645674415,-5040.457554474135,2290.230823401154,2.0648091413422693,-4.578915494697366,-5.048037352291479,AJISAI (EGS),3579.39558,6617.913302,2290.9286949999996,9165.578944567442,11658.370856474136,0.6978715988457225,14829.88364429095
2026-07-16 15:08:00,-4963.117711286685,-6012.199161069958,1034.2506858477884,3.107052316952003,-3.4869260839318064,-5.377181323873721,AJISAI (EGS),2795.0813820000003,7277.722579,1035.026325,7758.199093286686,13289.921740069958,0.7756391522116246,15388.686546611916
2026-07-16 15:12:00,-4106.4817837784,-6700.993449521465,-270.50180640144583,4.003496625021762,-2.230336479676212,-5.452825701263685,AJISAI (EGS),1897.727409,7626.648662,-269.683443,6004.2091927784,14327.642111521465,0.8183634014458221,15534.85941926114
2026-07-16 15:16:00,-3056.5306279958995,-7074.331217491128,-1562.4910307631847,4.711615974633824,-0.868536847742972,-5.271230292551963,AJISAI (EGS),918.153731,7651.686558,-1561.671327,3974.6843589958994,14726.017775491127,0.8197037631846342,15252.990393678268
2026-07-16 15:20:00,-1862.6848255542463,-7114.626881919228,-2780.7662544324794,5.197875663460647,0.5340155109940554,-4.84099075982941,AJISAI (EGS),-109.14409699999999,7353.925076,-2779.988849,1753.5407285542465,14468.55195791923,0.7774054324795543,14574.426282021057
2026-07-16 15:24:00,-581.1643760305557,-6820.054949251959,-3867.8821490212085,5.439376077994334,1.9109887172585387,-4.182594888744043,AJISAI (EGS),-1147.151907,6748.386987,-3867.188604,-565.9875309694443,13568.441936251958,0.6935450212085925,13580.241490623735
2026-07-16 15:28:00,727.7033696557621,-6204.608442979626,-4772.636308575567,5.4249135707450735,3.197431088726368,-3.3273526869509116,AJISAI (EGS),-2157.628633,5863.224129,-4772.064306,-2885.332002655762,12067.832571979627,0.5720025755672395,12407.970183638774
2026-07-16 15:32:00,2002.3559930737356,-5297.3892668332355,-5452.483918742451,5.155420208490251,4.332884739511054,-2.3157951298793717,AJISAI (EGS),-3102.478329,4738.324832,-5452.06622,-5104.834322073735,10035.714098833236,0.4176987424516483,11259.435647660785
2026-07-16 15:36:00,3182.900629512515,-4141.185158743439,-5875.516781209513,4.643800903606133,5.264193558317686,-1.1956679828117465,AJISAI (EGS),-3945.149679,3423.4259739999998,-5875.27954,-7128.050308512515,7564.611132743439,0.23724120951283112,10393.865635392576
2026-07-16 15:40:00,4213.9126492749365,-2790.4211549808333,-6021.925398749386,3.9142256662411024,5.947894002513727,-0.019652007916883214,AJISAI (EGS),-4652.016126,1975.837953,-6021.886347,-8865.928775274937,4766.2591079808335,0.039051749386089796,10065.878944939852
2026-07-16 15:44:00,5047.006366545868,-1308.5941573977084,-5884.892841870024,3.000950448956163,6.35212558337215,1.1570749754301248,AJISAI (EGS),-5193.694334,457.8941,-5885.060527,-10240.700700545869,1766.4882573977084,-0.16768512997532525,10391.940705652767
2026-07-16 15:48:00,5643.073247752229,234.6898103514525,-5470.894035208342,1.9467361216360763,6.458027994127811,2.2793423477341017,AJISAI (EGS),-5546.259387,-1065.763885,-5471.267390999999,-11189.332634752229,-1300.4536953514526,-0.37335579165755917,11264.65022822631
2026-07-16 15:52:00,5974.098355209811,1766.9495627052345,-4799.393737950296,0.8009228959963861,6.260599552219726,3.294482771573461,AJISAI (EGS),-5692.315585,-2530.956087,-4799.962517,-11666.413940209812,-4297.905649705234,-0.5687790497040623,12432.908248740501
2026-07-16 15:56:00,6024.478432598267,3216.201018805112,-3901.9536763523265,-0.3827893061470002,5.768984063484083,4.15474748515973,AJISAI (EGS),-5621.8794689999995,-3876.686256,-3902.699022,-11646.357901598267,-7092.887274805113,-0.7453456476732754,13636.227587597416
2026-07-16 16:00:00,5791.77774543442,4514.325740981667,-2820.778074472457,-1.5487956288493554,5.006144917760202,4.819554287265654,AJISAI (EGS),-5333.025532,-5047.709601,-2821.672338,-11124.80327743442,-9562.035341981667,-0.8942635275429893,14669.484266416093
2026-07-16 16:04:00,5286.87462662305,5600.284071559711,-1606.7501873515457,-2.642192011475119,4.007891496100179,5.257460510869438,AJISAI (EGS),-4832.245933,-5996.839043,-1607.756866,-10119.12055962305,-11597.123114559712,-1.0066786484542263,15391.226931204768
2026-07-16 16:08:00,4533.475998104282,6423.015888127302,-317.0404689999857,-3.611412994007266,2.8212529136295164,5.447738339452954,AJISAI (EGS),-4134.485447999999,-6686.8859649999995,-318.115945,-8667.96144610428,-13109.901853127301,-1.075476000014305,15716.331740785745
2026-07-16 16:12:00,3567.009639568661,6943.876771749425,987.6034975886013,-4.41075209618655,1.5022463797506227,5.38143368402828,AJISAI (EGS),-3262.82529,-7092.142666000001,986.507402,-6829.834929568661,-14036.019437749426,-1.0960955886013153,15609.499928680016
2026-07-16 16:16:00,2432.9419050275433,7138.476302844658,2245.7496837264703,-5.002602558724559,0.11315036343215175,5.0618186057045715,AJISAI (EGS),-2247.8070589999998,-7199.329158,2244.684321,-4680.7489640275435,-14337.805460844658,-1.0653627264700845,15082.508989961503
2026-07-16 16:20:00,1184.6064377256116,6997.81870435031,3398.20550560583,-5.35926984028806,-1.2805512184641241,4.504197750297951,AJISAI (EGS),-1126.417383,-7007.959871,3397.223039,-2311.0238207256116,-14005.77857535031,-0.9824666058298135,14195.163456858945
2026-07-16 16:24:00,-119.3392196039104,6528.690412309329,4390.819307368988,-5.464246524529063,-2.6133549308294737,3.735089976730894,AJISAI (EGS),59.225984,-6530.129843999999,4389.969199,178.5652036039104,-13058.82025630933,-0.8501083689880033,13060.041069660432
2026-07-16 16:28:00,-1417.6924803598222,5753.287528851398,5177.017765809526,-5.312895563208106,-3.8228547708564697,2.7908618457028096,AJISAI (EGS),1263.436674,-5789.748213000001,5176.344698,2681.129154359822,-11543.0357418514,-0.6730678095264011,11850.321857782488
2026-07-16 16:32:00,-2649.577315276377,4708.12078823282,5719.960724928985,-4.912544114704824,-4.852621217456507,1.7159263108253748,AJISAI (EGS),2438.7015180000003,-4821.277034,5719.502074,5088.278833276378,-9529.397822232819,-0.4586509289847527,10802.777631234694
2026-07-16 16:36:00,-3757.271906883908,3442.2706322573854,5994.224001109673,-4.282033124184593,-5.654721918833453,0.5606312315629322,AJISAI (EGS),3537.529142,-3668.0620329999997,5994.00502,7294.801048883908,-7110.332665257385,-0.21898110967322282,10186.802884191717
2026-07-16 16:40:00,-4688.869432621763,2015.087859180013,5986.949664928154,-3.4507886670906696,-6.191812915775552,-0.6210490529224785,AJISAI (EGS),4514.3405999999995,-2380.35202,5986.978446,9203.210032621762,-4395.439879180013,0.02878107184642431,10198.96890067149
2026-07-16 16:44:00,-5400.665184691494,493.4478153784547,5698.427867182864,-2.4574804029773953,-6.438763828079183,-1.773929164757681,AJISAI (EGS),5327.3460860000005,-1013.095496,5698.695911999999,10728.011270691495,-1506.5433113784547,0.2680448171349781,10833.277373214023
2026-07-16 16:48:00,-5859.177491688947,-1051.3270459274665,5142.093173901852,-1.3483192240423778,-6.383792270720629,-2.8440662969392396,AJISAI (EGS),5940.341997,376.405855,5142.579559000001,11799.519488688948,1427.7329009274665,0.4863850981482756,11885.582932145631
2026-07-16 16:52:00,-6042.720813354105,-2546.754860467216,4343.933634747127,-0.17503387735621442,-6.0290748938851735,-3.7811902959181003,AJISAI (EGS),6324.353164,1730.893994,4344.607593000001,12367.073977354106,4277.648854467216,0.67395825287349,13085.977186962138
2026-07-16 16:56:00,-5942.458693449062,-3922.561252499653,3341.3265302297673,1.0074326504719842,-5.390787225981985,-4.541037471472721,AJISAI (EGS),6459.053116,2995.512514,3342.149735,12401.51180944906,6918.073766499653,0.8232047702326781,14200.60704604917
2026-07-16 17:00:00,-5562.876044367036,-5113.981810838078,2181.33494114377,2.1434460385750773,-4.49851838270692,-5.087491178322612,AJISAI (EGS),6333.887391,4120.041833,2182.26365,11896.763435367036,9234.023643838078,0.9287088562300596,15059.886246401295
2026-07-16 17:04:00,-4921.628909323461,-6064.844995178007,918.5257372571723,3.1793260027056025,-3.3940231424703105,-5.394407233095846,AJISAI (EGS),5948.824817,5060.91955,919.513412,10870.45372632346,11125.764545178006,0.9876747428277213,15554.722816764717
2026-07-16 17:08:00,-4048.7579384841297,-6730.276048877309,-387.59936511142837,4.065977373453368,-2.129317389632132,-5.446991139021103,AJISAI (EGS),5314.673191,5782.954982,-386.600169,9363.43112948413,12513.231030877309,0.9991961114283754,15628.652992087838
2026-07-16 17:12:00,-2985.2884644004453,-7078.8713254772965,-1675.4371958014788,4.761341533990565,-0.7641866431687423,-5.242607694958266,AJISAI (EGS),4452.912504,6260.653593,-1674.474552,7438.200968400445,13339.524918477297,0.9626438014788619,15273.171236638223
2026-07-16 17:16:00,-1781.2808576826744,-7094.217407156237,-2884.2342623762697,5.232498584228479,0.6367547150414182,-4.790944140831335,AJISAI (EGS),3395.0350070000004,6479.084262,-2883.355078,5176.315864682675,13573.301669156237,0.8791843762696772,14526.82914148336
2026-07-16 17:20:00,-493.4331220677818,-6775.669196959909,-3956.996955664212,5.457275780658791,2.0072630711379245,-4.113507981595171,AJISAI (EGS),2181.415707,6434.258264,-3956.2432510000003,2674.848829067782,13209.927460959909,0.7537046642114547,13478.019155286087
2026-07-16 17:24:00,817.6332270279851,-6138.350274969302,-4843.2054289206935,5.425267526563624,3.282710923392259,-3.2425052760942417,AJISAI (EGS),859.758429,6133.0142829999995,-4842.611824,42.12520197201491,12271.3645579693,0.593604920693906,12271.436875916082
2026-07-16 17:28:00,2090.257476805656,-5212.389190660345,-5501.1933891697345,5.1382332081564766,4.40317721641313,-2.2191980443966153,AJISAI (EGS),-516.808265,5592.434653,-5500.786569,-2607.065741805656,10804.823843660346,0.4068201697346012,11114.900370229616
2026-07-16 17:32:00,3264.6465657509707,-4041.449167493363,-5900.083742346738,4.6098950399844885,5.316222594083034,-1.091868663869158,AJISAI (EGS),-1891.894753,4838.847723,-5899.882922000001,-5156.541318750971,8880.296890493362,0.20082034673760063,10268.865140589825
2026-07-16 17:36:00,4285.667083585513,-2680.6408551076092,-6021.201608285811,3.865195518093315,5.979242526289252,0.08647822335032976,AJISAI (EGS),-3208.179168,3906.4877850000003,-6021.218777,-7493.8462515855135,6587.1286401076095,-0.017168714189210732,9977.374171796051
2026-07-16 17:40:00,5105.401503530127,-1193.9274771165547,-5858.9158696265185,2.939087958681467,6.361338418809486,1.260562880727777,AJISAI (EGS),-4409.805872000001,2835.8912450000003,-5859.154624,-9515.207375530128,4029.818722116555,-0.2387543734812425,10333.373620917213
2026-07-16 17:44:00,5685.365074940588,348.8578269251174,-5420.884811550985,1.8749285113010383,6.44467488355869,2.375336909800102,AJISAI (EGS),-5444.764801,1672.1084329999999,-5421.338813,-11130.129875940587,1323.2506060748824,-0.45400144901486783,11208.513881327002
2026-07-16 17:48:00,5998.294762603218,1875.2562201502385,-4727.700675300363,0.7225257977644839,6.225297301277211,3.3784753190419643,AJISAI (EGS),-6267.16521,462.802764,-4728.352793999999,-12265.459972603217,-1412.4534561502385,-0.6521186996360484,12346.519085579597
2026-07-16 17:52:00,6029.434113421522,3313.555639199298,-3811.945114063021,-0.4641014506533768,5.713375544506032,4.22278091729759,AJISAI (EGS),-6839.313088000001,-743.693153,-3812.768088,-12868.747201421524,-4057.2487921992984,-0.8229739369789968,13493.180609966765
2026-07-16 17:56:00,5777.250793757771,4596.148838068372,-2716.686657502256,-1.629198393344528,4.9328321216743864,4.868412686652172,AJISAI (EGS),-7133.500917,-1900.298217,-2717.645782,-12910.751710757771,-6496.447055068373,-0.959124497744142,14453.073548420802
2026-07-16 18:00:00,5253.54090195428,5662.724758728281,-1493.475125852019,-2.7178927493806047,3.9203210611433046,5.28482857207744,AJISAI (EGS),-7133.411892,-2963.010819,-1494.529599,-12386.95279395428,-8625.735577728281,-1.0544731479810707,15094.36699197594
2026-07-16 18:04:00,4482.899224097886,6463.136235927841,-199.91628321782295,-3.6788360867053553,2.7235558940469375,5.452319412716551,AJISAI (EGS),-6835.051438,-3892.567327,-201.019272,-11317.950662097886,-10355.703562927842,-1.10298878217705,15340.68462258131
2026-07-16 18:08:00,3501.5677877092726,6959.792818544605,1103.0605873630516,-4.466715896637982,1.399038813938332,5.363016721831528,AJISAI (EGS),-6247.143747,-4655.863968000001,1101.9598529999998,-9748.711534709273,-11615.656786544605,-1.1007343630517425,15164.460438188677
2026-07-16 18:12:00,2355.7133463826126,7129.447603400958,2354.1046474674613,-5.044475769333689,0.00930611707960099,5.021288024683522,AJISAI (EGS),-5390.9548859999995,-5227.085144999999,2353.058201,-7746.668232382612,-12356.532748400958,-1.0464464674614646,14584.058809534521
2026-07-16 18:16:00,1099.222116342958,6964.281516223348,3494.362779792667,-5.385096838457972,-1.380140343609791,4.443485454390561,AJISAI (EGS),-4299.534847,-5588.490172,3493.4228900000003,-5398.7569633429575,-12552.771688223347,-0.9398897926666905,13664.503455643697
2026-07-16 18:20:00,-208.86923161584176,6472.233390356639,4470.26304371895,-5.472834758629863,-2.704015816195866,3.6570742264875506,AJISAI (EGS),-3016.41508,-5730.834266,4469.480192,-2807.5458483841585,-12203.067656356638,-0.7828517189500417,12521.867853050255
2026-07-16 18:24:00,-1507.1685617999299,5676.572481463471,5236.02230129111,-5.303862532262183,-3.9003520477320524,2.699221916488104,AJISAI (EGS),-1593.832853,-5653.426957000001,5235.440337,-86.66429120007001,-11329.999438463472,-0.5819642911101255,11330.330900447447
2026-07-16 18:28:00,-2734.8064140527395,4614.754056197785,5755.761964460012,-4.886325335232317,-4.91334826264938,1.6149640141995514,AJISAI (EGS),-90.57128200000001,-5363.8558459999995,5755.413445,2644.2351320527396,-9978.609902197784,-0.34851946001163014,10323.014827814955
2026-07-16 18:32:00,-3834.2612568174463,3336.6326463783876,6005.145087580903,-4.239854864689026,-5.69585769008864,0.45507022513539785,AJISAI (EGS),1430.493507,-4877.412243,6005.050321000001,5264.7547638174465,-8214.044889378387,-0.0947665809026148,9756.442803442369
2026-07-16 18:36:00,-4754.009930232545,1902.129432952087,5972.476751483364,-3.3946097353460534,-6.211442149358527,-0.7262769990334367,AJISAI (EGS),2905.028882,-4216.261007,5972.641976,7659.038812232546,-6118.390439952087,0.16522451663604443,9802.835157763328
2026-07-16 18:40:00,-5450.897424636827,378.46206520960203,5659.233748295862,-2.3899063177561564,-6.435959903136627,-1.8739039357233602,AJISAI (EGS),4269.959362,-3408.413793,5659.648025,9720.856786636827,-3786.875858209602,0.4142767041385014,10432.42472311299
2026-07-16 18:44:00,-5892.134091137639,-1162.9481092378414,5080.008025800995,-1.2724906892221637,-6.358661853652975,-2.9340995545708832,AJISAI (EGS),5466.1683219999995,-2486.55249,5080.643659,11358.302413137639,-1323.6043807621586,0.6356331990054969,11435.16342992485
2026-07-16 18:48:00,-6056.8390075510115,-2649.769657051117,4261.863467309815,-0.0944907591263387,-5.982762073717177,-3.857040031735262,AJISAI (EGS),6441.089932,-1486.735608,4262.680711,12497.928939551011,1163.034049051117,0.8172436901850233,12551.927208409319
2026-07-16 18:52:00,-5937.057532281403,-4012.123741484485,3243.1215548184127,1.088909840394738,-5.325433574944201,-4.599109330359191,AJISAI (EGS),7151.07978,-447.026265,3244.072824,13088.137312281404,3565.097476484485,0.9512691815871221,13565.001261587919
2026-07-16 18:56:00,-5538.193261070866,-5185.871371526035,2071.6121851099965,2.2220127032776658,-4.4171755632313925,-5.125016517753382,AJISAI (EGS),7563.451612,593.911808,2072.645074,13101.644873070865,5779.7831795260345,1.0328888900035054,14319.881041728511
2026-07-16 19:00:00,-4878.814002077255,-6115.669504146059,802.4528815676774,3.2512601734383453,-3.3005170925699483,-5.409586177921518,AJISAI (EGS),7658.075584,1598.207345,803.513591,12536.889586077255,7713.876849146059,1.0607094323225965,14719.969349913346
2026-07-16 19:04:00,-3989.820306732971,-6757.6368482928965,-504.54910290846385,4.1278654449779,-2.02806758323103,-5.439089056500851,AJISAI (EGS),7428.439291000001,2530.116129,-503.512415,11418.259597732971,9287.752977292897,1.0366879084638754,14718.661918909476
2026-07-16 19:08:00,-2913.0023694216943,-7081.480265872965,-1787.7468023979782,4.810250110167286,-0.659989363808272,-5.211996135470277,AJISAI (EGS),6882.093262,3357.245858,-1786.782466,9795.095631421695,10438.726123872966,0.9643363979780588,14314.709303645288
2026-07-16 19:12:00,-1699.0520668468084,-7071.958898418749,-2986.6073575092532,5.266120017847918,0.7389653176806759,-4.739082068241176,AJISAI (EGS),6040.440745,4051.619745,-2985.758375,7739.492811846809,11123.57864341875,0.8489825092533465,13551.15314435349
2026-07-16 19:16:00,-405.1347805250179,-6729.60388391396,-4044.6106639647614,5.474037795323957,2.1026596382515033,-4.042864953863542,AJISAI (EGS),4937.878449,4590.540564,-4043.912699,5343.013229525018,11320.14444791396,0.6979649647614679,12517.725878915535
2026-07-16 19:20:00,907.8461481119234,-6070.660955973814,-4911.938513436051,5.424401641619904,3.3668069162346304,-3.15643363585655,AJISAI (EGS),3620.331094,4957.226713,-4911.418099,2712.4849458880767,11027.887668973814,0.520414436050487,11356.578767040948
2026-07-16 19:24:00,2178.145096921041,-5126.273228216997,-5547.818635648923,5.119801264037815,4.472036833126941,-2.1217648163271883,AJISAI (EGS),2143.264131,5141.210284,-5547.49207,-34.880965921041025,10267.483512216997,0.32656564892295137,10267.542766508284
2026-07-16 19:28:00,3346.0826040175,-3940.964366480473,-5922.416349020076,4.5747766541641735,5.366637525338748,-0.98765907730189,AJISAI (EGS),569.277045,5138.504218,-5922.290752999999,-2776.8055590175,9079.468584480474,0.12559602007695503,9494.59840672225
2026-07-16 19:32:00,4356.830112105896,-2570.513407200134,-6018.1981271603445,3.815041005246661,6.0088709454279545,0.19257461495173261,AJISAI (EGS),-1034.6050579999999,4951.552751,-6018.273571000001,-5391.435170105896,7522.066158200134,-0.07544383965614543,9254.677330273935
2026-07-16 19:36:00,5162.951205454681,-1079.3312622049073,-5830.7206422479485,2.8762411266659482,6.368804671105017,1.3635746184296391,AJISAI (EGS),-2599.8215440000004,4588.988549,-5830.9921509999995,-7762.772749454682,5668.319811204907,-0.2715087520509769,9611.997207422151
2026-07-16 19:40:00,5726.596696599118,462.54109801858584,-5368.822717147766,1.8023225502857727,6.429629386482184,2.4704346674862734,AJISAI (EGS),-4059.2301439999997,4065.218849,-5369.279651,-9785.826840599118,3602.677750981414,-0.456933852234215,10427.928564216154
2026-07-16 19:44:00,6021.265573290779,1982.6863696779426,-4654.216540537518,0.6435543653435231,6.188435517545166,3.4611913720353504,AJISAI (EGS),-5350.009056,3399.863358,-4654.839852,-11371.27462929078,1417.1769883220575,-0.6233114624819791,11459.24420280408
2026-07-16 19:48:00,6033.056156937996,3409.6828118519297,-3720.491681738552,-0.545735840831983,5.6564136551272695,4.289217021397805,AJISAI (EGS),-6416.397953,2617.06122,-3721.252314,-12449.454109937997,-792.6215918519297,-0.7606322614478813,12474.660604677123
2026-07-16 19:52:00,5761.344875995511,4676.4509757133455,-2611.5649133873994,-1.7096549791267652,4.858436595978542,4.915427467113493,AJISAI (EGS),-7212.166209,1744.659243,-2612.425946,-12973.51108499551,-2931.7917327133455,-0.8610326126004111,13300.653870313477
2026-07-16 19:56:00,5218.847972402942,5723.422471309938,-1379.6331602628836,-2.793375557153604,3.831990737836671,5.310193721954128,AJISAI (EGS),-7702.692384,813.296569,-1380.554053,-12921.540356402942,-4910.125902309938,-0.9208927371164464,13823.007719260244
2026-07-16 20:00:00,4431.0472754672355,6501.373831804304,-82.71553356883578,-3.7457796679576147,2.6254586807571316,5.454833533983945,AJISAI (EGS),-7866.5445310000005,-144.594208,-83.65512600000001,-12297.591806467237,-6645.968039804305,-0.939592431164229,13978.542710433885
2026-07-16 20:04:00,3434.995035906576,6973.7753383423415,1218.1003457259471,-4.521961811615599,1.2958099741890468,5.342567341325694,AJISAI (EGS),-7696.464502000001,-1095.841553,1217.18434,-11131.459537906576,-8069.616891342342,-0.9160057259471159,13748.749363347759
2026-07-16 20:08:00,2277.5514037983985,7118.52597521289,2461.568361495734,-5.085427569220491,-0.09418003511787514,4.978856219429433,AJISAI (EGS),-7199.698767,-2007.6055279999998,2460.7187910000002,-9477.250170798397,-9126.13150321289,-0.8495704957335874,13156.92014628055
2026-07-16 20:12:00,1013.1456163032497,6928.981227558752,3589.1973224064454,-5.409843251665643,-1.4790101862971445,4.381092833508931,AJISAI (EGS),-6397.6626639999995,-2848.428731,3588.455502,-7410.808280303249,-9777.409958558752,-0.7418204064456404,12268.57063456997
2026-07-16 20:16:00,-298.81805685262606,6414.225854530131,4548.0152501144075,-5.480234514392496,-2.793631662356892,3.577677405750601,AJISAI (EGS),-5324.956961,-3589.233977,4547.419445,-5026.138904147374,-10003.45983153013,-0.5958051144070851,11195.145431829116
2026-07-16 20:20:00,-1596.7708014649834,5598.591916946539,5293.046279986451,-5.2935886626913575,-3.9765288841517354,2.606563718820381,AJISAI (EGS),-4027.796218,-4204.236097,5292.630338000001,-2431.0254165350166,-9802.828013946539,-0.4159419864499796,10099.768404268587
2026-07-16 20:24:00,-2819.8633088941033,4520.465623565918,5789.386612873478,-4.858870603673154,-4.972541849476538,1.5133925505551806,AJISAI (EGS),-2561.9437590000002,-4671.745335,5789.176394,257.91954989410306,-9192.210958565916,-0.2102188734779702,9195.828665497682
2026-07-16 20:28:00,-3910.7880463974393,3230.459490622669,6013.795422152737,-4.19650220074765,-5.735318292329863,0.34933667814827185,AJISAI (EGS),-990.263862,-4974.849991,6013.804542999999,2920.524184397439,-8205.30948162267,0.009120847262238385,8709.56745200015
2026-07-16 20:32:00,-4818.418833496236,1789.0472065305676,5955.745064804245,-3.3373719185132638,-6.229331649902282,-0.8312329141122821,AJISAI (EGS),620.000132,-5101.971126,5955.974655,5438.4189654962365,-6891.018332530568,0.2295901957550086,8778.526901266134
2026-07-16 20:36:00,-5500.162785600275,263.7698099642883,5617.8985011716095,-2.321438116771091,-6.431431649892846,-1.9731739909438517,AJISAI (EGS),2200.112549,-5047.279919,5618.338182,7700.2753346002755,-5311.049728964288,0.4396808283909195,9354.223091497457
2026-07-16 20:40:00,-5923.933322928944,-1273.8716844738317,5015.99984834097,-1.1959752650193833,-6.331902257439516,-3.0230268773545124,AJISAI (EGS),3682.779301,-4810.971542,5016.627448,9606.712623928945,-3537.0998575261683,0.6275996590302384,10237.187271645895
2026-07-16 20:44:00,-6069.663304151842,-2751.7150666921316,4178.17900114758,-0.013501525440966005,-5.934991526324286,-3.9314327989258477,AJISAI (EGS),5005.0267570000005,-4399.386895,4178.96151,11074.690061151843,-1647.671828307868,0.7825088524205057,11196.588007812688
2026-07-16 20:48:00,-5930.286680428807,-4100.294595482686,3143.6875093107656,1.1705697550902443,-5.258863056745423,-4.655440426397551,AJISAI (EGS),6110.917158,-3824.9604249999998,3144.583514,12041.203838428806,275.33417048268666,0.8960046892343598,12044.351356003046
2026-07-16 20:52:00,-5512.129676134839,-5256.11217193924,1961.104157143732,2.300488675356499,-4.3349156647358615,-5.160598926421561,AJISAI (EGS),6953.984257,-3105.973713,1962.067136,12466.113933134839,2150.1384589392405,0.9629788562679096,12650.18153679371
2026-07-16 20:56:00,-4834.672653125778,-6164.665788773387,686.076168380435,3.3228337828044907,-3.2064387737387277,-5.422712296760617,AJISAI (EGS),7499.268483,-2266.099945,687.0574869999999,12333.941136125777,3898.5658437733873,0.981318619564945,12935.413427897785
2026-07-16 21:00:00,-3929.6735667685953,-6783.076463858236,-621.3066301618333,4.18914027360358,-1.9266185856746019,-5.429122495159797,AJISAI (EGS),7724.844238,-1333.738507,-620.354,11654.517804768595,5449.337956858236,0.9526301618332127,12865.576953142378
2026-07-16 21:04:00,-2839.681796536832,-7082.166144638102,-1899.3772478920482,4.858322637796349,-0.5559756367049408,-5.179407397226856,AJISAI (EGS),7622.751355,-341.14738900000003,-1898.496233,10462.433151536832,6741.018755638102,0.8810148920481424,12446.037204284296
2026-07-16 21:08:00,-1616.0122100741744,-7047.866550355824,-3087.84675572168,5.298723305000407,0.8406191183247921,-4.685424439179713,AJISAI (EGS),7199.272674,676.602593,-3087.075008,8815.284884074174,7724.469143355824,0.7717477216801854,11720.77948472871
2026-07-16 21:12:00,-316.2867415654501,-6681.8805429016575,-4130.690138919323,5.48964861423226,2.197154011195816,-3.9706927817872577,AJISAI (EGS),6474.545599,1682.8120900000001,-4130.05849,6790.83234056545,8364.692632901657,0.6316489193222878,10774.204709377358
2026-07-16 21:16:00,998.3219376460476,-6001.567305971617,-4978.809618154437,5.422306126689631,3.44969957895672,-3.0691704675316265,AJISAI (EGS),5481.540486,2640.42968,-4978.340855,4483.218548353952,8641.996985971618,0.4687631544366013,9735.674639057448
2026-07-16 21:20:00,2265.9967957704857,-5039.07219907707,-5592.342093531675,5.100118695692866,4.539449862691537,-2.023532295464466,AJISAI (EGS),4264.472583,3513.372915,-5592.050692,1998.475787229514,8552.445114077069,0.2914015316755467,8782.836841610926
2026-07-16 21:24:00,3427.185840449327,-3839.7641204245624,-5942.506207997665,4.538444398465018,5.415430936112074,-0.8830785099755076,AJISAI (EGS),2876.745856,4267.846044,-5942.397725,-550.4399844493269,8107.610164424563,0.10848299766530545,8126.273855004495
2026-07-16 21:28:00,4427.379035488477,-2460.0731687828766,-6012.916105886976,3.76376517732659,6.036778424794036,0.29859721996582966,AJISAI (EGS),1378.541041,4873.6132640000005,-6012.9880729999995,-3048.837994488477,7333.686432782877,-0.07196711302367476,7942.189233215199
2026-07-16 21:32:00,5219.634024288674,-964.8392776482933,-5800.317797449868,2.8124173008863464,6.374530094015427,1.4660713714514748,AJISAI (EGS),-165.840809,5305.1900049999995,-5800.5619369999995,-5385.474833288674,6270.029282648293,-0.2441395501318766,8265.386043304745
2026-07-16 21:36:00,5766.748918138864,575.7080082371118,-5314.727393967437,1.7289296083132848,6.412903601857915,2.5645996896259597,AJISAI (EGS),-1690.765321,5542.914615000001,-5315.131735,-7457.514239138864,4967.206606762888,-0.4043410325630248,8960.338178033207
2026-07-16 21:40:00,6042.994758979573,2089.2120138062614,-4578.96908477407,0.5640235203340486,6.150032147496504,3.5425995534785315,AJISAI (EGS),-3132.073731,5573.861525,-4579.51774,-9175.068489979572,3484.649511193739,-0.548655225929906,9814.512943223488
2026-07-16 21:44:00,6035.332477432045,3504.559474767559,-3627.6279615065805,-0.6276746707385422,5.598121429338043,4.354030484139169,AJISAI (EGS),-4429.803216,5392.553652,-3628.2974959999997,-10465.135693432047,1887.9941772324405,-0.669534493419178,10634.076713259383
2026-07-16 21:48:00,5744.052442856104,4755.215130864889,-2505.4526423213824,-1.7901455432043687,4.7829854393355244,4.960580643552517,AJISAI (EGS),-5530.711398,5001.43318,-2506.2099759999996,-11274.763840856103,246.21804913511096,-0.7573336786172149,11277.451998051265
2026-07-16 21:52:00,5182.793198213519,5782.367053499283,-1265.2674311120281,-2.8686195369043825,3.742930426237622,5.333546231034427,AJISAI (EGS),-6390.503323,4411.051549,-1266.073135,-11573.296521213519,-1371.3155044992836,-0.8057038879719585,11654.25670002046
2026-07-16 21:56:00,4377.922549766164,6537.725888591732,34.51735072931258,-3.8122228345131335,2.5269925263582973,5.455279740799383,AJISAI (EGS),-6975.658612,3639.942512,33.703087,-11353.581161766164,-2897.7833765917317,-0.8142637293125858,11717.548991042808
2026-07-16 22:00:00,3367.2986946270344,6985.829052433651,1332.6791740022304,-4.57646997146428,1.192590917723852,5.320093394837002,AJISAI (EGS),-7264.762757,2714.155475,1331.893225,-10632.061451627034,-4271.67357743365,-0.7859490022303817,11458.094365165362
2026-07-16 22:04:00,2198.467935643017,7105.723415036608,2568.10013189256,-5.125440077863487,-0.1972787719616841,4.934539437140518,AJISAI (EGS),-7249.269702,1666.451702,2567.3770090000003,-9447.737637643017,-5439.271713036607,-0.7231228925597861,10901.624822056727
2026-07-16 22:08:00,926.3927652555203,6891.936519548299,3682.673265302662,-5.433494006340995,-1.5771345875616711,4.317043682603843,AJISAI (EGS),-6933.665557,535.193505,3682.045667,-7860.058322255521,-6356.743014548299,-0.6275983026621361,10108.842613086154
2026-07-16 22:12:00,-389.1666536539815,6354.692259940504,4624.046557947032,-5.4864341760593085,-2.8821806960548533,3.4969296574824527,AJISAI (EGS),-6335.042731,-637.028316,4623.544884,-5945.876077346018,-6991.720575940504,-0.5016739470320317,9178.104335365895
2026-07-16 22:16:00,-1686.4778342812965,5519.374890497689,5348.068185331172,-5.282066273924567,-4.0513688567680335,2.5129222822945576,AJISAI (EGS),-5482.1272659999995,-1804.971483,5347.718598,-3795.649431718703,-7324.3463734976895,-0.3495873311712785,8249.42449687774
2026-07-16 22:20:00,-2904.725296314122,4425.287773975815,5820.821984945319,-4.830176485248069,-5.0301915875324585,1.4112502016344366,AJISAI (EGS),-4413.831626,-2922.461123,5820.643946,-1509.1063296858783,-7347.748896975815,-0.1780389453188036,7501.120969495503
2026-07-16 22:24:00,-3986.8292740463794,3123.785175047263,6020.171724680864,-4.151976094848523,-5.773099774056821,0.24347039045926988,AJISAI (EGS),-3177.420563,-3944.187253,6020.176306,809.4087110463793,-7067.972428047263,0.004581319136377715,7114.167323388948
2026-07-16 22:28:00,-4882.073900299781,1675.8753487067454,5936.76088121476,-3.2790805676156247,-6.245484048968837,-0.9358772578107684,AJISAI (EGS),-1826.3828819999999,-4827.5182620000005,5936.949713000001,3055.691018299781,-6503.393610706746,0.18883178524083633,7185.497623043008
2026-07-16 22:32:00,-5548.440820002685,149.40380505131373,5574.437682797213,-2.2520853581344893,-6.425188176775281,-2.0717018249346304,AJISAI (EGS),-418.105112,-5534.267596,5574.802376000001,5130.335708002684,-5683.671401051313,0.3646932027877483,7656.661492121559
2026-07-16 22:36:00,-5954.55750299352,-1384.0679462819073,4950.0927823587635,-1.1187863440873156,-6.303528710175193,-3.110814518878133,AJISAI (EGS),988.5627340000001,-6032.355286,4950.616229,6943.12023699352,-4648.287339718093,0.5234466412366601,8355.446971403077
2026-07-16 22:40:00,-6081.179637862137,-2852.565593908187,4092.911862615921,0.0679171728321615,-5.885783980476641,-4.004340219452344,AJISAI (EGS),2335.7611979999997,-6297.300318,4093.56936,8416.940835862137,-3444.7347240918125,0.6574973840788516,9094.563804057361
2026-07-16 22:44:00,-5922.136384218975,-4187.053867666304,3043.0620428818543,1.2523932597248555,-5.19110101051233,-4.710009161355548,AJISAI (EGS),3569.00617,-6313.474932,3043.822562,9491.142554218975,-2126.4210643336964,0.7605191181455666,9726.430697112773
2026-07-16 22:48:00,-5484.68033376146,-5324.690786945952,1849.8527610466567,2.378853275367879,-4.2517674827685825,-5.194224703840091,AJISAI (EGS),4639.414307,-6075.046361,1850.679819,10124.094640761461,-750.3555740540478,0.8270579533432283,10151.863201729708
2026-07-16 22:52:00,-4789.204951264719,-6211.827613568913,569.4397642699413,3.394025651382934,-3.1118190588741457,-5.433780519115718,AJISAI (EGS),5505.672466,-5586.5375300000005,570.293022,10294.877417264719,625.2900835689125,0.8532577300586581,10313.84940035317
2026-07-16 22:56:00,-3868.32284301033,-6806.596166758511,-737.8276315855344,4.249781252104026,-1.8250018169398416,-5.417095292454339,AJISAI (EGS),6135.6603509999995,-4862.951814,-736.98974,10003.983194010329,1943.6443527585106,0.8378915855344076,10191.046747911298
2026-07-16 23:00:00,-2765.336644308743,-7080.937681326365,-2010.2861912777755,4.905540101088958,-0.4521758498855099,-5.14485402125234,AJISAI (EGS),6507.645531,-3929.428694,-2009.503686,9272.982175308744,3151.508987326365,0.782505277775499,9793.88625281645
2026-07-16 23:04:00,-1532.1754672777502,-7021.956099146493,-3187.9141078894504,5.330291920390299,0.9416882747648491,-4.629991831257431,AJISAI (EGS),6610.992139000001,-2820.426559,-3187.224151,8143.1676062777515,4201.529540146494,0.6899568894505137,9163.188834499453
2026-07-16 23:08:00,-226.90677689316175,-6632.521150049074,-4215.20283123254,5.504094938336123,2.290722238239721,-3.897019012432897,AJISAI (EGS),6446.353852,-1578.4613700000002,-4214.638958,6673.260628893162,5054.059780049074,0.5638732325405726,8371.136601405946
2026-07-16 23:12:00,1089.040076759409,-5931.09646987094,-5043.7935062010965,5.418971464650161,3.5313699496321087,-2.980748909917552,AJISAI (EGS),6025.360860000001,-252.462395,-5043.383927,4936.3207832405915,5678.634074870941,0.4095792010966761,7524.2373699328145
2026-07-16 23:16:00,2353.790263835601,-4950.817115717194,-5634.746992653503,5.079180146456553,4.605403147387889,-1.9245376205150675,AJISAI (EGS),5369.841048,1104.179396,-5634.5133049999995,3016.0507841643994,6054.996511717194,0.23368765350369358,6764.580189795668
2026-07-16 23:20:00,3507.9332020197326,-3737.881847868819,-5960.345771141189,4.500897288608838,5.462595995984381,-0.7781663807560318,AJISAI (EGS),4510.635921,2435.7814470000003,-5960.301696,1002.7027189802675,6173.663294868819,0.04407514118884137,6254.56083374393
2026-07-16 23:24:00,4497.291075888702,-2349.354411171815,-6005.357552568651,3.7113714738614694,6.0629647069176675,0.4045061194853468,AJISAI (EGS),3486.090943,3686.665564,-6005.507727,-1011.2001328887018,6036.0199751718155,-0.15017443134911446,6120.135854046024
2026-07-16 23:28:00,5275.428528762475,-850.4850667622817,-5767.71880468302,2.7476242305068257,6.37852098896038,1.5680145096961,AJISAI (EGS),2340.3027859999997,4803.492564,-5768.058749,-2935.1257427624755,5653.9776307622815,-0.33994431698010885,6370.433760000128
2026-07-16 23:32:00,5805.8026576148795,688.3272895881577,-5258.619252253025,1.6547614497261176,6.394510125220913,2.657796385673291,AJISAI (EGS),1121.201091,5737.550622000001,-5259.136836,-4684.60156661488,5049.223332411843,-0.5175837469751059,6887.680913514771
2026-07-16 23:36:00,6063.4664959561,2194.805613408998,-4501.9867282400255,0.4839485523568519,6.110105562141624,3.6226689696675733,AJISAI (EGS),-121.460382,6446.909706,-4502.6634859999995,-6184.9268779561,4252.104092591002,-0.6767577599739525,7505.578602472564
2026-07-16 23:40:00,6036.25127683142,3598.1631154755173,-3533.389073191098,-0.7098998136655891,5.538522232865172,4.417196600267588,AJISAI (EGS),-1338.129854,6898.352395,-3534.200245,-7374.38113083142,3300.1892795244826,-0.8111718089021451,8079.1550920532845
2026-07-16 23:44:00,5725.36630208421,4832.424896521137,-2398.3900238439455,-1.870649987967374,4.706505970156004,5.003854937303773,AJISAI (EGS),-2481.4270699999997,7068.987263,-2399.301931,-8206.793372084208,2236.5623664788627,-0.9119071560544398,8506.096020079334
2026-07-16 23:48:00,5145.374348307348,5839.549003267109,-1150.4212802749425,-2.943603616965897,3.6531701189751233,5.35487714039132,AJISAI (EGS),-3507.977789,6947.457281999999,-1151.390043,-8653.352137307347,1107.9082787328907,-0.9687627250575588,8723.987901460418
2026-07-16 23:52:00,4323.527884291279,6572.19027893552,151.7379277596579,-3.8781445988580763,2.428188640440825,5.4536578652308565,AJISAI (EGS),-4380.043635,6534.672329,150.761199,-8703.57151929128,-37.51794993551994,-0.9767287596579024,8703.652436878712
2026-07-16 23:56:00,3298.486523292918,6995.959315281078,1446.7536501257018,-4.630220513850042,1.0894125236501804,5.29560351076302,AJISAI (EGS),-5066.883871,5844.0063279999995,1445.814876,-8365.370394292917,-1151.952987281078,-0.9387741257019115,8444.312784348711
