satellite,timestamp,x_pred,y_pred,z_pred,vx_pred,vy_pred,vz_pred,x_truth,y_truth,z_truth,vx_truth,vy_truth,vz_truth,dx,dy,dz,dvx,dvy,dvz,dr,ds,dw,dvr,dvs,dvw
AJISAI,2025-01-01 12:13:11.181216,422.6269780502489,5124.149435011634,5955.119677167613,-6.904220379731896,1.5148155321876402,-0.8139282963638834,422.611754901936,5124.265806436545,5955.026851027027,-6.904229168425729,1.5148166899443822,-0.8139136043937469,-0.015223148312884405,0.11637142491144914,-0.09282614058611216,-8.788693833139405e-06,1.1577567420317791e-06,1.4691970136482269e-05,0.004713016564967629,0.05016627339727625,-0.14089669139081248,1.1402554105180381e-05,7.094538500106784e-06,1.0681049096722945e-05
AJISAI,2025-01-01 12:18:11.181216,-1638.791172060574,5385.815090466515,5495.873538917565,-6.754238837434514,0.21880864248396392,-2.2290060007180728,-1638.8077443594582,5385.927783031253,5495.789840639031,-6.754238788173097,0.2187883994247386,-2.228956887682216,-0.016572298884284464,0.11269256473769929,-0.08369827853402967,4.9261416279478e-08,-2.0243059225322213e-05,4.911303585686255e-05,0.022129660744181934,0.045414331549740145,-0.13201315719377482,2.0440204302939042e-05,-1.605239737463023e-05,4.6329178183360654e-05
AJISAI,2025-01-01 12:23:11.181216,-3580.3890664730775,5253.744209100146,4633.997239277541,-6.1101909222888935,-1.0940588440753345,-3.48165411629725,-3580.4057733705336,5253.849146045553,4633.934396288123,-6.110193602837626,-1.0940821367121316,-3.481564376593269,-0.016706897456060688,0.10493694540764409,-0.06284298941773159,-2.6805487323144916e-06,-2.3292636797123123e-05,8.973970398074016e-05,0.04066368889173423,0.028958175705618438,-0.11290709773335823,3.85235191016124e-05,-3.801482527858953e-05,7.532435380463541e-05
AJISAI,2025-01-01 12:28:11.181216,-5260.0125874794485,4737.291547673976,3432.371158312392,-5.018320060368751,-2.3280014713600394,-4.480012172958595,-5260.032309914242,4737.390386689642,3432.3400644226012,-5.018340586498198,-2.3280101792070127,-4.479891496037908,-0.019722434793948196,0.09883901566536224,-0.031093889790554385,-2.0526129446807317e-05,-8.707846973265987e-06,0.00012067692068740143,0.0591380970382937,0.0011582742418396151,-0.0873286855144199,6.113125935793394e-05,-5.861946595998021e-05,8.880762982677795e-05
AJISAI,2025-01-01 12:33:11.181216,-6554.424683230297,3873.930348668874,1978.8728296747756,-3.5578101376804625,-3.3924970479492913,-5.1503491884245705,-6554.455117905195,3874.028785119687,1978.880062202586,-3.5578656358447915,-3.39248399158123,-5.1502141747319,-0.03043467489806062,0.0984364508130966,0.007232527810401734,-5.5498164329037536e-05,1.3056368061370449e-05,0.00013501369267032715,0.0756525377724762,-0.03690669851411514,-0.05985735440804525,8.663348037600133e-05,-7.613108466475289e-05,9.043179874929834e-05
AJISAI,2025-01-01 12:38:11.181216,-7368.4435602176245,2726.6516806422155,380.0487011160491,-1.8354104562458815,-4.209037201880619,-5.442768176299296,-7368.497190462082,2726.7558101874124,380.09503568555266,-1.8355142681912184,-4.209007881083835,-5.4426402060584,-0.05363024445705378,0.10412954519688356,0.0463345695035855,-0.00010381194533692906,2.9320796784304548e-05,0.00012797024089650222,0.08857247046637207,-0.08310699085157205,-0.033379682167392295,0.00011359289248990657,-8.834228903632752e-05,8.547108527105138e-05
AJISAI,2025-01-01 12:43:11.181216,-7642.107159085081,1379.4248386258816,-1246.693424552101,0.022291812906587438,-4.7171972481137345,-5.335264452937054,-7642.199066014007,1379.537081441894,-1246.613546953918,0.02213657658376178,-4.717169736896267,-5.335163697794087,-0.091906928926619,0.11224281601244002,0.07987759818297491,-0.00015523632282565814,2.7511217467690585e-05,0.00010075514296659094,0.09632630231805842,-0.13443157953925966,-0.008669367157732456,0.00013969051041292898,-9.412618790692042e-05,8.144693914378355e-05
AJISAI,2025-01-01 12:48:11.181216,-7355.228066925699,-68.98091393939573,-2781.7936104372693,1.8784204190960736,-4.879386686714398,-4.835607030103347,-7355.372325543549,-68.86443481170745,-2781.6911729145054,1.8782235583748843,-4.879381586087689,-4.83554981555244,-0.1442586178500278,0.1164791276882795,0.10243752276392115,-0.00019686072118929587,5.100626708554046e-06,5.721455090679228e-05,0.09766785863613303,-0.1873580147753971,0.015144166199767058,0.00016384084390894251,-9.41840645444333e-05,7.961912225433782e-05
AJISAI,2025-01-01 12:53:11.181216,-6528.9179219258285,-1512.3323689976041,-4112.447360341783,3.5962964825821473,-4.683744969828922,-3.9807603975386883,-6529.123987432781,-1512.2213002865437,-4112.337591889343,3.596077085187062,-4.683779221740224,-3.9807595637412305,-0.2060655069526547,0.11106871106039762,0.10976845244022115,-0.00021939739508525236,-3.425191130190797e-05,8.337974577443674e-07,0.0923310027929159,-0.23842212683738714,0.03844788994190966,0.00018832588360873778,-8.86443729771034e-05,7.7360470000595e-05
AJISAI,2025-01-01 12:58:11.181216,-5223.956577677099,-2844.820084418754,-5140.975345087826,5.049810067280305,-4.144903060049273,-2.8339172708547267,-5224.22606794416,-2844.7286426383694,-5140.87654438613,5.049599700206272,-4.144988845161606,-2.8339794276043904,-0.26949026706097357,0.09144178038468453,0.09880070169583632,-0.00021036707403254695,-8.57851123328146e-05,-6.215674966369988e-05,0.08137004630927469,-0.28361462863499504,0.06074405225176949,0.00021146278419736236,-7.443580047829544e-05,7.224718243903849e-05
AJISAI,2025-01-01 13:03:11.181216,-3536.1904345974276,-3968.85491539904,-5791.990935046169,6.1327104056117605,-3.3026443317321537,-1.4795372869739367,-3536.513703670864,-3968.7987859528675,-5791.920592436964,6.132547140310635,-3.302778754859446,-1.4796528557308193,-0.32326907343622224,0.056129446172235475,0.07034260920499946,-0.00016326530112564797,-0.00013442312729239347,-0.00011556875688256696,0.06524783340895313,-0.31904705846620957,0.08095175079749285,0.0002264466197522317,-5.421429610670515e-05,6.216117574933788e-05
AJISAI,2025-01-01 13:08:11.181216,-1589.3956052695125,-4802.1807831310925,-6017.850934564999,6.766130685464304,-2.21874707943698,-0.016966105947176402,-1589.7533649107786,-4802.17163281077,-6017.822020100361,6.766041112057337,-2.21891135010992,-0.017121214538747154,-0.35775964126605686,0.009150320322987682,0.02891446463763714,-8.957340696724714e-05,-0.0001642706729398924,-0.00015510859157075174,0.04460745690002314,-0.3428700604465161,0.09675759393674042,0.00023718992151835366,-3.357069772417844e-05,4.099846079228485e-05
AJISAI,2025-01-01 13:13:11.181216,473.80304891668084,-5283.815869061089,-5802.052082560093,6.903990473690442,-0.9723988399900918,1.4467876709441043,473.436342510019,-5283.8587651939,-5802.0727341993415,6.9039948900243076,-0.9725706088893276,1.446613756719671,-0.36670640666181953,-0.042896132810710697,-0.020651639248171705,4.416333865719935e-06,-0.000171768899235758,-0.000173914224433247,0.021971022644819996,-0.35389195752320324,0.10496625012312605,0.00024406127508971458,-7.661828571953114e-06,1.20667557451028e-05
AJISAI,2025-01-01 13:18:11.181216,2502.296464051072,-5378.45076265134,-5160.394883084181,6.53614083903085,0.34544930997890333,2.8046470190538457,2501.9490567930993,-5378.543098836273,-5160.465262574799,6.53623884604167,0.3452976799871976,2.8044850367741674,-0.3474072579724634,-0.09233618493362883,-0.07037949061850668,9.800701081985608e-05,-0.00015162999170570401,-0.000161982279678341,-0.0012088224476102596,-0.3510797249435032,0.10446344873518112,0.00024122985469111747,1.8699827428763654e-05,-1.713946160602341e-05
AJISAI,2025-01-01 13:23:11.181216,4347.451747521749,-5079.032303425887,-4139.860929723295,5.689177201351413,1.6384875471630949,3.9570603716429105,4347.148261302018,-5079.163898392091,-4139.973671361677,5.689349386502727,1.638379254434767,3.9569323614650784,-0.3034862197309849,-0.1315949662039202,-0.11274163838152162,0.00017218515131389722,-0.0001082927283277968,-0.0001280101778320386,-0.023434963069963496,-0.33537642044482374,0.09542146947773651,0.00023253291276124926,4.1388415938317186e-05,-4.4464485594054956e-05
AJISAI,2025-01-01 13:28:11.181216,5873.953579123028,-4407.347694464877,-2815.257724530356,4.424809143060884,2.8119235420999757,4.8192246449089,5873.710582598564,-4407.502627330048,-2815.400529440952,4.425020297045194,2.8118737996301206,4.819141987722105,-0.2429965244646155,-0.15493286517084925,-0.14280491059616907,0.00021115398430993082,-4.974246985511854e-05,-8.265718679467682e-05,-0.04354572679356924,-0.30878611854190463,0.0787378484348889,0.00021516897194111262,5.5505405033770003e-05,-6.718625195602004e-05
AJISAI,2025-01-01 13:33:11.181216,6969.776308764116,-3412.5200775457747,-1283.8085809562353,2.8356832213485177,3.779456165374995,5.327471525749843,6969.599859132046,-3412.6813641993554,-1283.96873722203,2.835902896415064,3.779457551186624,5.3274285370901,-0.17644963207021647,-0.1612866535806461,-0.16015626579473974,0.00021967506654618774,1.3858116290066391e-06,-4.298865974305954e-05,-0.06023657953054223,-0.2756602287996125,0.05639928633306797,0.00020106545806824997,5.595516072359372e-05,-8.092454363571812e-05
AJISAI,2025-01-01 13:38:11.181216,7554.524614303861,-2167.4604384918707,341.9774548097842,1.0387167784674602,4.469826551739516,5.444245567404494,7554.4145191622865,-2167.6147336194117,341.811396630285,1.038928634392505,4.469865995766668,5.44424244706272,-0.11009514157467493,-0.1542951275409905,-0.16605817949920265,0.00021185592504480155,3.944402715205797e-05,-3.1203417734104733e-06,-0.07043269256259473,-0.2398658282789655,0.03173114876988388,0.00019244431627292474,5.32105988096655e-05,-8.11314864643012e-05
AJISAI,2025-01-01 13:43:11.181216,7585.443482281629,-763.4951434433132,1942.6451884769363,-0.8336766564416394,4.8323213646325485,5.161104060232674,7585.394353927978,-763.6330487443927,1942.4850860525435,-0.8334909766945202,4.832383629536594,5.161140920137541,-0.04912835365121282,-0.13790530107951326,-0.16010242439278954,0.00018567974711913848,6.226490404515062e-05,3.685990486701485e-05,-0.07351775983419105,-0.20390286269448685,0.009111260544742955,0.00018208464161063493,4.7199761561521995e-05,-6.58020147932152e-05
AJISAI,2025-01-01 13:48:11.181216,7060.569266386597,696.4245082305956,3400.682977511532,-2.643719173912359,4.840635750267552,4.4993442621339454,7060.571681824517,696.3075300583629,3400.539512962177,-2.6435668623535094,4.84070596285278,4.499415303981095,0.0024154379207175225,-0.11697817223273432,-0.1434645493550306,0.00015231155884976033,7.021258522854623e-05,7.10418471498997e-05,-0.0701967451812918,-0.1711279581081459,-0.007709926108047507,0.00017360707725758346,3.606630774128161e-05,-4.165772800069878e-05
AJISAI,2025-01-01 13:53:11.181216,6018.761789125112,2105.3726059572105,4609.230772776306,-4.258753347968195,4.494701836166314,3.508183160725821,6018.805673969248,2105.2779061859624,4609.112998129251,-4.258632237370875,4.49477461398692,3.508281670942779,0.04388484413630067,-0.09469977124808793,-0.11777464705573948,0.00012111059731978457,7.277782060555182e-05,9.85102169579477e-05,-0.06076581088095873,-0.14412855773585753,-0.017299386734006703,0.00016983245022842897,2.2048697925557905e-05,-1.8424021535661585e-05
AJISAI,2025-01-01 13:58:11.181216,4536.667522088256,3360.3267504115224,5479.905712259575,-5.561059145392392,3.8203906378789725,2.260764331294922,4536.744487453957,3360.2554855716057,5479.821208959343,-5.560961506321291,3.8204714242601767,2.2608885559575356,0.07696536570074386,-0.07126483991669375,-0.08450330023242714,9.763907110027503e-05,8.07863812042342e-05,0.0001242246626134147,-0.04491424690326133,-0.12526311978598498,-0.020856987379959932,0.00017732547833994712,6.5419334417177915e-06,-2.114765511869877e-06
AJISAI,2025-01-01 14:03:11.181216,2722.942137849027,4369.659448877031,5949.167358261262,-6.456200550078847,2.867283211498034,0.848512950764416,2723.0441683960685,4369.61536879609,5949.124424352539,-6.456134834290879,2.8673822223854586,0.848664589283544,0.10203054704152237,-0.04408008094105753,-0.042933908723171044,6.571578796865651e-05,9.901088742481079e-05,0.00015163851912802784,-0.02163432301191464,-0.11546772085610338,-0.01989392097413697,0.00019239476672883602,-1.6366417037882742e-06,9.87604372314293e-06
AJISAI,2025-01-01 14:08:11.181216,710.2521180779181,5059.716104375277,5982.815784999951,-6.879434977470851,1.7048763073053124,-0.6255710741470466,710.3667801461024,5059.70454024828,5982.82018914499,-6.879416007586087,1.7049914155231818,-0.6254118835067857,0.11466206818431601,-0.011564126996745472,0.004404145039188734,1.8969884763464506e-05,0.0001151082178694196,0.0001591906402609311,0.006263270869476412,-0.11402219376296599,-0.016131527346287273,0.00019679379072654849,-4.747140037432605e-06,1.4180510873678867e-05
AJISAI,2025-01-01 14:13:11.181216,-1354.3308875521557,5380.068649658252,5578.383108037206,-6.800005914437179,0.4176068320439299,-2.0541763127775994,-1354.2164361184318,5380.092372790069,5578.434182038921,-6.800021662109202,0.4177290031921075,-2.0540239349547846,0.11445143372384337,0.023723131816950627,0.05107400171527843,-1.5747672023280757e-05,0.00012217114817758556,0.0001523778228147421,0.032734286208865794,-0.12272284431575535,-0.011749098063550442,0.0001942976435176277,-2.1759952112277355e-05,1.2950278549574915e-05
AJISAI,2025-01-01 14:18:11.181216,-3319.899179394538,5307.138946571219,4765.310527329287,-6.223266633405274,-0.9009965956865926,-3.3331274478950945,-3319.793881469905,5307.200997818319,4765.4074264394185,-6.223313454368963,-0.9008558438845284,-3.332972759405493,0.10529792463285048,0.06205124709958909,0.09689911013174424,-4.682096368924249e-05,0.00014075180206418736,0.00015468848960153991,0.05611659162512673,-0.14530861879538853,-0.007986312733598712,0.00020840093210980533,-4.930716237457064e-05,8.346045449391163e-06
AJISAI,2025-01-01 14:23:11.181216,-5042.581063800677,4845.967038194609,3602.9015691519876,-5.190555725427657,-2.15479413922003,-4.368712038667127,-5042.497198617311,4846.074327276299,3603.044512437517,-5.190655734008942,-2.154627855667968,-4.368561972032239,0.08386518336556037,0.10728908169039642,0.1429432855293271,-0.00010000858128478285,0.000166283552061941,0.00015006663488748018,0.07779610072980661,-0.18134708275838432,-0.006172616551175666,0.00023525460107522947,-6.947643656777809e-05,-4.778683518414436e-07
AJISAI,2025-01-01 14:28:11.181216,-6396.020358283959,4029.9726266506163,2176.1388258530164,-3.7766773446737716,-3.2518805568711286,-5.084526324963917,-6395.976002933073,4030.13094927367,2176.322784120873,-3.7768424774685627,-3.251702842132545,-5.084403551586547,0.044355350885780354,0.15832262305366385,0.18395826785672398,-0.00016513279479113407,0.0001777147385837452,0.00012277337737032212,0.09593026308138705,-0.22719051439322027,-0.007479921825746014,0.00025926298362265133,-8.118851282073448e-05,-1.0761093130972891e-05
AJISAI,2025-01-01 14:33:11.181216,-7280.724971786012,2918.6555405537893,589.5789649138508,-2.08487583599981,-4.111399661514042,-5.427346208622794,-7280.739157497214,2918.8653984318726,589.7923477531257,-2.0851026200116394,-4.111230586538568,-5.427269895216909,-0.01418571120211709,0.20985787808331224,0.21338283927491375,-0.0002267840118292952,0.00016907497547435923,7.631340588432067e-05,0.10698999597098183,-0.2796104542786982,-0.012038858465537011,0.000278362064402128,-8.928476067976055e-05,-1.9592444534912046e-05
AJISAI,2025-01-01 14:38:11.181216,-7631.541756747541,1593.3247331880066,-1040.293302337876,-0.23941642277532083,-4.669768799599979,-5.371429261489084,-7631.631293146504,1593.5805613116675,-1040.066807068577,-0.23969434601440298,-4.66962817909689,-5.371411816843647,-0.08953639896299137,0.25582812366087637,0.22649526929899366,-0.0002779232390821562,0.00014062050308893959,1.744464543662616e-05,0.10874445172010574,-0.3355276285735813,-0.018993611921136633,0.0002958462947045393,-9.588801202231667e-05,-2.4499539287838077e-05
AJISAI,2025-01-01 14:43:11.181216,-7422.601279110899,151.12860946082859,-2593.6955259384044,1.6237503872152956,-4.885672432215131,-4.920697992979967,-7422.779624375606,151.41878899660918,-2593.4752866777044,1.623433382082112,-4.88558073597892,-4.920749506973607,-0.17834526470687706,0.2901795357805952,0.22023926070005473,-0.0003170051331835566,9.169623621119172e-05,-5.151399363967357e-05,0.10127032410553852,-0.3918520429590754,-0.026698806476555703,0.00031795771636833076,-9.942992594077539e-05,-2.388987588874201e-05
AJISAI,2025-01-01 14:48:11.181216,-6669.27639519952,-1302.1555698848233,-3956.470582915102,3.367397650845305,-4.743262969237094,-4.1084816100824355,-6669.551713831786,-1301.8497244014345,-3956.2790573424077,3.367066234401136,-4.743244959194271,-4.108611378781006,-0.27531863226613495,0.3058454833887936,0.19152557269444515,-0.0003314164441690082,1.801004282242502e-05,-0.0001297686985708424,0.08649914167004878,-0.4443368986081105,-0.033263688968992566,0.0003434114046199443,-9.367602239015413e-05,-1.716234957636289e-05
AJISAI,2025-01-01 14:53:11.181216,-5426.986939086049,-2659.979502591118,-5028.564680203877,4.8634609907539925,-4.253246313181535,-2.9948400348202995,-5427.356929458304,-2659.6835150032703,-5028.425374057394,4.863156494188843,-4.253320119886212,-2.9950448697582033,-0.3699903722554154,0.295987587847776,0.1393061464832499,-0.00030449656514974777,-7.380670467682648e-05,-0.00020483493790379725,0.06615225187848996,-0.48802673713814976,-0.03689869346406019,0.0003661634215897599,-7.759572537391721e-05,-5.117784938303251e-06
AJISAI,2025-01-01 14:58:11.181216,-3786.9942807069847,-3822.88497865636,-5731.381583507668,6.002517124518363,-3.4518423244021506,-1.6618295837988626,-3787.4427527365106,-3822.6273583285215,-5731.314251525245,6.002286574431309,-3.452010180563775,-1.6620900829493621,-0.44847202952587395,0.2576203278385947,0.06733198242363869,-0.00023055008705341606,-0.00016785616162451333,-0.0002604991504995269,0.04167135102750636,-0.5186235337347304,-0.036360957081214694,0.00038259548211250216,-5.2104581009606936e-05,9.728861780443175e-06
AJISAI,2025-01-01 15:03:11.181216,-1869.591393702819,-4705.763677690752,-6013.476602071896,6.701574488731012,-2.397874253178088,-0.20727168946723395,-1870.088779263899,-4705.570354215254,-6013.492259774409,6.701458161020355,-2.3981182994666597,-0.20755265170919301,-0.49738556107990917,0.1933234754978912,-0.015657702512726246,-0.00011632771065706038,-0.0002440462885715533,-0.0002809622419590596,0.014543277145270756,-0.5327576244544331,-0.031134111082250032,0.00038866771997188326,-1.9127814909157415e-05,2.453647871196148e-05
AJISAI,2025-01-01 15:08:11.181216,184.73739674622288,-5244.010404864474,-5854.230369500436,6.909778660363941,-1.16836992820663,1.262390229147968,184.22866882221825,-5243.898225165881,-5854.327805077269,6.909790360083434,-1.1686524465112598,1.2621287216261408,-0.5087279240046314,0.11217969859353616,-0.09743557683304971,1.1699719493662997e-05,-0.00028251830462977523,-0.00026150752182729775,-0.014226281232853133,-0.5293391804496261,-0.021902557717984925,0.00038345761932729336,1.1257965837265896e-05,3.425160207083815e-05
AJISAI,2025-01-01 15:13:11.181216,2225.5337689160197,-5398.181070508616,-5265.3054019275005,6.611876447830582,0.14695042130733782,2.6396594012239802,2225.0505970938216,-5398.15516052444,-5265.473796841915,6.61200863640579,0.14666593896799895,2.639443040518927,-0.48317182219807364,0.025909984175996215,-0.16839491441442078,0.00013218857520769234,-0.00028448233933886513,-0.00021636070505337557,-0.04178530186341936,-0.5105085636386676,-0.010871027854565923,0.0003776321879883132,3.6510152621978004e-05,3.5733945388466e-05
AJISAI,2025-01-01 15:18:11.181216,4103.276253822159,-5156.869368449238,-4289.817019801122,5.829362165002749,1.4519918414844142,3.823599434501375,4102.851513266297,-5156.924188633006,-4290.038800921226,5.829595690664064,1.451742761179048,3.8234528662314915,-0.42474055586171744,-0.054820183768242714,-0.2217811201035147,0.00023352566131507047,-0.0002490803053660784,-0.00014656826988357352,-0.06469572118519533,-0.47792349805821355,-0.000501239067121767,0.00036516699201687164,6.148911152147774e-05,3.0490127192472904e-05
AJISAI,2025-01-01 15:23:11.181216,5680.274831637557,-4537.602558927565,-2999.2584132899897,4.619199086436311,2.6511244150542552,4.727129080422856,5679.932653636516,-4537.722572252815,-2999.5101635156857,4.619495287004611,2.650939144423319,4.727066802598074,-0.3421780010412476,-0.12001332524960162,-0.25175022569601424,0.0002962005683002644,-0.00018527063093642937,-6.227782478163135e-05,-0.08189019898902784,-0.43370552529255,0.007789185598987974,0.0003445813929424722,8.162888488257375e-05,2.3214211146771147e-05
AJISAI,2025-01-01 15:28:11.181216,6840.80353815014,-3585.6501253747697,-1488.3396461359612,3.070002271800149,3.6561876497157755,5.283547292558296,6840.555416914851,-3585.81396934322,-1488.5958161573806,3.070315142704203,3.656077830043614,5.283569676795196,-0.24812123528954544,-0.1638439684502373,-0.2561700214193934,0.00031287090405385243,-0.0001098196721613931,2.2384236899597454e-05,-0.0926296479985318,-0.3811179365457137,0.014175331669849911,0.0003179323038321874,9.495018049967404e-05,1.879176579582331e-05
AJISAI,2025-01-01 15:33:11.181216,7499.707059976985,-2370.7670894082353,131.9464342263405,1.2957074382920837,4.393157962224905,5.451726723076149,7499.551034990069,-2370.9526177784833,131.70912469832075,1.2959945481698014,4.393117301015991,5.451819111629334,-0.15602498691623623,-0.18552837024799373,-0.23730952801975036,0.00028710987771773944,-4.066120891366154e-05,9.238855318471906e-05,-0.0968154377031718,-0.3245184077708797,0.01987357135095144,0.0002875226535000159,9.77848515459112e-05,1.9746065062063745e-05
AJISAI,2025-01-01 15:38:11.181216,7608.767245563445,-982.0641825541737,1742.5430538950416,-0.5729436135225114,4.807859777328417,5.219395958236419,7608.691020212594,-982.2530657962676,1742.3421890952402,-0.5727084079835549,4.807870597302326,5.219537340875604,-0.07622535085101845,-0.18888324209387974,-0.20086479980136573,0.00023520553895650664,1.081997390883771e-05,0.0001413826391853945,-0.09463247031868885,-0.2686568465281935,0.026496139915239414,0.00025744109289099423,9.196493279765951e-05,2.634962771745713e-05
AJISAI,2025-01-01 15:43:11.181216,7160.271328437942,478.6142222655794,3225.1894132861803,-2.3983967100211885,4.870110641963549,4.604083598925627,7160.257183037679,478.4349626591169,3225.0359180483147,-2.398224425603985,4.870155726594078,4.604251379459129,-0.014145400263259944,-0.1792596064624945,-0.15349523786562713,0.00017228441720362753,4.508463052843581e-05,0.0001677805335020821,-0.08670055635830462,-0.21715206674119014,0.03496970606556242,0.0002283144583281171,8.12909041823351e-05,3.3602808794494493e-05
AJISAI,2025-01-01 15:48:11.181216,6187.481106107024,1904.2633073088111,4471.193430010667,-4.046776293023868,4.575868399684623,3.6516036390457884,6187.509902036822,1904.1010497884479,4471.091499020685,-4.046665194509842,4.5759274601064135,3.6517756561997885,0.028795929797524877,-0.16225752036325503,-0.10193098998206551,0.00011109851402579807,5.906042179049109e-05,0.00017201715400005924,-0.07455170218580845,-0.17299834174254575,0.045390006186251206,0.0001994208045660181,6.305714375826856e-05,4.0939636519909855e-05
AJISAI,2025-01-01 15:53:11.181216,4762.010852400827,3190.614179726288,5389.406635123883,-5.397840512771836,3.947243142046773,2.432315172016388,4762.066706693314,3190.4703184199484,5389.355256751375,-5.3977688852528445,3.947301377586882,2.432480165427478,0.05585429248640139,-0.14386130633965877,-0.05137837250731536,7.162751899159048e-05,5.8235540109308204e-05,0.00016499341109010857,-0.0597276729398017,-0.13973688440138726,0.05798036594744378,0.0001799883750147764,3.4373298399289196e-05,4.655498392821861e-05
AJISAI,2025-01-01 15:58:11.181216,2988.4080295729127,4243.730540877417,5912.803609353227,-6.353559123571358,3.0305342315796224,1.035655334868352,2988.482370839751,4243.605108640401,5912.8016037156,-6.353506590553479,3.030598389186707,1.0358217537659584,0.07434126683847353,-0.12543223701595707,-0.0020056376270076726,5.253301787888631e-05,6.415760708478047e-05,0.00016641889760649065,-0.04092638803699121,-0.120103858693363,0.07186088302739913,0.00017962754937946718,4.648272008514498e-06,4.778601328976939e-05
AJISAI,2025-01-01 16:03:11.181216,996.4354711474501,4986.762926976116,6003.236372632969,-6.844801893675935,1.8926425697145532,-0.4364630409863821,996.52254367667,4986.659759171677,6003.285684299741,-6.844771303854941,1.8927287953465566,-0.43628692494621646,0.08707252921988129,-0.10316780443918105,0.04931166677215515,3.058982099446439e-05,8.622563200333389e-05,0.00017611604016565252,-0.016737150219070157,-0.11423420960154472,0.08559950266590854,0.0001929087417654584,-1.7286659862349464e-05,4.3299481610621995e-05
AJISAI,2025-01-01 16:08:11.181216,-1068.340401310276,5365.4320544235525,5654.104537172368,-6.835927068380215,0.6162465243223778,-1.8768670269355425,-1068.2502070775365,5365.359088337535,5654.207194506735,-6.835938972005124,0.6163626935749562,-1.8766916781660257,0.09019423273957727,-0.07296608601791377,0.1026573343669952,-1.1903624908882193e-05,0.00011616925257840194,0.00017534876951685874,0.011767672823205282,-0.12004501754875299,0.09720233158539596,0.00020685711375115467,-2.4745501273787596e-05,3.1336514785840216e-05
AJISAI,2025-01-01 16:13:11.181216,-3055.014895907516,5351.92057086648,4890.818784102128,-6.327210257382831,-0.7059386609362264,-3.1805648763647696,-3054.9353941589193,5351.885233566468,4890.970493236796,-6.327266404249258,-0.7058007821333376,-3.1804167016125575,0.07950174859661274,-0.03533730001254298,0.15170913466772618,-5.614686642729794e-05,0.00013787880288873566,0.00014817475221207133,0.03940052580478568,-0.13497467934984442,0.10399206144912632,0.0002077100282605856,-2.996534939923119e-05,8.79852738321073e-06
AJISAI,2025-01-01 16:18:11.181216,-4818.207206514757,4946.93619565159,3769.036736723174,-5.355042636713733,-1.9775726503694386,-4.252105688388383,-4818.149636026367,4946.944893671832,3769.226999475678,-5.355132223965484,-1.977409235802952,-4.251997243567985,0.057570488389501406,0.008698020241354243,0.19026275250416802,-8.958725175034488e-05,0.00016341456648660824,0.00010844482039829018,0.06136222811615498,-0.15937511964251003,0.10209887305716744,0.00020957679343618579,-4.27553691485273e-05,-2.7203333424098475e-05
AJISAI,2025-01-01 16:23:11.181216,-6228.630259396497,4179.781699733731,2370.7450567128953,-3.989756231721003,-3.10551668199696,-5.0125107651729195,-6228.60478625044,4179.84261328274,2370.960229816436,-3.9898826727940104,-3.1053265333957825,-5.012452628128358,0.025473146057265694,0.0609135490085464,0.21517310354056463,-0.00012644107300729956,0.00019014860117749777,5.81370445615903e-05,0.07704042716296311,-0.19232030112305518,0.08795726501338863,0.0002186604821012017,-5.296566291919364e-05,-7.004272654710906e-05
AJISAI,2025-01-01 16:28:11.181216,-7182.63486574697,3106.3595691384216,798.3838878447707,-2.3309500766754354,-4.006699752753775,-5.405301040064842,-7182.652477125555,3106.4785787126343,798.6067285652562,-2.3311124555075367,-4.0064993029723155,-5.405303840418014,-0.017611378585570492,0.11900957421266867,0.22284072048546477,-0.00016237883210123982,0.00020044978145961068,-2.8003531724607456e-06,0.08569511594044282,-0.23032796114063891,0.06112939994140637,0.0002271415422625508,-5.7431000934159217e-05,-0.00010799649017421483
AJISAI,2025-01-01 16:33:11.181216,-7609.981703520179,1805.1765750040681,-832.6284660916284,-0.5003879939649778,-4.614484305640872,-5.401033361106897,-7610.0516514165965,1805.3536179432201,-832.4173403840641,-0.5005761084139522,-4.614294941043909,-5.401101049371164,-0.06994789641794341,0.17704293915198832,0.2111257075642925,-0.00018811444897437468,0.00018936459696305974,-6.768826426650776e-05,0.08596013855956788,-0.2698868660332018,0.024143509127498602,0.000232633370039283,-5.804507197794968e-05,-0.00013542592949124601
AJISAI,2025-01-01 16:38:11.181216,-7479.166452559104,371.593469856503,-2402.43542225478,1.3671078828338068,-4.883891491420229,-4.999779993518132,-7479.293598423767,371.82209112859965,-2402.2551248038576,1.3669121365473984,-4.883732628875066,-4.999906388269665,-0.12714586466336186,0.22862127209663186,0.18029745092235316,-0.00019574628640839364,0.00015886254516317422,-0.00012639475153264357,0.07664304102513983,-0.3077279689282826,-0.019242379449203345,0.00023227741513897243,-5.76686036210846e-05,-0.0001491679747336835
AJISAI,2025-01-01 16:43:11.181216,-6799.80853857807,-1089.246685379451,-3795.6683330784504,3.1339683676633285,-4.795100829733428,-4.231190616306776,-6799.993155026879,-1088.978282819145,-3795.534625503442,3.133774969123806,-4.794988690162654,-4.231362380100563,-0.18461644880972017,0.2684025603059581,0.13370757500842956,-0.00019339853952260455,0.00011213957077416126,-0.0001717637937872496,0.0579263496811563,-0.34137401127849276,-0.06410308573530799,0.00023462054715510635,-5.8448681043931475e-05,-0.00014497596289020346
AJISAI,2025-01-01 16:48:11.181216,-5621.893359275546,-2470.232048717399,-4910.021390965987,4.670364302705821,-4.35486004555014,-3.1521136229112017,-5622.1323860440225,-2469.9414103324893,-4909.946635953036,4.670186965187895,-4.354815782219248,-3.1523214138560434,-0.23902676847683324,0.2906383849094709,0.07475501295084541,-0.00017733751792547991,4.4263330892135855e-05,-0.00020779094484169036,0.03291523478378025,-0.3675700061790226,-0.10488878238032145,0.00024266252591902387,-5.1302005445288254e-05,-0.00012275144494355131
AJISAI,2025-01-01 16:53:11.181216,-4031.970272823946,-3670.1943184732827,-5663.783573185633,5.8638587008163086,-3.595750952330036,-1.8420982645247932,-4032.253938989798,-3669.904446553751,-5663.7762557687565,5.86372507419037,-3.5957881081508276,-1.8423260861472954,-0.2836661658520825,0.28987191953183356,0.007317416876503557,-0.00013362662593863206,-3.715582079166779e-05,-0.00022782162250223337,0.004884853184516283,-0.3818544305193614,-0.13678121243115032,0.00025000856083015404,-3.228450200531873e-05,-8.713640054477522e-05
AJISAI,2025-01-01 16:58:11.181216,-2146.6802710512693,-4601.304403958797,-6001.769877913595,6.627454580790527,-2.5735344942231677,-0.3973228561626456,-2146.9899658065815,-4601.03922308089,-6001.831298510124,6.6273933177963045,-2.573647253344461,-0.397542307605363,-0.3096947553121936,0.2651808779064595,-0.0614205965284782,-6.126299422248849e-05,-0.00011275912129349308,-0.00021945144271739991,-0.02375279596223938,-0.38065720674254466,-0.15665287993514204,0.0002502671570586871,-4.017963272597854e-06,-4.4462519897505576e-05
AJISAI,2025-01-01 17:03:11.181216,-104.16896896543953,-5195.42923344111,-5899.269124797098,6.905599363533469,-1.362947631650968,1.07646027221017,-104.47995454973274,-5195.207684888226,-5899.390631681899,6.905624688825299,-1.3631120665440903,1.0762832936006816,-0.31098558429320633,0.22154855288408726,-0.1215068848014198,2.5325291829858543e-05,-0.00016443489312223392,-0.00017697860948828747,-0.05111467182556287,-0.3623578003086422,-0.1632293872346915,0.00024113626182901081,2.923071188009891e-05,-7.081051539993392e-07
AJISAI,2025-01-01 17:08:11.181216,1945.97016125424,-5409.043587376944,-5363.792115258324,6.677965626011655,-0.052332427627334255,2.471461255619033,1945.6826210739207,-5408.875215694041,-5363.954995811216,6.678066256957663,-0.05251349785430648,2.4713590041365023,-0.28754018031941087,0.16837168290294358,-0.1628805528916928,0.00010063094600809563,-0.0001810702269722242,-0.00010225148253084626,-0.0758838391257757,-0.3273973312126283,-0.1568792015736126,0.00021923742571871495,6.0128998375941887e-05,4.108326652726059e-05
AJISAI,2025-01-01 17:13:11.181216,3853.5430139301266,-5226.395864193914,-4434.5368025040625,5.960928245780906,1.2625871157069923,3.6854802892203224,3853.295399937076,-5226.2808386198285,-4434.715470700082,5.961067678284508,1.2624141728247196,3.685466553501101,-0.24761399305043597,0.11502557408584835,-0.17866819601931638,0.00013943250360171078,-0.0001729428822727641,-1.3735719221585896e-05,-0.09704043797120472,-0.27929896670779075,-0.1379896268248971,0.00019102733207277772,7.88472446041552e-05,8.26498880306302e-05
AJISAI,2025-01-01 17:18:11.181216,5478.687746131716,-4660.714163970647,-3179.596237856376,4.806635114816345,2.485499534961491,4.629266632577128,5478.485782311759,-4660.647634566249,-3179.7652634760684,4.80678191183415,2.4853483820825204,4.629331343351623,-0.20196381995720003,0.0665294043983522,-0.16902561969254748,0.00014679701780551113,-0.00015115287897060625,6.471077449532459e-05,-0.11178765647844868,-0.22291688343008714,-0.10768838969279271,0.00016568185821777318,8.830346588371846e-05,0.00011548186595265825
AJISAI,2025-01-01 17:23:11.181216,6702.152617820391,-3753.3296746579736,-1691.0518758188848,3.29955043411519,3.5265296016168577,5.233172987656189,6701.994459650195,-3753.303127985688,-1691.1904746265946,3.299681732440149,3.526412696375246,5.233298920698189,-0.158158170196657,0.026546672285348905,-0.13859880770974087,0.00013129832495906157,-0.00011690524161167559,0.00012593304199981503,-0.11763544397892195,-0.16193111529761076,-0.0697751985041674,0.000140589525851078,9.541824537542217e-05,0.0001337727939123331
AJISAI,2025-01-01 17:28:11.181216,7434.154210968647,-2570.7167843368084,-78.24363162424011,1.550465007279854,4.309008994451688,5.452554608505238,7434.031386425851,-2570.718752738194,-78.33643647313268,1.5505566044912484,4.308932554253261,5.45272220252977,-0.12282454279556987,-0.0019684013855112426,-0.09280484889256968,9.15972113944008e-05,-7.6440198427008e-05,0.0001675940245320362,-0.1145081544423799,-0.09895518093717912,-0.02825309941967711,0.00010987656380887428,0.00010197814453049406,0.00014088473619703343
AJISAI,2025-01-01 17:33:11.181216,7621.08914914973,-1199.6152158223222,1540.3174698347618,-0.3117448099619651,4.775382782889437,5.271326727292262,7620.985991532909,-1199.6340982685986,1540.2785343970024,-0.3117145674459607,4.775339670095491,5.271506720448315,-0.10315761682068114,-0.01888244627639324,-0.03893543775939179,3.0242516004364006e-05,-4.3112793946420425e-05,0.0001799931560526602,-0.10467458135149056,-0.036947865444890135,0.013859879399738793,7.111133528362308e-05,0.00010300594819314091,0.00013965604760607438
AJISAI,2025-01-01 17:38:11.181216,7249.513097051205,259.41113249607025,3045.7672132186726,-2.149953903358437,4.891628299199226,4.703223560944025,7249.410280691139,259.38247773154467,3045.7805718744053,-2.149985769596242,4.891597132899051,4.703384513149103,-0.10281636006584449,-0.028654764525583687,0.013358655732645275,-3.186623780493392e-05,-3.116630017530042e-05,0.00016095220507850172,-0.09051207718803685,0.020201343843523872,0.05449974954265339,3.191859551713281e-05,9.454740593303269e-05,0.00013391937495985264
AJISAI,2025-01-01 17:43:11.181216,6347.0465583979985,1699.4561240615742,4327.713794006565,-3.8292655805989853,4.649718870545939,3.790593410144538,6346.927642581503,1699.4180793303362,4327.7699491780595,-3.8293417011482234,4.649679139968839,3.7907140941260877,-0.11891581649524596,-0.03804473123796015,0.05615517149453808,-7.612054923811229e-05,-3.973057710027206e-05,0.00012068398154951865,-0.07326014306529494,0.06903797869463281,0.09278192285727085,-3.6065120266963842e-06,7.927697769576441e-05,0.00012505852251687473
AJISAI,2025-01-01 17:48:11.181216,4980.172618982078,3015.172190417355,5292.352132953256,-5.227088371670106,4.067949853134905,2.6009197857292747,4980.028071144307,3015.119887354385,5292.436619155429,-5.227180411005065,4.067888335527186,2.6009864369170828,-0.14454783777091507,-0.05230306297016796,0.08448620217313874,-9.203933495882666e-05,-6.151760771899717e-05,6.665118780802004e-05,-0.0547096844760739,0.10715940335386497,0.12763745083368253,-3.70009624045755e-05,5.6802094733580826e-05,0.00011001130346634374
AJISAI,2025-01-01 17:53:11.181216,3249.184982001203,4110.46034119837,5869.250491473721,-6.241934782391581,3.189249519842633,1.2215422936178584,3249.015593855202,4110.386526001903,5869.34662895691,-6.242002120920915,3.189166029410444,1.2215556661294613,-0.1693881460009834,-0.07381519646696688,0.09613748318861326,-6.733852933393791e-05,-8.349043218913721e-05,1.3372511602938175e-05,-0.03680004986785136,0.1320170024289873,0.1568461357775087,-6.145263965463602e-05,2.3944345958246398e-05,8.563991617619974e-05
AJISAI,2025-01-01 17:58:11.181216,1280.7621226696294,4905.391324247866,6016.357000346718,-6.80038391967264,2.0778068305398847,-0.2468325419777102,1280.580307630737,4905.291566167551,6016.452241080054,-6.800396091206949,2.0777210158794333,-0.2468463844325015,-0.18181503889240958,-0.0997580803150413,0.0952407333352312,-1.2171534308436094e-05,-8.581466045143316e-05,-1.3842454791301861e-05,-0.01896527731699471,0.14133774868904947,0.17816604416561488,-6.607120394356092e-05,-1.2949702476584883e-05,5.631000768674918e-05
AJISAI,2025-01-01 18:03:11.181216,-781.2383265841537,5341.911866948152,5722.946505768737,-6.861963906149526,0.8144065130054514,-1.697293065230042,-781.4155416938682,5341.789794651477,5723.037218665114,-6.861922811440536,0.8143503531200622,-1.6973055645667046,-0.17721510971455245,-0.12207229667546926,0.09071289637722657,4.10947089903857e-05,-5.6159885389206465e-05,-1.2499336662585847e-05,0.0006981631041786673,0.13529034799329673,0.1903462755192303,-5.13042221512794e-05,-4.3078614316559566e-05,2.260643777677581e-05
AJISAI,2025-01-01 18:08:11.181216,-2786.1282705009926,5388.0000462236,5010.370144082963,-6.4218839861514425,-0.5091973400903953,-3.0241526506115406,-2786.2889362308288,5387.868143568115,5010.458937313582,-6.42182014424634,-0.5092011413653381,-3.024153332307833,-0.16066572983618244,-0.1319026554856464,0.08879323061955802,6.384190510289045e-05,-3.801274942816235e-06,-6.816962923039682e-07,0.023111761843496954,0.11668945939542075,0.19221197049692365,-2.564597202297971e-05,-5.7049997114400794e-05,-1.3352347974633414e-05
AJISAI,2025-01-01 18:13:11.181216,-4587.22781306785,5040.020472896468,3930.5749846658705,-5.511552262988516,-1.796617745574622,-4.13033679968521,-4587.369952705691,5039.894031434609,3930.6637081158688,-5.511495257322167,-1.7965741082007298,-4.130339589879441,-0.1421396378409554,-0.12644146185903082,0.08872344999826964,5.700566634914139e-05,4.363737389212474e-05,-2.7901942303287797e-06,0.04620327889480615,0.09049832756783613,0.18367983076264946,-6.6772603662416975e-06,-5.3536845277687204e-05,-4.744335540060464e-05
EXPLORER 27 (BEACON-C),2025-01-01 02:11:37.391136,-5100.32201436614,5351.042647390811,12.208619654716824,-3.9055302610604485,-3.9521491794048416,4.879019716073223,-5100.234452504864,5351.028020604089,11.757171694534957,-3.905873086419888,-3.951906999925086,4.879199091459853,0.08756186127629917,-0.01462678672214679,-0.4514479601818664,-0.0003428253594393027,0.00024217947975557763,0.00017937538662948782,-0.07174614011918162,-0.33791818950568714,-0.3038915460679194,0.00041213082944792183,0.00017884314193152663,8.074011902688397e-05
EXPLORER 27 (BEACON-C),2025-01-01 02:16:37.391136,-6028.135861297572,3945.484057644431,1453.4985796799367,-2.2287184563519986,-5.351973573836403,4.6570753150324435,-6028.124059130155,3945.5437029268724,1453.1531347121208,-2.2289583208703334,-5.351841312376564,4.6573609102933915,0.011802167417044984,0.059645282441579184,-0.3454449678158653,-0.00023986451833479805,0.00013226145983935567,0.0002855952609479573,-0.0459773658212393,-0.2636062001910971,-0.22677506413962523,0.0003242155929924966,0.00016098905130899758,0.0001598734143311724
EXPLORER 27 (BEACON-C),2025-01-01 02:21:37.391136,-6414.904229370803,2186.2572457036845,2763.74576670146,-0.326319438225255,-6.2888473097864335,4.010420386838632,-6414.938234447493,2186.364489037732,2763.534388150512,-0.32644807530414255,-6.288786734576661,4.0107087368146495,-0.03400507669084618,0.10724333404732533,-0.21137855094821134,-0.00012863707888755016,6.057520977265085e-05,0.0002883499760173436,-0.017979808399057176,-0.2025940087895075,-0.1263754874642716,0.00023972306896802897,0.00011200429250381195,0.0001826210596787655
EXPLORER 27 (BEACON-C),2025-01-01 02:26:37.391136,-6219.274054716509,228.81483030478745,3822.3328568256225,1.6223782686229242,-6.661070371023214,2.992007084352281,-6219.331601223032,228.942011308188,3822.2484611144705,1.6223009367486156,-6.661038031757528,2.992220161987916,-0.05754650652215787,0.12718100340055116,-0.08439571115195577,-7.733187430858379e-05,3.233926568668721e-05,0.0002130776356352726,0.008818975350014857,-0.15946375838682803,-0.03320812452764066,0.00017837902181964334,4.023882037108619e-05,0.00013780380113393605
EXPLORER 27 (BEACON-C),2025-01-01 02:31:37.391136,-5455.922621173929,-1749.4288151209205,4531.152206479866,3.427272046177677,-6.42605740951285,1.697596351982611,-5455.997167715827,-1749.305625822091,4531.158848945126,3.427151955960653,-6.426040282609847,1.697717785496934,-0.07454654189859866,0.1231892988294021,0.006642465259574237,-0.00012009021702397149,1.7126903003372718e-05,0.00012143351432314375,0.03029647661436582,-0.13864734108118562,0.025218067247837983,0.00016091984126116455,-4.288199489095228e-05,4.1557534032646957e-05
EXPLORER 27 (BEACON-C),2025-01-01 02:36:37.391136,-4195.001015666124,-3568.267154313381,4825.881160952484,4.912833190100173,-5.608000915946832,0.25415022295692324,-4195.108145808514,-3568.1706897175586,4825.9320165893305,4.9126145447862655,-5.608058777096176,0.25421308066597703,-0.10713014238990581,0.0964645958224537,0.05085563684679073,-0.00021864531390747288,-5.786114934380748e-05,6.28577090537874e-05,0.047882638686366524,-0.14189691078522212,0.030677370760954864,0.00019488098985449837,-0.0001006005261526229,-8.370012793132797e-05
EXPLORER 27 (BEACON-C),2025-01-01 02:41:37.391136,-2554.1637916193213,-5064.419601975677,4682.843369712182,5.9411685955647044,-4.2938967924947065,-1.1973552023209777,-2554.3277803990254,-5064.377917804813,4682.900460095333,5.940897808838599,-4.2940883426090295,-1.197320114055401,-0.16398877970414105,0.04168417086475529,0.05709038315126236,-0.0002707867261051433,-0.00019155011432303581,3.5088265576632693e-05,0.06459157298258503,-0.16563847026938439,-0.016763880348744396,0.0002482597770814069,-0.00011591816323567947,-0.00019020553679807226
EXPLORER 27 (BEACON-C),2025-01-01 02:46:37.391136,-684.7214170429836,-6108.438777408729,4120.401378698921,6.427566158224181,-2.6193332622724483,-2.5205184210117295,-684.9521937083642,-6108.480515847151,4120.444074604752,6.42734448998192,-2.6196353156983605,-2.5205140049074544,-0.23077666538063113,-0.04173843842181668,0.04269590583135141,-0.0002216682422613303,-0.0003020534259121632,4.416104275151156e-06,0.07958121275041372,-0.20246251996476286,-0.09746109730321426,0.00027230537702806635,-9.338226684835335e-05,-0.0002398376900933986
EXPLORER 27 (BEACON-C),2025-01-01 02:51:37.391136,1245.3938797503881,-6616.3389844382045,3195.1057327272906,6.34608588628862,-0.7482721787891933,-3.5993715181552943,1245.1080488193868,-6616.477802214097,3195.128370738876,6.345947748838626,-0.7486016477505473,-3.5993987517258574,-0.2858309310013283,-0.13881777589267585,0.022638011585513595,-0.0001381374499942467,-0.00032946896135399584,-2.7233570563112153e-05,0.08518586921427154,-0.24645980202562756,-0.1829839043771845,0.0002577523923904857,-7.895764807032906e-05,-0.00023601443383910436
EXPLORER 27 (BEACON-C),2025-01-01 02:56:37.391136,3068.9103389070456,-6554.909759484053,1993.8520622326118,5.725881260128972,1.1481028529888135,-4.348865944827139,3068.592168215261,-6555.144657477569,1993.8635773223168,5.725821111983805,1.147783285407968,-4.348897275615855,-0.3181706917844167,-0.234897993515915,0.011515089704971615,-6.01481451667496e-05,-0.00031956758084561443,-3.1330788715422386e-05,0.07809096387281474,-0.29618064225163,-0.25044177422330605,0.00024611550569280126,-8.519621129939873e-05,-0.00019720958357507385
EXPLORER 27 (BEACON-C),2025-01-01 03:01:37.391136,4634.355226017447,-5941.073699324865,623.7945073311778,4.64108772461168,2.909389386622024,-4.7193227166278575,4634.037000270742,-5941.396893865045,623.8124440271578,4.641120408334245,2.909084422325577,-4.719343161904817,-0.3182257467051386,-0.32319454018033866,0.017936695979983597,3.2683722565707285e-05,-0.00030496429644699674,-2.0445276959435432e-05,0.060384100965317856,-0.34753662502106025,-0.2856853450051003,0.0002579859796509694,-9.445567339476286e-05,-0.00013787972020998357
EXPLORER 27 (BEACON-C),2025-01-01 03:06:37.391136,5817.635468813294,-4836.600221829206,-798.2821944541809,3.197805161321412,4.3986615823796456,-4.69579556191627,5817.35485208431,-4836.998417997133,-798.2427919699976,3.197949487542246,4.398381164103739,-4.695825830508852,-0.2806167289845689,-0.3981961679273809,0.03940248418325609,0.00014432622083404567,-0.00028041827590641333,-3.026859258170589e-05,0.03443099131726099,-0.395174763534537,-0.2854993968473404,0.00029182468742574793,-9.342652009073047e-05,-8.056359185166217e-05
EXPLORER 27 (BEACON-C),2025-01-01 03:11:37.391136,6529.655549610238,-3339.8532954774723,-2155.852856813596,1.5211863965232624,5.509611541542654,-4.294128015915703,6529.445960724975,-3340.30907118723,-2155.78914442941,1.5214309533703272,5.509388150513132,-4.294213645265245,-0.20958888526365627,-0.45577570975774506,0.06371238418614666,0.00024455684706481406,-0.00022339102952173562,-8.562934954170487e-05,0.0021356799098192526,-0.43419620883947324,-0.2592052419043119,0.000330637988307614,-7.34723411220536e-05,-4.821125177733893e-05
EXPLORER 27 (BEACON-C),2025-01-01 03:16:37.391136,6720.322174839304,-1576.1123484328295,-3341.093136244707,-0.2554945589363342,6.169217194213616,-3.555561938394021,6720.204020301516,-1576.6074464194683,-3341.0182227920563,-0.2551966742739751,6.169085646345138,-3.5557370692176846,-0.11815453778854135,-0.4950979866387115,0.07491345265043492,0.000297884662359138,-0.00013154786847735522,-0.00017513082366349408,-0.03442532997341015,-0.46156408852579456,-0.2246508967293765,0.00036438045764438265,-4.0117367253562246e-05,-4.825347757747744e-05
EXPLORER 27 (BEACON-C),2025-01-01 03:21:37.391136,6379.666397661902,312.4338505330813,-4261.671760787007,-1.9991405935206785,6.337607259381059,-2.5413298240000586,6379.645115935356,311.9173999066237,-4261.615036470732,-1.9988625133992173,6.337593748327777,-2.5416042719889447,-0.021281726545566926,-0.5164506264575834,0.056724316274994635,0.00027808012146124383,-1.3511053282400098e-05,-0.0002744479888860951,-0.07017858742712364,-0.474245614161685,-0.2013898528357277,0.00038281413073277165,7.462590820700961e-06,-7.893321332542706e-05
EXPLORER 27 (BEACON-C),2025-01-01 03:26:37.391136,5536.849441696365,2176.441080044301,-4846.030997704235,-3.58281290083778,6.006770276263978,-1.3280257517890277,5536.9119317192335,2175.9236423061393,-4846.03202338987,-3.582631822964686,6.00686864400177,-1.3283707855835019,0.0624900228685874,-0.5174377381617887,-0.001025685634886031,0.000181077873094182,9.836773779170471e-05,-0.0003450337944741477,-0.10102785369403627,-0.46846449542310165,-0.2048957226715123,0.0003764721884853104,5.8496343605933965e-05,-0.0001279085469138639
EXPLORER 27 (BEACON-C),2025-01-01 03:31:37.391136,4257.613643674819,3868.771381010382,-5047.427070974275,-4.890319747431022,5.199335518530006,-0.0039068117603164865,4257.728463965774,3868.2748838013235,-5047.522188533588,-4.8902763161768235,5.199507915649065,-0.004269254981409176,0.11482029095441249,-0.4964972090583615,-0.09511755931271182,4.343125419836724e-05,0.00017239711905858712,-0.0003624432210926898,-0.12437635523721374,-0.4418715005796816,-0.24087471253863968,0.0003503489747083047,0.00010042987739342744,-0.00017361326177619342
EXPLORER 27 (BEACON-C),2025-01-01 03:36:37.391136,2640.413695541534,5253.591424410832,-4846.956714312983,-5.8205887590575,3.968018614590619,1.3342689210621757,2640.5382181167174,5253.135704322361,-4847.164910740681,-5.82067360189194,3.9682236463713707,1.3339444642715534,0.12452257518361876,-0.4557200884710255,-0.20819642769765778,-8.484283443976892e-05,0.00020503178075159667,-0.00032445679062220734,-0.13861568702584368,-0.3946263969237576,-0.30263529442844506,0.00031833970842274056,0.0001277574125490565,-0.00019195421390243666
EXPLORER 27 (BEACON-C),2025-01-01 03:41:37.391136,811.1196571363273,6215.395491004079,-4255.612888006705,-6.292922324234155,2.395575967944751,2.5846660648494435,811.2116438754406,6214.99472116871,-4255.92605031482,-6.293097641404984,2.395788291518329,2.584431685734671,0.09198673911328115,-0.4007698353689193,-0.31316230811444257,-0.0001753171708287482,0.00021232357357803266,-0.00023437911477230955,-0.14303062061034008,-0.3288552291445355,-0.3722165124897156,0.0002870686176557692,0.00014590912046122894,-0.00016447831786965293
EXPLORER 27 (BEACON-C),2025-01-01 03:46:37.391136,-1084.0836457005273,6667.974549644243,-3315.1416004177413,-6.253810885201574,0.5943176646833308,3.645063709779606,-1084.051959590245,6667.633834192101,-3315.5212522368993,-6.254017354160396,0.5945207680706517,3.644968643219272,0.03168611028240775,-0.34071545214192156,-0.37965181915797075,-0.00020646895882237004,0.00020310338732087985,-9.506656033408944e-05,-0.1392182665030749,-0.24919325946030313,-0.42396642132896367,0.0002515945760494096,0.0001529116430060948,-7.897003563288031e-05
EXPLORER 27 (BEACON-C),2025-01-01 03:51:37.391136,-2888.062707022513,6562.964590372336,-2097.181733797732,-5.68515585099567,-1.2964813879816575,4.419721818268499,-2888.092459458456,6562.683298153536,-2097.569531251285,-5.685341531301674,-1.296289374128719,4.419782180375478,-0.029752435942555167,-0.2812922187995355,-0.3877974535530484,-0.00018568030600363272,0.000192013852938544,6.036210697857314e-05,-0.12674854322305845,-0.16448984531233846,-0.4327531425233857,0.0002235189257351062,0.00015231441108564027,4.2774872655086655e-05
EXPLORER 27 (BEACON-C),2025-01-01 03:56:37.391136,-4444.6197631387595,5897.0525189673,-699.9697385708569,-4.6125618555806795,-3.1172769074755706,4.828769447625177,-4444.692829042035,5896.828906479778,-700.3032783511873,-4.6126950636462425,-3.1171236206182584,4.828982777823057,-0.0730659032751646,-0.2236124875216774,-0.33353978033039766,-0.00013320806556293974,0.00015328685731219593,0.00021333019788016827,-0.10251877947101426,-0.08061550897751352,-0.38675702376035526,0.00018155291479073882,0.00016254941076079517,0.0001654305016481748
EXPLORER 27 (BEACON-C),2025-01-01 04:01:37.391136,-5612.561006819808,4716.356681029808,758.0683812848487,-3.1110785148266586,-4.700625461297022,4.819374651720409,-5612.647108126007,4716.182525384427,757.8433729183866,-3.1111050485560554,-4.700546232414126,4.819690822458256,-0.08610130619854317,-0.17415564538077888,-0.2250083664620206,-2.6533729396760464e-05,7.922888289613184e-05,0.00031617073784673266,-0.0690218080305631,-0.0010484396996292833,-0.2891492339872029,0.00010342665377926892,0.00016840140540444189,0.0002605553378786336
EXPLORER 27 (BEACON-C),2025-01-01 04:06:37.391136,-6280.696312222816,3116.2194749766213,2148.0929118227887,-1.3050395828213368,-5.88925994416104,4.376557074126595,-6280.75793436174,3116.0800462570714,2148.00464173114,-1.3049257900092925,-5.889236463206544,4.376866329551376,-0.06162213892366708,-0.13942871954986913,-0.0882700916486101,0.00011379281204426661,2.348095449633547e-05,0.0003092554247814405,-0.032329778582613156,0.06869510260369956,-0.15894978205573046,3.1069451946878247e-06,0.00014318632759015976,0.0002977030391792308
EXPLORER 27 (BEACON-C),2025-01-01 04:11:37.391136,-6381.549788728413,1234.9830291153273,3343.4262465534907,0.6407463519381054,-6.557460097565354,3.5304214262441747,-6381.555425628334,1234.8653624410808,3343.4659248393227,0.640948333732922,-6.557427263977843,3.5306243193917908,-0.005636899921228178,-0.11766667424649313,0.03967828583199662,0.00020198179481667466,3.28335875110497e-05,0.00020289314761612331,0.0031900180595645262,0.12150648424901275,-0.026030468796046733,-7.798818593733767e-05,8.379132504457196e-05,0.00026445637817467586
EXPLORER 27 (BEACON-C),2025-01-01 04:16:37.391136,-5901.029510602743,-758.5798244791628,4233.356412098369,2.538901584022824,-6.630966064744598,2.35665407826491,-5900.968002211206,-758.6840969237779,4233.482996487325,2.5390836977348954,-6.63088785072614,2.356710779647983,0.06150839153724519,-0.10427244461516239,0.1265843889559619,0.00018211371207144111,7.821401845831133e-05,5.670138307323214e-05,0.03451296825907862,0.15315434429403815,0.07766745978005513,-0.00012242609663209926,1.0395452906546974e-05,0.00016553449511370704
EXPLORER 27 (BEACON-C),2025-01-01 04:21:37.391136,-4881.662119836517,-2682.8903346731313,4735.850091451902,4.203642247737662,-6.099892228592125,0.9687624641410366,-4881.546619348425,-2682.9851705524457,4736.003329343642,4.203710857334954,-6.099783914572072,0.9686846271915783,0.11550048809203872,-0.09483587931435977,0.15323789173999103,6.860959729237948e-05,0.00010831402005351265,-7.783694945828756e-05,0.056939941424419147,0.161840590417747,0.12799033003927668,-0.00013597197241611256,-5.884915765543933e-05,2.3370790364564196e-05
EXPLORER 27 (BEACON-C),2025-01-01 04:26:37.391136,-3418.3018320420642,-4363.470730056357,4806.798961706426,5.4757347135387135,-5.0207201342764165,-0.4967924673437665,-3418.1701997746145,-4363.556989683912,4806.918457956438,5.4756404429103895,-5.020636963978177,-0.49695207353397564,0.13163226744973144,-0.08625962755559158,0.11949625001216191,-9.427062832401134e-05,8.317029823956545e-05,-0.00015960619020916056,0.06826146642250924,0.14601208761692527,0.11431523703580411,-0.00011010937572370559,-0.00011315804509006371,-0.00012786542940167932
EXPLORER 27 (BEACON-C),2025-01-01 04:31:37.391136,-1647.000056551624,-5651.6891827455975,4444.162739381994,6.242332710534583,-3.50688232993798,-1.899056095031483,-1646.9011947236265,-5651.774549468122,4444.212013809329,6.242122177834972,-3.5068772036793234,-1.8992469975146378,0.09886182799755261,-0.08536672252466815,0.049274427335149085,-0.0002105326996115764,5.126258656673599e-06,-0.00019090248315478675,0.07302430301347218,0.10964650729285459,0.046197425758399524,-7.193997429298185e-05,-0.00012948101668994354,-0.00024259711586059862
EXPLORER 27 (BEACON-C),2025-01-01 04:36:37.391136,270.76167700093964,-6439.314321398627,3686.600053014996,6.447712904692594,-1.7109350236396494,-3.110255903730831,270.7933128809888,-6439.4130316862775,3686.570761876989,6.4474674722862915,-1.711002320172156,-3.110446385306659,0.03163588004917983,-0.09871028765064693,-0.029291138007010886,-0.0002454324063023705,-6.729653250658885e-05,-0.0001904815758280165,0.07221751576366744,0.061340324915972744,-0.05123002553613118,-4.516420036258878e-05,-0.00011782775469401398,-0.0002917634920789129
EXPLORER 27 (BEACON-C),2025-01-01 04:41:37.391136,2165.5533183180855,-6667.081523829154,2607.3829053404957,6.094054922362375,0.19676698323655728,-4.029176188216752,2165.51182435642,-6667.205619337341,2607.2900434950766,6.093841854283255,0.19667005310293462,-4.029343484111905,-0.04149396166531005,-0.12409550818665593,-0.0928618454190655,-0.00021306807911969372,-9.693013362266356e-05,-0.00016729589515307453,0.06623339677242288,0.011587261469404517,-0.14568335136537558,-3.360981332121818e-05,-8.722478335169282e-05,-0.0002721095207755419
EXPLORER 27 (BEACON-C),2025-01-01 04:46:37.391136,3876.445798707283,-6326.954794874801,1305.1704244295825,5.234173380480115,2.0481154437102305,-4.588575229679236,3876.347285234116,-6327.103052517013,1305.038549959439,5.234001147449817,2.0480356573889367,-4.588706203641323,-0.09851347316680403,-0.14825764221131976,-0.1318744701434298,-0.00017223303029823,-7.978632129379548e-05,-0.00013097396208650025,0.050971633222092784,-0.03077842310069688,-0.21337921647424712,-4.430479985571358e-05,-6.286937023339145e-05,-0.00021741384392937285
EXPLORER 27 (BEACON-C),2025-01-01 04:51:37.391136,5264.490313183172,-5458.983669158435,-106.56809365387812,3.959552408879972,3.6928147380558585,-4.75687072727537,5264.354417068374,-5459.143565648281,-106.71030721542589,3.9594203553524494,3.69275545921937,-4.7569494110669694,-0.13589611479801533,-0.15989648984577798,-0.14221356154776288,-0.00013205352752265753,-5.927883648837451e-05,-7.86837915995875e-05,0.02275705166571164,-0.0632362799458893,-0.24442305142597526,-4.78872142071813e-05,-4.995660561895558e-05,-0.0001495138987438549
EXPLORER 27 (BEACON-C),2025-01-01 04:56:37.391136,6222.327128929015,-4144.323844625803,-1509.9535408985475,2.387073071060513,5.00829147652712,-4.535566799460867,6222.171250503003,-4144.48193419618,-1510.078734167777,2.386989498550065,5.008251110451056,-4.535609341655572,-0.15587842601235025,-0.15808957037734217,-0.1251932692293849,-8.357251044799341e-05,-4.036607606394682e-05,-4.2542194705674774e-05,-0.01648281469201287,-0.08290111684186725,-0.24045679916509216,-3.7824136404126786e-05,-2.8474019635762196e-05,-9.045544671726569e-05
EXPLORER 27 (BEACON-C),2025-01-01 05:01:37.391136,6679.933790272934,-2496.0885698616744,-2791.9201603680513,0.6469284003314897,5.904445444626617,-3.9543310244775967,6679.769074635818,-2496.236552365423,-2792.0113681819735,0.6468790783774239,5.90443540859178,-3.9543730789978326,-0.16471563711638737,-0.147982503748608,-0.09120781392221033,-4.932195406581741e-05,-1.0036034836957697e-05,-4.2054520235979e-05,-0.062191141011326445,-0.08613404876232666,-0.21462086448048612,-2.441901002368097e-05,1.0808514925177495e-05,-5.990699270513571e-05
EXPLORER 27 (BEACON-C),2025-01-01 05:06:37.391136,6607.098274264789,-649.3811195681318,-3851.8232483529314,-1.127014865154706,6.324707395834366,-3.0654170950761,6606.92558246419,-649.5176869282996,-3851.87893228338,-1.1270816913311137,6.3247368539568924,-3.065478667284424,-0.17269180059975042,-0.13656736016775994,-0.055683930448594765,-6.682617640763056e-05,2.945812252619362e-05,-6.15722083239234e-05,-0.1091566831470083,-0.06951483008434665,-0.1866180829675051,-2.911782857585999e-05,6.340656871875857e-05,-6.524120458925322e-05
EXPLORER 27 (BEACON-C),2025-01-01 05:11:37.391136,6013.4037518142595,1248.6477208635174,-4607.4274924222955,-2.804274674925182,6.245133669232928,-1.9385614023976814,6013.211821328193,1248.5153019484308,-4607.459660203362,-2.8044114606209405,6.245176372336346,-1.938636109834988,-0.19193048606666707,-0.13241891508664594,-0.032167781066164025,-0.00013678569575859,4.270310341780714e-05,-7.470743730664253e-05,-0.15255543864323445,-0.032191249752356196,-0.17634457256457842,-5.535669948622914e-05,0.00011161386764784375,-0.0001029226076490503
EXPLORER 27 (BEACON-C),2025-01-01 05:16:37.391136,4946.413310027983,3048.371332467009,-4999.507935883909,-4.262896270596684,5.673020760111285,-0.6568190389371011,4946.183300338083,3048.2292571966045,-4999.536646072125,-4.263121575798323,5.673034191307124,-0.6568852049640554,-0.2300096898998163,-0.14207527040434798,-0.028710188215882226,-0.00022530520163854817,1.3431195839075372e-05,-6.616602695430629e-05,-0.1862041591538451,0.02540055548009327,-0.19646103356844546,-9.689451520076374e-05,0.00015066633493149835,-0.00015242008552776424
EXPLORER 27 (BEACON-C),2025-01-01 05:21:37.391136,3488.463764337395,4606.906133441999,-4995.334931180835,-5.393771002924495,4.645976725084438,0.6867995977154351,3488.173952812533,4606.738160174952,-4995.377620895879,-5.394059896860654,4.645917887845826,0.686768258072334,-0.2898115248617614,-0.1679732670472731,-0.04268971504370711,-0.0002888939361582743,-5.883723861188628e-05,-3.13396431010915e-05,-0.20574580533307907,0.10218739159367636,-0.24749656713350626,-0.00014692740626912705,0.00017439817549764954,-0.00018947642042300362
EXPLORER 27 (BEACON-C),2025-01-01 05:26:37.391136,1752.130593387796,5797.164476901882,-4591.193669386275,-6.105311355381218,3.2316829625096943,1.9925102954557588,1751.764713291313,5796.952774131896,-4591.254438667652,-6.105601772352429,3.2315334943423295,1.9925324937184996,-0.365880096482897,-0.21170276998600457,-0.060769281376451545,-0.00029041697121101606,-0.00014946816736483015,2.21982627408579e-05,-0.20913093424325996,0.19449189716287477,-0.317515932925607,-0.00019438236014734323,0.00018167412036760344,-0.0001907499020804447
EXPLORER 27 (BEACON-C),2025-01-01 05:31:37.391136,-125.89170829541814,6516.876989722472,-3813.854307539667,-6.329418307976255,1.527796288249192,3.157687831036583,-126.33359293934905,6516.603820815524,-3813.918715976565,-6.329640438878599,1.5275721691059516,3.1577756452225003,-0.441884643930905,-0.2731689069478307,-0.0644084368982476,-0.0002221309023440199,-0.00022411914324038662,8.781418591752299e-05,-0.19583633515970553,0.2961794158647881,-0.3846525971027613,-0.00023404781104039438,0.00017981572589987124,-0.0001420238932631863
EXPLORER 27 (BEACON-C),2025-01-01 05:36:37.391136,-1992.9412094752179,6697.4404195828565,-2720.6175506735735,-6.029060218633731,-0.3393368031202044,4.082552850106822,-1993.4354125248533,6697.091073572777,-2720.655012347121,-6.02915969710898,-0.33960935636878276,4.082714930452767,-0.4942030496354164,-0.3493460100798984,-0.03746167354756835,-9.947847524927056e-05,-0.0002725532485783333,0.00016208034594455967,-0.16708244881555778,0.40000433125452783,-0.4239842641986721,-0.0002757991974240701,0.0001789205816142259,-4.8718652127255574e-05
EXPLORER 27 (BEACON-C),2025-01-01 05:41:37.391136,-3690.9740308847377,6311.9633552808755,-1397.2996663067765,-5.206763218508968,-2.219056761032334,4.678301700467728,-3691.471318306651,6311.527871610884,-1397.2728422062978,-5.206679872983841,-2.2193659835238577,4.678528848949327,-0.49728742191337005,-0.4354836699912994,0.02682410047873418,8.334552512678783e-05,-0.000309222491523542,0.0002271484815992153,-0.12771808855794772,0.4983517041037139,-0.41592548378388516,-0.0003461500224823261,0.00017072110714292412,7.208275818040995e-05
EXPLORER 27 (BEACON-C),2025-01-01 05:46:37.391136,-5069.595419881607,5381.295181551031,46.577898652310616,-3.912023976706223,-3.945772974539068,4.8775405343030585,-5070.024331830068,5380.777478196227,46.69460273629595,-3.911718908076182,-3.946059595373299,4.87776732269986,-0.42891194846106373,-0.5177033548043255,0.11670408398533283,0.0003050686300412053,-0.0002866208342311438,0.0002267883968016804,-0.08197507999239054,0.5785986737335809,-0.35228642798319326,-0.0004163757301183713,0.00013225094956979106,0.00018918849404954023
EXPLORER 27 (BEACON-C),2025-01-01 05:51:37.391136,-6000.78037545073,3976.3589229784616,1485.9100765829357,-2.2445516870793654,-5.35430194264336,4.645592680203663,-6001.077120463972,3975.7842622084668,1486.1188393086447,-2.244072257391963,-5.354511689445189,4.645745184878933,-0.29674501324188896,-0.5746607699948072,0.20876272570899346,0.00047942968740244396,-0.00020974680182916927,0.0001525046752703929,-0.026413878517868694,0.633460642919564,-0.24475375378935,-0.0004740369912620537,9.36404220258672e-05,0.00025223922037965265
EXPLORER 27 (BEACON-C),2025-01-01 05:56:37.391136,-6393.536594892879,2215.095373909894,2791.323905276575,-0.35008710425245226,-6.300054848451055,3.9899115153466482,-6393.662764531828,2214.4934091586665,2791.603946010072,-0.34950062400093884,-6.300148164650182,3.9899210027533627,-0.12616963894834043,-0.6019647512275696,0.2800407334971169,0.0005864802515134215,-9.331619912700262e-05,9.487406714470126e-06,0.03483084769242868,0.6639881524299421,-0.12087058125171043,-0.0005369070784199891,5.0623185216868846e-05,0.0002488475267747955
EXPLORER 27 (BEACON-C),2025-01-01 06:01:37.391136,-6205.94529857082,253.04115055924274,3842.615767658338,1.5930048188083674,-6.680405199025216,2.9642300631589933,-6205.887372458765,252.44194642860194,3842.92154006,1.5935862722853926,-6.680330531496423,2.9640549204345916,0.057926112055611156,-0.5992041306407998,0.30577240166212505,0.0005814534770252067,7.466752879281557e-05,-0.00017514272440166678,0.09089361479103754,0.6689639442717927,-0.0111075788380737,-0.0005836223720707118,-1.4249470585252994e-05,0.00018308533288650483
EXPLORER 27 (BEACON-C),2025-01-01 06:06:37.391136,-5451.883570229767,-1732.0199143357956,4542.303134484568,3.3952342475777186,-6.451818204894153,1.6649282538173793,-5451.659458422572,-1732.5828740498207,4542.571551666696,3.395671916405263,-6.45157298876984,1.6645916351244523,0.22411180719518597,-0.5629597140250553,0.26841718212835985,0.0004376688275442575,0.00024521612431271933,-0.0003366186929270043,0.13313172294711367,0.6466446337536988,0.05765576626731464,-0.00059413704296056,-8.532646499178081e-05,6.868524738900584e-05
EXPLORER 27 (BEACON-C),2025-01-01 06:11:37.391136,-4200.580374817072,-3559.246023309805,4826.843844680312,4.881262499562581,-5.637694789828856,0.21938017956290423,-4200.240357952226,-3559.7400602075513,4827.012572110826,4.881468920899351,-5.637342148736479,0.21895107447107875,0.340016864845893,-0.49403689774635495,0.1687274305140818,0.0002064213367702905,0.0003526410923768708,-0.00042910509182547685,0.1563170316136473,0.5990238436131204,0.06991631378168356,-0.000572719905168796,-0.00013754343815164393,-6.457864184238862e-05
EXPLORER 27 (BEACON-C),2025-01-01 06:16:37.391136,-2568.7760006289777,-5064.529173984581,4673.43099319854,5.912964188447859,-4.324565145359884,-1.2312595633520687,-2568.392017702018,-5064.929365275202,4673.456922222543,5.9129288723192985,-4.324181248098284,-1.2317136597694116,0.38398292695956115,-0.4001912906214784,0.02592902400283492,-3.531612856022548e-05,0.00038389726159948623,-0.0004540964173429529,0.15794249156291879,0.5316395146738165,0.026112590215106157,-0.0005405826308987869,-0.00016687752461641125,-0.00018641406489912962
EXPLORER 27 (BEACON-C),2025-01-01 06:21:37.391136,-706.9877603208872,-6117.516413012286,4101.313086818882,6.405076018485033,-2.6479695487305435,-2.5506595773695153,-706.6364119572958,-6117.812038569652,4101.186808428278,6.404846647699628,-2.6476127136684227,-2.551068442302494,0.3513483635914554,-0.2956255573662929,-0.12627839060405677,-0.00022937078540508082,0.0003568350621208083,-0.0004088649329787586,0.14085601259187203,0.45131596954963815,-0.0570951315460798,-0.0004997547162435144,-0.0001746393130209049,-0.0002585712399238948
EXPLORER 27 (BEACON-C),2025-01-01 06:26:37.391136,1217.451127195352,-6633.364057573042,3167.8679731762527,6.330941302602696,-0.7722240061812045,-3.62317253461606,1217.7137523508125,-6633.559897538053,3167.6173159594928,6.330602750003891,-0.7719129030992917,-3.623472905856943,0.26262515546045506,-0.19583996501023648,-0.2506572167599188,-0.0003385525988051086,0.0003111030819127336,-0.00030037124088266864,0.11068977801656255,0.36847326225309696,-0.14875998298222665,-0.00045998059829927007,-0.0001652574168845459,-0.000250466978732888
EXPLORER 27 (BEACON-C),2025-01-01 06:31:37.391136,3037.6462983537226,-6578.157600196423,1960.6870803565434,5.718972423566811,1.130839255749379,-4.36430083193909,3037.7993175528563,-6578.266865781506,1960.365423510992,5.718611901473196,1.131095086771893,-4.364461111953688,0.1530191991337233,-0.10926558508253947,-0.32165684555138796,-0.0003605220936151454,0.00025583102251403034,-0.000160280014597447,0.07366078019553568,0.2942088668255083,-0.2164074902106221,-0.0004119627665338904,-0.0001370136239375587,-0.00018063587957496232
EXPLORER 27 (BEACON-C),2025-01-01 06:36:37.391136,4602.288420520112,-5968.335652270156,587.4261775380221,4.642628812495786,2.900025434656527,-4.725098213100296,4602.342435776351,-5968.368754918851,587.0888760077048,4.642302867516264,2.900247604852666,-4.725138250987129,0.05401525623892667,-0.033102648694693926,-0.3373015303172906,-0.00032594497952231904,0.00022217019613890443,-4.00378868334883e-05,0.03280895972569091,0.2411027926559371,-0.24203051697414843,-0.00037695224887716243,-8.518133337452061e-05,-8.862223547893627e-05
EXPLORER 27 (BEACON-C),2025-01-01 06:41:37.391136,5787.25943876014,-4865.424867260105,-834.8665907625447,3.207431788935537,4.397613348780396,-4.691459701563076,5787.232754021535,-4865.380206816733,-835.1718269997455,3.207144026453534,4.397821364527772,-4.691393194008583,-0.026684738605581515,0.044660443371867586,-0.30523623720080195,-0.0002877624820030178,0.00020801574737561168,6.65075544930005e-05,-0.015366999309601538,0.21504822111529792,-0.22224740471935522,-0.00035928453184582977,-3.7453611171599775e-05,3.592241074934526e-06
EXPLORER 27 (BEACON-C),2025-01-01 06:46:37.391136,6503.279323919164,-3367.7727256084772,-2189.6607304328554,1.5380463446708745,5.516593419563378,-4.280094199851646,6503.184031539216,-3367.6504052019013,-2189.8932780895693,1.537796515572154,5.516778729692305,-4.2799543512869604,-0.0952923799477503,0.12232040657590915,-0.23254765671390487,-0.00024982909872051096,0.00018531012892708532,0.00013984856468596263,-0.06834993664758991,0.21411245769123,-0.16614895066121232,-0.00033425515621741654,1.0387622980953385e-05,6.691510536549779e-05
EXPLORER 27 (BEACON-C),2025-01-01 06:51:37.391136,6699.934881118127,-1600.832521304616,-3369.3795554848343,-0.23267178367859742,6.183379744657714,-3.53305303568186,6699.775740876817,-1600.6435308823122,-3369.515719876149,-0.23291357931611856,6.183543356469727,-3.532886499287997,-0.1591402413105243,0.18899042230373198,-0.13616439131465086,-0.00024179563752113609,0.00016361181201318686,0.00016653639386277064,-0.11866628945652566,0.2376964151865281,-0.09488131292882682,-0.00031858683617999394,6.990919694008815e-05,8.113851016207144e-05
EXPLORER 27 (BEACON-C),2025-01-01 06:56:37.391136,6366.820016484196,292.88522747347474,-4282.165574384677,-1.9719907542839792,6.3576773263126825,-2.512257961305295,6366.5909001510845,293.1183076034659,-4282.201773128836,-1.9722804842886035,6.357800173305122,-2.512087098869415,-0.22911633311105106,0.23308012999115135,-0.036198744159264606,-0.000289730004624289,0.0001228469924399178,0.00017086243587982608,-0.1608999468180915,0.28475335570655497,-0.0340253391084577,-0.0003308387268535305,0.00013013772753030128,4.2880529533757984e-05
EXPLORER 27 (BEACON-C),2025-01-01 07:01:37.391136,5532.556750403695,2163.6058773129353,-4857.1177721026825,-3.553286040511921,6.031169831616353,-1.294826960816863,5532.242100745486,2163.848738065791,-4857.0656566454545,-3.553656762745959,6.031200141664158,-1.2946451005054769,-0.3146496582094187,0.24286075285590414,0.05211545722795563,-0.0003707222340381122,3.031004780496005e-05,0.00018186031138611725,-0.19137303254366092,0.3522138565156454,-0.004851315753347296,-0.00037385745887294795,0.0001754525936541083,-2.956069164806061e-05
EXPLORER 27 (BEACON-C),2025-01-01 07:06:37.391136,4262.263271742481,3863.683964380836,-5048.277825033704,-4.860614003113369,5.226273100603066,0.030653079123112548,4261.846144581387,3863.8924527989257,-5048.155296506638,-4.861038250050115,5.226146475072255,0.030854044784064172,-0.4171271610939584,0.20848841808947327,0.12252852706660633,-0.000424246936745476,-0.0001266255308109976,0.00020096566095162416,-0.20786258607445685,0.4347130615653124,-0.017129750722649703,-0.00043273154756892006,0.00019169559962583667,-0.00011136826341246578
EXPLORER 27 (BEACON-C),2025-01-01 07:11:37.391136,2653.7092982683635,5256.725652407389,-4837.595496227698,-5.793052952359176,3.995559813044565,1.367306133850434,2653.182249620141,5256.851879915009,-4837.420575951348,-5.79345737799531,3.9952503985596195,1.3675133486403865,-0.5270486482222623,0.12622750761966017,0.174920276350349,-0.00040442563613396487,-0.00030941448494559154,0.00020721478995255893,-0.20749388846779787,0.5259589476054911,-0.06800173551833272,-0.0004857918063031874,0.00018515913926845173,-0.0001787674520309654
EXPLORER 27 (BEACON-C),2025-01-01 07:16:37.391136,832.0546469814356,6226.631391952715,-4236.918936673154,-6.269914494480872,2.4217068655043477,2.6134013193941428,831.4272406196977,6226.631898786747,-4236.703695340283,-6.270216155273488,2.421241465603998,2.613595009765959,-0.627406361737826,0.000506834032421466,0.21524133287130098,-0.0003016607926156212,-0.0004653999003494391,0.00019369037181604654,-0.1888337280391008,0.6196247407532957,-0.1427404455902828,-0.0005238736583404481,0.00016461231327646902,-0.0002087377244193203
EXPLORER 27 (BEACON-C),2025-01-01 07:21:37.391136,-1057.2013077831937,6686.585107243853,-3288.784041188526,-6.237505943120141,0.6170189100066636,3.6670475223745598,-1057.897014427413,6686.427842094519,-3288.530766318763,-6.237641908384603,0.6164605776775716,3.667217229011385,-0.6957066442193991,-0.15726514933339786,0.253274869762663,-0.00013596526446235657,-0.0005583323290920816,0.00016970663682513987,-0.15267014139296892,0.7085763049496387,-0.21794418930114834,-0.0005511019934820982,0.00014157386558801227,-0.00018779062488508816
EXPLORER 27 (BEACON-C),2025-01-01 07:26:37.391136,-2857.52072076477,6587.628623026235,-2065.487892596399,-5.677307146696876,-1.2791314410624182,4.433049094287071,-2858.229187819018,6587.298085229939,-2065.191175935908,-5.677238248179037,-1.2797174993265799,4.433187445950352,-0.7084670542481035,-0.3305377962960847,0.2967166604908016,6.889851783853373e-05,-0.0005860582641616929,0.00013835166328135529,-0.10250015898400755,0.7850847861262833,-0.26899288903123864,-0.0005812988563672817,0.00011841367658257937,-0.0001241866267742531
EXPLORER 27 (BEACON-C),2025-01-01 07:31:37.391136,-4413.13600985692,5925.904806014951,-665.733424277064,-4.614241167679211,-3.1069552249336994,4.832261417285508,-4413.785627550726,5925.406649612122,-665.390059535752,-4.613954362038385,-3.107509653521447,4.832346423310469,-0.6496176938053395,-0.49815640282849927,0.34336474131202976,0.00028680564082605997,-0.0005544285877476796,8.50060249604212e-05,-0.04229456323156363,0.8412699808626136,-0.2802468279583981,-0.0006211155163365961,9.55717375836046e-05,-4.422801309441101e-05
EXPLORER 27 (BEACON-C),2025-01-01 07:36:37.391136,-5583.042796697704,4747.089370865773,791.8248552179863,-3.1224443002929547,-4.698570665883381,4.8127009973200074,-5583.560734344912,4746.449530760499,792.2066582874047,-3.121934998909637,-4.699040850158781,4.812680152800226,-0.5179376472078729,-0.6398401052738336,0.38180306941842446,0.0005093013833175064,-0.00047018427540024277,-2.0844519781348936e-05,0.02124680861345834,0.8718796634949356,-0.2506048204586033,-0.0006908067692343595,5.653840556178609e-05,2.2024126865994985e-05
EXPLORER 27 (BEACON-C),2025-01-01 07:41:37.391136,-6255.943003386683,3146.246427792322,2178.381431134335,-1.325203352387689,-5.896052269053598,4.360275263127733,-6256.27117639216,3145.5128649453636,2178.770766178266,-1.3245499692538942,-5.896324809441467,4.360077276270204,-0.3281730054768559,-0.7335628469581934,0.3893350439311689,0.0006533831337947049,-0.0002725403878685029,-0.0001979868575290311,0.08088605415613057,0.8677803701594707,-0.19444388342900187,-0.000733109310822983,-2.6623015649886503e-05,4.720732701054867e-05
EXPLORER 27 (BEACON-C),2025-01-01 07:46:37.391136,-6363.938664742299,1261.6681321686053,3367.553825318826,0.6136887653547092,-6.572825564443292,3.5059252393984934,-6364.064095432158,1260.9028569229731,3367.907692410569,0.6143225882506158,-6.572864442806122,3.5055646718406024,-0.12543068985905848,-0.7652752456322105,0.3538670917428135,0.0006338228959066328,-3.887836282956414e-05,-0.000360567557891045,0.14013901181144028,0.829652327510354,-0.136524909740463,-0.0007246372707790519,-8.809402546524047e-05,1.9804614374082914e-05
EXPLORER 27 (BEACON-C),2025-01-01 07:51:37.391136,-5892.239988783721,-737.6482587292948,4249.1582091409155,2.507645699931345,-6.653677495447596,2.326042400350161,-5892.184830743541,-738.3976719430455,4249.4309506245845,2.5081568500108915,-6.6535137735229455,2.3255516591370906,0.055158040179776435,-0.7494132137506995,0.2727414836690514,0.0005111500795464963,0.00016372192465041735,-0.0004907412130705779,0.18991191465423352,0.76973815030988,-0.10240671796570994,-0.0007145831186248204,-0.00012664531904533653,-4.730898834195719e-05
EXPLORER 27 (BEACON-C),2025-01-01 07:56:37.391136,-4882.492420464464,-2669.618567542979,4741.873796763415,4.171294848347316,-6.127832519936419,0.9346513961136225,-4882.298456056574,-2670.312508204594,4742.01675559408,4.171600661304183,-6.127505630180167,0.9340905214203303,0.19396440789023472,-0.6939406616152155,0.14295883066461101,0.0003058129568671575,0.00032688975625205785,-0.0005608746932921349,0.21657998600788508,0.69365114949534,-0.1074907116953979,-0.000687373281219997,-0.00016219226121456638,-0.00012716344432607568
EXPLORER 27 (BEACON-C),2025-01-01 08:01:37.391136,-3428.611467579675,-4359.025174308733,4802.427094470829,5.445374890497533,-5.051128081886418,-0.5314919785423626,-3428.341235878805,-4359.628870050175,4802.403872529743,5.4454483241534035,-5.05071760195824,-0.5320472968496688,0.2702317008697719,-0.6036957414416975,-0.023221941085466824,7.343365587075823e-05,0.000410479928177665,-0.0005553183073061518,0.21720842511947375,0.6056808090339224,-0.15486844921648457,-0.0006417417153721922,-0.00017577951556816678,-0.0001988311553515507
EXPLORER 27 (BEACON-C),2025-01-01 08:06:37.391136,-1665.7783317590313,-5656.358097307965,4429.6650298601235,6.216628829956107,-3.5367352332023074,-1.9313807633170654,-1665.5010013072715,-5656.846714881553,4429.466888342558,6.216515772895264,-3.5362980661011534,-1.9318667699135403,0.27733045175978077,-0.4886175735882716,-0.1981415175650909,-0.00011305706084385747,0.00043716710115404567,-0.0004860065964749083,0.19310069992344692,0.5138687743623461,-0.2314527513338014,-0.000601663894823839,-0.0001648518572881961,-0.00022566304076930302
EXPLORER 27 (BEACON-C),2025-01-01 08:11:37.391136,245.23148428032167,-6452.493010395054,3663.111554095654,6.428676192003451,-1.737370997070684,-3.1374416889789245,245.4571927974483,-6452.852417436083,3662.763032548558,6.428433063578808,-1.736927620017923,-3.137810260844617,0.22570851712663398,-0.3594070410290442,-0.34852154709597016,-0.00024312842464269124,0.00044337705276120687,-0.0003685718656925019,0.1478683586621029,0.42709428697511914,-0.3119462184010505,-0.0005752599809835113,-0.0001462982706870078,-0.00019802179737933822
COSMOS 1989 (ETALON 1),2025-01-01 16:41:27.413952,-15.56590336916834,25552.796150050046,-71.36165823532441,-1.6792054116929602,0.01349818548624171,3.5707288342185564,-16.24392247509639,25553.107419335764,-70.43473090742323,-1.679221893639081,0.013296579694724642,3.5706707994888234,-0.6780191059280494,0.3112692857175716,0.9269273279011827,-1.6481946120805446e-05,-0.0002016057915170677,-5.803472973298085e-05,0.30909240627628176,1.128045204918711,-0.21856039780085246,-0.00020143285396740564,-4.596047799741083e-05,-3.9962724896182585e-05
COSMOS 1989 (ETALON 1),2025-01-01 16:46:27.413952,-519.1272049787877,25529.377287235533,999.5460922699024,-1.677289185607151,-0.1695917126526183,3.567401352573256,-519.8126860233291,25529.628762487388,1000.4584695922445,-1.677301723123378,-0.16978821329394123,3.5673378044101582,-0.6854810445413477,0.251475251854572,0.9123773223420812,-1.2537516226984735e-05,-0.00019650064132292755,-6.354816309794842e-05,0.3008436334079597,1.1051728275172312,-0.23160866261949048,-0.00019854065537722667,-4.346957079485991e-05,-3.873067213306724e-05
COSMOS 1989 (ETALON 1),2025-01-01 16:51:27.413952,-1021.5727354384504,25451.080676644826,2068.304800898637,-1.6717680391197973,-0.35228981365071377,3.5564049009553855,-1022.2644443158973,25451.273704327537,2069.201039215041,-1.6717766971802348,-0.3524809188202198,3.5563361981053276,-0.6917088774468994,0.1930276827115449,0.8962383164039238,-8.658060437483073e-06,-0.00019110516950604506,-6.870285005788901e-05,0.29242684570006183,1.0834251818609608,-0.24421382525531693,-0.00019553928483902213,-4.100657607939305e-05,-3.74042541890464e-05
COSMOS 1989 (ETALON 1),2025-01-01 16:56:27.413952,-1521.822761452208,25318.082461641636,3132.6172382175523,-1.66265480575953,-0.5342056609842984,3.537765189568745,-1522.5194776054182,25318.218469840347,3133.4958472061185,-1.6626596593184786,-0.534391113462334,3.5376916962450196,-0.6967161532102182,0.13600819871135172,0.8786089885661568,-4.8535589485254604e-06,-0.00018545247803558595,-7.34933237254154e-05,0.2839235352426963,1.0627979707251964,-0.25634602124411726,-0.00019244191969518872,-3.85779457317592e-05,-3.599023372198328e-05
COSMOS 1989 (ETALON 1),2025-01-01 17:01:27.413952,-2018.802539270343,25130.67566094355,4190.196312336501,-1.6499699048481489,-0.7149506702371582,3.5115240770601304,-2019.503055149177,25130.75615145434,4191.055896313179,-1.649971027777383,-0.7151302390848286,3.511446128325588,-0.7005158788340395,0.08049051079069613,0.8595839766776407,-1.122929234043113e-06,-0.00017956884767045267,-7.794873454258777e-05,0.2754110766568661,1.043275177843474,-0.267976629461031,-0.00018926131519612197,-3.622341990392253e-05,-3.450008204697494e-05
COSMOS 1989 (ETALON 1),2025-01-01 17:06:27.413952,-2511.444583556391,24889.269486379635,5238.769898464112,-1.6337413022347391,-0.8941389326209901,3.4777394659431593,-2512.147702183284,24889.296028985707,5239.609152974763,-1.6337387537409995,-0.8943124230572721,3.4776573939961963,-0.703118626892774,0.026542606072325725,0.8392545106507896,2.5484937395958696e-06,-0.00017349043628200889,-8.207194696296938e-05,0.26696318072502445,1.0248295152030487,-0.2790762834320563,-0.00018602186619011115,-3.395954184613001e-05,-3.292181034974129e-05
COSMOS 1989 (ETALON 1),2025-01-01 17:11:27.413952,-2998.6909188329905,24594.38842092491,6276.085632327847,-1.6140044204280457,-1.0713880085968412,3.436485166265811,-2999.395457286376,24594.36264678715,6276.90334365849,-1.6139982685108407,-1.0715552409601514,3.4363992951239197,-0.7045384533853394,-0.02577413776089088,0.817711330642851,6.151917204988422e-06,-0.00016723236331017688,-8.587114189140266e-05,0.2586488428717948,1.0074284958468815,-0.28961899208166036,-0.00018272819040000731,-3.179863016612777e-05,-3.126688321585527e-05
COSMOS 1989 (ETALON 1),2025-01-01 17:16:27.413952,-3479.495309032773,24246.671059376364,7299.9156580059935,-1.590802083294875,-1.2463197166507598,3.387850728096055,-3480.200094931597,24246.594655118508,7300.710697845788,-1.590792377031903,-1.2464805152849294,3.387761379151925,-0.7047858988239568,-0.07640425785575644,0.795039839794299,9.706262972031254e-06,-0.00016079863416962326,-8.934894412959693e-05,0.25053039334192995,0.9910281264239313,-0.29957786184619273,-0.00017937807105153494,-2.9761796896503276e-05,-2.9519301822606933e-05
COSMOS 1989 (ETALON 1),2025-01-01 17:21:27.413952,-3952.8254607968042,23846.868714458597,8308.061320853389,-1.5641844063738972,-1.4185609089290665,3.33194124309739,-3953.529334599323,23846.743418525908,8308.832647402784,-1.5641712232509235,-1.4187151469850505,3.3318487191954773,-0.7038738025189559,-0.1252959326884593,0.7713265493948711,1.318312297371449e-05,-0.00015423805598402396,-9.252390191250015e-05,0.2426668111674838,0.975581156978867,-0.30892761502938454,-0.00017601217012110765,-2.78489573975713e-05,-2.7712751781651927e-05
COSMOS 1989 (ETALON 1),2025-01-01 17:26:27.413952,-4417.665196216844,23395.843791566673,9298.35779634334,-1.534208693511573,-1.5877442371565849,3.2688771156972507,-4418.36700939326,23395.6713894786,9299.10444589554,-1.534192093202364,-1.5878917721856851,3.268781718397804,-0.7018131764152713,-0.17240208807197632,0.7466495522003243,1.6600309209025e-05,-0.00014753502910025418,-9.539729944663122e-05,0.23510849890687688,0.9610283413073842,-0.3176449107231967,-0.0001726129780263449,-2.6082298954144167e-05,-2.5831634042420164e-05
COSMOS 1989 (ETALON 1),2025-01-01 17:31:27.413952,-4873.016590789392,22894.567935761122,10268.678645807566,-1.5009393099189765,-1.7535089047523797,3.1987938045986084,-4873.7152068832565,22894.3502548899,10269.399734960236,-1.5009193544610753,-1.753649632952147,3.198695807499462,-0.6986160938649846,-0.21768087122109137,0.7210891526701744,1.9955457901232876e-05,-0.00014072819976718165,-9.799709914659616e-05,0.22789961472297898,0.947309905447936,-0.32570643691931056,-0.0001692223761311007,-2.4477145502677137e-05,-2.3890054740257862e-05
COSMOS 1989 (ETALON 1),2025-01-01 17:36:27.413952,-5317.902072413299,22344.119955029855,11216.940290229737,-1.4644475527438772,-1.9155014068710443,3.1218415350303985,-5318.596368560649,22343.85886380576,11217.635009888148,-1.4644243058437496,-1.9156352217614767,3.121741204047794,-0.694296147350542,-0.2610912240961625,0.6947196584114863,2.3246900127560366e-05,-0.00013381489043240435,-0.00010033098260464612,0.22107885734255697,0.9343577959854613,-0.3330928087283048,-0.00016583952848482834,-2.304573554841158e-05,-2.1892788820829457e-05
COSMOS 1989 (ETALON 1),2025-01-01 17:41:27.413952,-5751.366477380564,21745.683524230204,12141.106393397333,-1.4248114924894253,-2.07337625206128,3.038184982377061,-5752.055342375519,21745.38092562502,12141.774010355506,-1.4247850036235832,-2.0735030687319522,3.0380825904267112,-0.6888649949551109,-0.30259860518344794,0.667616958173312,2.648886584211141e-05,-0.00012681667067226954,-0.00010239195034955628,0.21467596191000826,0.9221038810381125,-0.33978223015119846,-0.00016248310832832753,-2.1782728831764718e-05,-1.9824018336175686e-05
COSMOS 1989 (ETALON 1),2025-01-01 17:46:27.413952,-6172.479059422126,21100.544674432967,13039.192146026924,-1.382115813933524,-2.22679666987824,2.9480029279384325,-6173.161395582663,21100.202506813763,13039.831995075265,-1.3820861504327695,-2.2269164002209436,2.947898724454717,-0.6823361605374885,-0.3421676192047016,0.6398490483406931,2.96635007543955e-05,-0.00011973034270340577,-0.000104203483715537,0.20871425235574825,0.9104712628728497,-0.34575795091081396,-0.00015915803266116924,-2.0705670022058803e-05,-1.7709887851112813e-05
COSMOS 1989 (ETALON 1),2025-01-01 17:51:27.413952,-6580.335447838924,20410.089072907664,13909.268442443898,-1.3364516425817783,-2.3754353006625024,2.85148788753213,-6581.01017165893,20409.709304890966,13909.879928112343,-1.3364188730847673,-2.3755478842940647,2.8513821258602547,-0.6747238200059655,-0.3797680166971986,0.6114856684453116,3.276949701103149e-05,-0.00011258363156230189,-0.00010576167187537067,0.20320900632927974,0.8993851465122173,-0.35100307759824523,-0.0001558866314496616,-1.9799040026159773e-05,-1.5549965186636266e-05
COSMOS 1989 (ETALON 1),2025-01-01 17:56:27.413952,-6974.059551052123,19675.7990991401,14749.465941914177,-1.2879163532061284,-2.518974864935444,2.7488457134677446,-6974.725595819633,19675.383727915396,14750.04853782301,-1.2878805373438809,-2.5190802243778307,2.7487386253360455,-0.6660447675094474,-0.4153712247025396,0.5825959088324453,3.581586224754574e-05,-0.00010535944238654338,-0.00010708813169912901,0.19816994062861418,0.8887704491175373,-0.3555033657120096,-0.00015267147363034954,-1.909400322333586e-05,-1.3345269566151392e-05
COSMOS 1989 (ETALON 1),2025-01-01 18:01:27.413952,-7352.8054018235,18899.25072278753,15557.979006700416,-1.2366133684809029,-2.6571088131786382,2.6402951709842455,-7353.461715349654,18898.80177219969,15558.532249836817,-1.2365745867828082,-2.6572069064204697,2.640186991482551,-0.6563135261540083,-0.44895058783731656,0.5532431364008517,3.8781698094680905e-05,-9.809324183152057e-05,-0.00010817950169439428,0.19359652421915788,0.8785473753667157,-0.35924495536242074,-0.0001495363283806937,-1.8560411269223794e-05,-1.1113344002154833e-05
COSMOS 1989 (ETALON 1),2025-01-01 18:06:27.413952,-7715.758940629182,18082.110189711882,16333.069509275449,-1.1826519519036083,-2.7895419566666533,2.526067489552588,-7716.404489500583,18081.629708425688,16333.593001355524,-1.1826102571922092,-2.789632740405068,2.525958445196011,-0.6455488714009334,-0.48048128619484487,0.5234920800758118,4.16947113990318e-05,-9.078373841475695e-05,-0.00010904435657721478,0.18948346311047562,0.8686393065436304,-0.36221725799253945,-0.00014649596229878142,-1.821326820275682e-05,-8.832763558184636e-06
COSMOS 1989 (ETALON 1),2025-01-01 18:11:27.413952,-8062.139733718952,17226.130522589978,17073.070501327235,-1.1261469749561002,-2.9159910704656795,2.4064058901967655,-8062.773504856209,17225.62057743241,17073.563908042463,-1.1261024484356312,-2.916074510634644,2.4062961968993477,-0.6337711372570993,-0.5099451575661078,0.4934067152280477,4.4526520468934905e-05,-8.344016896444373e-05,-0.0001096932974178344,0.18581575018211924,0.8589743430229944,-0.36441142927998693,-0.0001435592228410289,-1.804306245134644e-05,-6.533739736129956e-06
COSMOS 1989 (ETALON 1),2025-01-01 18:16:27.413952,-8391.202622538887,16333.14784289923,17776.389737441612,-1.0672186987467285,-3.036185484064845,2.281565089513606,-8391.823622427502,16332.610521689403,17776.852786022813,-1.0671714223281015,-3.036261543895307,2.2814549670110864,-0.620999888615188,-0.5373212098274962,0.4630485812012921,4.727641862700693e-05,-7.605983046232723e-05,-0.00011012250251951627,0.18257370708370368,0.8494776414120757,-0.3658189592760065,-0.00014072533980845922,-1.804808202298554e-05,-4.21528176995375e-06
COSMOS 1989 (ETALON 1),2025-01-01 18:21:27.413952,-8702.239301301113,15405.077521382374,18441.513046606207,-1.0059925089553872,-3.1498676315422927,2.1518107811825757,-8702.846559921656,15404.514927883278,18441.945525334148,-1.0059425627823657,-3.1499362933991506,2.1517004446031933,-0.6072586205427797,-0.5625934990966925,0.43247872794017894,4.994617302145343e-05,-6.866185685794335e-05,-0.00011033657938241959,0.17973021118149599,0.8400801663547315,-0.36643511411462315,-0.00013801412529967688,-1.8215561401631286e-05,-1.8777851504174828e-06
COSMOS 1989 (ETALON 1),2025-01-01 18:26:27.413952,-8994.579819636998,14443.910164369709,19067.007544939384,-0.9425986802652915,-3.2567935954084533,2.017419096093363,-8995.172390996415,14443.324412316191,19067.409303059358,-0.9425461592109059,-3.2568548531999113,2.0173087474795466,-0.5925713594169792,-0.5857520535173535,0.4017581199732376,5.252105438557919e-05,-6.1257791458047e-05,-0.00011034861381631345,0.17725024447091028,0.8307195642064295,-0.36625568616090637,-0.0001354399156882731,-1.8536788624221983e-05,4.598316287753352e-07
COSMOS 1989 (ETALON 1),2025-01-01 18:31:27.413952,-9267.594007338164,13451.707443647838,19651.524683318105,-0.8771720992990595,-3.3567336085234274,1.8786760416915058,-9268.170973467124,13451.100658125773,19651.895629190152,-0.8771170859199628,-3.3567874657001084,1.8785659011664393,-0.5769661289596115,-0.606785522064456,0.37094587204774143,5.501337909663562e-05,-5.385717668104917e-05,-0.0001101405250665266,0.17509574032220357,0.8213347616088529,-0.3652808711620157,-0.00013300109751351565,-1.8994173321179892e-05,2.8163916026273546e-06
COSMOS 1989 (ETALON 1),2025-01-01 18:36:27.413952,-9520.692818392115,12430.59777779641,20193.803123854123,-0.8098519963696162,-3.4494725385629863,1.7358769217098597,-9521.253287838523,12429.972087704286,20194.143223710136,-0.8097945889821858,-3.449519008378047,1.7357671777353971,-0.5604694464072963,-0.6256900921252964,0.3400998560136941,5.740738743043039e-05,-4.6469815060845576e-05,-0.00010974397446261719,0.1732193673256069,0.8118728365368684,-0.3635100437089663,-0.0001307228499453229,-1.95872386581884e-05,5.164141569329041e-06
COSMOS 1989 (ETALON 1),2025-01-01 18:41:27.413952,-9753.329591596645,11382.771873203776,20692.671439450194,-0.7407816601098602,-3.5348103396754595,1.5893257372299558,-9753.872703883528,11382.12941123182,20692.980719259085,-0.7407219662491116,-3.5348494568843307,1.5892165847035358,-0.5431122868831153,-0.6424619719564362,0.3092798088910058,5.969386074866634e-05,-3.9117208871175535e-05,-0.00010915252642007545,0.17157397318830767,0.8022860019766543,-0.3609458193661629,-0.00012860800372431827,-2.0286863308731897e-05,7.497440895144273e-06
COSMOS 1989 (ETALON 1),2025-01-01 18:46:27.413952,-9965.00122520061,10310.47813321024,21147.050630957023,-0.6701081528117356,-3.6125624825690466,1.439334569789935,-9965.526150990308,10309.821027922184,21147.329170678884,-0.6700462816934305,-3.6125942846847465,1.439226207541651,-0.5249257896975905,-0.6571052880553907,0.27853972186130704,6.187111830513459e-05,-3.180211569997482e-05,-0.00010836224828381091,0.17010183360886183,0.7925346255025333,-0.35759342068476835,-0.00012665270622813814,-2.1083554297350533e-05,9.816437221539933e-06
COSMOS 1989 (ETALON 1),2025-01-01 18:51:27.413952,-10155.24926314955,9216.017944074598,21555.95645674658,-0.5979820009979449,-3.682560340872442,1.2862229478851077,-10155.755207728838,9215.348319461806,21556.20439367878,-0.5979180514241307,-3.6825848739645153,1.2861155629070709,-0.5059445792885526,-0.6696246127921768,0.24793693220271962,6.394957381417044e-05,-2.453309207339771e-05,-0.00010738497803686187,0.1687475547594357,0.7825855817472023,-0.35345980213136463,-0.00012487282408683685,-2.1970528736569354e-05,1.212550111486626e-05
COSMOS 1989 (ETALON 1),2025-01-01 18:56:27.413952,-10323.660890659927,8101.740846691076,21918.50156981994,-0.524556901800679,-3.7446515677220304,1.1303171976469457,-10324.147092390876,8101.060813448705,21918.719093465676,-0.5244910054261709,-3.7446689059088385,1.1302109760872554,-0.48620173094968777,-0.6800332423708824,0.2175236457369465,6.589637450815644e-05,-1.7338186808046885e-05,-0.00010622155969031155,0.16744672332902455,0.7724159958407992,-0.3485527142029739,-0.00012326333671047247,-2.2910978454848203e-05,1.4394496427264528e-05
COSMOS 1989 (ETALON 1),2025-01-01 19:01:27.413952,-10469.86983698779,6970.039603212213,22233.897457876858,-0.4499894032633165,-3.7987004246861034,0.9719497787918954,-10470.335572539527,6969.351258304957,22234.084810352906,-0.44992167003510986,-3.7987106541395406,0.9718448909952713,-0.4657355517374526,-0.6883449072556687,0.1873524760485452,6.773322820663452e-05,-1.0229453437204938e-05,-0.00010488779662409797,0.1661373651106102,0.7620091091842581,-0.3428844691916542,-0.00012184479000878901,-2.389480654239917e-05,1.6636320794861352e-05
COSMOS 1989 (ETALON 1),2025-01-01 19:06:27.413952,-10593.557183407282,5823.345167952322,22501.456182089612,-0.37443858540245856,-3.844588084355564,0.8114586069495999,-10594.001764828088,5822.650587971115,22501.6136555443,-0.3743691337385826,-3.8445913047753493,0.8113552259310381,-0.44458142080657126,-0.6945799812074256,0.15747345468844287,6.945166387595236e-05,-3.220419785066042e-06,-0.00010338101856177673,0.1647529296119179,0.7513581632634316,-0.33646584021814663,-0.00012060855423133054,-2.4899881680030153e-05,1.8844422414853433e-05
COSMOS 1989 (ETALON 1),2025-01-01 19:11:27.413952,-10694.452074578718,4664.121572132815,22720.591910648294,-0.2980657361276826,-3.8822129014479287,0.6491863634182664,-10694.874853517114,4663.42280760708,22720.719842375653,-0.2979946870873391,-3.8822092233676813,0.6490846461965702,-0.422778938396732,-0.6987645257349868,0.12793172735837288,7.104904034349602e-05,3.678080247482285e-06,-0.0001017172216961626,0.16322483693429235,0.7404665322880991,-0.329313509002314,-0.00011956197556799336,-2.591175235495791e-05,2.100958556942105e-05
COSMOS 1989 (ETALON 1),2025-01-01 19:16:27.413952,-10772.332331611236,3494.8607322796274,22890.82224347486,-0.22103402392713178,-3.911490657299055,0.4854797934349335,-10772.732697799023,3494.1598061873374,22890.921015899803,-0.2209615014580777,-3.911480214412677,0.48537988831230905,-0.40036618778685806,-0.7009260922900467,0.09877242494258098,7.252246905409265e-05,1.0442886377859395e-05,-9.990512262447737e-05,0.16148636540216496,0.7293443274397329,-0.32144279261743747,-0.00011870610414540072,-2.6901122743756398e-05,2.3125448189412503e-05
COSMOS 1989 (ETALON 1),2025-01-01 19:21:27.413952,-10827.024965327571,2318.0771922048602,23011.769324843153,-0.14350815725811117,-3.932354752525498,0.3206889942775888,-10827.402347614445,2317.3760923738832,23011.839360746842,-0.1434342920929339,-3.932337683257174,0.320591045452602,-0.3773822868733987,-0.7010998309770002,0.07003590368913137,7.386516517726704e-05,1.7069268324121367e-05,-9.794882498681545e-05,0.15946941725353608,0.7180139375339747,-0.31287198934245153,-0.0001180305167825946,-2.7855918911141796e-05,2.5184117092587303e-05
COSMOS 1989 (ETALON 1),2025-01-01 19:26:27.413952,-10858.406588363127,1136.302808749181,23083.16074099003,-0.0656540504496661,-3.9447563899243505,0.15516669401040417,-10858.760456225667,1135.603485828053,23083.20249947105,-0.06557895315199858,-3.9447328534281496,0.1550708151589788,-0.3538678625409375,-0.6993229211279868,0.0417584810165863,7.509729766752571e-05,2.3536496200904367e-05,-9.587885142536834e-05,0.15710750198488765,0.7065050620625933,-0.3036224843305986,-0.00011756010007587264,-2.8750776117220297e-05,2.7190819477100865e-05
COSMOS 1989 (ETALON 1),2025-01-01 19:31:27.413952,-10866.403724923264,-47.91860840509274,23104.830200159093,0.012361522456558305,-3.9486647006810287,-0.01073247746899142,-10866.733586234008,-48.614245998954985,23104.84417337705,0.01243771425470186,-3.9486348744570137,-0.010826163572346559,-0.32986131074358127,-0.6956375938622443,0.01397321795593598,7.619179814355448e-05,2.9826224015039315e-05,-9.36861033551395e-05,0.1543355299333483,0.694857840061798,-0.2937150378254675,-0.00011726030000966628,-2.9557431091547888e-05,2.912490367580291e-05
COSMOS 1989 (ETALON 1),2025-01-01 19:36:27.413952,-10850.993017186554,-1232.0366923606348,23076.717992884856,0.09037127230294573,-3.9440668507941155,-0.1766527242034499,-10851.298419060722,-1232.72678154502,23076.704700547158,0.09044845275093394,-3.9440309084895944,-0.17674413142958656,-0.30540187416772824,-0.690089184385215,-0.01329233769865823,7.718044798821211e-05,3.5942304521086044e-05,-9.140722613665275e-05,0.1510904032205537,0.6831211583891145,-0.2831735270251659,-0.00011716055071387107,-3.0271861504263295e-05,3.099954118102259e-05
COSMOS 1989 (ETALON 1),2025-01-01 19:41:27.413952,-10812.201327519273,-2413.4999394537003,22998.871230700857,0.16820774329607957,-3.930968100638893,-0.34223782533445046,-10812.48185541429,-2414.182664378819,22998.83121611962,0.16828579530738352,-3.9309262514570946,-0.34232688323027105,-0.28052789501634834,-0.6827249251186913,-0.04001458123821067,7.80520113039529e-05,4.184918179817032e-05,-8.905789582058787e-05,0.14731260931135381,0.6713516505644282,-0.27202269463152107,-0.00011724979591531856,-3.0847474095293756e-05,3.279783519556914e-05
COSMOS 1989 (ETALON 1),2025-01-01 19:46:27.413952,-10750.105735848882,-3589.7611437245855,22871.443861840613,0.24570366426451073,-3.9093918414860127,-0.5071318803893519,-10750.361013878864,-3590.4347403519405,22871.377686561773,0.2457824586708739,-3.9093442670036893,-0.5072185184289992,-0.25527802998294646,-0.673596627354982,-0.06617527884009178,7.879440636315849e-05,4.7574482323398115e-05,-8.663803964736871e-05,0.1429466365634321,0.6596164826160883,-0.2602898604669923,-0.00011750443643581284,-3.130304767310917e-05,3.450893189708972e-05
COSMOS 1989 (ETALON 1),2025-01-01 19:51:27.413952,-10664.833431728286,-4758.28283454273,22694.696462896623,0.3226922992053005,-3.8793795796063932,-0.6709800573953544,-10665.063120117931,-4758.945590374612,22694.60470005028,0.3227717377285444,-3.879326500525167,-0.6710642470316088,-0.2296883896451618,-0.6627558318823503,-0.09176284634304466,7.94385232438799e-05,5.3079081226314884e-05,-8.41896362544503e-05,0.13793922788626933,0.6479890550804068,-0.24800286874746552,-0.00011794887330405023,-3.1583539860107856e-05,3.614285528102225e-05
COSMOS 1989 (ETALON 1),2025-01-01 19:56:27.413952,-10556.561500818048,-5916.5427063486595,22468.995805808994,0.3990078005408577,-3.8409908968960735,-0.8334293422849441,-10556.76529562026,-5917.192962332335,22468.87903782218,0.39908778986136895,-3.8409325243046624,-0.833511055472627,-0.2037948022116325,-0.650255983675379,-0.11676798681583023,7.99893205112312e-05,5.8372591411171015e-05,-8.171318768290803e-05,0.13224520985862268,0.6365505976645064,-0.23519028368864153,-0.00011856251643561555,-3.168661709308169e-05,3.7703897130892925e-05
COSMOS 1989 (ETALON 1),2025-01-01 20:01:27.413952,-10425.516605707408,-7062.039029414875,22194.81419997203,0.474485558735978,-3.794303363837571,-0.9941292884686845,-10425.694236860365,-7062.675180723387,22194.673010851388,0.4745659902346233,-3.794239906023904,-0.9942085311740811,-0.17763115295747411,-0.636151308512126,-0.1411891206407745,8.043149864533916e-05,6.345781366690062e-05,-7.924270539660938e-05,0.1258226613902319,0.6253899829696054,-0.22188219552718197,-0.00011934502465520564,-3.159893408507801e-05,3.916374475235167e-05
COSMOS 1989 (ETALON 1),2025-01-01 20:06:27.413952,-10271.974561190458,-8192.29603043903,21872.728609675247,0.5489625580667052,-3.739412428119067,-1.1527327648436767,-10272.12579365393,-8192.916524853497,21872.563578856665,0.5490433432260033,-3.7393440801652105,-1.1528095449320972,-0.15123246347138775,-0.6204944144665205,-0.16503081858172663,8.078515929810237e-05,6.834795385657344e-05,-7.678008842049167e-05,0.11863570693402994,0.6146011485620525,-0.20811233673186794,-0.0001202850605761921,-3.1319246356730144e-05,4.0539804475192394e-05
COSMOS 1989 (ETALON 1),2025-01-01 20:11:27.413952,-10096.25980433372,-9304.869231695848,21503.41954753344,0.6222777222319564,-3.6764312501618406,-1.3088967009280168,-10096.384433226234,-9305.472569645663,21503.231248140793,0.622358768068807,-3.676358225662625,-1.3089710629283218,-0.12462889251401066,-0.6033379498148861,-0.1882993926483323,8.104583685053512e-05,7.302449921553489e-05,-7.436200030497275e-05,0.11065683646609673,0.6042841865970408,-0.19391077891622738,-0.00012138059268451084,-3.080887654187003e-05,4.181240356191768e-05
COSMOS 1989 (ETALON 1),2025-01-01 20:16:27.413952,-9898.744759870315,-10397.3507374537,21087.669745008938,0.6942722656731348,-3.60549051360249,-1.4622828276042128,-9898.842611128326,-10397.935468002324,21087.45873569031,0.6943534937472577,-3.6054130116626766,-1.4623548189592839,-0.09785125801136019,-0.5847305486240657,-0.2110093186274753,8.122807412291877e-05,7.750193981337361e-05,-7.199135507107712e-05,0.101862757434622,0.5945426175365404,-0.17931165694636947,-0.00012261674803154467,-3.0066575585722662e-05,4.299348834696697e-05
COSMOS 1989 (ETALON 1),2025-01-01 20:21:27.413952,-9679.849101671853,-11467.37445632667,20626.3626015879,0.7647900326846866,-3.5267381867779477,-1.6125584118271945,-9679.92003110368,-11467.939176401562,20626.12942303582,0.7648713623693766,-3.526656377056497,-1.612628110920923,-0.07092943182760791,-0.5647200748917385,-0.23317855208006222,8.132968468999024e-05,8.180972145055421e-05,-6.969909372855909e-05,0.09223919615403928,0.5854853390188223,-0.16434972747815504,-0.0001240029592118135,-2.909626331719599e-05,4.406796307821227e-05
COSMOS 1989 (ETALON 1),2025-01-01 20:26:27.413952,-9440.03891127758,-12512.62124821837,20120.480414641315,0.83367785082919,-3.440339263779606,-1.7593969837798795,-9440.082803152003,-12513.164598219872,20120.225587930283,0.833759216731778,-3.4402533173888514,-1.7594644579330634,-0.043891874423934496,-0.5433500015024038,-0.254826711032365,8.136590258800425e-05,8.594639075454324e-05,-6.747415318386629e-05,0.08178098130552455,0.5772223213900745,-0.14905917017895998,-0.00012550883410429792,-2.7885376210464845e-05,4.505432155691343e-05
COSMOS 1989 (ETALON 1),2025-01-01 20:31:27.413952,-9179.82573467989,-13530.823984540928,19571.10239247744,0.9007858505137847,-3.3464754412980255,-1.9024790549301542,-9179.842501099934,-13531.344643580294,19570.826413171028,0.9008671822884935,-3.3463855231093476,-1.902544408752874,-0.01676642004531459,-0.5206590393663646,-0.27597930641422863,8.133177470881492e-05,8.991818867798429e-05,-6.535382271977141e-05,0.0704885914557303,0.5698657877102341,-0.13347609582206765,-0.00012713725039882644,-2.6412320945949163e-05,4.5932224415725776e-05
COSMOS 1989 (ETALON 1),2025-01-01 20:36:27.413952,-8899.765538785281,-14519.772510437351,18979.402453578703,0.9659678112348047,-3.2453447856296407,-2.041492825253954,-8899.75511761891,-14520.269189939652,18979.10578991393,0.9660490470905643,-3.245251029906285,-2.0415561658846855,0.010421166371088475,-0.49667950230104907,-0.2966636647724954,8.123585575958714e-05,9.375572335557081e-05,-6.334063073154539e-05,0.05836985907432449,0.5635275559645697,-0.11763550455131128,-0.00012888101544903313,-2.4686953124408602e-05,4.670838925341043e-05
COSMOS 1989 (ETALON 1),2025-01-01 20:41:27.413952,-8600.457569223778,-15477.318497787119,18346.646815507596,1.0290814825857524,-3.137161345599452,-2.1761348780164553,-8600.41992605975,-15477.789940124321,18346.329907783806,1.029162547474698,-3.1370638643184066,-2.1761963026438025,0.03764316402703116,-0.4714423372024612,-0.31690772379079135,8.106488894554786e-05,9.748128104547504e-05,-6.142462734715082e-05,0.04544475495896971,0.5583214139341469,-0.10157442341672371,-0.00013071477226572756,-2.272333891163572e-05,4.737509260131499e-05
COSMOS 1989 (ETALON 1),2025-01-01 20:46:27.413952,-8282.54311137593,-16401.380177897947,17674.191377464642,1.0899889006614103,-3.022154731614137,-2.3061108604088076,-8282.478236879646,-16401.825146278712,17673.8546345391,1.0900697283541376,-3.02205360984226,-2.3061704930951237,0.06487449628366448,-0.4449683807652036,-0.3367429255413299,8.082769272732548e-05,0.00010112177187693305,-5.963268631603569e-05,0.031736357918951796,0.5543583048245323,-0.085328960553327,-0.00013265293990993046,-2.0513454065901454e-05,4.7928923125380884e-05
COSMOS 1989 (ETALON 1),2025-01-01 20:51:27.413952,-7946.704156767569,-17289.946942878447,16963.478900984144,1.1485567028712467,-2.9005696618805814,-2.4311361485124507,-7946.612069162882,-17290.364218250448,16963.122705179005,1.1486372360805035,-2.9004649744128983,-2.4311940953339217,0.09208760468663968,-0.41727537200131337,-0.3561958051395777,8.053320925682783e-05,0.00010468746768310666,-5.794682147097774e-05,0.017281998363254364,0.551745920754872,-0.06893537609762024,-0.00013466843791022767,-1.8059317124718722e-05,4.838564557286472e-05
COSMOS 1989 (ETALON 1),2025-01-01 20:56:27.413952,-7593.661977188511,-18141.083804864793,16216.035993759284,1.2046564341771955,-2.77266547166073,-2.5509364945755806,-7593.542722043854,-18141.472176755065,16215.66069774358,1.2047366207070809,-2.772557266147487,-2.550992861495615,0.11925514465656306,-0.3883718902725377,-0.3752960157034977,8.018652988539543e-05,0.00010820551324286498,-5.636692003463395e-05,0.002122039512162166,0.5505888630929168,-0.052431048723060786,-0.00013675833843227828,-1.536686517407234e-05,4.8749960711454716e-05
COSMOS 1989 (ETALON 1),2025-01-01 21:01:27.413952,-7224.175609134928,-18952.935702452887,15433.46990209554,1.2581648320156091,-2.6387155822048953,-2.665248655317555,-7224.0292595356395,-18953.293964631837,15433.075833373436,1.2582445806474425,-2.6386038748532883,-2.665303543486516,0.14634959928844182,-0.35826217895009904,-0.3940687221038388,7.974863183335401e-05,0.00011170735160703771,-5.488816896104254e-05,-0.013692508412126825,0.5509875952992306,-0.035851594919444923,-0.00013890985046432244,-1.2460046590842078e-05,4.898865641329394e-05
COSMOS 1989 (ETALON 1),2025-01-01 21:06:27.413952,-6839.040251419384,-19723.73164390347,14617.46511799759,1.3089641199867401,-2.49900694369353,-2.7738209992457996,-6838.866911411188,-19724.05858789437,14617.052583575929,1.3090433535871853,-2.4988917539740214,-2.77387449847447,0.17334000819573703,-0.32694399090178194,-0.4125344216608937,7.923360044514993e-05,0.00011518971950863488,-5.34992286702618e-05,-0.030101677061940002,0.5530350192848121,-0.019233750697062346,-0.00014109957732191128,-9.327701962907839e-06,4.911930011677433e-05
COSMOS 1989 (ETALON 1),2025-01-01 21:11:27.413952,-6439.085579027085,-20451.788676939865,13769.779807399349,1.3569422790242243,-2.3538394392053306,-2.8764140914299787,-6438.885385193003,-20452.083085092654,13769.349095163876,1.3570209186191278,-2.3537207301633316,-2.8764662665871583,0.20019383408271096,-0.29440815278940136,-0.43071223547303816,7.86395949035068e-05,0.00011870904199895449,-5.2175157179590315e-05,-0.04704079254228688,0.5568187196934373,-0.002615082358194548,-0.00014333984817867376,-6.011930599406861e-06,4.9150932648270464e-05
COSMOS 1989 (ETALON 1),2025-01-01 21:16:27.413952,-6025.173976536953,-21135.51567524165,12892.24206654741,1.4019933079725888,-2.203525256798457,-2.972801254138176,-6024.947098515553,-21135.77631697757,12891.793454213312,1.4020712677047413,-2.2034029943315545,-2.9728521696815733,0.226878021399898,-0.2606417359202169,-0.44861233409756096,7.795973215252161e-05,0.00012226246690261178,-5.091554339742288e-05,-0.06443526923229378,0.5624177337867914,0.01397018981224138,-0.0001456137712359306,-2.50044667602762e-06,4.9077495888955297e-05
COSMOS 1989 (ETALON 1),2025-01-01 21:21:27.413952,-5598.198694628503,-21773.416932067455,11986.746014039067,1.4440174735600522,-2.0483882312291826,-3.062769101587037,-5597.945338291282,-21773.6425563777,11986.279773872811,1.444094650370971,-2.0482623595598852,-3.0628187658348907,0.25335633722170314,-0.22562431024562102,-0.4662401662553748,7.717681091889972e-05,0.0001258716692973394,-4.966424785379786e-05,-0.08220698444901958,0.5699019307474611,0.030486991523663576,-0.00014789592692097023,1.1578774722238242e-06,4.890735026701185e-05
COSMOS 1989 (ETALON 1),2025-01-01 21:26:27.413952,-5159.081933476704,-22364.095551775423,11055.247726501799,1.4829215519766876,-1.8887631562829483,-3.14611804731976,-5158.802347090662,-22364.284887186663,11054.764134741703,1.4829978458265032,-1.8886336116920575,-3.1461664619655494,0.27958638604195585,-0.18933541123988107,-0.4835917600958055,7.629384981555631e-05,0.00012954459089087322,-4.841464578930754e-05,-0.10026682557590363,0.5793310911346066,0.046898679892434986,-0.00015018469202544867,4.964844620140824e-06,4.864605919070404e-05
COSMOS 1989 (ETALON 1),2025-01-01 21:31:27.413952,-4708.772856993701,-22906.256630421216,10099.761026371429,1.5186190429940325,-1.7249950652148982,-3.2226627825730247,-4708.467330266618,-22906.40837953173,10099.260369764725,1.5186943188246005,-1.7248617564582673,-3.2227099172596354,0.3055267270829063,-0.15174911051508388,-0.5006566067040694,7.527583056798903e-05,0.00013330875663086772,-4.713468661066145e-05,-0.11852403050181237,0.590756066614359,0.06317226679866411,-0.00015247943775155488,8.879176605460146e-06,4.82756173428422e-05
COSMOS 1989 (ETALON 1),2025-01-01 21:36:27.413952,-4248.245542138723,-23398.7102170208,9122.353130685558,1.551030395120506,-1.5574384896099218,-3.2922327242085885,-4247.914413046792,-23398.82305464178,9121.835719027142,1.551104507074342,-1.5573013353423448,-3.2922785251939786,0.3311290919309613,-0.11283762097809813,-0.5174116584166768,7.411195383610902e-05,0.0001371542675769888,-4.580098539008759e-05,-0.13688093631634346,0.6042126140619248,0.07927392243438111,-0.00015476085084281023,1.2892192151215825e-05,4.779618715582224e-05
COSMOS 1989 (ETALON 1),2025-01-01 21:41:27.413952,-3778.4968677234688,-23840.37404752805,8125.140170249102,1.5800831831356845,-1.3864566854026634,-3.354672430672508,-3778.140524666028,-23840.446621815783,8124.606344317655,1.5801559845431257,-1.3863155936960538,-3.354716787667712,0.35634305744088124,-0.0725742877330049,-0.5338259314466995,7.28014074411476e-05,0.00014109170660958625,-4.435699520399794e-05,-0.15523533651407068,0.619727320536277,0.09517124245009312,-0.00015702231992271645,1.696085269020355e-05,4.723111416274599e-05
COSMOS 1989 (ETALON 1),2025-01-01 21:46:27.413952,-3300.5443472724996,-24230.276044080198,7110.282588950757,1.6057122968418298,-1.212420840649429,-3.409841984756895,-3300.16323416591,-24230.306977054875,7109.732729859364,1.6057836146055706,-1.2122757328033913,-3.409884761162175,0.3811131065895097,-0.030932974677853053,-0.5498590913930457,7.1317763740808e-05,0.00014510784603771754,-4.277640528016491e-05,-0.17348179731934582,0.6373143515640607,0.11083118971500594,-0.0001592484693919331,2.1064413314016113e-05,4.656765769771348e-05
COSMOS 1989 (ETALON 1),2025-01-01 21:51:27.413952,-2815.423910801286,-24567.556572565776,6079.980433411463,1.6278600951732187,-1.0357092576923606,-3.457617341680816,-2815.018531195791,-24567.54446217896,6079.414977003775,1.6279297531054908,-1.0355600652364956,-3.4576583731004575,0.40537960549499985,0.01211038681503851,-0.5654564076885435,6.96579322720936e-05,0.0001491924558649771,-4.103141964151291e-05,-0.1915112640016322,0.6569713796608833,0.12622312420114074,-0.00016143366362148862,2.518664719532586e-05,4.5814832380429874e-05
COSMOS 1989 (ETALON 1),2025-01-01 21:56:27.413952,-2324.1876404294426,-24851.47045214955,5036.468543518513,1.646476563158103,-0.8567065180031932,-3.497890641493541,-2323.7585611451937,-24851.41387574855,5035.887987661153,1.646544365126374,-0.8565531713102246,-3.497929711870711,0.42907928424892816,0.056576401002530474,-0.5805558573601957,6.780196827094187e-05,0.00015334669296862558,-3.9070377169991843e-05,-0.20921425704990348,0.678685603197388,0.14131621101932368,-0.00016358068540222348,2.92792855348231e-05,4.497657523580735e-05
COSMOS 1989 (ETALON 1),2025-01-01 22:01:27.413952,-1827.9014649911658,-25081.388710957403,3982.0116547525963,1.6615194267840252,-0.6758026253592107,-3.5305704844881802,-1827.449321046635,-25081.28623169709,3981.416573832945,1.661585163195241,-0.6756450911743741,-3.530607358533871,0.4521439445306896,0.10247926031297538,-0.5950809196515365,6.573641121576657e-05,0.00015753418483654968,-3.687404569063801e-05,-0.22647838571762774,0.7024269431085272,0.1560813143887882,-0.0001656703317477422,3.333214887080388e-05,4.4048830035398564e-05
COSMOS 1989 (ETALON 1),2025-01-01 22:06:27.413952,-1327.642818927858,-25256.80008274409,2918.8994235332734,1.6729542742202739,-0.4933921357114741,-3.5555821687389653,-1327.1683150257509,-25256.65025773493,2918.290476135593,1.673017724653164,-0.49323040359377046,-3.555616552716401,0.474503902107017,0.14982500915721175,-0.6089473976803674,6.345043289002206e-05,0.00016173211770365015,-3.4383977435936686e-05,-0.24319081892664535,0.7281547871903464,0.17049120536556878,-0.00016769499318945022,3.729436788726697e-05,4.304663306500258e-05
COSMOS 1989 (ETALON 1),2025-01-01 22:11:27.413952,-824.4982708768646,-25377.312240005886,1849.4413870971073,1.6807546391723918,-0.3098732711332559,-3.572867888779456,-824.0021886497063,-25377.113628105457,1848.8193262503714,1.6808155585350733,-0.3097073606950289,-3.5728994745099953,0.49608222715824013,0.19861190042865928,-0.6220608467358488,6.0919362681488565e-05,0.00016591043822700158,-3.158573053951841e-05,-0.259239851957309,0.7558123711650422,0.18451644611501056,-0.0001696523704910505,4.114676438406862e-05,4.195375553390647e-05
COSMOS 1989 (ETALON 1),2025-01-01 22:16:27.413952,-319.5611274813256,-25442.652759661447,775.9618696829882,1.6849020804829706,-0.12564702311647125,-3.5823868946841912,-319.04432508149233,-25442.403931636487,775.3275553744039,1.6849602183731918,-0.1254769814768224,-3.5824153283052738,0.5168023998332956,0.24882802495994838,-0.6343143085842939,5.813789022113269e-05,0.00017004163964884356,-2.8433621082513127e-05,-0.2745154211948853,0.7853274709323202,0.19813327706100597,-0.00017154574866145924,4.484753611584222e-05,4.078478787750711e-05
COSMOS 1989 (ETALON 1),2025-01-01 22:21:27.413952,186.0709818800233,-25452.669818106646,-299.20515298365075,1.6853862320092503,0.058883754354610574,-3.584115610835738,186.60756373277658,-25452.369368216627,-299.850749029932,1.6854413451806067,0.059057823549665045,-3.5841405238829793,0.5365818527532724,0.30044989001908107,-0.6455960462812413,5.511317135642457e-05,0.0001740691950544715,-2.4913047241170716e-05,-0.288910333320379,0.816615874098673,0.2113144802453228,-0.0001733568206610284,4.8386282633142266e-05,3.9552327743898756e-05
COSMOS 1989 (ETALON 1),2025-01-01 22:26:27.413952,691.2985338100558,-25407.332613155573,-1373.7212187293308,1.6822048383655783,0.2433152582416369,-3.578047713806427,691.8538715397846,-25406.979174684384,-1374.377003213926,1.6822566580603961,0.2434932169089734,-3.5780687156554905,0.5553377297287625,0.3534384711892926,-0.6557844845951877,5.181969481782289e-05,0.00017795866733649746,-2.100184906339564e-05,-0.3023183162126885,0.8495782560687983,0.22403673741179253,-0.00017509275301744322,5.172690045991781e-05,3.824266367368387e-05
COSMOS 1989 (ETALON 1),2025-01-01 22:31:27.413952,1195.0225471539088,-25306.731511092024,-2445.2485611679035,1.6753637690403593,0.42724365493268124,-3.5641941690005297,1195.5955327689944,-25306.323768503138,-2445.9133140089434,1.6754120147163576,0.4274253142430098,-3.5642108380684476,0.5729856150855994,0.40774258888632176,-0.6647528410398991,4.8245675998259685e-05,0.00018165931032854132,-1.6669067917973734e-05,-0.31463961261689466,0.8841027787967055,0.23627751533650904,-0.0001767512093742266,5.4827815891506675e-05,3.685822426731542e-05
COSMOS 1989 (ETALON 1),2025-01-01 22:36:27.413952,1696.1470210541038,-25151.077917789073,-3511.455296700712,1.6648770252832037,0.6102660011492844,-3.5425832257542424,1696.736461298896,-25150.614623350473,-3512.1276672911285,1.664921435883798,0.6104511056109914,-3.542595132536462,0.5894402447922857,0.4632944385994051,-0.672370590416449,4.441060059434676e-05,0.00018510446170694195,-1.1906782219739398e-05,-0.3257782563011552,0.9200656493999178,0.24801507694206504,-0.00017831647754166396,5.76749400610969e-05,3.541990651989036e-05
COSMOS 1989 (ETALON 1),2025-01-01 22:41:27.413952,2193.5813688416306,-24940.703873593495,-4570.02060378266,1.6507666992170016,0.7919811639512773,-3.5132603705933434,2194.1859833925732,-24940.18386207885,-4570.699105751918,1.6508070034637967,0.7921694149335963,-3.5132670937373405,0.6046145509426424,0.5200115146435564,-0.6785019692579226,4.0304246795130894e-05,0.00018825098231900483,-6.723143997078296e-06,-0.33564619866650686,0.9573285702790953,0.259228259856916,-0.00017979801736717348,6.02537659362051e-05,3.3914922384359614e-05
COSMOS 2024 (ETALON 2),2025-01-01 08:56:40.840224,-21498.970685954722,13614.555358176727,823.6751510494257,-0.9850732889281062,-1.3453448812069837,-3.591724035967218,-21499.716877768642,13613.894451845452,821.9682743337664,-0.9848364719837264,-1.345460308397378,-3.5917087240728733,-0.7461918139197223,-0.6609063312753278,-1.7068767156592912,0.00023681694437982515,-0.0001154271903942572,1.5311894344449684e-05,0.22146006865674597,1.958553438634676,0.14849710550479833,-0.00026119604011111007,-3.3834213092061556e-05,-1.6493337771391636e-05
COSMOS 2024 (ETALON 2),2025-01-01 09:01:40.840224,-21771.019988303935,13196.304987281663,-254.34404411948537,-0.828267407236126,-1.4425042582060996,-3.593787616906809,-21771.696556574076,13195.608232675992,-256.0472028615857,-0.8280295511031,-1.4426113767149218,-3.5937589253063607,-0.6765682701407059,-0.6967546056712308,-1.7031587421002996,0.0002378561330260709,-0.00010711850882216822,2.8691600448382815e-05,0.2344190199319696,1.9411445191006251,0.14479980848631224,-0.00025920560856855653,-3.6997266166898714e-05,-1.7798249056308595e-05
COSMOS 2024 (ETALON 2),2025-01-01 09:06:40.840224,-21995.74604235631,12749.370264550978,-1331.8102688667482,-0.669641656713793,-1.5365399402417097,-3.588037656702909,-21996.352681004828,12748.640047281602,-1333.5056918391617,-0.6694035008731589,-1.5366384693152213,-3.587995823637357,-0.6066386485181283,-0.7302172693762259,-1.695422972413553,0.00023815584063413553,-9.852907351159956e-05,4.1833065552054904e-05,0.2471336410012575,1.9221830553667518,0.14079783700462645,-0.0002572941823427377,-4.015257072402619e-05,-1.906994823072671e-05
COSMOS 2024 (ETALON 2),2025-01-01 09:11:40.840224,-22172.654746326654,12274.719415585747,-2406.3806437381127,-0.5095423805541941,-1.6272456160531874,-3.57448488986347,-22173.191370674824,12273.95820297245,-2408.0643871935617,-0.5093046701149433,-1.6273353064152616,-3.5744301976742463,-0.5366243481694255,-0.7612126132971753,-1.6837434554490756,0.00023771043925080448,-8.969036207417957e-05,5.4692189223715104e-05,0.2595083596802572,1.9016900436473456,0.13650181906183068,-0.0002554530939738466,-4.328371029332655e-05,-2.029991976149065e-05
COSMOS 2024 (ETALON 2),2025-01-01 09:16:40.840224,-22301.356433404544,11773.3814786482,-3475.718099159433,-0.34831933968598605,-1.7144222599126806,-3.553157310574079,-22301.823175279886,11772.591811424294,-3477.38630799792,-0.3480828068932169,-1.7145029156235978,-3.5530901038519005,-0.46674187534154044,-0.7896672239057807,-1.668208838486862,0.00023653279276913963,-8.065571091719903e-05,6.720672217852552e-05,0.27144707813729985,1.8796958628202187,0.13192034938311126,-0.0002536928956309579,-4.635096013957675e-05,-2.1479116956437745e-05
COSMOS 2024 (ETALON 2),2025-01-01 09:21:40.840224,-22381.566776558262,11246.444054197862,-4537.496546978699,-0.18632490584423067,-1.797878556923024,-3.5241001231397604,-22381.963979717355,11245.628533565041,-4539.145471173812,-0.18609024788383977,-1.7979500086457847,-3.5240207922206537,-0.3972031590928964,-0.8155206328210625,-1.648924195113068,0.00023465796039090492,-7.145172276068479e-05,7.933091910672374e-05,0.28285358868921684,1.856244622467552,0.1270629855837242,-0.00025202562903299124,-4.933957997933721e-05,-2.2622774909247367e-05
COSMOS 2024 (ETALON 2),2025-01-01 09:26:40.840224,-22413.107455321722,10695.050920052381,-5589.40603097295,-0.023913281886052573,-1.877431373390209,-3.4873756513343324,-22413.435668655133,10694.212195106906,-5591.032039090054,-0.02368117603691644,-1.8774935059464042,-3.4872846238749844,-0.32821333341053105,-0.8387249454754055,-1.6260081171039928,0.00023210584913613275,-6.213255619513802e-05,9.102745934796985e-05,0.2936319929482571,1.831392034597053,0.1219401148554029,-0.00025045905430667344,-5.222530536477776e-05,-2.3714082171908428e-05
COSMOS 2024 (ETALON 2),2025-01-01 09:31:40.840224,-22395.90658267112,10120.399517698703,-6629.157844018265,0.1385603111848468,-1.9529061565262964,-3.4430632068051636,-22396.166554535648,10119.540272907218,-6630.757436302355,0.13878920066417777,-1.952958877211131,-3.442960955192575,-0.2599718645287794,-0.8592447914852528,-1.5995922840902494,0.0002288894793309737,-5.272068483463954e-05,0.00010225161258858861,0.30368993802832395,1.8052057491172688,0.11656364037074451,-0.0002489744020063921,-5.49901502500287e-05,-2.4760596839396868e-05
COSMOS 2024 (ETALON 2),2025-01-01 09:36:40.840224,-22329.998890745526,9523.738315592609,-7654.489599686503,0.30074043532658834,-2.0241373419103184,-3.391258916958577,-22330.19155851595,9522.861258577661,-7656.059419750263,0.3009654906018113,-2.0241806289195665,-3.391145952296938,-0.19266777042503236,-0.87705701494815,-1.5698200637598347,0.00022505527522298507,-4.328700924816076e-05,0.00011296466163912555,0.3129364911686577,1.7777645671211153,0.11094505936258359,-0.00024759760574180075,-5.7595495066681436e-05,-2.5745707089487912e-05
COSMOS 2024 (ETALON 2),2025-01-01 09:41:40.840224,-22215.525674772092,8906.364055674563,-8663.170246137235,0.462272242315521,-2.090968731479734,-3.3320755124859716,-22215.652155091313,8905.471904552433,-8664.707092291164,0.46249287737737177,-2.0910025962857617,-3.3319523767149803,-0.12648031922071823,-0.8921511221305991,-1.5368461539292184,0.0002206350618507713,-3.3864806027850136e-05,0.00012313577099121176,0.32128470882134463,1.7491591986409276,0.10509629110251761,-0.0002463225961650516,-6.002393903421508e-05,-2.667169031245431e-05
COSMOS 2024 (ETALON 2),2025-01-01 09:46:40.840224,-22052.73449522041,8269.618889588666,-9653.005010315965,0.6228022797477024,-2.1532538474275498,-3.2656420753210114,-22052.796072107187,8268.714359916541,-9654.505843304156,0.6230179408557888,-2.153278329369641,-3.2655093323937763,-0.06157688677558326,-0.9045296721251361,-1.5008329881911777,0.0002156611080863513,-2.448194209137e-05,0.00013274292723508552,0.32865067066531595,1.7194903317894945,0.09903047377616059,-0.0002451409706541333,-6.226662915886783e-05,-2.7541517032993736e-05
COSMOS 2024 (ETALON 2),2025-01-01 09:51:40.840224,-21841.978638835244,7614.887411410151,-10621.840260646299,0.781979291481548,-2.2108562693456406,-3.1921037475513003,-21841.976751486938,7613.973202843138,-10623.302212419476,0.7821894850603712,-2.210871461256829,-3.191962008442715,0.0018873483058996499,-0.9142085670127926,-1.4619517731771339,0.00021019357882323675,-1.5191911188594531e-05,0.00014173910858517047,0.33495552530225026,1.6888706088723704,0.09276160701249525,-0.0002440627794460185,-6.427334986250241e-05,-2.836204917028452e-05
COSMOS 2024 (ETALON 2),2025-01-01 09:56:40.840224,-21583.716339820923,6943.593593947842,-11567.568276652046,0.939455015486601,-2.2636499404316055,-3.1116214020603365,-21583.65257054005,6942.672379991118,-11568.988655908428,0.9396592687880911,-2.263655975378242,-3.111471281330523,0.06376928087411216,-0.9212139567243867,-1.420379256382148,0.00020425330149009824,-6.034946636646055e-06,0.00015012072981335223,0.34012737514669933,1.6574208786877531,0.08630357335266103,-0.00024307028731915763,-6.604016436329028e-05,-2.9113525785403718e-05
COSMOS 2024 (ETALON 2),2025-01-01 10:01:40.840224,-21278.509763108836,6257.197635975669,-12488.131914106767,1.0948849720225553,-2.311519455098278,-3.0243712759456685,-21278.38582147307,6256.272050747084,-12489.508211143819,1.0950828820532479,-2.311516504393694,-3.024213385233452,0.12394163576391293,-0.9255852285850779,-1.3762970370516996,0.00019791003069258295,2.9507045837817714e-06,0.00015789071221661288,0.3440986140305714,1.6252728265558893,0.0796709591336977,-0.00024218775828649652,-6.755532447806335e-05,-2.9798184195924655e-05
COSMOS 2024 (ETALON 2),2025-01-01 10:06:40.840224,-20927.023752235917,5557.1927278975845,-13381.52915471945,1.24792924450594,-2.354360314353471,-2.9305445674981456,-20926.841462263623,5556.265357366207,-13382.859044515673,1.248120456632023,-2.354348589188703,-2.930379550332873,0.18228997229380184,-0.9273705313771643,-1.3298897962231422,0.00019121212608297355,1.1725164767995011e-05,0.00016501716527272947,0.34681067392298326,1.5925651622126429,0.07287775465650703,-0.0002414005438430593,-6.877886809982592e-05,-3.0421476292857096e-05
COSMOS 2024 (ETALON 2),2025-01-01 10:11:40.840224,-20530.02434493092,4845.101743515616,-14245.817529711963,1.3982532466761768,-2.3920791624605044,-2.8303469981237868,-20529.78562773493,4844.175112839181,-14247.09887058362,1.3984374456485966,-2.3920588944392875,-2.83017548738826,0.2387171959890111,-0.9266306764357068,-1.2813408716574486,0.00018419897241983563,2.0268021216907073e-05,0.00017151073552668095,0.34820848496475243,1.5594446110499212,0.06594009113076615,-0.00024069879967584916,-6.971515070953695e-05,-3.098180307256885e-05
COSMOS 2024 (ETALON 2),2025-01-01 10:16:40.840224,-20088.37706025005,4122.473866046828,-15079.118406642552,1.545528479062341,-2.4245939873280804,-2.723998340226899,-20088.083920940764,4121.550431592298,-15080.349242707203,1.5457054025646357,-2.4245654499045486,-2.72382095998546,0.2931393092876533,-0.923434454530252,-1.2308360646511574,0.00017692350229481235,2.8537423531815875e-05,0.0001773802414390957,0.3482485083454805,1.5260655971597679,0.058873033807705144,-0.0002400858505151895,-7.034628116392119e-05,-3.146816435531655e-05
COSMOS 2024 (ETALON 2),2025-01-01 10:21:40.840224,-19603.04496146999,3390.881156176744,-15879.621129806064,1.6894332660085638,-2.4518343086106142,-2.6117319124532514,-19602.699474597393,3389.9632974334327,-15880.7996869057,1.6896027178554505,-2.451797807030289,-2.61154927966345,0.3454868725966662,-0.9178587433111716,-1.1785570996362367,0.00016945184688665904,3.6501580325420946e-05,0.00018263278980157338,0.3468950258421398,1.4925864776043911,0.05169271545261206,-0.0002395686564988909,-7.064898163974714e-05,-3.188432070535104e-05
COSMOS 2024 (ETALON 2),2025-01-01 10:26:40.840224,-19075.086499691777,2651.9150705107368,-16645.58700442284,1.8296534798319044,-2.4737413234615815,-2.493794043744856,-19074.690790891556,2651.005082637847,-16646.71168587285,1.8298152935312828,-2.4736971851434646,-2.4936067735325196,0.3957088002207456,-0.9099878728898148,-1.124681450011849,0.00016181369937839918,4.413831811689306e-05,0.00018727021233644336,0.34411802693361276,1.4591716543202526,0.044414121031960685,-0.0002391174355162544,-7.06137861315982e-05,-3.222641930991432e-05
COSMOS 2024 (ETALON 2),2025-01-01 10:31:40.840224,-18505.65314355877,1907.182938660872,-17375.3531155388,1.9658832437307865,-2.4902680312495704,-2.3704435076142545,-18505.209380676148,1906.2830248730068,-17376.422498647044,1.9660373232036363,-2.4902165895261987,-2.370252173532208,0.44376288262355956,-0.8999137878652164,-1.0693831082426186,0.00015407947284984402,5.144172337168129e-05,0.0001913340820465237,0.3399019339559214,1.4259888245525407,0.037055381838869694,-0.00023875587606174604,-7.024578291001641e-05,-3.250580623622916e-05
COSMOS 2024 (ETALON 2),2025-01-01 10:36:40.840224,-17895.98680104871,1158.3044073008377,-18067.33597293727,2.0978256144881016,-2.501379328164603,-2.2419509282699437,-17895.497173992368,1157.416676271669,-18068.348801048356,2.0979718931739626,-2.5013209390504016,-2.241756081533822,0.4896270563440339,-0.8877310291686626,-1.0128281110846729,0.00014627868586103432,5.8389114201418124e-05,0.0001948467361216899,0.33423535566337004,1.3932087358960814,0.029630428679759846,-0.00023846621835096513,-6.954093539899749e-05,-3.270954265891168e-05
COSMOS 2024 (ETALON 2),2025-01-01 10:41:40.840224,-17247.4170397856,406.9078596540564,-18720.034973852435,2.225193242145906,-2.507052082925952,-2.1085981600772357,-17246.883753583174,406.034319777431,-18720.990148145174,2.2253317052345665,-2.506987118394875,-2.1084003394244064,0.5332862024260976,-0.8735398766253866,-0.9551742927396845,0.00013846308866050094,6.496453107729394e-05,0.00019782065282925032,0.3271205951381483,1.361001531280169,0.022157783124658936,-0.0002382375304496074,-6.848022439150553e-05,-3.284457120820214e-05
COSMOS 2024 (ETALON 2),2025-01-01 10:46:40.840224,-16561.358112810412,-345.3731812388721,-19332.035675772182,2.34770900739386,-2.507275163912709,-1.97067764239182,-16560.783370468293,-346.23062334292376,-19332.93224723099,2.347839683334314,-2.507203997198758,-1.9704773475241382,0.5747423421198619,-0.8574421040516427,-0.8965714588084666,0.00013067594045423903,7.116671395124285e-05,0.00020029486768180504,0.3185669308686429,1.3295399659273783,0.01465236959106403,-0.0002380699276761408,-6.706946017440442e-05,-3.2914034333103584e-05
COSMOS 2024 (ETALON 2),2025-01-01 10:51:40.840224,-15839.305797185727,-1096.9036569739417,-19902.012872132258,2.4651066320348036,-2.5020494636034982,-1.8284917309501907,-15838.69179205082,-1097.743199475436,-19902.850030684767,2.4652295728556055,-2.5019724771366327,-1.8282894088661124,0.6140051349066198,-0.8395425014944067,-0.8371585525092087,0.00012294082080188673,7.698646686549182e-05,0.0002023220840783324,0.30859515316495395,1.2989944265042672,0.007132383924396246,-0.00023796240279605227,-6.532289779283989e-05,-3.289986451565515e-05
COSMOS 2024 (ETALON 2),2025-01-01 10:56:40.840224,-15082.834053245588,-1846.0505776084553,-20428.733464233545,2.577131263768024,-2.491387874981683,-1.6823520082398318,-15082.182957153349,-1846.8705211379836,-20429.51052808717,2.5772465570444183,-2.4913054552519043,-1.6821480893413536,0.6510960922387312,-0.8199435295282456,-0.7770638536239858,0.00011529327639436815,8.24197297788487e-05,0.00020391889847815037,0.2972344350748499,1.2695327039699436,-0.0003869227845102463,-0.00023789495236588323,-6.323007665995099e-05,-3.280880429884121e-05
COSMOS 2024 (ETALON 2),2025-01-01 11:01:40.840224,-14293.591512697712,-2591.1866164827493,-20911.05912325315,2.683540032214296,-2.4753152485204737,-1.53257857403878,-14292.905470090187,-2591.9853641487,-20911.7755288169,2.68364781125274,-2.4752277590446283,-1.5323734428166063,0.6860426075254509,-0.7987476659504864,-0.7164055637476849,0.00010777903844427783,8.748947584535927e-05,0.00020513122217380442,0.2845260608406782,1.2413186181675828,-0.007888844232058823,-0.0002378782441948763,-6.080086760823888e-05,-3.26610357924505e-05
COSMOS 2024 (ETALON 2),2025-01-01 11:06:40.840224,-13473.297804153093,-3330.6936877811922,-21347.948736772825,2.7841025767920655,-2.453868324724681,-1.3794993185802014,-13472.578922216839,-3331.4697448191746,-21348.60402613988,2.784202982475108,-2.453776132922485,-1.3792933237491525,0.7188819362545473,-0.7760570379823548,-0.655289367055957,0.00010040568304248154,9.219180219588452e-05,0.0002059948310488835,0.27051857621502734,1.2145138125893116,-0.015356366888010231,-0.00023789240398561985,-5.804492740806241e-05,-3.244211038674621e-05
COSMOS 2024 (ETALON 2),2025-01-01 11:11:40.840224,-12623.739725009662,-4062.9664986125445,-21738.46063480525,2.8786015432415297,-2.4270956317991477,-1.2234491797134979,-12622.990070964936,-4063.7184662777336,-21739.0544439786,2.87869472341481,-2.4269990939405943,-1.223242622367252,0.7496540447264124,-0.7519676651891132,-0.5938091733478359,9.318017328041606e-05,9.653785855334718e-05,0.00020655734624597244,0.25527095895763147,1.1892703619041418,-0.022773546625828145,-0.00023793180945564117,-5.498417712913731e-05,-3.214396412095281e-05
COSMOS 2024 (ETALON 2),2025-01-01 11:16:40.840224,-11746.76726891816,-4786.41606758529,-22081.754590863227,2.966833049258639,-2.3950573616402835,-1.0647693861792504,-11745.988864518727,-4787.14264086362,-22082.28663904554,2.9669191775265062,-2.394956812565397,-1.0645625220931834,0.7784043994324747,-0.7265732783298517,-0.5320481823109731,8.612826786702499e-05,0.00010054907488665776,0.00020686408606707118,0.23885115741867258,1.1657358431134217,-0.030124322724843167,-0.0002380035975705465,-5.162843403725036e-05,-3.177636595081319e-05
COSMOS 2024 (ETALON 2),2025-01-01 11:21:40.840224,-10844.289518362324,-5499.473201885841,-22377.093594185633,3.0486071174291283,-2.3578252176721435,-0.9038066890352638,-10843.484339259541,-5500.173162953625,-22377.56367271039,3.0486863673722837,-2.3577209784107254,-0.9035997483624669,0.8051791027828585,-0.6999610677839883,-0.47007852475508116,7.924994315544609e-05,0.00010423926141811535,0.00020694067279691808,0.22133638239967499,1.1440474843722002,-0.03739335148510636,-0.00023808689110677592,-4.799274632221014e-05,-3.1339236626614684e-05
COSMOS 2024 (ETALON 2),2025-01-01 11:26:40.840224,-9918.270412121192,-6200.59192511849,-22623.84538980303,3.1237480788349785,-2.315482244002851,-0.7409125827398384,-9917.440385812857,-6201.264139765369,-22624.253350018524,3.1238206179732515,-2.315374615412111,-0.7407057472373708,0.830026308334709,-0.6722146468791834,-0.40796021549249417,7.253913827298675e-05,0.00010762859074020525,0.00020683550246758386,0.20281049756961925,1.1243352250646765,-0.04456394490683671,-0.0002381834784877895,-4.4104596762683055e-05,-3.082499516603072e-05
COSMOS 2024 (ETALON 2),2025-01-01 11:31:40.840224,-8970.724397635879,-6888.252848247068,-22821.483783696458,3.1920949348095746,-2.2681226125887406,-0.5764425182242121,-8969.871405664067,-6888.896258246378,-22821.829530521347,3.1921609509008704,-2.2680118682155808,-0.5762359522850602,0.8529919718112069,-0.6434099993102791,-0.34574682488891995,6.601609129575081e-05,0.00011074437315983232,0.0002065659391519148,0.18336844555069262,1.1067175902319697,-0.05162157257444289,-0.0002382838524744727,-3.996551398454995e-05,-3.0257082743055834e-05
COSMOS 2024 (ETALON 2),2025-01-01 11:36:40.840224,-8003.711978478127,-7560.966476234013,-22969.589710872187,3.253501692685859,-2.215851404465866,-0.41075510951850447,-8002.837859864863,-7561.580092058262,-22969.8731893215,3.2535613440040834,-2.215737785080819,-0.41054893017280847,0.8741186132638177,-0.6136158242497913,-0.2834784493134066,5.965131822449621e-05,0.00011361938504705904,0.00020617934569600038,0.16310838109889475,1.09129982493195,-0.05855005694222,-0.00023839223781423917,-3.5622306558245876e-05,-2.9627001897127305e-05
COSMOS 2024 (ETALON 2),2025-01-01 11:41:40.840224,-7019.335167316716,-8217.276443120772,-23067.85206474018,3.3078376639969065,-2.1587843586312374,-0.2442113360229996,-7018.441719455047,-8217.859336749005,-23068.07325427863,3.3078910794720287,-2.158668097858026,-0.2440056452724093,0.8934478616693013,-0.5828936282323411,-0.22118953845347278,5.3415475122164935e-05,0.00011626077321125194,0.00020569075059029274,0.14213579704539459,1.0781778602053125,-0.06533599496398734,-0.00023848439202081063,-3.110128426663918e-05,-2.8920064454160502e-05
COSMOS 2024 (ETALON 2),2025-01-01 11:46:40.840224,-6019.7328548948435,-8855.762668550467,-23116.068286746686,3.354987722700571,-2.097047594783362,-0.07717374224375817,-6018.821841006737,-8856.313967801912,-23116.22719493593,3.355035041444353,-2.096928898416081,-0.07696860617943457,0.9110138881069361,-0.5512992514450161,-0.15890818924526684,4.731874378194334e-05,0.00011869636728079058,0.00020513606432359666,0.12056353546380535,1.06743363924529,-0.07196416678310046,-0.00023857707924093222,-2.640811053986736e-05,-2.8147556972362898e-05
COSMOS 2024 (ETALON 2),2025-01-01 11:51:40.840224,-5007.076105683022,-9475.044428924162,-23114.144715766433,3.394852537156112,-2.0307773227686994,0.08999436335579958,-5006.149262870436,-9475.5633084098,-23114.241372718112,3.394893856865565,-2.0306563551730505,0.09019887699105311,0.9268428125860737,-0.5188794856385357,-0.09665695167859667,4.131970945309149e-05,0.00012096759564883541,0.00020451363525353372,0.09850892213302195,1.0591328287941428,-0.07842021038916303,-0.0002386491910310933,-2.1594989530534982e-05,-2.7322603066770316e-05
COSMOS 2024 (ETALON 2),2025-01-01 11:56:40.840224,-3983.563390934683,-10073.78333665557,-23062.096697309404,3.4273487572363592,-1.9601195221239323,0.25692970821182826,-3982.6224334635285,-10074.269011030337,-23062.13115149741,3.4273841601725508,-1.9599964351618837,0.2571335589964292,0.9409574711544337,-0.4856743747677683,-0.03445418800765765,3.54029361915309e-05,0.0001230869620485464,0.0002038507846009452,0.07609225583744701,1.0533304046280403,-0.08469167129283658,-0.0002387088851479446,-1.6676684067282855e-05,-2.643609009835399e-05
COSMOS 2024 (ETALON 2),2025-01-01 12:01:40.840224,-2951.415769955544,-10650.686221222886,-22960.048453138697,3.4524091688181215,-1.8852296050972654,0.4232698527921457,-2950.462400866119,-10651.13793925733,-22960.02076884737,3.452438691934276,-1.8851045265801076,0.42347299424000084,0.9533690894249958,-0.45171803444463876,0.02768429132629535,2.952311615445069e-05,0.00012507851715781726,0.00020314144785515964,0.05343800853994365,1.0500640357950006,-0.09076410784563005,-0.00023873874397978092,-1.1699871027117635e-05,-2.548769937565084e-05
COSMOS 2024 (ETALON 2),2025-01-01 12:06:40.840224,-1912.872030431989,-11204.507905986764,-22808.232712427678,3.469982813154502,-1.8062720601283218,0.5886539829371031,-1911.9079485920838,-11204.924942072907,-22808.142969900695,3.470006474527736,-1.8061450866953237,0.5888563747612352,0.9640818399052478,-0.4170360861426161,0.08974252698317287,2.366137323406292e-05,0.00012697343299805652,0.00020239182413206436,0.030672647607891207,1.0493565387473462,-0.0966263711751429,-0.00023874679923042866,-6.690989211502549e-06,-2.4490003404144348e-05
COSMOS 2024 (ETALON 2),2025-01-01 12:11:40.840224,-870.1837986836368,-11734.053875014932,-22606.990106107827,3.4800350690712776,-1.7234200757138751,0.7527236959685979,-869.2107096209435,-11734.43552635666,-22606.838400581448,3.4800528633527392,-1.7232912931267492,0.7529253004904604,0.9730890626933615,-0.3816513417277747,0.15170552637937362,1.7794281461647188e-05,0.0001287825871258974,0.00020160452186246403,0.007923882095804718,1.0512154559686644,-0.10226394543153312,-0.00023873371977127422,-1.6698723217794742e-06,-2.3439219389051485e-05
COSMOS 2024 (ETALON 2),2025-01-01 12:16:40.840224,174.38936930862852,-12238.182824438096,-22356.768326570033,3.4825476993787845,-1.6368551465275232,0.9151237786754791,175.36974422677412,-12238.528401790092,-22356.55477183676,3.482559568454576,-1.6367246221161622,0.9153245294037333,0.9803749181455998,-0.3455773519963259,0.2135547332727583,1.1869075791537398e-05,0.00013052441136096604,0.00020075072825420648,-0.014681052346750961,1.0556309368257504,-0.10766662604244553,-0.00023868070789605141,3.3080987193806005e-06,-2.2336695748673678e-05
COSMOS 2024 (ETALON 2),2025-01-01 12:21:40.840224,1218.5849052685114,-12715.80909314871,-22058.121055383686,3.477518859543352,-1.5467666627828294,1.0755029755600845,1219.5708216861972,-12716.117920358978,-22057.845788595772,3.477524723030001,-1.5466344408214354,1.0757028153711872,0.9859164176857576,-0.308827210268646,0.2752667879140063,5.863486649104743e-06,0.00013222196139395237,0.00019983981110271998,-0.03701292028272968,1.062580916699293,-0.11282318995561513,-0.00023861385601317022,8.219974420099822e-06,-2.1185782760564585e-05
COSMOS 2024 (ETALON 2),2025-01-01 12:26:40.840224,2260.142143616892,-13165.904967957513,-21711.706662184843,3.4649630720837195,-1.4533514841496071,1.233514745861612,2261.1318203239343,-13166.176376381718,-21711.36984787437,3.464962828552416,-1.4532176028296817,1.2337135946690978,0.9896767070422356,-0.2714084242052195,0.3368143104707997,-2.43531303567579e-07,0.00013388131992542185,0.00019884880748577416,-0.05894632301161601,1.0720229912675543,-0.11772185067615556,-0.00023852740803975513,1.3044416965453626e-05,-1.9990852179209377e-05
COSMOS 2024 (ETALON 2),2025-01-01 12:31:40.840224,3296.807223399836,-13587.502858620153,-21318.28667836301,3.444911164815494,-1.3568134988763632,1.3888180075555283,3297.798836977821,-13587.736185854688,-21317.88851651278,3.444904667540868,-1.3566779976154066,1.389015744349308,0.9916135779849355,-0.2333272345349542,0.39816185022937134,-6.497274625871796e-06,0.0001355012609565165,0.00019773679377976805,-0.08035664745160287,1.0839024785957079,-0.1223526522079175,-0.0002384045647126459,1.7733359031009032e-05,-1.874666408520928e-05
COSMOS 2024 (ETALON 2),2025-01-01 12:36:40.840224,4326.337966545887,-13979.69733846319,-20878.72404963621,3.417410178272803,-1.2573631681298139,1.5410778671830485,4327.329643531793,-13979.891925935683,-20878.26478140264,3.4173972681064697,-1.2572260731467395,1.5412743368906376,0.9916769859064516,-0.19458747249336739,0.4592682335714926,-1.29101663333131e-05,0.00013709498307434842,0.00019646970758913085,-0.10112499516269563,1.0981503158028798,-0.12670618947439408,-0.0002382461432689825,2.2261236144716854e-05,-1.7471844831982877e-05
COSMOS 2024 (ETALON 2),2025-01-01 12:41:40.840224,5346.508721975693,-14341.647046650916,-20393.981172055242,3.3825232288645566,-1.1552170596314681,1.689966333549819,5347.498527774407,-14341.802238667278,-20393.46109107529,3.3825037110600533,-1.1550784073806426,1.6901613814734446,0.98980579871386,-0.15519201636197977,0.5200809799534909,-1.9517804503266234e-05,0.0001386522508255439,0.0001950479236256797,-0.1211359871310625,1.1146787551936848,-0.1307732853495053,-0.00023807736150113052,2.660277835771685e-05,-1.6141436943979147e-05
COSMOS 2024 (ETALON 2),2025-01-01 12:46:40.840224,6355.115165228807,-14672.57644845338,-19865.11771641153,3.3403293468672928,-1.0505973680265015,1.8351630143006332,6356.101102707749,-14672.691595768645,-19864.5371785563,3.3403030142017087,-1.0504571815054078,1.8353564264216402,0.9859374789421054,-0.1151473152658582,0.5805378552286129,-2.633266558405012e-05,0.00014018652109371033,0.00019341212100698613,-0.140277464790379,1.133391185292174,-0.13454542698684438,-0.00023788979350531812,3.072088805257213e-05,-1.4784847270031803e-05
COSMOS 2024 (ETALON 2),2025-01-01 12:51:40.840224,7349.979043412223,-14971.777450205687,-19293.2882464428,3.290923277075308,-0.943731425304577,1.9763557937694713,7350.9590438241585,-14971.851908748466,-19292.647678927067,3.290889902868912,-0.9435897379153175,1.9765473243387532,0.9800004119351797,-0.07445854277830222,0.6405675157329824,-3.337420639581978e-05,0.00014168738925945945,0.00019153056928189471,-0.1584472894340077,1.154174184645453,-0.1380146085279904,-0.00023769150059486452,3.4588347681680445e-05,-1.3398121016461591e-05
COSMOS 2024 (ETALON 2),2025-01-01 12:56:40.840224,8328.952855474943,-15238.610865968536,-18679.73963663673,3.2344152450205,-0.8348512026404933,2.113241490915243,8329.924775910333,-15238.6440024443,-18679.03955203269,3.2343746022197593,-0.8347080691819428,2.113430862820678,0.9719204353896203,-0.03313647576396761,0.700084604039148,-4.0642800740897655e-05,0.00014313345855043735,0.0001893719054351095,-0.1755465731123123,1.1769024387238045,-0.14117316303441413,-0.00023748355458937855,3.8194751294498395e-05,-1.197768967469154e-05
COSMOS 2024 (ETALON 2),2025-01-01 13:01:40.840224,9289.924457982426,-15472.507733240986,-18025.8082958203,3.170930694644994,-0.7241928023468063,2.2455264958516636,9290.886079160764,-15472.498927578854,-18025.04929992978,3.170882545342465,-0.7240482851375418,2.2457133758143755,0.9616211783377366,0.008805662131635472,0.7589958905227832,-4.8149302529054694e-05,0.00014451720926444978,0.00018687996271182783,-0.19148791513618063,1.2014408016306821,-0.144013786414806,-0.00023726421023514429,4.1501605030419355e-05,-1.0536170660428696e-05
COSMOS 2024 (ETALON 2),2025-01-01 13:06:40.840224,10230.821586805732,-15672.970475396738,-17332.917203097313,3.1006099923379224,-0.6119959431052848,2.3729273839780944,10231.77061316488,-15672.919126751247,-17332.100009786824,3.1005540894148,-0.6118501207820373,2.373111410841375,0.9490263591469557,0.05134864549108897,0.8171933104895288,-5.5902923122630455e-05,0.0001458223232475575,0.00018402686328045093,-0.20618912826536406,1.2276430216670313,-0.1465307994782737,-0.00023705250976981714,4.448648374959653e-05,-9.06827189928125e-06
COSMOS 2024 (ETALON 2),2025-01-01 13:11:40.840224,11149.616285346985,-15839.573908860133,-16602.572763051397,3.0236080973718344,-0.4985034412602545,2.495171506605402,11150.550343219906,-15839.47944003889,-16601.6982049852,3.023544208133899,-0.4983564186568401,2.495352296875353,0.9340578729206754,0.09446882124393596,0.8745580661961867,-6.388923793565482e-05,0.00014702260341437068,0.00018079026995110326,-0.21957976173491417,1.255351641822017,-0.14871873759662563,-0.0002368590880861945,4.7149451864945965e-05,-7.569935768704815e-06
COSMOS 2024 (ETALON 2),2025-01-01 13:16:40.840224,12044.329230189824,-15971.966093361572,-15836.361487473048,2.9400942086303985,-0.38396068304973596,2.6119975565779896,12045.24587456651,-15971.827959966537,-15835.430526787366,2.94002211953557,-0.3838125898000726,2.612174662479447,0.9166443766862358,0.13813339503576572,0.9309606856822938,-7.208909482869785e-05,0.00014809324966336135,0.0001771059014572529,-0.23159616804953465,1.2844051576783198,-0.15057274751678562,-0.00023666763727810315,4.9463907386749516e-05,-6.058040219171962e-06
COSMOS 2024 (ETALON 2),2025-01-01 13:21:40.840224,12913.03394529045,-16069.869023973728,-15035.94651119039,2.850251376032247,-0.2686150971785537,2.723156108375406,12913.930659210786,-16069.686718701216,-15034.960249818909,2.8501708843723463,-0.2684660705526767,2.7233290566455253,0.8967139203359693,0.182305272512167,0.9862613714813051,-8.049165990087204e-05,0.00014902662587701343,0.0001729482701193774,-0.2421890223004623,1.3146315326478089,-0.15208869462074626,-0.00023650525959052792,5.141570226779225e-05,-4.542512245096084e-06
COSMOS 2024 (ETALON 2),2025-01-01 13:26:40.840224,13753.860896163758,-16133.079163923323,-14203.063949888485,2.75427608692371,-0.15271562271300354,2.8284101312747225,13754.735099493777,-16132.852228383088,-14202.023640150266,2.7541870052846207,-0.1525658421960543,2.8285784314048215,0.8742033300186449,0.22693554023499019,1.0403097382186388,-8.908163908927236e-05,0.00014978051694924943,0.00016830013009894174,-0.2513153806098041,1.3458554608847817,-0.15326190311205357,-0.00023638208663355012,5.3001448338093663e-05,-3.0051729683463135e-06
COSMOS 2024 (ETALON 2),2025-01-01 13:31:40.840224,14565.001455751502,-16161.467817548935,-13339.51910808912,2.652377825397707,-0.03651217514561722,2.927535474909746,14565.850511132914,-16161.195848513426,-13338.426160348105,2.652280007074296,-0.036361850461616996,2.9276985868764314,0.8490553814117447,0.2719690355097555,1.0929477410154504,-9.781832341104746e-05,0.0001503246840002248,0.00016311196668539196,-0.25894590451486904,1.3778971631000778,-0.15408889650737484,-0.00023628546625244847,5.420781865310958e-05,-1.4627116690424163e-06
COSMOS 2024 (ETALON 2),2025-01-01 13:36:40.840224,15344.711734002985,-16154.981343087366,-12447.182545728801,2.5447786059412465,0.07974488841864513,3.0203213262593636,15345.532957703694,-16154.664000032553,-12446.03853870843,2.5446719335322996,0.07989552902290598,3.020478705608184,0.8212237007082877,0.3173430548122269,1.144007020371646,-0.00010667240894690622,0.00015064060426084325,0.00015737934882054105,-0.2650605897661137,1.410573675173857,-0.15456983651909967,-0.0002362419458409251,5.504171126117237e-05,8.34537038008938e-08
COSMOS 2024 (ETALON 2),2025-01-01 13:41:40.840224,16091.316263507115,-16113.641205309244,-11527.986012024892,2.4317124790832167,0.19580530067105428,3.106570637286495,16092.106933391946,-16113.278221784592,-11526.792695847123,2.43159686076433,0.19595599750573456,3.1067217155468825,0.7906698848310043,0.3629835246520088,1.1933161777687928,-0.00011561831888684537,0.00015069683468027506,0.000151078260387294,-0.26965211109167864,1.4437017358860218,-0.1547011404472468,-0.00023626213611588757,5.5491447616654545e-05,1.6354466947336184e-06
COSMOS 2024 (ETALON 2),2025-01-01 13:46:40.840224,16803.211533852147,-16037.5438683527,-10583.918255548182,2.31342501983454,0.3114194203171792,3.1861005224818655,16803.968902866167,-16037.135060082492,-10582.677558624895,2.3133004280316527,0.31156988604561775,3.1862447168641665,0.7573690140197868,0.4088082702091924,1.2406969232870324,-0.00012459180288715288,0.00015046572843857575,0.00014419438230106607,-0.27272267458926236,1.4770979862093,-0.15448224022182822,-0.00023634001950519166,5.557307771511031e-05,3.1781884721195935e-06
COSMOS 2024 (ETALON 2),2025-01-01 13:51:40.840224,17478.869367739193,-15926.860529427782,-9617.020719629309,2.190172781723959,0.42633875362480467,3.258742625666855,17479.590676579228,-15926.40580225517,-9615.734750258609,2.1900392104362254,0.4264886711480358,3.2588793503509805,0.7213088400349079,0.4547271726114559,1.285969370699604,-0.00013357128773350269,0.0001499175232311245,0.00013672468412551098,-0.2742867816935033,1.5105820023499166,-0.1539130993969854,-0.00023649907985337818,5.5281718782037974e-05,4.723211277381768e-06
COSMOS 2024 (ETALON 2),2025-01-01 13:56:40.840224,18116.840132223602,-15781.836694393798,-8629.383132419993,2.062222743898019,0.5403164870276669,3.324343455449707,18117.522620810974,-15781.336053927718,-8628.054183473578,2.062080241219519,0.5404655261136213,3.3244721180017223,0.6824885873720632,0.500640466079858,1.3289489464150392,-0.00014250267850002274,0.00014903908595442772,0.00012866255201515742,-0.2743694311238267,1.5439725442173395,-0.15299362181227882,-0.00023674965968262457,5.462804017920909e-05,6.252253930016026e-06
COSMOS 2024 (ETALON 2),2025-01-01 14:01:40.840224,18715.75577883839,-15602.7915965198,-7623.139001099119,1.9298517235692998,0.6531079993419553,3.3827646887912124,18716.39670502013,-15602.245155565444,-7621.769547174761,1.9297003951651277,0.6532557846076088,3.382884705959441,0.6409261817425431,0.5464409543565125,1.369453924357913,-0.0001513284041720908,0.00014778526565351058,0.00012001716822851449,-0.273004862023044,1.5770972751393058,-0.1517256340911941,-0.00023708290476215783,5.3629364216694847e-05,7.776817240529598e-06
COSMOS 2024 (ETALON 2),2025-01-01 14:06:40.840224,19274.33270671666,-15390.117460069185,-6600.46101986373,1.7933457860672206,0.7644713867193786,3.433883442165097,19274.929358922243,-15389.525445969586,-6599.0537168770825,1.7931857982875954,0.7646175272675464,3.433994237695515,0.5966522055823589,0.5920140995986003,1.4073029866476645,-0.0001599877796252258,0.00014614054816775024,0.00011079553041781764,-0.27023880728321426,1.6097869073293403,-0.15011110820474216,-0.00023750194196056802,5.230154048798336e-05,9.283072567243534e-06
COSMOS 2024 (ETALON 2),2025-01-01 14:11:40.840224,19791.374443244036,-15144.278610624362,-5563.556401475903,1.652999618963804,0.8741679596969334,3.477592510028444,19791.924155893525,-15143.64137278824,-5562.114081470181,1.6528311723523075,0.874312051848392,3.477693523882408,0.549712649488356,0.6372378361229494,1.44232000572174,-0.00016844661149661988,0.000144092151458608,0.00010101385396410478,-0.26612694580738433,1.641880230442278,-0.14815131891877653,-0.00023803105013539764,5.06537415049461e-05,1.0771507430950044e-05
COSMOS 2024 (ETALON 2),2025-01-01 14:16:40.840224,20265.77413712833,-14865.810434415915,-4514.662142245717,1.5091159036528552,0.9819627482265787,3.513800570143758,20266.274308906282,-14865.128449093963,-4513.18781065772,1.5089392632144154,0.982104365946725,3.513891262067773,0.500171777952346,0.6819853219512879,1.4743315879977672,-0.00017664043843979016,0.00014161772014631424,9.069192401511827e-05,-0.2607323942590743,1.6732230626169633,-0.14585136096612594,-0.000238663578780593,4.8707249744835326e-05,1.2237165486295963e-05
COSMOS 2024 (ETALON 2),2025-01-01 14:21:40.840224,20696.51685921784,-14555.318189165046,-3456.0402304193844,1.3620046650030417,1.087624989255346,3.542432355580786,20696.9649674087,-14554.592065702798,-3454.5370552401473,1.3618201358185615,1.0877636966142745,3.542512219466971,0.44810819085978437,0.7261234622474149,1.5031751792371324,-0.00018452918448019773,0.0001387073589285137,7.986388618519413e-05,-0.25412807719519437,1.7036726793832266,-0.14321373719248598,-0.0002394177861559447,4.648537163177059e-05,1.3683039095702876e-05
COSMOS 2024 (ETALON 2),2025-01-01 14:26:40.840224,21082.681706772248,-14213.475669279698,-2389.97280801051,1.2119826096386532,1.190928607225942,3.5634287931479776,21083.075324570473,-14212.706154323221,-2388.444114497059,1.2117905538725608,1.191063956299331,3.563497359081339,0.39361779822502285,0.7695149564769963,1.5286935134508894,-0.0001920557660923805,0.00013534907338907942,6.856593336124206e-05,-0.24639279672521355,1.733093879765835,-0.14024368445055135,-0.00024029230923783336,4.4016755113612636e-05,1.5106540461985049e-05
COSMOS 2024 (ETALON 2),2025-01-01 14:31:40.840224,21423.443707332182,-13841.023728488663,-1318.757296159437,1.0593724562422722,1.2916526903791237,3.576747108146037,21423.780518516338,-13840.211707901975,-1317.2065542746916,1.0591733067012683,1.291784231803831,3.576803920135035,0.3368111841555219,0.8120205866871402,1.550741884745321,-0.0001991495410038624,0.00013154142470739316,5.68119889976515e-05,-0.23761397263780093,1.7613644762894722,-0.13694663833858034,-0.0002412735769139841,4.131248625564277e-05,1.6481133227974727e-05
COSMOS 2024 (ETALON 2),2025-01-01 14:36:40.840224,21718.075518728932,-13438.768663299123,-244.70149413454251,0.9045022428726952,1.3895819368935918,3.5823608954005977,21718.35333260711,-13437.915164981101,-243.13230757289307,0.9042964516374923,1.3897092088427598,3.5824055616533883,0.27781387817594805,0.8534983180215931,1.5691865616494454,-0.00020579123520292342,0.00012727194916806184,4.4666252790648286e-05,-0.22788455407312874,1.78837316560873,-0.1333283374964166,-0.00024238414043881715,3.8407325338663744e-05,1.783427861749836e-05
COSMOS 2024 (ETALON 2),2025-01-01 14:41:40.840224,21965.948922221032,-13007.580460891053,829.8813379040915,0.7477046397980303,1.4845071111667494,3.5802601565376335,21966.165689093377,-13006.686655539457,831.4652441369294,0.74749271984183,1.484629664944805,3.58029233622392,0.21676687234503333,0.8938053515958018,1.583906232837876,-0.00021191995620029047,0.00012255377805558965,3.2179686286326614e-05,-0.21730177842390527,1.8140207932676853,-0.1293960455211094,-0.0002436171632403826,3.534186543836267e-05,1.9148338913952475e-05
COSMOS 2024 (ETALON 2),2025-01-01 14:46:40.840224,22166.536106135445,-12548.390915365308,1902.6774022705029,0.5893162448810472,1.5762254725177627,3.5704513036305343,22166.689929611017,-12547.458115080459,1904.272196772908,0.5890987427701475,1.576342854572431,3.5704706848564456,0.1538234755716985,0.9328002848487813,1.5947945024051933,-0.00021750211089965887,0.00011738205466826912,1.938122591127467e-05,-0.2059687070752403,1.8382219625052103,-0.125157685429223,-0.000244974464767945,3.212082941605166e-05,2.0423291876180225e-05
COSMOS 2024 (ETALON 2),2025-01-01 14:51:40.840224,22319.41073785393,-12062.191616447659,2971.377283170768,0.4296768716885708,1.6645411873814737,3.5529571293145636,22319.499888436454,-12061.221274821564,2972.979044342456,0.42945438433162053,1.664652960453168,3.5529634651170454,0.08915058252387098,0.9703416260945232,1.60176117168794,-0.0002224873569502961,0.00011177307169418782,6.33580248177168e-06,-0.19398980835555163,1.8609051926911524,-0.12062075647463621,-0.00024644761162285393,2.8789609554277047e-05,2.1649920528116937e-05
COSMOS 2024 (ETALON 2),2025-01-01 14:56:40.840224,22424.248822391008,-11550.031815010227,4033.6808521494645,0.2691288404057559,1.7492657405819045,3.5278167435817522,22424.27174881079,-11549.025524376357,4035.2855824199723,0.26890198538603727,1.7493714702795842,3.5278098420722017,0.022926419780560536,1.0062906338698667,1.6047302705078437,-0.00022685501971864142,0.00010572969767963514,-6.901509550516494e-06,-0.18147209452219687,1.8820109627560744,-0.11579428568816175,-0.0002480407448314845,2.5372306792545856e-05,2.2839324169410583e-05
LAGEOS 1,2025-01-01 03:21:13.726080,11932.17283111031,-1493.2366371790824,2241.1014834678563,-1.241274980673552,-1.8331697726662242,5.272241320095418,11932.03822434063,-1493.5747706121092,2241.2753199969416,-1.2413910442992346,-1.8332797151142586,5.2722042740906545,-0.13460676968134067,-0.3381334330267691,0.17383652908529257,-0.00011606362568272743,-0.00010994244803441688,-3.704600476339692e-05,-0.05817818395854121,0.2976867305012194,0.2658387654457422,-0.00010658220801364069,2.5890405862593002e-05,0.00012206733131578487
LAGEOS 1,2025-01-01 03:26:13.726080,11444.16402272031,-2026.7718603220706,3795.640071363268,-2.0069525221642834,-1.717870010493698,5.0743242733879015,11443.996255802384,-2027.136843172562,3795.7979715534816,-2.0070685121336282,-1.7179575324364578,5.074271226576002,-0.16776691792620113,-0.3649828504915149,0.15790019021369517,-0.00011598996934480965,-8.752194275984948e-05,-5.304681189954863e-05,-0.04751074325742798,0.30835855105118737,0.2982422224327542,-0.00011052915083799322,1.9563610449920914e-05,0.00010643448532768988
LAGEOS 1,2025-01-01 03:31:13.726080,10731.84446945649,-2520.5792482998463,5275.709967111701,-2.7341782615367265,-1.568743796734907,4.776571426194096,10731.645270152107,-2520.9641534904094,5275.847618661934,-2.734288534564257,-1.5688074178829083,4.776502615886784,-0.1991993043830007,-0.3849051905631313,0.13765155023247644,-0.0001102730275306385,-6.362114800140262e-05,-6.881030731165083e-05,-0.03611597067375761,0.31546850701917717,0.3255081805606419,-0.00011341672910776399,1.238552757549147e-05,8.902748862731096e-05
LAGEOS 1,2025-01-01 03:36:13.726080,9808.95528570008,-2964.9283961782176,6652.168202702658,-3.4083972612479556,-1.3886882660262927,4.384704728946417,9808.727857385664,-2965.3261495658026,6652.281825038789,-3.4084961337339337,-1.388727336679949,4.38462192228144,-0.22742831441610178,-0.39775338758499856,0.11362233613090211,-9.88724859780632e-05,-3.907065365638118e-05,-8.28066649773973e-05,-0.02420285912367908,0.31887422484904043,0.34723893954811286,-0.00011498939699919489,4.678239264222013e-06,7.01054982183734e-05
LAGEOS 1,2025-01-01 03:41:13.726080,8693.45586989261,-3351.0561199261797,7897.8839412041,-4.0160950390145445,-1.1812429633109787,3.9063929127942174,8693.204692503788,-3351.459694917355,7897.970604574111,-4.016177435960344,-1.1812576309821452,3.9062993053266837,-0.25117738882181584,-0.4035749911754465,0.08666337001159263,-8.239694579970092e-05,-1.4667671166535001e-05,-9.36074675337295e-05,-0.012014049762753831,0.31854566293853354,0.36312217928780083,-0.0001151515027084381,-3.213460713367939e-06,4.996559142929149e-05
LAGEOS 1,2025-01-01 03:46:13.726080,7407.16642642117,-3671.3484181613803,8988.299830813476,-4.545094643900484,-0.9505155184019713,3.3510924335478194,7406.896970448616,-3671.750988604066,8988.357674581704,-4.545156583203607,-0.9505065692669632,3.3509923340025125,-0.2694559725541694,-0.4025704426858283,0.05784376822884951,-6.19393031229265e-05,8.949135008151643e-06,-0.00010009954530687537,0.0001628109084271731,0.3145442921254058,0.372930617911999,-0.0001139344768800502,-1.0993264330788155e-05,2.8888862504671564e-05
LAGEOS 1,2025-01-01 03:51:13.726080,5975.325928807113,-3919.4979968944704,9901.938983995742,-4.984821939678113,-0.7010935835996861,2.7298452685499797,5975.044351800322,-3919.893044362345,9901.967340004388,-4.984860793959342,-0.7010623041596773,2.7297436992575967,-0.2815770067909398,-0.3950474678745195,0.028356008646369446,-3.8854281228850596e-05,3.127944000880234e-05,-0.00010156929238291923,0.012009619511099624,0.30699583331623087,0.3765122882714973,-0.00011141334380799278,-1.8437767990390568e-05,7.176017370124965e-06
LAGEOS 1,2025-01-01 03:56:13.726080,4426.076196978142,-4090.6336289514693,10620.845541512945,-5.326531986304872,-0.43794569998681254,2.055039777475031,4425.789055447592,-4091.0150208494633,10620.845001462683,-5.326546627578864,-0.4378936734669878,2.0549421285031713,-0.28714153055079805,-0.3813918979940354,-0.0005400502614065772,-1.4641273992310744e-05,5.202651982472162e-05,-9.764897185959853e-05,0.023214480494174437,0.296072610761924,0.373781255721627,-0.00010766221677269952,-2.5340428500735414e-05,-1.4938444946315806e-05
LAGEOS 1,2025-01-01 04:01:13.726080,2789.884637929929,-4181.418462387444,11130.948821450202,-5.563491099052044,-0.16631398073059245,1.3401418487228511,2789.5985932684953,-4181.780504080224,11130.921285014107,-5.563481994367066,-0.16624296602731192,1.340053500231079,-0.28604466143360696,-0.3620416927797123,-0.027536436095033423,9.104684977501165e-06,7.101470328052528e-05,-8.834849177219439e-05,0.03351331105545542,0.2820013027792391,0.36470003313846094,-0.00010275186314954649,-3.145809213734056e-05,-3.720057025581123e-05
LAGEOS 1,2025-01-01 04:06:13.726080,1098.9195431602589,-4190.115286192324,11422.343321357566,-5.691110953458065,0.10839836374725564,0.5994040995756222,1098.6410264740507,-4190.452757407426,11422.292002032276,-5.691080195871109,0.10848662957687338,0.5993299409637984,-0.2785166862081496,-0.33747121510259603,-0.0513193252900237,3.075758695558761e-05,8.826582961773966e-05,-7.415861182380468e-05,0.04271299851606015,0.26508528268426734,0.34928130687081427,-9.684784797942191e-05,-3.64859799213374e-05,-5.937721071258459e-05
LAGEOS 1,2025-01-01 04:11:13.726080,-613.6073437106271,-4116.6176588298695,11489.479201801953,-5.707032773306992,0.38074171018706693,-0.15243896817264613,-613.8725093689437,-4116.925814586704,11489.40853023794,-5.7069838706535165,0.3808456159076741,-0.15249514407514653,-0.26516565831661865,-0.30815575683482166,-0.07067156401171815,4.890265347512468e-05,0.00010390572060714476,-5.617590250039939e-05,0.05067772349708269,0.24572902477850256,0.3275916383294133,-9.027567263669877e-05,-4.012982094118178e-05,-8.113877442229956e-05
LAGEOS 1,2025-01-01 04:16:13.726080,-2314.115932152808,-3962.4466684853287,11331.260221527897,-5.611161149263808,0.6453341049186747,-0.9004821390844882,-2314.36287853352,-3962.7212233938567,11331.175591847617,-5.611098457598473,0.6454522190360876,-0.9005181484099012,-0.24694638071196096,-0.27455490852798903,-0.08462968027924944,6.269166533456882e-05,0.00011811411741291522,-3.6009325413033366e-05,0.05729275221413753,0.22443294788219378,0.2997874046326081,-8.352700479459391e-05,-4.224051358225047e-05,-0.00010206291997442966
LAGEOS 1,2025-01-01 04:21:13.726080,-3969.335569858882,-3730.713899763456,10951.048341469455,-5.405648281777758,0.89697215560318,-1.629959656174833,-3969.5606118613205,-3730.9509976851937,10950.9557305025,-5.405576285097595,0.8971031668902469,-1.629975036099495,-0.22504200243838568,-0.23709792173758615,-0.09261096695627202,7.1996680162556e-05,0.00013101128706693999,-1.5379924661829136e-05,0.06243312768037636,0.20176447507194206,0.26613778334037075,-7.709629354650798e-05,-4.2849639058967856e-05,-0.00012167206470622554
LAGEOS 1,2025-01-01 04:26:13.726080,-5546.970914711888,-3426.051918709264,10356.576324402737,-5.094830499380805,1.130736378983329,-2.326547569098693,-5547.171620839199,-3426.2481167479887,10356.481867386341,-5.094753165089969,1.1308789334493667,-2.326543348322957,-0.2007061273106956,-0.19619803872456032,-0.09445701639560866,7.73342908360064e-05,0.0001425544660378364,4.220775736030191e-06,0.06596283577164992,0.1783211930758288,0.22704449846397254,-7.138966867539598e-05,-4.216610383310441e-05,-0.00013944790485413385
LAGEOS 1,2025-01-01 04:31:13.726080,-7016.341975693438,-3054.5142540618185,9559.771613038718,-4.685119744421172,1.3420888907567132,-2.9766519694076123,-7016.5170879848765,-3054.666535950609,9559.681204693055,-4.685040149678571,1.3422414152823876,-2.9766301893268974,-0.17511229143838136,-0.15228188879063964,-0.09040834566258127,7.959474260132993e-05,0.00015252452567438013,2.1780080714961514e-05,0.06774101837996521,0.1546951862957961,0.18305275468466534,-6.664900209567582e-05,-4.050628289049828e-05,-0.00015488891975852365
LAGEOS 1,2025-01-01 04:36:13.726080,-8348.985314551288,-2623.4474494006877,8576.496570382666,-4.184853482027393,1.5269615720199,-3.567677364550036,-8349.134571053653,-2623.5532726589604,8576.415554464611,-4.184773806744488,1.5271221216503363,-3.567640522021975,-0.14925650236546062,-0.10582325827272143,-0.08101591805461794,7.967528290464543e-05,0.0001605496304364351,3.6842528061242774e-05,0.0676492615571884,0.1314507956990546,0.13484772963943795,-6.287440888800944e-05,-3.819707514748638e-05,-0.0001675395433034104
LAGEOS 1,2025-01-01 04:41:13.726080,-9519.204523211549,-2141.3382895723757,7426.211812421713,-3.6041071561976423,1.6818330645696733,-4.088269991239031,-9519.328443956327,-2141.395660421963,7426.144773511648,-3.604028895670126,1.6819992826854104,-4.088220674870172,-0.12392074477793358,-0.05737084958718697,-0.06703891006509366,7.826052751624957e-05,0.00016621811573713785,4.931636885885382e-05,0.06562160067089129,0.10911561628212554,0.08324403065776621,-5.9916127379104545e-05,-3.549212733317218e-05,-0.00017701876448841672
LAGEOS 1,2025-01-01 04:46:13.726080,-10504.559421035176,-1617.6397628353122,6131.570846063373,-2.9544739927368937,1.803793226468315,-4.528531461619423,-10504.659093503096,-1617.6473236258935,6131.521479309028,-2.9543982686609525,1.8039623694373859,-4.528472195961513,-0.09967246792075457,-0.0075607905812375975,-0.04936675434510107,7.572407594125252e-05,0.0001691429690708901,5.926565791014582e-05,0.06165735152042503,0.08818314283305925,0.02917099884761824,-5.7510619641564957e-05,-3.2521236878450715e-05,-0.00018300490608487533
LAGEOS 1,2025-01-01 04:51:13.726080,-11286.28494670026,-1062.5796997374507,4717.955521992632,-2.248817563364355,1.8905939184662657,-4.880198814025789,-11286.36182744048,-1062.5368198987494,4717.926558832877,-2.248745310029335,1.8907629854941206,-4.8801321363444,-0.0768807402200764,0.04287983870131029,-0.028963159755221568,7.225333501992282e-05,0.0001690670278549078,6.667768138868269e-05,0.055827033684033495,0.06912040874145955,-0.02634207304482885,-5.542380046971585e-05,-2.9261454228597128e-05,-0.0001852622119118869
LAGEOS 1,2025-01-01 04:56:13.726080,-11849.63243943343,-486.95631840951523,3212.962886414275,-1.5010031092097051,1.9406853661885748,-5.13678784325657,-11849.688153710522,-486.86317910699705,3212.9560605005026,-1.5009350606978842,1.940851193610854,-5.13671638300093,-0.05571427709219279,0.09313930251818192,-0.006825913772445347,6.804851182096172e-05,0.00016582742227910785,7.146025563997682e-05,0.048254277336938406,0.05237042775907281,-0.08218556113654928,-5.351130530656013e-05,-2.5635390986272995e-05,-0.00018361718059669958
LAGEOS 1,2025-01-01 05:01:13.726080,-12184.127884294066,98.07491033542667,1645.854823441684,-0.7256140550271084,1.9532376463915568,-5.293697526694132,-12184.164025728425,98.21722969630426,1645.8708935044306,-0.7255506463643542,1.953397009082309,-5.2936240574979365,-0.03614143435879669,0.14231936087759323,0.01607006274662126,6.340866275422741e-05,0.0001593626907521184,7.346919619521941e-05,0.0391014073972014,0.03834112265025587,-0.13718705816611962,-5.173004299359679e-05,-2.1500409800988155e-05,-0.00017797916601635294
LAGEOS 1,2025-01-01 05:06:13.726080,-12283.743685912576,681.21859846428,46.9823787077572,0.062339587369933724,1.9281473124236754,-5.348274427860581,-12283.761636984262,681.4080382463626,47.02121266557699,0.0623983842360758,1.9282969538438692,-5.348201748903371,-0.01795107168618415,0.18943978208255885,0.038833957819790044,5.879686614207458e-05,0.00014964142019380233,7.267895720985962e-05,0.028561254721873205,0.027396958197003003,-0.19013524055362038,-5.014282079190087e-05,-1.676235938035943e-05,-0.00016833471940718212
LAGEOS 1,2025-01-01 05:11:13.726080,-12146.98256408518,1251.2565553583997,-1552.803186042397,0.8477142242227274,1.8660295047350246,-5.299837099352544,-12146.983357040164,1251.4900042819027,-1552.7424592646194,0.8477689903629653,1.8661662044316927,-5.299767860804195,-0.0007929549847176531,0.23344892350291957,0.060726777777745156,5.476614023791626e-05,0.00013669969666807447,6.923854834894883e-05,0.016851882024219157,0.01984099294977438,-0.2398105904095068,-4.8881462134322124e-05,-1.132989415879584e-05,-0.00015479777104704617
LAGEOS 1,2025-01-01 05:16:13.726080,-11776.874148582936,1797.2604419389465,-3122.7407481150303,1.6155206632593035,1.7681963732898112,-5.149661649896643,-11776.858390610832,1797.5336985720082,-3122.659546991261,1.615572564309332,1.768316975109201,-5.149598079021416,0.015757972103529028,0.2732566330616919,0.08120112376946054,5.190105002839118e-05,0.00012060181938977621,6.357087522701477e-05,0.004219299986659004,0.015915628437632334,-0.2850263390943173,-4.814949286667116e-05,-5.169938898134055e-06,-0.00013760331420345362
LAGEOS 1,2025-01-01 05:21:13.726080,-11180.886700829276,2308.7960188776874,-4632.739753734171,2.3512012108585623,1.6366229223617665,-4.900930696762771,-11180.85455555863,2309.1037892150307,-4632.63982441094,2.3512519302385044,1.6367243699855862,-4.900874310329527,0.032145270646651625,0.3077703373432996,0.09992932323166315,5.071937994216569e-05,0.00010144762381969485,5.638643324346049e-05,-0.009072395339437309,0.015797893087978854,-0.32466888799464433,-4.821794894517172e-05,1.7086381213537292e-06,-0.00011711368702927244
LAGEOS 1,2025-01-01 05:26:13.726080,-10370.758025095049,2776.115430381303,-6053.94020239559,3.040890833515732,1.473901693354037,-4.5586488074395675,-10370.709246985936,2776.4513706986186,-6053.823385715332,3.0409423558903654,1.4739810537871563,-4.558600083783858,0.048778109112390666,0.33594031731536234,0.11681668025812542,5.152237463335041e-05,7.936043311929097e-05,4.872365570918191e-05,-0.02275491821396202,0.019601280551730146,-0.3577420034198724,-4.940968972374906e-05,9.1889872154553e-06,-9.381296889963938e-05
LAGEOS 1,2025-01-01 05:31:13.726080,-9362.250987584726,3190.33441665203,-7359.242704081549,3.671658332052175,1.2831878492788746,-4.129528169206424,-9362.185016171925,3190.6912123783545,-7359.11069167411,3.6717125245977513,1.283242335050545,-4.12948636298006,0.0659714128014457,0.35679572632443524,0.13201240743910603,5.419254557637032e-05,5.448577167044277e-05,4.1806226363405585e-05,-0.036570527615914845,0.027364803473363675,-0.3834011703021084,-5.201004919676579e-05,1.704837591124626e-05,-6.824660822823173e-05
LAGEOS 1,2025-01-01 05:36:13.726080,-8174.840100372049,3543.5918321546324,-8523.800306388966,4.231724577449313,1.0681363296580457,-3.621848564789616,-8174.756227405425,3543.9613111824588,-8523.654414521086,4.231782674415626,1.0681633859740032,-3.621811698516467,0.08387296662385779,0.36947902782640085,0.14589186787998187,5.8096966313314624e-05,2.705631595745217e-05,3.686627314891666e-05,-0.05027536778030397,0.03904437104530234,-0.40097604433628087,-5.622642318510275e-05,2.4951799656084028e-05,-4.1017323823267806e-05
LAGEOS 1,2025-01-01 05:41:13.726080,-6831.336341714025,3829.189330054279,-9525.465016465778,4.710655909232628,0.8328326192872737,-3.045295763073227,-6831.233945981107,3829.562618933287,-9525.306001712801,4.710718006132993,0.832830088189894,-3.0452609048406885,0.10239573291801207,0.3732888790082143,0.15901475297687284,6.209690036484972e-05,-2.531097379687708e-06,3.485823253868148e-05,-0.06364184361483259,0.05450368710653304,-0.4099929619010799,-6.211261160298304e-05,3.250708414492846e-05,-1.2760910031805958e-05
LAGEOS 1,2025-01-01 05:46:13.726080,-5357.457799873773,4041.7095253578696,-10345.183132036926,5.099531767482404,0.5817186204490099,-2.4107821796078497,-5357.336636893593,4042.077249114401,-10345.011092402856,5.099596463939633,0.5816849472457761,-2.4107459626320633,0.1211629801800882,0.3677237565316318,0.17203963406973344,6.469645722972928e-05,-3.3673203233774984e-05,3.621697578637395e-05,-0.07644576230245542,0.07351166742128232,-0.41018403766314737,-6.952861026898535e-05,3.9300431657103467e-05,1.5888170279833644e-05
LAGEOS 1,2025-01-01 05:51:13.726080,-3781.353898049799,4177.111346740813,-10967.334572655567,5.391086327352241,0.3195148193563,-1.7302531815494149,-3781.2144046324315,4177.463876315929,-10967.148961089906,5.391150682892658,0.3194493123482971,-1.7302124866164377,0.13949341736770293,0.3525295751160229,0.18561156566102,6.435554041672731e-05,-6.550700800289633e-05,4.069493297720328e-05,-0.08844941679898786,0.09574567943064462,-0.4014930057495673,-7.812609421719137e-05,4.49889609838904e-05,4.4285302774127425e-05
LAGEOS 1,2025-01-01 05:56:13.726080,-2133.0909593223378,4232.801615455627,-11380.012314810745,5.5798243620465655,0.051139746750777704,-1.0164817926379328,-2132.9345103224996,4233.129360324262,-11379.812074721434,5.5798842264039195,0.051042777487964486,-1.0164343896431092,0.15644899983817595,0.3277448686349089,0.20024008931068238,5.98643573539448e-05,-9.696926281321794e-05,4.7402994823642075e-05,-0.09938422635073794,0.12081098364030315,-0.38407885078269677,-8.741268406893676e-05,4.937535279817844e-05,7.179777385204666e-05
LAGEOS 1,2025-01-01 06:01:13.726080,-444.1067915744928,4207.682145714095,-11575.238759284817,5.662111665987425,-0.2183725404293,-0.28285390276505495,-443.93584686443063,4207.975871540847,-11575.02254855293,5.662162319580091,-0.21849941742402734,-0.2827988594217459,0.17094471006214462,0.29372582675205194,0.2162107318872586,5.065359266609448e-05,-0.00012687699472735403,5.504334330908023e-05,-0.10894780182768861,0.14827221141316052,-0.35831517353050646,-9.684080033838819e-05,5.247181806952414e-05,9.778494557940965e-05
LAGEOS 1,2025-01-01 06:06:13.726080,1253.358096128539,4102.17185269848,-11549.116404354172,5.636240202684803,-0.4839564063195212,0.4568544847170415,1253.53998135346,4102.422995817086,-11548.882841013386,5.636277058815949,-0.48411053380186786,0.4569167976042081,0.18188522492096126,0.2511431186067057,0.23356334078562213,3.6856131146123516e-05,-0.0001541274823466665,6.231288716662675e-05,-0.11682290559790279,0.1776869441524517,-0.3247871515814906,-0.0001059845061124607,5.446186947514742e-05,0.00012164596319645297
LAGEOS 1,2025-01-01 06:11:13.726080,2926.845011252124,3918.2035007319546,-11301.910603388862,5.502467681854341,-0.7405995932872429,1.1887068201376678,2927.033280752909,3918.404441675462,-11301.658464097962,5.502486805821263,-0.7407773868462755,1.188775001308386,0.18826950078482696,0.20094094350724845,0.25213929090023157,1.9123966922052205e-05,-0.00017779355903257965,6.818117071816232e-05,-0.12272261049655747,0.20862397471412883,-0.2842746695828025,-0.00011459763916076808,5.5618478086252094e-05,0.00014282476598599352
LAGEOS 1,2025-01-01 06:16:13.726080,4544.269520579161,3659.194852501744,-10838.062516616705,5.263030701492426,-0.9834287658686662,1.8988413579427288,4544.458757531099,3659.3391392858994,-10837.790873257809,5.2630290682409395,-0.983625976600706,1.8989133655268233,0.18923695193825552,0.14428678415515606,0.2716433588957443,-1.6332514860550873e-06,-0.00019721073203982087,7.200758409453556e-05,-0.1264286732741272,0.24066642800493718,-0.23772857526677083,-0.0001226351395203846,5.623664824713408e-05,0.0001608660761564546
LAGEOS 1,2025-01-01 06:21:13.726080,6074.513653033911,3329.994123386692,-10166.130710515725,4.922129925015724,-1.2077951129413123,2.5737110535301326,6074.697719104761,3330.0766417073964,-10165.839018583563,4.922105401934459,-1.2080070362867446,2.5737845759485936,0.1840660708494397,0.08251832070436649,0.29169193216148415,-2.4523081265215296e-05,-0.00021192334543229663,7.352241846092511e-05,-0.1278233680524578,0.27340575188910965,-0.18623709724863097,-0.0001302316689340254,5.655030105128128e-05,0.00017538588235079843
LAGEOS 1,2025-01-01 06:26:13.726080,7488.009167093706,2936.7998369433185,-9298.660310107618,4.485885245827376,-1.409359257597771,3.200326233116357,7488.181310908962,2936.816944888849,-9298.348484833903,4.485836391980229,-1.4095809220452793,3.200398900775326,0.17214381525536737,0.01710794553036976,0.3118252737149305,-4.88538471472566e-05,-0.000221664447508374,7.266765896929428e-05,-0.12690814624821847,0.30642421233579137,-0.1309950410075363,-0.00013766185343650568,5.667764286028089e-05,0.00018611628955732577
LAGEOS 1,2025-01-01 06:31:13.726080,8757.302529292298,2487.055449132063,-8251.979261801938,3.9622585667639214,-1.5841744006656882,3.7664974336476007,8757.45547869062,2487.0050830537425,-8251.647787452433,3.9621844401317503,-1.5844006389497736,3.7665668123536307,0.15294939832165255,-0.050366078320621455,0.3314743495047878,-7.412663217110094e-05,-0.00022623828408541158,6.937870602996554e-05,-0.12380203359946321,0.33927991981758,-0.07326456958988198,-0.00014522053277043885,5.6608783812999515e-05,0.00019286877946006825
LAGEOS 1,2025-01-01 06:36:13.726080,9857.59154923096,1989.3194824451261,-7045.922193134003,3.360941876699144,-1.7287662660046408,4.261074770166488,9857.717633460143,1989.201247328875,-7045.572289014294,3.360841947653171,-1.7289917779194184,4.2611382140148635,0.1260842291831068,-0.1182351162510713,0.3499041197082988,-9.99290459731128e-05,-0.00022551191477759858,6.34438483757549e-05,-0.11871605955393867,0.3714975704634716,-0.014342973756013538,-0.00015316321624953157,5.621924537462858e-05,0.00019556836520789273
LAGEOS 1,2025-01-01 06:41:13.726080,10767.22298779301,1453.1123968430588,-5703.483606759074,2.69320877219252,-1.8402080087130344,4.674179065278622,10767.314334557203,1452.9276210601306,-5703.117435354542,2.6930830076707934,-1.8404274204242483,4.6742335239814565,0.09134676419307652,-0.18477578292822727,0.3661714045319968,-0.00012576452172652353,-0.0002194117112139793,5.4458702834381256e-05,-0.11192369758651716,0.40256966235749536,0.044481138139150306,-0.0001616485366753983,5.529961427480534e-05,0.00019425670518443232
LAGEOS 1,2025-01-01 06:46:13.726080,11468.140033111802,888.7420168120491,-4250.403724964144,1.9717285322658427,-1.91618796428304,4.997418921017925,11468.188870499978,888.4937587004449,-4250.024601733149,1.9715776367829676,-1.9163959263072456,4.997460815296108,0.048837388176252716,-0.24825811160417288,0.3791232309949919,-0.0001508954828750575,-0.00020796202420569898,4.189427818346303e-05,-0.10372832055699309,0.4319659045253393,0.10196812042624467,-0.00017071127813346332,5.359809586926521e-05,0.000189097023894006
LAGEOS 1,2025-01-01 06:51:13.726080,11946.26846012154,307.11001033014304,-2714.6921662582245,1.2103432222484116,-1.9550678462720157,5.224087091693491,11946.267525533263,306.8029984675128,-2714.3047109878144,1.2101689911396534,-1.9552591519187672,5.2241123633216375,-0.0009345882772322511,-0.3070118626302474,0.38745527041010064,-0.00017423110875824932,-0.00019130564675151618,2.527162814658368e-05,-0.09443518520894421,0.45915466273894545,0.15696412105683177,-0.0001802387361078757,5.087966255205907e-05,0.0001803281532987795
LAGEOS 1,2025-01-01 06:56:13.726080,12191.830675089419,-280.497362947316,-1126.096697975861,0.4238100442380528,-1.9559289891589628,5.3493290772260025,12191.773698630182,-280.85685376707175,-1125.7068739731324,0.42361568323940446,-1.9560987161696062,5.349333408823895,-0.056976459236466326,-0.3594908197557629,0.38982400272857376,-0.00019436099864833523,-0.00016972701064332796,4.331597892814898e-06,-0.08433051420404672,0.4836242181003813,0.2084195277319237,-0.00018999737483273892,4.692229586311314e-05,0.00016823053939581166
LAGEOS 1,2025-01-01 07:01:13.726080,12199.577782604465,-862.6303024699985,484.47356295600576,-0.37248692887442303,-1.9186043202394103,5.3702769175245635,12199.459991060941,-863.0346397051495,484.85855547431936,-0.372696533704584,-1.9187480209072874,5.370256176613111,-0.11779154352370824,-0.404337235151047,0.38499251831359516,-0.00020960483016096987,-0.00014370066787705582,-2.0740911452321598e-05,-0.07367010646526437,0.5049027156472746,0.255399001090722,-0.0001996121036318289,4.159514436455336e-05,0.0001530983482339438
LAGEOS 1,2025-01-01 07:06:13.726080,11968.931334972478,-1427.9037372741623,2085.55909529107,-1.1628495594086417,-1.8436941111829128,5.286141790482816,11968.74992523238,-1428.3441756633542,2085.9310929455137,-1.1630677795128577,-1.8438080163248287,5.286092621498483,-0.18140974009838828,-0.44043838919196787,0.37199765444347577,-0.0002182201042160159,-0.00011390514191589318,-4.9168984332936816e-05,-0.06266332275761585,0.5225846926528692,0.29707956909540045,-0.0002085982222854196,3.487308193279722e-05,0.00013521329104467607
LAGEOS 1,2025-01-01 07:11:13.726080,11504.028508446996,-1965.227716795269,3645.7818911643785,-1.9315951772568951,-1.732564056175761,5.098260194225986,11503.783014398796,-1965.694686297684,3646.132195256397,-1.9318138971066219,-1.7326452986105778,5.098180678264271,-0.2454940482002712,-0.4669695024149405,0.3503040920186322,-0.00021871984972676728,-8.124243481688609e-05,-7.9515961715515e-05,-0.051471591049391696,0.5363512667690167,0.33274433837787204,-0.00021644099206446176,2.6883294483191433e-05,0.00011485677811474825
LAGEOS 1,2025-01-01 07:16:13.726080,10813.66701085502,-2464.0344830979725,5134.483831149487,-2.6633936762245867,-1.5873249251303605,4.810090151150689,10813.359504920194,-2464.5179086676467,5134.803755413863,-2.6636038276083127,-1.5873717386571116,4.809980376992826,-0.30750593482662225,-0.48342556967418204,0.3199242643759135,-0.0002101513837260427,-4.681352675106609e-05,-0.00010977415786328493,-0.040210757971153366,0.5459942167034884,0.3617804950168005,-0.00022261977437931983,1.790991594824128e-05,9.233172298546306e-05
LAGEOS 1,2025-01-01 07:21:13.726080,9911.148920138992,-2914.4966649232874,6522.356214908138,-3.3436021969046124,-1.4107937649259839,4.427155867667352,9910.784010274992,-2914.9863005366083,6522.637686911649,-3.3437946015274065,-1.4108056165323433,4.427018250939909,-0.3649098639998556,-0.4896356133208428,0.2814720035112259,-0.00019240462279412895,-1.185160635941429e-05,-0.00013761672744294629,-0.028956428911977,0.5514307124031209,0.3836853216899844,-0.0002267242978604074,8.381362698150376e-06,6.800153407815924e-05
LAGEOS 1,2025-01-01 07:26:13.726080,8814.025704076228,-3307.731150536889,7782.04499245978,-3.9585872381921945,-1.2064374580186268,3.9569414363550095,8813.61030690429,-3308.216906942788,7782.281128869693,-3.958753544566207,-1.2064150735932344,3.9567806894137902,-0.415397171938821,-0.4857564058988828,0.2361364099133425,-0.0001663063740124926,2.2384425392374396e-05,-0.0001607469412192586,-0.017761651995284233,0.5527119935160267,0.3980809922054439,-0.00022848770766256232,-1.1776569307396707e-06,4.231349926369334e-05
LAGEOS 1,2025-01-01 07:31:13.726080,7543.749683243648,-3635.983545794947,8888.71674012955,-4.496024477303763,-0.9783001371283717,3.40873627685869,7543.292602445574,-3636.4557962467034,8888.902316146448,-4.496158076791289,-0.9782454347150633,3.408558975550477,-0.45708079807445756,-0.4722504517562811,0.18557601689826697,-0.00013359948752622586,5.4702413308405085e-05,-0.00017730130821291823,-0.006671656851791247,0.5500207084081344,0.4047400554890589,-0.00022786388584418723,-1.0190001231150092e-05,1.5847535642564008e-05
LAGEOS 1,2025-01-01 07:36:13.726080,6125.239986744319,-3892.788680561773,9820.571534322486,-4.94516759162525,-0.7309166111272134,2.7934368935075327,6124.751337992014,-3893.2385193115533,9820.703278913046,-4.945264307217258,-0.7308324245518634,2.7932507019995683,-0.4886487523053802,-0.4498387497801559,0.13174459056062915,-9.671559200796764e-05,8.418657535003149e-05,-0.000186191507964395,0.004245532136494173,0.5436648945941366,0.4036082245423039,-0.00022508925625444777,-1.8090079233120957e-05,-1.0776761889942106e-05
LAGEOS 1,2025-01-01 07:41:13.726080,4586.373460103672,-4073.103347828479,10559.29050107523,-5.297078800852432,-0.4692143922593459,2.1233110377906996,4585.864026694666,-4073.5227684478,10559.367177137401,-5.297137137533355,-0.46910413548130236,2.123123713181485,-0.5094334090063057,-0.4194206193210448,0.07667606217182765,-5.833668092236621e-05,0.00011025677804354928,-0.0001873246092145564,0.014865882677191439,0.5340625326919141,0.39480563488954784,-0.00022066331233531902,-2.4413345175781578e-05,-3.690427928441784e-05
LAGEOS 1,2025-01-01 07:46:13.726080,2957.4129126397384,-4173.40829284314,11090.407829983764,-5.544815552675118,-0.1984072285295042,1.4117314208888274,2956.8935456365093,-4173.790285827617,11090.430094654404,-5.544836381068762,-0.19827450748471165,1.411549839323925,-0.5193670032290356,-0.38199298447671026,0.022264670640652184,-2.0828393644478638e-05,0.00013272104479256086,-0.00018158156490244437,0.024985736700852565,0.5217054932609875,0.37862320459012494,-0.00021528542290264079,-2.8936311462105837e-05,-6.193092111100912e-05
LAGEOS 1,2025-01-01 07:51:13.726080,1270.3864886298747,-4191.777359702941,11403.599293490412,-5.683569524482209,0.07611687779262866,0.6728867111905856,1269.8676508247877,-4192.115933826389,11403.56940032854,-5.6835553805769905,0.07626852704470366,0.672716254270199,-0.5188378050870597,-0.3385741234478701,-0.02989316187085933,1.414390521858877e-05,0.00015164925207500346,-0.00017045692038664129,0.0343171549753388,0.507112329870473,0.3554970097629907,-0.00020968941118514427,-3.1665197535430886e-05,-8.532744880346391e-05
LAGEOS 1,2025-01-01 07:56:13.726080,-441.56718317210084,-4127.912600831984,11492.881669251903,-5.71075584472311,0.3489101756567834,-0.0785222779304604,-442.07569259242024,-4128.2027689177385,11492.803119635575,-5.7107100619234075,0.3490773945768524,-0.07867788907242357,-0.5085094203193989,-0.2901680857548854,-0.0785496163280186,4.578279970246513e-05,0.00016721892006898997,-0.0001556111419631634,0.0425189071388693,0.4907921532505229,0.3259825081395258,-0.0002044978604341139,-3.283791558691128e-05,-0.00010665531331580092
LAGEOS 1,2025-01-01 08:01:13.726080,-2144.873019478974,-3983.145022366053,11356.71981109191,-5.626051918591202,0.614579390074141,-0.8275934632747521,-2145.362181636712,-3983.382783260879,11356.597044851611,-5.625977919916295,0.6147589451029489,-0.8277319102871843,-0.4891621577380647,-0.23776089482589668,-0.12276624029982486,7.399867490676115e-05,0.00017955502880795393,-0.0001384470124321524,0.04924535075597733,0.47321538809438857,0.29072925777830255,-0.00020010585746052566,-3.283102081751126e-05,-0.00012555141333986717
LAGEOS 1,2025-01-01 08:06:13.726080,-3806.197676822935,-3760.4014506180984,10998.040372702877,-5.4313865609096865,0.8678970409505382,-1.5595340601248608,-3806.6592863483925,-3760.5837897868523,10997.878548489942,-5.431287461437023,0.8680857019235191,-1.5596539728521748,-0.4616095254573338,-0.18233916875396972,-0.16182421293524385,9.909947266351082e-05,0.0001886609729808697,-0.0001199127273139311,0.0542003524745778,0.4548058276936615,0.25046353673630756,-0.0001966756912392578,-3.207252517197199e-05,-0.00014171364078589233
LAGEOS 1,2025-01-01 08:11:13.726080,-5393.117264928691,-3464.1387491245314,10424.153312129089,-5.130881172239242,1.103907479440295,-2.259963968246666,-5393.543953293857,-3464.2636592169483,10423.958171112872,-5.130759739346104,1.1041018752603122,-2.2600644178874063,-0.4266883651662283,-0.12491009241693973,-0.1951410162164393,0.00012143289313826244,0.00019439582001723466,-0.00010044964074040763,0.057178659425288686,0.43594615500021605,0.20597829791673722,-0.0001941146124872384,-3.095189788596766e-05,-0.0001548783714311479
LAGEOS 1,2025-01-01 08:16:13.726080,-6874.760583844292,-3100.2472892015576,9646.58427596914,-4.730745592893982,1.3180255113084058,-2.9152056349194027,-6875.145883597594,-3100.31379572757,9646.362062096756,-4.730604462296469,1.3182221052306886,-2.9152857527078595,-0.38529975330129673,-0.06650652601229012,-0.2222138723846001,0.00014113059751252877,0.00019659392228277284,-8.011778845684603e-05,0.05810111004000912,0.4169892772213153,0.158120924203556,-0.0001921328645892838,-2.977410690457235e-05,-0.0001648767441537322
LAGEOS 1,2025-01-01 08:21:13.726080,-8222.414777226273,-2675.9261810478924,8680.82277792642,-4.239131998388984,1.5061256989743015,-3.512554595239635,-8222.753240949702,-2675.934349673755,8680.58015427951,-4.238974040190442,1.5063207955272446,-3.512613492179298,-0.3384637234285037,-0.008168625862708723,-0.24262364690912364,0.00015795819854247384,0.00019509655294314143,-5.8896939663100056e-05,0.05702274030955559,0.3982743968374849,0.10778016736107454,-0.0001903385563912125,-2.8681776800613944e-05,-0.00017155435462041585
LAGEOS 1,2025-01-01 08:26:13.726080,-9410.081396527861,-2199.53330868533,7545.992747405809,-3.6659509119308495,1.6646206905866165,-4.0405254372108175,-9410.368748613837,-2199.4842248363084,7545.7366608411585,-3.6657795161117974,1.664810616331124,-4.040562299598605,-0.28735208597572637,0.04908384902182661,-0.25608656465010426,0.00017139581905212253,0.0001899257445074909,-3.686238778755069e-05,0.05412472025857182,0.38014310536799156,0.05587940803016926,-0.00018830269901826132,-2.76862127147417e-05,-0.00017487915260723492
LAGEOS 1,2025-01-01 08:31:13.726080,-10414.97217942351,-1680.4136783548606,6264.453522956947,-3.0226540527546604,1.7905271489835286,-4.489068525453149,-10415.205447066552,-1680.3093732443322,6264.190999697331,-3.0224732420629152,1.790708452876288,-4.489082985256573,-0.23326764304147218,0.10430511052845759,-0.2625232596165006,0.00018081069174513686,0.00018130389275938796,-1.4459803423960693e-05,0.04968737096899806,0.3629487054410704,0.0033486709289396732,-0.00018569626958517488,-2.6609727037098604e-05,-0.0001748757032388528
LAGEOS 1,2025-01-01 08:36:13.726080,-11217.935356513224,-1128.7099789316287,4861.340681266158,-2.321989386517089,1.8815181568568278,-4.849753485518704,-11218.112920479809,-1128.55332216307,4861.078545136541,-2.32180359182712,1.881687811433494,-4.849745959681968,-0.1775639665847848,0.1566567685586051,-0.2621361296169198,0.00018579468996904325,0.00016965457666628936,7.525836736022029e-06,0.04404211351386303,0.34706804844077677,-0.0488847399893681,-0.00018237028567206156,-2.519678391553023e-05,-0.0001716542496045255
LAGEOS 1,2025-01-01 08:41:13.726080,-11803.805002049241,-555.1595526498378,3364.0571899587135,-1.5777343094123353,1.9359612548857967,-5.1159162400658715,-11803.926503600633,-554.954125315414,3363.801763560837,-1.5775478743835265,1.936116761026483,-5.11588817523716,-0.12150155139170238,0.20542733442380268,-0.2554263978763629,0.0001864350288087735,0.00015550614068615687,2.806482871164917e-05,0.03751039981911962,0.33288941175159403,-0.09991631948906497,-0.00017845479996917652,-2.3143804903007545e-05,-0.0001653664507426399
LAGEOS 1,2025-01-01 08:46:13.726080,-12161.667809951332,29.117829365755583,1801.726208058106,-0.8044133692019386,1.9529416714622414,-5.282767315845831,-12161.733908963972,29.36783894251828,1801.4830657259972,-0.8042299906246626,1.9530810036602801,-5.28272104727148,-0.06609901263982465,0.25000957676269664,-0.24314233210884595,0.00018337857727601659,0.00013933219803874408,4.6268574351415737e-05,0.03034526910534987,0.3207949641158152,-0.1488684561927323,-0.00017428765922648213,-2.026072795002712e-05,-0.00015618981954943452
LAGEOS 1,2025-01-01 08:51:13.726080,-12285.043657504453,612.8369122067796,204.6173884996645,-0.017007197986458777,1.9322706552840145,-5.347460194573472,-12285.055699800145,613.126752966957,204.39125461691057,-0.016829539237733115,1.9323920476953163,-5.347398567352258,-0.01204229569157178,0.28984076017741245,-0.22613388275391344,0.000177658748725662,0.00012139241130171285,6.162722121416664e-05,0.02270312390417644,0.31111462953104885,-0.19488835658359394,-0.00017034124989596347,-1.6509207677591474e-05,-0.00014424967092070275
LAGEOS 1,2025-01-01 08:56:13.726080,-12171.978347319646,1184.764192452368,-1396.441269612329,0.7693406278849579,1.8744792769709875,-5.309119616252929,-12171.938053175816,1185.0885210361737,-1396.6464622581657,0.769510930582328,1.8745809993433795,-5.309045452628425,0.04029414382966934,0.32432858380570906,-0.20519264583663244,0.00017030269737006165,0.00010172237239203241,7.41636245038535e-05,0.014650527880772535,0.30408982394860556,-0.23713163266325604,-0.00016703011468840851,-1.203297893297122e-05,-0.00012964120171190358
LAGEOS 1,2025-01-01 09:01:13.726080,-11825.048910048386,1733.9311810115505,-2970.6541276548955,1.5396123335813172,1.7807984157368537,-5.168830889225319,-11824.958197720123,1734.2839949396687,-2970.835057663152,1.5397743637749954,1.7808786577456885,-5.1687466395583215,0.0907123282631801,0.3528139281181666,-0.18093000825638228,0.0001620301936782198,8.02420088348299e-05,8.424966699749348e-05,0.006216553324782152,0.29984915132914947,-0.27476153874350995,-0.00016460671279224442,-7.034152628914879e-06,-0.00011245319397404226
LAGEOS 1,2025-01-01 09:06:13.726080,-11251.283717332784,2249.839713182754,-4487.839774389559,2.279194364373325,1.6531260501483303,-4.92959232985686,-11251.144687573274,2250.2142973263058,-4487.99353752347,2.2793475788494106,1.653182945892695,-4.9294999147195995,0.1390297595098673,0.3745841435516013,-0.15376313391061558,0.00015321447608585004,5.6895744364737766e-05,9.241513726010453e-05,-0.0025522314182499922,0.29842266227384007,-0.30695774421873345,-0.0001631916882866317,-1.7045343925669503e-06,-9.283278752976476e-05
LAGEOS 1,2025-01-01 09:11:13.726080,-10462.001313753432,2722.6557026810674,-5918.99344303336,2.9741403383195575,1.4939832214172384,-4.596233857685547,-10461.816345550635,2723.044635611796,-5919.11740875079,2.9742842797004414,1.4940149785384165,-4.596134648516454,0.1849682027968811,0.3889329307285152,-0.12396571743011009,0.00014394138088391628,3.175712117808871e-05,9.920916909322841e-05,-0.011558386084594155,0.2997675423541123,-0.33294952171618597,-0.00016281553273355241,3.812484715469026e-06,-7.103986464965364e-05
LAGEOS 1,2025-01-01 09:16:13.726080,-9472.573261964599,3143.38818166215,-7236.820388096668,3.6114143788672664,1.3064602288313836,-4.175305433413996,-9472.34514739668,3143.7834159276354,-7236.912129838395,3.611548499307901,1.306465267781732,-4.175200248277179,0.2281145679189649,0.39523426548521456,-0.0917417417276738,0.00013412044063443318,5.038950348534854e-06,0.0001051851368174539,-0.02064703288500542,0.3037955088718968,-0.3520581155264441,-0.00016351521425083814,9.3901648996272e-06,-4.745730855786409e-05
LAGEOS 1,2025-01-01 09:21:13.726080,-8302.117366078233,3504.0509498648607,-8416.23180001615,4.179111759571242,1.0941546938483953,-3.6749393966783828,-8301.849429608452,3504.443953013107,-8416.289076980607,4.179235215820881,1.0941317770375463,-3.674828538452857,0.267936469781489,0.39300314824640736,-0.0572769644568325,0.00012345624963927548,-2.2916810848983005e-05,0.00011085822552558966,-0.029624626442734975,0.3103864278136451,-0.363737163299486,-0.00016530475550634446,1.48762491730606e-05,-2.2565614963797596e-05
LAGEOS 2,2025-01-06 12:31:12.781344,4846.251067920017,11081.669223627023,-1991.1186752585995,-3.5242515593154167,0.6817934673908894,-4.4028772014917195,4845.970825125771,11081.730021008343,-1991.3431712729746,-3.52431540508951,0.6816475361229095,-4.40285125403102,-0.2802427942460781,0.06079738132029888,-0.22449601437506317,-6.384577409335179e-05,-0.00014593126797990408,2.5947460699171643e-05,-0.01936660094873878,0.35496386871976504,0.079097360535822,-0.0001613859177363733,2.2866418686322856e-07,-1.4774848611372285e-07
LAGEOS 2,2025-01-06 12:36:12.781344,3745.208027478939,11177.587221001906,-3288.2708858949954,-3.804334557952643,-0.043938555050772266,-4.230563862537565,3744.906076031595,11177.60440642142,-3288.4832215706283,-3.8043830462470396,-0.044089585233450634,-4.230523565833209,-0.30195144734398127,0.017185419514134992,-0.2123356756328576,-4.848829439652036e-05,-0.00015103018267836887,4.029670435556909e-05,-0.01965639108832449,0.3594368042568886,0.08351804821978287,-0.00016360494399844324,1.6796974108187403e-06,-3.956775346109227e-06
LAGEOS 2,2025-01-06 12:41:12.781344,2570.981399018306,11055.038831717166,-4521.0757967338395,-4.011232750005547,-0.7723211702850676,-3.9744510847021957,2570.663850246203,11055.010309596551,-4521.271909603103,-4.0112642264489295,-0.772475691181171,-3.9743961572303306,-0.31754877210323684,-0.028522120614070445,-0.19611286926374305,-3.147644338241662e-05,-0.00015452089610334951,5.4927471865084954e-05,-0.020060302164715216,0.3638914887376107,0.08539063309778598,-0.00016677012412037308,2.6763619348025897e-06,-8.066211858587172e-06
LAGEOS 2,2025-01-06 12:46:12.781344,1346.2722274406801,10715.340629091237,-5664.9733909379775,-4.1401969985145115,-1.4892406059971108,-3.6386766641617214,1345.9457588260236,10715.265325842418,-5665.149309140622,-4.140209863634254,-1.489396121878599,-3.6386066382901845,-0.32646861465650545,-0.07530324881918204,-0.17591820264442504,-1.2865119742855313e-05,-0.0001555158814880997,7.00258715369273e-05,-0.02048704888296317,0.36824897377170474,0.08469075394787709,-0.00017059337578526963,3.0152156787853146e-06,-1.1963778588769947e-05
LAGEOS 2,2025-01-06 12:51:12.781344,95.00001864241268,10164.060074964447,-6696.887793453262,-4.187877106253595,-2.1805154471094284,-3.228992992378153,94.67157591999452,10163.938114397213,-6697.039696035799,-4.187869905434013,-2.1806684389157454,-3.2289076368615497,-0.32844272241815986,-0.1219605672340549,-0.1519025825373319,7.200819581498763e-06,-0.00015299180631700438,8.535551660315832e-05,-0.020829388536268784,0.3724590863475522,0.08163186890772252,-0.00017465443051822935,2.5167342682496513e-06,-1.5277590332022987e-05
LAGEOS 2,2025-01-06 12:56:12.781344,-1158.135904017031,9410.99586887087,-7595.70610492806,-4.152444703903484,-2.832166949638122,-2.7527234876342845,-1158.459413295278,9410.828682235435,-7595.830370203876,-4.152416515030154,-2.832312888273009,-2.7526232171994707,-0.32350927824700193,-0.1671866354354279,-0.12426527581556002,2.8188873329781927e-05,-0.00014593863488698844,0.000100270434813865,-0.02097608670690032,0.37647842288797356,0.0766517047421693,-0.00017842331727224313,1.1367318029765312e-06,-1.7626273696340904e-05
LAGEOS 2,2025-01-06 13:01:12.781344,-2388.1288754807906,8470.074241279666,-8342.738757351432,-4.0336945213121,-3.430707805458951,-2.2186823755600926,-2388.440884020859,8469.864615137321,-8342.832015772869,-4.033645355624685,-3.4308414464358066,-2.218568545364178,-0.31200854006829104,-0.20962614234485955,-0.09325842143698537,4.916568741464289e-05,-0.00013364097685553133,0.00011383019591448829,-0.020814445050083008,0.3802667832742376,0.07038120640038209,-0.0001813432499867923,-1.0590565998106312e-06,-1.8654573142583023e-05
LAGEOS 2,2025-01-06 13:06:12.781344,-3570.1637342233257,7359.156431303987,-8922.149820324219,-3.833117721912913,-3.963443852497221,-1.6370544197034178,-3570.4582911654693,7358.908492730752,-8922.209015062786,-3.833048858334678,-3.963559916844133,-1.6369295126223733,-0.2945569421435721,-0.24793857323493285,-0.059194738567384775,6.886357823532308e-05,-0.00011606434691202594,0.00012490708104451187,-0.02022942081488613,0.3837806411427437,0.06359666150330323,-0.000182949487995177,-3.7693769048000785e-06,-1.8170871377013728e-05
LAGEOS 2,2025-01-06 13:11:12.781344,-4680.1326503713335,6099.754546865169,-9321.34484511338,-3.5539408937893313,-4.418781369748103,-1.0192323745650356,-4680.404655446236,6099.473673423712,-9321.367303507193,-3.5538549175007574,-4.418875207659767,-1.0190998585312627,-0.27200507490215386,-0.2808734414566061,-0.022458393812485156,8.597628857387463e-05,-9.383791166328592e-05,0.00013251603377284482,-0.01910927722130345,0.38697455890667887,0.05715379798317181,-0.00018290177570186468,-6.662223482706697e-06,-1.614095079361233e-05
LAGEOS 2,2025-01-06 13:16:12.781344,-5695.156677971877,4716.655508238365,-9531.303416490655,-3.2011246523115915,-4.786530795289764,-0.37761152178609336,-5695.402043989972,4716.348153430548,-9531.286928989919,-3.201025372404729,-4.786599213553018,-0.377475470502759,-0.24536601809541025,-0.30735480781640945,0.016487500735820504,9.92799068626482e-05,-6.84182632539887e-05,0.00013605128333438188,-0.01736118559508662,0.38980544231479447,0.05189994971937127,-0.0001811141757132494,-9.167828499068438e-06,-1.269317244042447e-05
LAGEOS 2,2025-01-06 13:21:12.781344,-6594.100083391751,3237.4557800542516,-9546.843706869422,-2.781316607084591,-5.05819609903665,0.27465735801524715,-6594.315815922187,3237.129241119901,-9546.786603765402,-2.7812083907729175,-5.058237655461653,0.2747929581983044,-0.2157325304360711,-0.3265389343505376,0.05710310401991592,0.00010821631167345913,-4.1556425003363984e-05,0.00013560018305724952,-0.014921820845208142,0.39223052290670335,0.04859548319383201,-0.00017787519309506034,-1.0945139429146937e-05,-8.107762989788207e-06
LAGEOS 2,2025-01-06 13:26:12.781344,-7358.063143054036,1692.013013195784,-9366.80709864074,-2.3027548062009373,-5.227237814674254,0.9239528843427252,-7358.247316948574,1691.6751679278727,-9366.708323223178,-2.302642009733063,-5.227252878051786,0.9240845266376709,-0.18417389453770738,-0.33784526791123426,0.09877541756213759,0.00011279646787443198,-1.5063377531987499e-05,0.0001316422949457774,-0.011776878736877383,0.39419453955380424,0.04783306081525634,-0.00017359712175980954,-1.1645797300796336e-05,-2.838493993060029e-06
LAGEOS 2,2025-01-06 13:31:12.781344,-7970.8382329590095,111.8244058289801,-8994.15244058825,-1.775119678709416,-5.289297089931068,1.5564995736640412,-7970.98989362054,111.483448057571,-8994.011642553252,-1.7750059323798268,-5.289287391489552,1.5566246547987248,-0.1516606615305136,-0.34095777140910855,0.14079803499771515,0.0001137463295890484,9.698441516547973e-06,0.00012508113468356896,-0.007956460196772139,0.39562177566270806,0.04997349459443298,-0.0001689551545720908,-1.1175746266387642e-05,2.614566019378922e-06
LAGEOS 2,2025-01-06 13:36:12.781344,-8419.31380580239,-1470.654644617701,-8435.951775941603,-1.2093349279257382,-5.24236823350293,2.158707016491462,-8419.432827783618,-1470.9904639924605,-8435.76942023372,-1.2092227204029768,-5.242336216325384,2.158823721098088,-0.11902198122697882,-0.3358193747594669,0.18235570788237965,0.00011220752276130952,3.201717754564015e-05,0.00011670460662571713,-0.0035295765299722948,0.3964151494026814,0.055109528122522886,-0.00016457094071531788,-9.65798170635912e-06,7.663021030714955e-06
LAGEOS 2,2025-01-06 13:41:12.781344,-8693.811407173675,-3022.7344403265256,-7703.282409933548,-0.617320692168505,-5.086908339568254,2.7175203459155455,-8693.898333295085,-3023.0570666468675,-7703.059899435813,-0.6172112878375628,-5.086856526364045,2.717627391301903,-0.08692612141021527,-0.32262632034189664,0.22251049773421983,0.0001094043309421977,5.181320420888369e-05,0.00010704538635764038,0.001405690669001869,0.39645679189681793,0.06304641905241032,-0.0001609964701387018,-7.373010422393904e-06,1.176460028846169e-05
LAGEOS 2,2025-01-06 13:46:12.781344,-8788.34231843162,-4512.237157967105,-6811.01388727563,-0.011705362832799437,-4.825874708678384,3.220768595284426,-8788.398199706387,-4512.538990915544,-6810.7536720023745,-0.011598911189139471,-4.825805234077961,3.220864787228493,-0.05588127476767113,-0.3018329484384594,0.26021527325519855,0.00010645164365996607,6.947460042283637e-05,9.619194406695897e-05,0.006726661523596245,0.3956240866529299,0.0733087181225623,-0.00015869018199919424,-4.736567196503683e-06,1.4371976671903917e-05
LAGEOS 2,2025-01-06 13:51:12.781344,-8700.772763984987,-5908.242689960078,-5777.492653257508,0.5944945184874086,-4.46468397742774,3.6574962843242247,-8700.799005760731,-5908.516828769389,-5777.1983123736345,0.5945984971713187,-4.464598412402665,3.657579982349489,-0.026241775743983453,-0.27413880931089807,0.2943408838737014,0.00010397868391009979,8.556502507417463e-05,8.369802526431158e-05,0.012287922289528547,0.3937930793441372,0.08516625570385719,-0.00015782191731443298,-2.2574901954397296e-06,1.5014852978957007e-05
LAGEOS 2,2025-01-06 13:56:12.781344,-8432.889831251588,-7181.810283450094,-4624.131618856713,1.1882142067715904,-4.01109093624018,4.018263331842718,-8432.8880621885,-7182.050760318036,-4623.8078988014,1.1883162039193849,-4.01099044975399,4.018332176034164,0.0017690630884317216,-0.24047686794165202,0.3237200553130606,0.00010199714779446367,0.00010048648618976586,6.884419144626008e-05,0.017930086903706344,0.3908501352558189,0.09768117303381545,-0.00015830483667175006,-4.3395286619834665e-07,1.3411380693330373e-05
LAGEOS 2,2025-01-06 14:01:12.781344,-7990.364168160954,-8306.652154791484,-3374.9162123615893,1.7566865334310933,-3.4749896671473834,4.2953993393043675,-7990.336142800435,-8306.85413471902,-3374.5690008667184,1.7567865391802115,-3.4748754768916115,4.295450193046236,0.028025360519677633,-0.20197992753674043,0.3472114948708622,0.00010000574911828153,0.00011419025577197317,5.085374186819536e-05,0.023483599511501058,0.38669529080121146,0.10978345392914872,-0.00015980620290119112,2.9810902059177857e-07,9.410423863436923e-06
LAGEOS 2,2025-01-06 14:06:12.781344,-7382.609892038133,-9259.73672958006,-2055.842411778732,2.2877785731816402,-2.868144397305514,4.483200453976224,-7382.557431178519,-9259.896679699636,-2055.4786425580373,2.2878756954860364,-2.868018423738249,4.483229767590274,0.052460859613347566,-0.159950119576024,0.3637692206948486,9.712230439617997e-05,0.00012597356726473663,2.9313614049897296e-05,0.02878166655503804,0.38124981124811147,0.12035125908060648,-0.000161715297958513,-2.7957289486494174e-07,3.0747153493478367e-06
LAGEOS 2,2025-01-06 14:11:12.781344,-6622.546632730745,-10021.802031381185,-694.3053572225566,2.770304522648985,-2.203861865998988,4.5780602660244085,-6622.471611856145,-10021.917844398668,-693.9328295029422,2.770396971520313,-2.203727108077146,4.578064646402595,0.0750208746003409,-0.11581301748265105,0.3725277196143679,9.244887132808799e-05,0.00013475792184181046,4.380378186397138e-06,0.033674132391111375,0.37445857203259075,0.12831414249542794,-0.00016337710971332567,-2.28047290808961e-06,-5.3290230860966475e-06
LAGEOS 2,2025-01-06 14:16:12.781344,-5726.272869717168,-10577.76383255079,681.5408534366833,3.1943015934530194,-1.4966205005184747,4.578530221206847,-5726.1772358695625,-10577.834916314836,681.9137391638963,3.194386984022458,-1.4964813798978867,4.578507285708156,0.09563384760531335,-0.0710837640453974,0.3728857272129744,8.539056943845935e-05,0.0001391206205880735,-2.2935498691367684e-05,0.03805073263812728,0.36629971473834055,0.13273718622194342,-0.0001640320258174841,-5.445648749798409e-06,-1.5361410676198767e-05
LAGEOS 2,2025-01-06 14:21:12.781344,-4712.663346355588,-10917.008158935898,2043.4308628012193,3.5512583211057063,-0.7616739312234131,4.485309416573045,-4712.549140549925,-10917.035474515098,2043.7954748523719,3.5513342198237297,-0.761536002793946,4.485258513982899,0.11420580566300487,-0.02731557920014893,0.36461205115256234,7.589871802338166e-05,0.0001379284294671379,-5.0902590146506554e-05,0.04186055090403281,0.35681037187315756,0.1329101484522695,-0.00016307133735353553,-9.316841494466624e-06,-2.639841159584533e-05
LAGEOS 2,2025-01-06 14:26:12.781344,-3602.9060569189637,-11033.563173392336,3363.622530083054,3.8342880490417883,-0.014647058123955503,4.301167911009088,-3602.7753898485453,-11033.549178807452,3363.9704500765106,3.834352794466213,-0.014516330509650288,4.301090523258608,0.13066707041843983,0.013994584884130745,0.3479199934567987,6.474542442447273e-05,0.00013072761430521496,-7.738775047982926e-05,0.04510584510739456,0.3461171839135646,0.12839942087753736,-0.00016020283240376684,-1.314218335915079e-05,-3.785338236580074e-05
LAGEOS 2,2025-01-06 14:31:12.781344,-2419.995912639198,-10926.150874315055,4615.499295921872,4.0382441664851285,0.7288579465330258,4.030811369034382,-2419.8508899029243,-10926.09931418093,4615.822782042087,4.03829724323532,0.7289761739029927,4.030711036608409,0.14502273627385875,0.051560134124883916,0.32348612021542067,5.307675019139424e-05,0.00011822736996691674,-0.00010033242597273784,0.04780867652191889,0.3344633045306715,0.1190879498984034,-0.00015557556816540153,-1.612717463288113e-05,-4.896534437867111e-05
LAGEOS 2,2025-01-06 14:36:12.781344,-1188.2026416723413,-10598.123982434214,5774.124356876133,4.1597774317117455,1.4536305337187514,3.6806976057514476,-1188.045285105949,-10598.039505953577,5774.4167159706385,4.159819512364265,1.4537326981298975,3.680579160776688,0.1573565663923091,0.08447648063702218,0.2923590945056276,4.2080652519871364e-05,0.00010216441114607733,-0.00011844497475976823,0.04995767130567319,0.3221972907753463,0.1051871750855878,-0.00014979923490832757,-1.7633507745068347e-05,-5.9049207383751756e-05
LAGEOS 2,2025-01-06 14:41:12.781344,67.47016401426454,-10057.29748509931,6816.734038251047,4.197339084306179,2.145183617456496,3.25881720221696,67.63792466487799,-10057.185165426277,6816.9898293848355,4.197371544022701,2.145268415903047,3.258685813158081,0.16776065061344525,0.11231967303319834,0.2557911337880796,3.245971652177104e-05,8.47984465508489e-05,-0.00013138905887899455,0.05146900466860731,0.3097282612420085,0.08722267317359239,-0.00014372859677959306,-1.7295166231939756e-05,-6.74571139317236e-05
LAGEOS 2,2025-01-06 14:46:12.781344,1321.8194923478077,-9315.687322414697,7723.161515024385,4.151136065243463,2.79004019628519,2.774450770655676,1321.9957139514056,-9315.552203269857,7723.376593248882,4.151160157264485,2.7901084450149938,2.7743109238772377,0.1762216035979236,0.1351191448393365,0.21507822449711966,2.4092021021715482e-05,6.824872980359942e-05,-0.00013984677843836835,0.05218935628822051,0.2974721926362655,0.06600337285294186,-0.00013834131711374701,-1.5225706441926412e-05,-7.365659426611818e-05
LAGEOS 2,2025-01-06 14:51:12.781344,2549.957686714407,-8389.170538594046,8476.185735231553,4.023046409296512,3.375970478689851,2.2379147797837504,2550.1402091137056,-8389.017312926131,8476.357178071414,4.023062608601322,3.376024325903927,2.237769939143618,0.18252239929870484,0.15322566791473946,0.17144283986090159,1.6199304809561e-05,5.384721407608595e-05,-0.00014484064013231546,0.05191899193598194,0.28579357876572264,0.042563217757551244,-0.0001343236666543172,-1.177318126408783e-05,-7.719647500676833e-05
LAGEOS 2,2025-01-06 14:56:12.781344,3727.7969651349117,-7297.081925830769,9061.803755191298,3.8165036602954387,3.8921788213629043,1.6603063297061453,3727.983175489848,-7296.91480541837,9061.929774044174,3.816511317041659,3.892220792322405,1.6601588141784305,0.18621035493606541,0.16712041239952669,0.126018852875859,7.656746220163768e-06,4.197095950075891e-05,-0.00014751552771485876,0.05047153068119848,0.2749717114139966,0.018095919951894093,-0.00013214799545536402,-7.53249674346206e-06,-7.785362490614307e-05
LAGEOS 2,2025-01-06 15:01:12.781344,4832.495755685254,-6061.761907403234,9469.427492335226,3.5363590766646666,4.329442757491961,1.0532551868327573,4832.68241538709,-6061.584656976393,9469.507372382663,3.5363564435810986,4.3294747993195415,1.0531066023049789,0.18665970183610625,0.17725042684105574,0.07988004743674537,-2.633083568071015e-06,3.2041827580542304e-05,-0.00014858452777843922,0.04772036659527856,0.26518951520650946,-0.006137403353695933,-0.00013188168143372993,-3.2099473526669108e-06,-7.555059284429676e-05
LAGEOS 2,2025-01-06 15:06:12.781344,5842.861436855111,-4708.06936363496,9692.008024055951,3.1887296189770495,4.6802085624167375,0.42868905665091006,5843.044628286832,-4707.8854301553265,9692.042122476445,3.1887143738813393,4.680231464825738,0.4285408539490163,0.18319143172175245,0.18393347963319684,0.03409842049404688,-1.5245095710270107e-05,2.290240900038043e-05,-0.0001482027018937515,0.04363728506848701,0.25654297802314124,-0.0288931764487679,-0.00013325044651132272,5.654852126230597e-07,-7.04625635415829e-05
LAGEOS 2,2025-01-06 15:11:12.781344,6739.706267892024,-3262.8715522703237,9726.091983501696,2.780838444922665,4.938649126742803,-0.20138423864045762,6739.881491630477,-3262.684208049069,9726.081752765847,2.7808083376603463,4.938662417889191,-0.20153024887258653,0.17522373845349648,0.1873442212545342,-0.0102307358483813,-3.010726231877925e-05,1.3291146387928165e-05,-0.0001460102321289014,0.03830427965231428,0.2490661022427478,-0.049038174772405324,-0.00013575877439689802,3.3013551727387837e-06,-6.293445742396106e-05
LAGEOS 2,2025-01-06 15:16:12.781344,7506.155062886362,-1754.5214637691777,9571.815371958637,2.320853084997907,5.100690413796656,-0.8250760841820011,7506.317456916123,-1754.3339062825917,9571.763369922286,2.320806645304401,5.100692685227614,-0.8252174359295168,0.16239402976043493,0.1875574865860017,-0.05200203635104117,-4.643969350581756e-05,2.2714309579896508e-06,-0.00014135174751572777,0.031906598704464224,0.2427538684652233,-0.0656229515126194,-0.00013877809331635122,4.7515179867219516e-06,-5.348069698088473e-05
LAGEOS 2,2025-01-06 15:21:12.781344,8127.904458357787,-212.33110277476385,9232.84032012247,1.8177248630936447,5.164012599049926,-1.430797995737521,8128.049082104485,-212.14648931767502,9232.750159521996,1.8176618491334011,5.164001975528265,-1.4309314738638932,0.14462374669801648,0.1846134570888296,-0.09016060047360952,-6.301396024355199e-05,-1.0623521660590995e-05,-0.00013347812637221068,0.024698120965399986,0.2375774312368491,-0.07793624004724439,-0.00014162063821371833,4.764575640834855e-06,-4.267226580329083e-05
LAGEOS 2,2025-01-06 15:26:12.781344,8593.434455296507,1333.9525243740004,8716.240114387192,1.2810316042268823,5.128031294612583,-2.0074254737737647,8593.55660093935,1334.1310900676585,8716.11634730044,1.2809532283936278,5.128006138684896,-2.0075473749966477,0.12214564284295193,0.17856569365812902,-0.12376708675219561,-7.837583325454034e-05,-2.515592768759234e-05,-0.00012190122288302518,0.01697980864373852,0.2334899480318664,-0.08554348044562263,-0.00014372260936452568,3.4333634394164667e-06,-3.1105042187540985e-05
LAGEOS 2,2025-01-06 15:31:12.781344,8894.173329857771,2854.6633837921913,8032.337296802847,0.7208243502409459,4.993863178244283,-2.5444468807863814,8894.2688170759,2854.832897780129,8032.18523344106,0.7207333693713736,4.993822577080664,-2.544553337931575,0.09548721812825534,0.1695139879375347,-0.15206336178744095,-9.098086957237683e-05,-4.060116361870314e-05,-0.00010645714519341709,0.00907176731864398,0.23042680590435438,-0.08830207862157717,-0.00014450097666221919,9.243938181868354e-07,-1.943476569975881e-05
LAGEOS 2,2025-01-06 15:36:12.781344,9024.617074716041,4320.720124391736,7194.498981896819,0.1474777775219991,4.764279116814578,-3.032099751240821,9024.682505756211,4320.877744972943,7194.324462089428,0.14737817772038397,4.764223373500499,-3.032187328723012,0.06543104016964207,0.1576205812070839,-0.17451980739042483,-9.959980161511339e-05,-5.574331407842692e-05,-8.757748219068162e-05,0.001293600588019611,0.22830572728379633,-0.08635654750085091,-0.00014360784043170394,-2.396395027170238e-06,-8.264284027746723e-06
LAGEOS 2,2025-01-06 15:41:12.781344,8982.404341462876,5704.114030725348,6218.892829734782,-0.42845671561008203,4.44364655053414,-3.4614968740697805,8982.43730977312,5704.25713958805,6218.701967677672,-0.4285601905139629,4.443577314798858,-3.4615630850466914,0.0329683102445415,0.14310886270232004,-0.19086205711028015,-0.00010347490388085134,-6.923573528183624e-05,-6.621097691095201e-05,-0.006045378253620309,0.22702208985496738,-0.08012368581358108,-0.00014086822608209434,-6.099748821328963e-06,1.8633790465729503e-06
LAGEOS 2,2025-01-06 15:46:12.781344,8768.347493879215,6978.378082047306,5124.206473317115,-0.9963966852465092,4.037861668541154,-3.824744103307239,8768.346724814395,6978.504350461229,5124.005393263177,-0.9964991201868543,4.037781770804941,-3.8247878017891708,-0.0007690648199059069,0.12626841392284405,-0.20108005393740314,-0.00010243494034511968,-7.989773621375207e-05,-4.3698481931642164e-05,-0.012657568929994908,0.2264558363765643,-0.07024978310664029,-0.00013631069626554994,-9.762409315537403e-06,1.0498191590816725e-05
LAGEOS 2,2025-01-06 15:51:12.781344,8386.419941030063,8119.033991884846,3931.3327001437365,-1.5458746176300338,3.5542708030425274,-4.115051229980509,8386.385363740857,8119.141441524852,3931.1272761646064,-1.5459715557681193,3.55418391944022,-4.115072886807411,-0.03457728920511727,0.1074496400060525,-0.20542397913004606,-9.693813808553386e-05,-8.68836023073527e-05,-2.165682690247195e-05,-0.018282385807075127,0.2264778683157756,-0.05756348495504475,-0.00013018815604070425,-1.2886118301891129e-05,1.7313956760567326e-05
LAGEOS 2,2025-01-06 15:56:12.781344,7843.699480709586,9104.013813824797,2663.0223929614663,-2.0666855678155116,3.0015795765375515,-4.326836461243602,7843.632220428849,9104.100860307932,2662.8180001557803,-2.066773487667888,3.001489528320235,-4.326838098599183,-0.06726028073717316,0.08704648313505459,-0.20439280568598406,-8.791985237621702e-05,-9.004821731650736e-05,-1.6373555808968376e-06,-0.02269979247644164,0.22696102605372065,-0.04302170012193783,-0.00012298666781388577,-1.5125003948077391e-05,2.206301458646537e-05
LAGEOS 2,2025-01-06 16:01:12.781344,7150.267022692566,9914.052173864278,1343.5071849567314,-2.5490374388346027,2.389747706030903,-4.455824169219795,7150.169298612842,9914.117643759571,1343.308492153554,-2.5491140577705664,2.3896578342883004,-4.455809052646373,-0.0977240797237755,0.06546989529306302,-0.19869280317743687,-7.661893596377922e-05,-8.987174260255415e-05,1.5116573422346846e-05,-0.02574797083101322,0.22779092766042774,-0.027630929331786666,-0.00011535440459508445,-1.6196218119927412e-05,2.4636276459723945e-05
LAGEOS 2,2025-01-06 16:06:12.781344,6319.059843263339,10533.044501079863,-1.9059958884010122,-2.9837042578901674,1.72986696719272,-4.4991346528405485,6318.934796405471,10533.087591903904,-2.095171280021565,-2.983768583478195,1.7297795721697184,-4.499106624469922,-0.12504685786734626,0.04309082404142828,-0.18917539162055297,-6.432558802771382e-05,-8.739502300159074e-05,2.8028370626209664e-05,-0.02734971856012149,0.22886560891263738,-0.012385092877531492,-0.00010803965797366946,-1.6026999371212987e-05,2.5136198531352492e-05
LAGEOS 2,2025-01-06 16:11:12.781344,5365.6785033327105,10948.36585851172,-1347.265822411787,-3.3621820739072064,1.034019758202703,-4.455363756941097,5365.529981722238,10948.386065797977,-1347.4425561114542,-3.362234073021682,1.0339358142737183,-4.455326445601031,-0.1485216104729261,0.020207286257573287,-0.1767336996672384,-5.1999114475620445e-05,-8.394392898480874e-05,3.731134006557113e-05,-0.027519602547024846,0.23008952233474608,0.001813003270514757,-0.00010176542509894561,-1.4825355115628633e-05,2.3804081945548272e-05
LAGEOS 2,2025-01-06 16:16:12.781344,4308.146786847623,11151.144213333688,-2666.429469049475,-3.676846238797225,0.3151159037333855,-4.324649364363722,4307.979128312826,11151.141246083682,-2666.591649768851,-3.6768863178704123,0.31503521088234265,-4.324605557855648,-0.16765853479682846,-0.002967250005895039,-0.16218071937601053,-4.007907318737125e-05,-8.069285104284063e-05,4.3806508074339945e-05,-0.026366552126802577,0.23135102225650633,0.014222659032375407,-9.709938954468179e-05,-1.2984503936241535e-05,2.0971162920253233e-05
LAGEOS 2,2025-01-06 16:21:12.781344,3166.6245165609953,11136.481322035506,-3933.53307675862,-3.921107872376524,-0.41329417241286137,-4.108721067502302,3166.442366717663,11136.455064766511,-3933.6792402923825,-3.9211363870335845,-0.41337229639975703,-4.108672306303561,-0.18214984333235407,-0.026257268995323102,-0.14616353376231928,-2.8514657060441095e-05,-7.81239868956618e-05,4.87611987409764e-05,-0.02406584756762701,0.23251134087355688,0.024312538925725602,-9.422106965539565e-05,-1.1038926157642364e-05,1.716477907473033e-05
LAGEOS 2,2025-01-06 16:26:12.781344,1963.0738986812576,10903.61393650285,-5123.474135112457,-4.089566397297176,-1.1372309604103066,-3.8109287821598627,1962.8820502223643,10903.564495417275,-5123.603253580258,-4.089583337219892,-1.1373070075605938,-3.8108754641898486,-0.19184845889321878,-0.049441085575381294,-0.1291184678011632,-1.6939922716119327e-05,-7.604715028719511e-05,5.331797001417726e-05,-0.020822460909258128,0.23340205444943382,0.03180781272519684,-9.30356738053732e-05,-9.521817811075247e-06,1.290869319555336e-05
LAGEOS 2,2025-01-06 16:31:12.781344,720.8811386254623,10456.007852549015,-6212.398788508983,-4.178154051054889,-1.8425220733133756,-3.4362457359047767,720.6843732304405,10455.935674616008,-6212.5100772100795,-4.178159057263656,-1.8425956622832018,-3.436187518630504,-0.19676539502177093,-0.0721779330069694,-0.11128870109678246,-5.006208766644704e-06,-7.358896982623264e-05,5.821727427246515e-05,-0.01683957341481533,0.23383849606336843,0.036707440786170234,-9.313492654824813e-05,-8.864062285524566e-06,8.772883600482208e-06
LAGEOS 2,2025-01-06 16:36:12.781344,-535.5635592700446,9801.377509690205,-7178.185663444578,-4.184267440724852,-2.5150618217539886,-2.991241191863992,-535.7606458460632,9801.283543528689,-7178.27843981215,-4.184260103539259,-2.5151313189580833,-2.991177613268519,-0.19708657601859159,-0.09396616151570925,-0.09277636757269647,7.3371855933146435e-06,-6.949720409465954e-05,6.357859547279077e-05,-0.012292111346093128,0.23363672488718407,0.03928100201570761,-9.386682212763432e-05,-9.315987983227491e-06,5.307121936953809e-06
LAGEOS 2,2025-01-06 16:41:12.781344,-1781.3228806103464,8951.624484792823,-8000.916431332273,-4.106880487584476,-3.1410912764131353,-2.4840185032026056,-1781.5160902463751,8951.510336240694,-8000.990025687339,-4.106860846305381,-3.1411538562788337,-2.4839495154355973,-0.19320963602876873,-0.11414855212933617,-0.07359435506623413,1.9641279095594655e-05,-6.257986569835339e-05,6.898776700836606e-05,-0.007318130462264878,0.23263194482391042,0.040060051412727726,-9.451225754850964e-05,-1.0929320005629346e-05,3.0519779544298413e-06
LAGEOS 2,2025-01-06 16:46:12.781344,-2991.3996497251424,7922.689361661019,-8663.322070742866,-3.9466325766907175,-3.707494214799226,-1.9241146775984816,-2991.5853993006335,7922.557396801726,-8663.375789780916,-3.9466016283799945,-3.7075463653427505,-1.9240410804359271,-0.18574957549117244,-0.13196485929256596,-0.053719038049166556,3.09483107230335e-05,-5.2150543524476234e-05,7.359716255450621e-05,-0.002020657070224932,0.23068628620760595,0.03978841832659824,-9.437534962366955e-05,-1.3469860223876915e-05,2.4239867040650793e-06
LAGEOS 2,2025-01-06 16:51:12.781344,-4141.246000953822,6734.313140928517,-9151.192788234299,-3.7058855065743046,-4.202102514555918,-1.322358601672022,-4141.4215382879465,6734.166512604963,-9151.22591853116,-3.7058454054104004,-4.202140786907876,-1.322282146260477,-0.17553733412478323,-0.14662832355406863,-0.03313029686069058,4.010116390418261e-05,-3.827235195785761e-05,7.645541154488456e-05,0.0035295876341256416,0.2277031572118751,0.03936561592134734,-9.290063965768889e-05,-1.657632198765536e-05,3.6059570030340938e-06
LAGEOS 2,2025-01-06 16:56:12.781344,-5207.284119746956,5409.706589426026,-9453.738917619161,-3.388742941923738,-4.614002710030945,-0.6906864583252172,-5207.44768405084,5409.549174178043,-9453.750748693354,-3.3886970446255873,-4.614024543962842,-0.6906094556907192,-0.16356430388350418,-0.15741524798249884,-0.011831074192741653,4.589729815052124e-05,-2.183393189625349e-05,7.700263449805789e-05,0.009277287913517153,0.22361986735782946,0.03976057055271632,-8.98774915562188e-05,-1.9740016454361993e-05,6.712416938250092e-06
LAGEOS 2,2025-01-06 17:01:12.781344,-6167.426400769272,3975.128691041842,-9563.889963156802,-3.0010266647477692,-4.933833713711465,-0.041914667086530244,-6167.5773088482065,3974.964936840122,-9563.879825401544,-3.000979145043857,-4.933837974915605,-0.04183965624724806,-0.15090807893466263,-0.16375420172016675,0.01013775525825622,4.751970391225768e-05,-4.2612041397660505e-06,7.501083928218577e-05,0.01516584676658204,0.2184136948716452,0.04191558105053739,-8.523151607864761e-05,-2.245994010699925e-05,1.157781878302392e-05
LAGEOS 2,2025-01-06 17:06:12.781344,-7001.581325631085,2459.3785862193513,-9478.5193950468,-2.5502049706392427,-5.154064253253182,0.6105271428114065,-7001.719955274481,2459.2133018334644,-9478.48671382299,-2.550160071567916,-5.154051604281904,0.6105980170541443,-0.1386296433965981,-0.16528438588693461,0.03268122381086869,4.489907132665394e-05,1.2648971278395038e-05,7.087424273777287e-05,0.0211298061740275,0.21209234476607022,0.046642654499327044,-7.933545369160514e-05,-2.4284466805083564e-05,1.775476903793293e-05
LAGEOS 2,2025-01-06 17:11:12.781344,-7692.130227741008,893.2089603701096,-9198.583940734889,-2.045270218019141,-5.269237626419567,1.2528981367795495,-7692.257887756711,893.0470721992083,-9198.528297666066,-2.0452315390775766,-5.269210246747662,1.2529635066439369,-0.12766001570344088,-0.1618881709013067,0.05564306882297387,3.8678941564285196e-05,2.7379671905691794e-05,6.536986438732129e-05,0.02707380992275027,0.20468180833692107,0.054528678210702806,-7.271836282206661e-05,-2.4958877170851553e-05,2.4658067301841e-05
LAGEOS 2,2025-01-06 17:16:12.781344,-8224.35954500714,-691.3274061544549,-8729.168007134076,-1.49656470627815,-5.2761710819580685,1.871475628027838,-8224.478259682885,-691.4810954602382,-8729.089228156141,-1.4965345184155012,-5.27613214837163,1.8715350097936607,-0.11871467574383132,-0.1536893057832458,0.07877897793514421,3.0187862648745067e-05,3.893358643836109e-05,5.9381765822763555e-05,0.03287447648180467,0.19621727485404242,0.06586162887831909,-6.605622876718088e-05,-2.4428928628691126e-05,3.151392396377419e-05
LAGEOS 2,2025-01-06 17:21:12.781344,-8586.833312553377,-2261.5825071409804,-8079.426533711711,-0.9155567400848668,-5.174097747120868,2.4529015613370575,-8586.94554979727,-2261.723540633654,-8079.324807930865,-0.9155356931969436,-5.174050607985464,2.452955202207704,-0.11223724389310519,-0.1410334926736141,0.10172578084620909,2.104688792314846e-05,4.713913540399517e-05,5.364087064663181e-05,0.0383862146577182,0.18673219051130074,0.08058143093984226,-6.0034044921784115e-05,-2.2913417680665166e-05,3.759390006550315e-05
LAGEOS 2,2025-01-06 17:26:12.781344,-8771.691638619628,-3785.0505928843218,-7262.422966006865,-0.31457173276430694,-4.9647406245708225,2.984533633815772,-8771.800031759254,-3785.1750509470894,-7262.298984665164,-0.31455890356664895,-4.964688239919269,2.9845819319471047,-0.10839313962605956,-0.12445806276764415,0.12398134170052799,1.2829197657993063e-05,5.2384651553438744e-05,4.8298131332558114e-05,0.043453720520319,0.17624953598449936,0.09827578762809819,-5.512885721527442e-05,-2.077699910666324e-05,4.2078200192019604e-05
LAGEOS 2,2025-01-06 17:31:12.781344,-8774.862806253188,-5230.116701089932,-6294.863024601812,0.2935136950418382,-4.652310875059811,3.45478689455922,-8774.969907421992,-5230.22139251862,-6294.718123969949,0.29352036097952805,-4.652255479707492,3.454829896607407,-0.10710116880363785,-0.10469142868805648,0.1449006318625834,6.66593768983148e-06,5.539535231946502e-05,4.300204818719067e-05,0.04793845749795099,0.1647966439507948,0.1181994887861186,-5.157974245165092e-05,-1.8468377851070246e-05,4.427985004883486e-05
LAGEOS 2,2025-01-06 17:36:12.781344,-8596.179443311623,-6566.792848111302,-5196.729309651355,0.8956037838270277,-4.243426271427779,3.8534508977281803,-8596.287507798865,-6566.87548237268,-5196.565564059248,0.8956068866609712,-4.243369305402666,3.853487977370605,-0.10806448724179063,-0.08263426137818897,0.16374559210726147,3.1028339435579255e-06,5.696602511306992e-05,3.7079642424941994e-05,0.05171604863450596,0.15241588184903435,0.1393334947696434,-4.945016223227767e-05,-1.6458462234647514e-05,4.3743067497580304e-05
LAGEOS 2,2025-01-06 17:41:12.781344,-8239.392799952682,-7767.417871939891,-3990.826229204791,1.4787286871069227,-3.74695010186133,4.171967835563919,-8239.50360767411,-7767.477199257349,-3990.6464807458,1.47873078338489,-3.746892598462182,4.1719974927718795,-0.11080772142850037,-0.05932731745815545,0.17974845899107095,2.0962779672117904e-06,5.750339914811775e-05,2.9657207960553933e-05,0.05467738121920996,0.13917602399868895,0.16046186014610186,-4.8498719567671e-05,-1.5095125916725967e-05,4.013223956837825e-05
LAGEOS 2,2025-01-06 17:46:12.781344,-7712.08335996316,-8807.29768060188,-2702.248918184417,2.030387871536732,-3.17375559428001,4.403658653536695,-7712.198075725478,-8807.333576508285,-2702.0567404342273,2.030390964918297,-3.173698482616601,4.403678643169769,-0.11471576231815561,-0.03589590640513052,0.192177750189785,3.0933815651223995e-06,5.711166340915952e-05,1.9989633074146695e-05,0.056725997589807835,0.12517449295471358,0.18026097026217391,-4.83478709373534e-05,-1.4729863169968948e-05,3.341273775263857e-05
LAGEOS 2,2025-01-06 17:51:12.781344,-7025.470492279519,-9665.26485442336,-1357.7933562405308,2.5388768834463917,-2.536425562821023,4.543886895451124,-7025.589583866434,-9665.27833553068,-1357.5929596234523,2.538882190237018,-2.536370253586938,4.543894655158738,-0.11909158691469202,-0.01348110732033092,0.2003966170784679,5.30679062649142e-06,5.5309234085143544e-05,7.759707614241051e-06,0.05778241359005512,0.11052961078830925,0.19740250323546735,-4.8429257474970855e-05,-1.5458703271088005e-05,2.373019126970038e-05
LAGEOS 2,2025-01-06 17:56:12.781344,-6194.1282629833295,-10324.140072557859,14.67253446778237,2.993583381386088,-1.8489009766781237,4.590153719595236,-6194.251478955981,-10324.13325535116,14.876453431980707,2.993591340259627,-1.848849712030642,4.590146996785185,-0.12321597265145101,0.006817206698542577,0.203918964198337,7.958873538882472e-06,5.126464748173021e-05,-6.722810050874273e-06,0.0577940905507018,0.09538020069529127,0.2106515003413924,-4.806253183670936e-05,-1.7182016742578287e-05,1.146190466358824e-05
LAGEOS 2,2025-01-06 18:01:12.781344,-5235.618501957211,-10771.082422227544,1386.8556691298377,3.385240423972391,-1.126095063980756,4.542121796990159,-5235.744905792701,-10771.058439119028,1387.0581493330033,3.385251054006403,-1.1260508675532037,4.542099297664208,-0.12640383548932732,0.023983108516404172,0.20248020316557813,1.0630034012137912e-05,4.4196427552378736e-05,-2.249932595077553e-05,0.056758399915402304,0.07990034327225437,0.2189652277840377,-4.668990112504837e-05,-1.9608941311081842e-05,-2.8432469683211613e-06
LAGEOS 2,2025-01-06 18:06:12.781344,-4170.055416533209,-10997.820914703096,2730.681279134596,3.706128016989169,-0.38349100938830816,4.401570188672849,-4170.1834415788735,-10997.78374967926,2730.877374413287,3.7061414149948178,-0.38345726590705453,4.40153218808473,-0.1280250456647991,0.03716502383576881,0.19609527869079102,1.3398005648923572e-05,3.374348125362303e-05,-3.8000588119757595e-05,0.0547104043230536,0.06431220126276636,0.22157554482963948,-4.3954987717599285e-05,-2.2145442842095153e-05,-1.8431283080753e-05
LAGEOS 2,2025-01-06 18:11:12.781344,-3019.618218581075,-11000.765011468,4018.913165401686,3.9502175805564548,0.3632587804549985,4.17228632139404,-3019.745746538804,-11000.719250358205,4019.09824831468,3.950234307756091,0.36327911575426697,4.172234675890195,-0.12752795772894387,0.04576110979542136,0.1850829129939484,1.6727199636079604e-05,2.033529926848132e-05,-5.164550384506583e-05,0.051716899116460074,0.0488947183444757,0.21805460948657257,-3.983269232162818e-05,-2.418721885187253e-05,-3.448067194874244e-05
LAGEOS 2,2025-01-06 18:16:12.781344,-1808.0292551642447,-10780.997184706477,5225.7331691856825,4.113257837625042,1.0987154423619359,3.859904425892637,-1808.1537177387486,-10780.947665868805,5225.903197726134,4.113278992371306,1.0987206512745615,3.859842230567665,-0.12446257450392295,0.04951883767171239,0.17002854045131244,2.1154746264073765e-05,5.208912625676021e-06,-6.219532497198088e-05,0.047843690662673286,0.03397776702902669,0.2083488538869393,-3.461604381918677e-05,-2.519741869754709e-05,-5.009724653010607e-05
LAGEOS 2,2025-01-06 18:21:12.781344,-560.0150140638796,-10344.155082771178,6327.265495855079,4.192804240711325,1.8080048228966916,3.471701980225589,-560.1335559061902,-10344.10650993177,6327.417195624441,4.1928312567278,1.807994972961751,3.4716329216953454,-0.11854184231060572,0.04857283940873458,0.1516997693615849,2.7016016474590288e-05,-9.849934940575622e-06,-6.90585302436375e-05,0.043149796463546435,0.01991073431644695,0.1927847682134449,-2.8849061085176652e-05,-2.4777325091834783e-05,-6.441880781027839e-05
LAGEOS 2,2025-01-06 18:26:12.781344,699.2337546200997,-9700.214437731354,7302.035192272369,4.188197047298104,2.4771269846969517,3.0163666876906063,699.1240656783119,-9700.17101646019,7302.1661547120375,4.1882312146906315,2.477103955587154,3.0162943190907754,-0.10968894178779465,0.04342127116433403,0.13096243966811016,3.41673925277064e-05,-2.3029109797789715e-05,-7.236859983095201e-05,0.03769250255326165,0.007044024562241152,0.17204036826604135,-2.3118782832613306e-05,-2.2792787619760964e-05,-7.668751896216504e-05
LAGEOS 2,2025-01-06 18:31:12.781344,1944.5884763621,-8863.186271713319,8131.353853051739,4.100495404581807,3.0932178728962754,2.5037463535509232,1944.4904049102793,-8863.151423667012,8131.462562482746,4.10053746070389,3.0931851158620702,2.503673571669424,-0.09807145182071508,0.034848046307160985,0.10870943100690056,4.2056122083522496e-05,-3.2757034205133095e-05,-7.278188149939524e-05,0.03154735917596166,-0.00429537303533134,0.14709333867651236,-1.8031585365470726e-05,-1.9207566706033277e-05,-8.628368489844094e-05
LARES,2025-01-02 05:39:00.073728,-3777.7770016160134,6859.707758850242,8.942742536621212,-2.1697264773429197,-1.208441592847521,6.686450541285541,-3778.034726403656,6859.544710029001,9.414096634057966,-2.1694128164053836,-1.208824621565327,6.686495729017952,-0.25772478764247353,-0.16304882124040887,0.4713540974367536,0.0003136609375360422,-0.00038302871780615533,4.518773241102281e-05,-0.017957117204556356,0.5478696540448339,-0.1212355292897147,-0.0004867728080447905,1.1552648023323127e-05,0.00010027404067107937
LARES,2025-01-02 05:44:00.073728,-4280.225268992441,6246.765328833413,1989.5794278894402,-1.1589781211359877,-2.8524334325175005,6.435216168978059,-4280.379502453418,6246.4938571301955,1990.0459426228808,-1.158607934079555,-2.8527544510516236,6.435129518092481,-0.1542334609775935,-0.271471703217685,0.46651473344059013,0.00037018705643276917,-0.00032101853412314085,-8.665088557791023e-05,-0.013729888127849657,0.5544195090171076,-0.08689845132917384,-0.0004805182426529885,-1.0416821942113076e-05,0.00012881552806503756
LARES,2025-01-02 05:49:00.073728,-4464.514089354769,5169.4860135368135,3822.007143783108,-0.06194641620822949,-4.284612895693499,5.704568909983209,-4464.555051826383,5169.130627899431,3822.4322999826695,-0.06157216798965237,-4.28483952307306,5.704380446466075,-0.040962471613966045,-0.3553856373828239,0.42515619956157025,0.0003742482185771223,-0.00022662737956125056,-0.0001884635171336413,-0.0037476953501572874,0.5537070187464784,-0.046142838391328406,-0.00045517505632862844,-1.840781210223213e-05,0.00013934495367672918
LARES,2025-01-02 05:54:00.073728,-4316.945774134132,3707.9431337386495,5369.729654346527,1.0395701649986222,-5.398177910222785,4.54908604809134,-4316.877028380711,3707.531544481583,5370.087057591379,1.039918029020555,-5.398320186069668,4.548822863714122,0.06874575342135358,-0.41158925706668015,0.3574032448514117,0.00034786402193276444,-0.00014227584688342176,-0.00026318437721783994,0.012299910583065843,0.5492657549693905,-0.004961571731182016,-0.0004399770741560923,-1.0075444258717312e-05,0.00012975542537100297
LARES,2025-01-02 05:59:00.073728,-3848.536251286421,1970.8162883574682,6517.51149908878,2.0636651761105895,-6.110401652778592,3.0549690440493578,-3848.368020489887,1970.372762799605,6517.779407881791,2.063972478573305,-6.110466040362098,3.054633953456687,0.1682307965338623,-0.44352555786326775,0.2679087930109745,0.00030730246271559736,-6.43875835066865e-05,-0.0003350905926708947,0.02870978982690925,0.5431317123803898,0.03123033345608034,-0.0004466650384102321,-4.2191290295463466e-08,0.00010656740345581295
LARES,2025-01-02 06:04:00.073728,-3094.120175002675,87.22656187314185,7179.894975389227,2.9344264761148224,-6.368520426711996,1.3332501069680802,-3093.866801291045,86.77692998431637,7180.052394889845,2.9346780290879906,-6.36848712251971,1.3328498324272005,0.2533737116300472,-0.4496318888254791,0.15741950061874377,0.0002515529731681454,3.330419228575465e-05,-0.00040027454087976366,0.039273395694492924,0.5347944980702309,0.0600034798444439,-0.0004667475381627071,-1.5865739043376082e-06,8.217051790237234e-05
LARES,2025-01-02 06:09:00.073728,-2109.718149729731,-1802.8369495118714,7307.432012414125,3.587358479667273,-6.1532291652417825,-0.48851179977827996,-2109.400507691026,-1803.2597822891562,7307.4642002999835,3.5875261469100224,-6.153076179336949,-0.48893742459222267,0.3176420387048893,-0.4228327772848388,0.032187885858547816,0.00016766724274930311,0.00015298590483325825,-0.00042562481394270435,0.041881756594557534,0.5218697950770689,0.08135058540553847,-0.00047843686730278986,-1.8866624135969986e-05,5.844388857503268e-05
LARES,2025-01-02 06:14:00.073728,-968.4120280033266,-3558.789360532818,6890.287615000916,3.9738805967726876,-5.47987377572008,-2.2753498492029394,-968.0594774936054,-3559.1507160241003,6890.1953071323815,3.973941707283416,-5.479614803908589,-2.2757412235996526,0.35255050972114077,-0.361355491282211,-0.09230786853458994,6.111051072821283e-05,0.00025897181149048265,-0.0003913743967132177,0.039479774198909995,0.5028972170517495,0.09447820959698627,-0.00047055005662933704,-4.022322729427171e-05,3.065205152875231e-05
LARES,2025-01-02 06:19:00.073728,244.97697383911782,-5049.753946994553,5959.043907362143,4.064797961773905,-4.397492724286167,-3.894375481388124,245.33100178026666,-5050.0272306636225,5958.844719189228,4.064751666635658,-4.397168255110955,-3.8946820342162027,0.35402794114884273,-0.2732836690693148,-0.19918817291454616,-4.629513824738751e-05,0.0003244691752115614,-0.00030655282807856565,0.035800646960609445,0.4782876011789196,0.09825965275140615,-0.0004448760244934915,-5.9001876053291284e-05,1.4910881398004744e-06
LARES,2025-01-02 06:24:00.073728,1440.0836523438948,-6164.260720271105,4582.642241417866,3.852628830048843,-2.9857317285395766,-5.224323189127972,1440.4089322185441,-6164.4337229453495,4582.365771003942,3.8524974664469482,-2.9853926821297136,-5.224523758982286,0.32527987464936814,-0.17300267424434423,-0.27647041392356186,-0.00013136360189491825,0.0003390464098629309,-0.0002005698543143808,0.034280546560474495,0.4498314441960621,0.09300176268581818,-0.00040925508607286566,-6.577204678888339e-05,-2.4928754243509516e-05
LARES,2025-01-02 06:29:00.073728,2527.694020037818,-6818.688614140296,2863.502015779407,3.3525619312540584,-1.3495327986529446,-6.164741901724028,2527.969005945261,-6818.761762725288,2863.180697066816,3.352378598598989,-1.3492084384279224,-6.164835541213961,0.27498590744289686,-0.07314858499194088,-0.3213187125911645,-0.00018333265506953467,0.0003243602250222466,-9.363948993268423e-05,0.03502755291401352,0.4200078432515699,0.08111819761176085,-0.00037658811999618006,-6.632701388274568e-05,-3.702549355945738e-05
LARES,2025-01-02 06:34:00.073728,3426.4846416755713,-6963.776101484552,930.0186720498142,2.6017418300184545,0.3884161283922367,-6.644132743502723,3426.699705006128,-6963.757942345541,929.6840698267735,2.6015466942267267,0.38870534026682435,-6.644131488839776,0.215063330556859,0.0181591390110043,-0.33460222304074705,-0.00019513579172780737,0.000289211874587636,1.2546629477583338e-06,0.03828609058681105,0.39037334126011924,0.0684358666535949,-0.0003430461951922685,-5.630361140565605e-05,-2.953423609362681e-05
LARES,2025-01-02 06:39:00.073728,4069.267534359486,-6588.56746549989,-1073.1043615437961,1.6566672587869107,2.097130551954251,-6.626079432259303,4069.4231725791537,-6588.469287880137,-1073.4260734704571,1.6564806526985194,2.097383072181401,-6.625995809632968,0.15563821966770774,0.09817761975318717,-0.3217119266610098,-0.00018660608839127235,0.0002525202271499438,8.36226263345452e-05,0.04243003134319327,0.3632363507611541,0.06016402682342206,-0.00032141998862701503,-4.65006361221778e-05,-1.0388586567954987e-05
LARES,2025-01-02 06:44:00.073728,4408.174619709791,-5721.336852967387,-2995.9422125654496,0.5887634987557249,3.6478483631799463,-6.112437011327529,4408.275696160754,-5721.1732903518405,-2996.2275072685425,0.5885966235782689,3.6480373499061898,-6.112282088750817,0.10107645096286433,0.16356261554665252,-0.285294703092859,-0.0001668751774559496,0.00018898672624345636,0.00015492257671212428,0.0466144692937957,0.33598673858671513,0.05746519383829722,-0.0002917156645126748,-4.9620948294145184e-05,2.011191342494222e-06
LARES,2025-01-02 06:49:00.073728,4418.288616476706,-4427.34318029669,-4694.874562624008,-0.521444997692015,4.924420043701502,-5.143030777730019,4418.342862411662,-4427.136698249678,-4695.107399379183,-0.5215847509207379,4.924524127383847,-5.142840940520728,0.0542459349562705,0.2064820470113773,-0.2328367551754127,-0.00013975322872283868,0.00010408368234493537,0.00018983720929099945,0.05353008935616285,0.306146022989185,0.05656459934738571,-0.0002518352323282007,-5.457360865804955e-05,-1.8113245356490598e-06
LARES,2025-01-02 06:54:00.073728,4099.40217454472,-2803.643994296564,-6043.499063641529,-1.590851724685308,5.832337803351493,-3.7919458334463343,4099.41805321795,-2803.4198313970815,-6043.674295374639,-1.5909644967359782,5.8323578057106715,-3.791755369850762,0.01587867322996317,0.22416289948250778,-0.1752317331101949,-0.00011277205067017348,2.0002359178761253e-05,0.0001904635955725098,0.0633610036267695,0.2727282427931903,0.053028170429485516,-0.00021341934095713515,-5.9552815255517976e-05,-1.731063615368257e-05
LARES,2025-01-02 06:59:00.073728,3475.816746251732,-971.5235998190107,-6941.99892526538,-2.5401977143719705,6.305507937572884,-2.1610848355940107,3475.803196043714,-971.3055554941935,-6942.119532832989,-2.540277696666635,6.305452284691228,-2.16091739282092,-0.013550208018386911,0.21804432481712865,-0.12060756760820368,-7.998229466466e-05,-5.5652881655987585e-05,0.00016744277309044264,0.0739157866772685,0.234046913582579,0.04507349341925718,-0.0001771863370375255,-7.129240018624338e-05,-3.246365043500605e-05
LARES,2025-01-02 07:04:00.073728,2594.305939792284,932.7200659593481,-7324.290784185779,-3.29980173458398,6.3104095461972065,-0.3719806641984178,2594.2745279778064,932.9115524360344,-7324.368020123473,-3.299841257742173,6.310297222334043,-0.3718663356576144,-0.03141181447745112,0.19148647668635022,-0.07723593769424042,-3.9523158193333074e-05,-0.0001123238631635104,0.00011432854080339894,0.08469376549033973,0.18794582834656964,0.03350365066997406,-0.0001334887439993171,-8.695690715976515e-05,-4.323189834459581e-05
LARES,2025-01-02 07:09:00.073728,1520.5091141025812,2767.85477328351,-7162.573788733771,-3.8142670493134574,5.847757285442185,1.443213487279536,1520.4715712595394,2768.008114269525,-7162.627806679636,-3.8142738099281814,5.8476261290470575,1.4432547627648091,-0.03754284304181965,0.15334098601488222,-0.05401794586487085,-6.7606147240439896e-06,-0.00013115639512761845,4.127548527321778e-05,0.09635438389610185,0.13484201782318067,0.019347466617487458,-8.545629661895632e-05,-9.553173465796534e-05,-5.0222311976566916e-05
LARES,2025-01-02 07:14:00.073728,334.0780585816371,4397.95901450205,-6469.133740125477,-4.04608641143642,4.95199485318517,3.150943756534616,334.0415543532902,4398.074293659068,-6469.186586155864,-4.04607722467415,4.95187649844047,3.1509187917154122,-0.03650422834687106,0.11527915701753955,-0.05284603038671776,9.186762270019244e-06,-0.00011835474469990004,-2.49648192038876e-05,0.10685871064297003,0.0773550897411843,0.0034571242911216604,-4.5461762333733416e-05,-9.842657835899992e-05,-5.441434764763747e-05
LARES,2025-01-02 07:19:00.073728,-877.0944183530183,5702.223883751056,-5295.390416894978,-3.9781539612976076,3.688868915920466,4.625377748937353,-877.1279244438515,5702.308830138141,-5295.46035418363,-3.978142976948334,3.688783628238525,4.625298349871628,-0.03350609083315703,0.08494638708543789,-0.06993728865199955,1.0984349273712724e-05,-8.528768194082659e-05,-7.939906572573818e-05,0.11289842376415563,0.017213105526585774,-0.013690363599323765,-9.642950672194748e-06,-0.0001017660416419095,-5.700475882588542e-05
LARES,2025-01-02 07:24:00.073728,-2023.2293184482476,6583.746989005107,-3728.2480950005406,-3.615118977818156,2.151128426276955,5.757213033569315,-2023.2623190162974,6583.815100038061,-3728.3481644944236,-3.6151208793751266,2.1510960008099573,5.7570988301113175,-0.03300056804982887,0.06811103295422072,-0.1000694938829838,-1.90155697055161e-06,-3.242546699766535e-05,-0.0001142034579970641,0.11341754057551384,-0.043544004655276636,-0.031343820062043774,2.759795322683499e-05,-0.00010103486117750941,-5.5926437862132395e-05
LARES,2025-01-02 07:29:00.073728,-3019.2254082336945,6976.7461773210935,-1883.894547392646,-2.9833874296136855,0.4522881267103003,6.461788360509445,-3019.263902299493,6976.814171211945,-1884.0295773177695,-2.98341274952827,0.4523147450245233,6.461668477034664,-0.038494065798658994,0.06799389085153962,-0.1350299251234901,-2.5319914584542857e-05,2.661831422301475e-05,-0.00011988347478109063,0.10788861853723603,-0.10191207370423579,-0.048083450345488984,6.230916624125574e-05,-9.633186438992422e-05,-5.0590710191821735e-05
LARES,2025-01-02 07:34:00.073728,-3790.9898305935135,6851.61749170548,100.64799727280352,-2.129533809156328,-1.2814641368686353,6.685829125527576,-3791.041677573517,6851.701485395718,100.48146049630624,-2.129590190496401,-1.2813839010877928,6.685733087562639,-0.05184698000357457,0.08399369023845793,-0.16653677649728138,-5.638134007313056e-05,8.023578084248584e-05,-9.603796493706795e-05,0.09644631813295391,-0.15565208911647638,-0.06283376587269052,9.625956564133507e-05,-8.754259411529094e-05,-4.3707173132174125e-05
LARES,2025-01-02 07:39:00.073728,-4281.036842819771,6217.337196235012,2077.6850596256327,-1.1170136511946112,-2.9207710536975355,6.411988523012951,-4281.110427352887,6217.449235285037,2077.498197707958,-1.1170981897957972,-2.920658507752705,6.411940837237125,-0.07358453311644553,0.11203905002457759,-0.1868619176748325,-8.453860118606826e-05,0.00011254594483034452,-4.7685775825812016e-05,0.07961827277027018,-0.20222377610067105,-0.0751750194024283,0.0001229435554637777,-7.558047892709963e-05,-3.5493258225146256e-05
LARES,2025-01-02 07:44:00.073728,-4452.862378068011,5120.9047238684225,3899.9494363531453,-0.021342604240089713,-4.34316360802768,5.6604658794276475,-4452.963741427451,5121.051927807928,3899.758207357079,-0.021445135640533408,-4.343032604007931,5.6604824678088335,-0.10136335944025632,0.14720393950574362,-0.1912289960664566,-0.00010253140044369502,0.00013100401974952547,1.6588381186011247e-05,0.05869343986383689,-0.24094617699780607,-0.0837381590835515,0.00015230838547158966,-6.608753311435024e-05,-1.9608909703222432e-05
LARES,2025-01-02 07:49:00.073728,-4293.698274917857,3643.8213408680535,5431.7038033872495,1.0757892362325947,-5.4425844750403485,4.487401479053915,-4293.830649846939,3644.006451057834,5431.530203549315,1.0756812756890213,-5.442460796851719,4.487502438697447,-0.13237492908228887,0.18511018978051652,-0.1735998379344892,-0.00010796054357342655,0.00012367818862912827,0.00010095964353240561,0.038335810027926576,-0.2702704667840918,-0.08608163796543752,0.0001869342645821807,-4.6863147176476954e-05,2.0122363870848676e-06
LARES,2025-01-02 07:54:00.073728,-3815.4223360343744,1895.9210482029537,6558.903398969486,2.092813586815282,-6.137371371639574,2.9802944347457014,-3815.585029651585,1896.1358211818338,6558.772874866063,2.0927171698813254,-6.137300773605375,2.980475428000318,-0.16269361721060704,0.21477297888009161,-0.13052410342334042,-9.641693395678885e-05,7.05980341990653e-05,0.00018099325461662374,0.021971369436508473,-0.28689556814940287,-0.08271262910754615,0.00021593064706711257,-1.3119543381317665e-05,1.5514478456008964e-05
LARES,2025-01-02 07:59:00.073728,-3053.5995249766625,7.123496050985945,7197.619402275463,2.9543500229442543,-6.376052028246094,1.2511224371382923,-3053.784861132416,7.345866255315214,7197.549795402445,2.9542951186963364,-6.376067686373934,1.2513334648401724,-0.18533615575370277,0.22237020432926968,-0.06960687301761936,-5.490424791787518e-05,-1.5658127839657254e-05,0.00021102770188008435,0.008508276699112166,-0.2875432113796325,-0.07674389872421282,0.00021569650755231452,2.8490048888812113e-05,2.134661827334107e-05
LARES,2025-01-02 08:04:00.073728,-2064.797946830162,-1882.193137322654,7300.1567242295105,3.596581862781022,-6.140744097757079,-0.5720129081646519,-2064.991298224138,-1881.9864872906703,7300.147307908273,3.5965775710110393,-6.140819483845007,-0.5718284043196036,-0.1933513939761724,0.20665003198359955,-0.009416321237040393,-4.291769982955884e-06,-7.538608792856394e-05,0.00018450384504831163,-0.0074795646310595945,-0.2743983523446244,-0.06947851984949067,0.0001916013230531025,4.804722403259341e-05,2.6898841005396304e-05
LARES,2025-01-02 08:09:00.073728,-922.4271692935591,-3631.490044761923,6858.532339937155,3.9717069998127954,-5.448257157144326,-2.354029960949447,-922.6159572924248,-3631.311829911601,6858.572350386833,3.971737586239783,-5.448362058352814,-2.353880394304724,-0.18878799886567776,0.1782148503220924,0.04001044967844791,3.058642698761105e-05,-0.00010490120848771767,0.00014956664472265402,-0.025415621263511698,-0.2541569531688321,-0.06132346065112759,0.000176391344849747,4.781358682757664e-05,3.016502359395905e-05
LARES,2025-01-02 08:14:00.073728,288.6065504795734,-5110.370809480622,5905.149239523934,4.0513621836106495,-4.349046061915033,-3.962362758584277,288.4301584248385,-5110.228119286863,5905.22777923376,4.051415406761578,-4.349172231432021,-3.962247776264121,-0.17639205473489028,0.14269019375842618,0.07853970982614555,5.322315092826102e-05,-0.0001261695169887389,0.00011498232015583199,-0.0404772888407998,-0.2304811237969928,-0.05369520508725736,0.00017135866479675934,4.3232426068932504e-05,2.719467035263586e-05
LARES,2025-01-02 08:19:00.073728,1478.1043458215556,-6208.251924531955,4510.60764655675,3.8289012908533095,-2.924031696543352,-5.2765007745874755,1477.944779692017,-6208.1500239494435,4510.71414460757,3.828969028988922,-2.9241740293036855,-5.276421960971675,-0.15956612953868898,0.10190058251191658,0.1064980508199369,6.773813561267161e-05,-0.0001423327603333746,7.881361580075463e-05,-0.04966264763304713,-0.20584590192951024,-0.04845615884047873,0.00017137235619741362,3.6307001058834156e-05,1.9286599530454102e-05
LARES,2025-01-02 08:24:00.073728,2557.262843249866,-6842.747480523527,2778.6978393078302,3.320295705996614,-1.2791880245567882,-6.1971501905186415,2557.1233436325674,-6842.68972551284,2778.8225175567595,3.3203758379527244,-1.2793377523257732,-6.197101398630821,-0.13949961729849747,0.05775501068728772,0.12467824892928547,8.01319561105629e-05,-0.0001497277689850307,4.879188782069832e-05,-0.05188287744454384,-0.18325629384280528,-0.04545050095502464,0.00017465605329922498,2.16462696911651e-05,1.571259262003363e-05
LARES,2025-01-02 08:29:00.073728,3445.388008140711,-6966.0915572413705,838.7867640217177,2.563354623594023,0.4621083329566318,-6.654301996537697,3445.272482258083,-6966.082075512019,838.9225935194125,2.563451292884565,0.4619393983048212,-6.654278025994017,-0.11552588262793506,0.009481729351136892,0.1358294976948855,9.666929054219509e-05,-0.00016893465181055944,2.3970543679752154e-05,-0.04479516970174499,-0.1672878788551463,-0.04351946176177177,0.00019573284919301474,1.3217379758592715e-06,1.2056534995466315e-05
LARES,2025-01-02 08:34:00.073728,4076.0947153428333,-6568.969035271015,-1163.9335812967638,1.6150582310224308,2.1686048408482748,-6.613246600864841,4076.0099125462184,-6569.015443644738,-1163.79674946997,1.6151789955188178,2.1684137878783076,-6.613269629315482,-0.08480279661489476,-0.04640837372335227,0.13683182679369565,0.0001207644963869825,-0.0001910529699671315,-2.3028450641504605e-05,-0.025591328404773437,-0.15989420335902493,-0.04297822625138558,0.00022692237489531478,-9.517606267086688e-06,5.591189732633253e-06
LARES,2025-01-02 08:39:00.073728,4402.4280163529465,-5681.307171628566,-3079.575576051433,0.5470788358279606,3.7117248764816395,-6.077610442649075,4402.380891064085,-5681.41295384009,-3079.455054019739,0.5472149899951546,3.7115354709030726,-6.077695607856185,-0.04712528886193468,-0.10578221152445622,0.12052203169423592,0.00013615416719403584,-0.00018940557856694795,-8.516520711054909e-05,0.002859420263190242,-0.16113902723893347,-0.04429748147785276,0.0002478147303704184,-1.5698059282948936e-05,-2.6406978150401182e-06
LARES,2025-01-02 08:44:00.073728,4400.419278319332,-4369.896444139906,-4765.076780078048,-0.560070578631894,4.97593522538682,-5.088891747451271,4400.412913860392,-4370.057752819441,-4764.990680339908,-0.5599314494247665,4.975764357301159,-5.08903303203715,-0.0063644589399700635,-0.16130867953506822,0.08609973813963734,0.00013912920712755295,-0.0001708680856609135,-0.00014128458587947534,0.034091459414560286,-0.17332431905000623,-0.047650961789842794,0.0002598356277407068,-2.948455922238405e-05,-1.1414048561147558e-05
LARES,2025-01-02 08:49:00.073728,4070.7682637042603,-2733.0849668374376,-6095.061386542636,-1.62354476615792,5.867703127347795,-3.7226062720419577,4070.8028468587854,-2733.29458019648,-6095.0253770068475,-1.6234077941007854,5.867557418546767,-3.722797897997225,0.03458315452508032,-0.20961335904257794,0.03600953578825283,0.00013697205713469884,-0.0001457088010283769,-0.00019162595526722725,0.0631759833392676,-0.19905850780649587,-0.05305607536061768,0.0002714991778431368,-5.122118243239954e-05,-1.9429173056085812e-05
LARES,2025-01-02 08:54:00.073728,3438.571993535633,-893.113778958421,-6971.118573120097,-2.564559291468413,6.322167526224916,-2.0817426120192977,3438.6475665613657,-893.3631487408089,-6971.147470692356,-2.564420232669818,6.322053407691669,-2.0819872379579465,0.07557302573286506,-0.24936978238793017,-0.02889757225966605,0.0001390587985952152,-0.00011411853324716503,-0.00024462593864882365,0.08742469484579424,-0.2398328753317491,-0.05973905682509573,0.0002920943156584721,-7.999612866778549e-05,-2.199475199275788e-05
LARES,2025-01-02 08:59:00.073728,2551.2317009789517,1013.1574782897641,-7328.837490757141,-3.314068931566453,6.3071914540845455,-0.28851884294908814,2551.3501892040986,1012.8803775083112,-7328.948900515241,-3.3139224733522497,6.307130459374321,-0.28882824115862604,0.11848822514684798,-0.277100781452873,-0.11140975810030795,0.00014645821420344873,-6.0994710224804294e-05,-0.0003093982095379033,0.10708437962345886,-0.29575520981936515,-0.0655608746553489,0.00032958890901877243,-0.0001097935267483258,-1.4633789130346944e-05
LARES,2025-01-02 09:04:00.073728,1474.8061558952895,2844.3605660396356,-7142.232446701888,-3.8174204593829018,5.824928871019438,1.5246474706618756,1474.9692070938136,2844.077670845391,-7142.447050320391,-3.8172762492195034,5.824962654161027,1.52427295652069,0.1630511985240446,-0.282895194244702,-0.21460361850313348,0.00014421016339838388,3.378314158908324e-05,-0.0003745141411855002,0.1237311082591147,-0.36444590933325505,-0.0673787010912322,0.00038115183674136314,-0.00013004173319282683,3.33748525394194e-06
LARES,2025-01-02 09:09:00.073728,289.13356904931317,4464.867542164514,-6425.420443995572,-4.0379087002446,4.911234649832295,3.224359168168121,289.3362715943524,4464.613699506509,-6425.754567037319,-4.03779545013623,4.91139805275634,3.223951284114264,0.20270254503924434,-0.25384265800494177,-0.3341230417472616,0.00011325010837026639,0.00016340292404493084,-0.0004078840538568329,0.1369287728312125,-0.44091631403813564,-0.06329248771225071,0.00043208941530340866,-0.00013638855268772017,2.433934883068413e-05
LARES,2025-01-02 09:14:00.073728,-917.9506520953162,5754.572345605046,-5231.543376403353,-3.959243678039911,3.633159190375409,4.685352052205417,-917.7222815013779,5754.388763969332,-5232.000085329983,-3.9591865609548904,3.633458579024591,4.684957691601085,0.22837059393827985,-0.18358163571429031,-0.45670892663019913,5.7117085020763625e-05,0.0002993886491822195,-0.0003943606043321779,0.1434306573174819,-0.5205995417949321,-0.05331184141771482,0.00047675519914430796,-0.00013857616645653465,4.3787407878817465e-05
LARES,2025-01-02 09:19:00.073728,-2056.9660355632823,6617.640038818716,-3648.9979046392314,-3.5868579720272464,2.0845638080900244,5.799281605907709,-2056.7327526152544,6617.56707211028,-3649.565414246061,-3.586877234460644,2.0849913261617985,5.798947979131299,0.2332829480278633,-0.0729667084360699,-0.5675096068298444,-1.9262433397670975e-05,0.0004275180717741023,-0.0003336267764098011,0.1414869513941608,-0.6002761821936786,-0.038238408712938876,0.0005217328796457089,-0.00013677671293455668,5.946849642336382e-05
LARES,2025-01-02 09:24:00.073728,-3043.333469205944,6989.649822187717,-1795.1236556219046,-2.9478555472178414,0.37979568857281265,6.482788213546428,-3043.1208934612373,6989.721945637506,-1795.7746799646513,-2.9479645497081037,0.3803239063663568,6.48256745990966,0.21257574470655527,0.07212344978870533,-0.651024342746723,-0.00010900249026235542,0.0005282177935441723,-0.0002207536367677676,0.1309823282944891,-0.675790583676187,-0.019330048756436957,0.0005643632040668685,-0.0001273664563753762,6.999791519768116e-05
LARES,2025-01-02 09:29:00.073728,-3803.671621657218,6842.556420235483,192.33756252589606,-2.089366166489526,-1.354485914876932,6.684160423009615,-3803.5062451826066,6842.795928820529,191.64416532342574,-2.089562692380696,-1.3539034760515278,6.6840922816361115,0.16537647461154847,0.2395085850466785,-0.6933972024703223,-0.00019652589116958552,0.0005824388254040969,-6.814137350374949e-05,0.11191932541037675,-0.7436284659085498,0.0020470344057797185,0.0006027006241631727,-0.00011650882257569764,7.535456135117533e-05
LARES,2025-01-02 09:34:00.073728,-4281.344614799411,6186.974743097488,2165.465228251876,-1.0752046226343737,-2.988867758384913,6.387756081555381,-4281.25080154354,6187.389469337894,2164.779186715516,-1.0754818591713047,-2.988281831519089,6.387867214662037,0.09381325587128231,0.4147262404067078,-0.6860415363598804,-0.0002772365369310137,0.000585926865824149,0.00011113310665678,0.08668150767091035,-0.8020941955149616,0.024145161403116733,0.0006453603946113106,-0.00010353960406009398,7.287296039966545e-05
LARES,2025-01-02 09:39:00.073728,-4440.771718667997,5071.495322409632,3977.2807409847182,0.018987050812938833,-4.401251727436829,5.61547610928983,-4440.770528245447,5072.076409681096,3976.6583139345307,0.018648719305929262,-4.400730369587109,5.61578419357329,0.0011904225502803456,0.5810872714646393,-0.6224270501875253,-0.0003383315070095705,0.0005213578497205162,0.0003080842834606301,0.05955512223859721,-0.8482653061579536,0.04447948688002981,0.0006863384055728901,-7.916058374108514e-05,6.222006777118718e-05
LARES,2025-01-02 09:44:00.073728,-4270.109367911497,3579.0392532095693,5492.827049475426,1.1116363474320679,-5.4863419384469125,4.425014119948173,-4270.212436798465,3579.756565597681,5492.325106748263,1.1112820311036558,-5.485956702119893,4.425500877854574,-0.10306888696777605,0.7173123881116226,-0.5019427271627137,-0.0003543163284120965,0.00038523632701981114,0.00048675790640118066,0.03199399126284985,-0.8788067556218072,0.06149658321617213,0.0007113297310405394,-4.856174956494508e-05,5.032015397620873e-05
LARES,2025-01-02 09:49:00.073728,-3782.089829012118,1820.5822988914188,6599.267786823795,2.1215203359051884,-6.163553938165023,2.905152401856867,-3782.2951008416153,1821.3884512323953,6598.933428484342,2.121193133003544,-6.163347834430624,2.905774478836065,-0.20527182949717826,0.8061523409764959,-0.3343583394535017,-0.0003272029016443412,0.00020610373439922114,0.0006220769791980274,0.004795122097439541,-0.8933709184862942,0.07535933131425532,0.0007311014678098548,-2.1079131639928903e-05,3.95799216965682e-05
LARES,2025-01-02 09:54:00.073728,-3012.999176803029,-73.17336429478489,7214.215866895962,2.973794993520187,-6.382716226456125,1.1687966037798105,-3013.292810079886,-72.33827175535876,7214.082278363572,2.973536275735114,-6.382731314290879,1.1694962655574273,-0.29363327685678087,0.8350925394261282,-0.1335885323896946,-0.00025871778507280396,-1.5087834754012874e-05,0.0006996617776167113,-0.017922466902259834,-0.8909775054067547,0.08534527935484529,0.0007454314853191677,2.1086296901272523e-05,2.4008475715240235e-05
LARES,2025-01-02 09:59:00.073728,-2019.9427918243691,-1961.478728654686,7291.736505921051,3.6053247375598403,-6.127374619334205,-0.6554281626968077,-2020.2981700519947,-1960.6835045362284,7291.810926458224,3.6051700460488973,-6.127611939243025,-0.6547601287211364,-0.3553782276255788,0.7952241184575541,0.07442053717295494,-0.0001546915109429392,-0.00023731990881969978,0.0006680339756712783,-0.03829312731334707,-0.8688097389989258,0.08897625200684292,0.0007227180032030492,6.478964385798745e-05,-7.650007364669417e-07
LARES,2025-01-02 10:04:00.073728,-876.6474136701373,-3703.8603821353395,6825.7001049567225,3.969085922118552,-5.415804024893987,-2.4323453177339616,-877.0338683976653,-3703.1637965099903,6825.958939251131,3.9690289268349943,-5.416207716391909,-2.4317874822772865,-0.38645472752796195,0.6965856253491438,0.2588342944081887,-5.699528355762595e-05,-0.0004036914979224093,0.0005578354566750932,-0.0607209528302983,-0.8312261753675381,0.0833666186479311,0.0006849220250020794,8.474760607412132e-05,-3.3096034480265766e-05
LARES,2025-01-02 10:09:00.073728,331.90589081556163,-5170.42144099037,5850.325977105015,4.037544872362673,-4.2998733536342115,-4.029731519551206,331.51456569829315,-5169.865340030399,5850.729837089248,4.037571042489446,-4.300393391947182,-4.02932017274361,-0.3913251172684795,0.5561009599705358,0.4038599842324402,2.617012677319508e-05,-0.0005200383129704278,0.00041134680759569164,-0.08220991765943814,-0.7837397627443596,0.0669329939671828,0.0006531290938923478,9.580691862031592e-05,-6.76338647976111e-05
LARES,2025-01-02 10:14:00.073728,1515.6939062180018,-6251.482742534443,4437.862745300479,3.804886987938289,-2.86177180544928,-5.3278505463276815,1515.3198416025584,-6251.093294806965,4438.363698469078,3.8049829418614536,-2.8623509934477624,-5.327608153165784,-0.3740646154433307,0.38944772747800016,0.5009531685991533,9.595392316441576e-05,-0.0005791879984826664,0.00024239316189778037,-0.09960840314232244,-0.7286949873064554,0.0403698847156963,0.0006195748026656188,0.00010218501242710034,-9.542339874965817e-05
LARES,2025-01-02 10:19:00.073728,2586.3316261431123,-6865.908611507046,2693.455583201787,3.287859966348151,-1.2084935533484895,-6.228582942831963,2585.9924338182336,-6865.695329072851,2694.0032370687354,3.2880073247761175,-1.2090781294618864,-6.228508832266471,-0.3391923248786952,0.21328243419520732,0.5476538669486217,0.00014735842796653742,-0.0005845761133969063,7.411056549244677e-05,-0.11087487902826881,-0.6694246711397338,0.00655429985215733,0.000587842667754035,0.00010180543487856756,-0.00011407351121806044
LARES,2025-01-02 10:24:00.073728,3463.759924561862,-6967.4395891639415,747.4224116919816,2.5249290324527465,0.5359123580856249,-6.6634223830672,3463.46773192995,-6967.397890813046,747.9691050287549,2.525107301148182,0.5353643427788484,-6.663499153776115,-0.29219263191225764,0.04169835089578555,0.5466933367733873,0.00017826869543569046,-0.0005480153067765059,-7.677070891531912e-05,-0.11437051179326038,-0.6098347284040472,-0.03177862722287067,0.0005601262279932789,9.316298518464441e-05,-0.00012479388160706683
LARES,2025-01-02 10:29:00.073728,4082.399177963699,-6548.406618830485,-1254.5796737108715,1.5735454654213754,2.239944691018536,-6.599372466943805,4082.1615018297102,-6548.52231213768,-1254.0760426446832,1.5737413919650862,2.2394579430228987,-6.599581797313931,-0.23767613398877074,-0.11569330719521531,0.5036310661882908,0.00019592654371081153,-0.00048674799563741544,-0.00020933037012582645,-0.10802304513404215,-0.5537485124341684,-0.07219933188391303,0.0005436019245657681,8.356140497796732e-05,-0.00012901342895614587
LARES,2025-01-02 10:34:00.073728,4396.2069629994885,-5640.389554596184,-3162.724618647341,0.5056175306344812,3.7752324023886104,-6.041830059983113,4396.027960975848,-5640.639584129473,-3162.3017029626303,0.5058178194358334,3.774840768552167,-6.042153129673807,-0.17900202364035067,-0.25002953328930744,0.4229156847104605,0.00020028880135214422,-0.00039163383644336136,-0.00032306969069395564,-0.0913406717685903,-0.5025267354720907,-0.11197289928796697,0.0005257748770216215,8.010929897404249e-05,-0.00012251518171352757
LARES,2025-01-02 10:39:00.073728,4382.159437363152,-4311.704095505777,-4834.530774025816,-0.5983636356022544,5.026876947999881,-5.033958110520871,4382.038124649196,-4312.05489768344,-4834.217191357322,-0.5981771318265601,5.026607335112203,-5.034354009435447,-0.12131271395628573,-0.3508021776624446,0.31358266849383654,0.0001865037756942911,-0.0002696128876777948,-0.0003958989145758096,-0.06841669241653031,-0.45790253812683723,-0.14750408189487715,0.0004978653900404654,7.332267833025312e-05,-0.00010471177753635593
LARES,2025-01-02 10:44:00.073728,4041.8567765377566,-2661.9775784446056,-6145.668417913401,-1.6558224344953487,5.902335368185959,-3.652689113770066,4041.787637203801,-2662.391285210195,-6145.478485842179,-1.655657875673569,5.902188436346933,-3.6531102839107916,-0.06913933395571803,-0.4137067655892679,0.18993207122184685,0.0001645588217797922,-0.0001469318390263652,-0.0004211701407257351,-0.0441586923530089,-0.42333261445940834,-0.17563380795686434,0.0004659137920180955,5.550472958838697e-05,-7.678816305132942e-05
LARES,2025-01-02 10:49:00.073728,3401.1827563189627,-814.3926603228649,-6999.147477531854,-2.5884546018924084,6.337989595432759,-2.0020801370264962,3401.1600851913645,-814.8344893395962,-6999.083175712102,-2.5883062967354817,6.33794898296685,-2.0024954832861113,-0.022671127598187013,-0.44182901673127617,0.06430181975156302,0.00014830515692665358,-4.061246590936207e-05,-0.0004153462596150348,-0.02138781799600193,-0.40239252319503,-0.19360889079215682,0.00044023955113786336,2.6301301539602022e-05,-4.066554420801255e-05
LARES,2025-01-02 10:54:00.073728,2508.156164290064,1093.6468738049873,-7332.238882456755,-3.3278536981656544,6.303092613487706,-0.2050154050175479,2508.1772251997454,1093.2060061318955,-7332.2970993976505,-3.3277088876657217,6.303143041279782,-0.20542011429915874,0.02106090968118224,-0.44086767309181596,-0.05821694089536322,0.00014481049993264605,5.0427792075424804e-05,-0.00040470928161084885,-0.00031547875552607324,-0.39785945666020794,-0.1997619396191486,0.0004326242517694171,-1.1757556907327648e-05,8.138567671631635e-07
LARES,2025-01-02 10:59:00.073728,1429.2446657951293,2920.655559092018,-7120.77558078657,-3.820110275233901,5.801239894437003,1.6058425115888895,1429.3101699654555,2920.2442519289034,-7120.9549419578725,-3.8199624594512898,5.801394735239228,1.605442247117935,0.06550417032622136,-0.4113071631145431,-0.179361171302844,0.0001478157826113602,0.00015484080222449847,-0.00040026447095442563,0.021656161743674768,-0.41020892463930325,-0.1920792996014573,0.0004488593818067574,-4.375750185222157e-05,5.145252886564267e-05
LARES,2025-01-02 11:04:00.073728,244.46261096275447,4531.317937456539,-6380.703480182869,-4.029319465716441,4.869696187259251,3.2972722478370997,244.57156799126756,4530.971531817865,-6381.001241535349,-4.0291826147307575,4.8699760380950465,3.29689514437905,0.10895702851308897,-0.3464056386737866,-0.29776135248084756,0.0001368509856831679,0.0002798508357955143,-0.0003771034580495325,0.04558074450629257,-0.4359656170778493,-0.16848353051500864,0.00047354044356462063,-6.0962100531664594e-05,0.00010627686134906167
LARES,2025-01-02 11:09:00.073728,-958.4214772921665,5806.248781513904,-5166.878651628704,-3.940003634402501,3.5768106666319,4.744596217329672,-958.2759321342503,5806.005845433824,-5167.282524168255,-3.93989564925198,3.5772120319643363,4.744279605725751,0.14554515791621725,-0.242936080079744,-0.40387253955123015,0.0001079851505210172,0.0004013653324363986,-0.0003166116039210465,0.06853602400793218,-0.4711268773927261,-0.129060602091776,0.0004932608309039445,-6.927547924997539e-05,0.0001577735441159944
LARES,2025-01-02 11:14:00.073728,-2090.233807848011,6650.696507631804,-3569.1768714609602,-3.558373327893605,2.017547986567479,5.840444751355335,-2090.0627413148477,6650.590461866399,-3569.6632167327416,-3.5583044109393995,2.018047084022328,5.840216756080736,0.1710665331634118,-0.10604576540481503,-0.4863452717813743,6.891695420563337e-05,0.0004990974548491067,-0.00022799527459937963,0.08593041530393628,-0.5137484162119119,-0.07562879794354671,0.000509328433111187,-8.001545098857214e-05,0.00020002933805090333
LARES,2025-01-02 11:19:00.073728,-3066.92366150525,7001.614226141897,-1706.0716660245862,-2.9122232912786785,0.30707455517313065,6.502773891372954,-3066.7411429878853,7001.670012355055,-1706.6096382221506,-2.9122079863136605,0.3076444474481832,6.50265524980955,0.18251851736476965,0.05578621315817145,-0.5379721975643861,1.5304965018003713e-05,0.0005698922750525526,-0.0001186415634037985,0.09558834621323142,-0.5626360470646261,-0.011947498630626247,0.0005293244167658995,-8.977062246860525e-05,0.00022548650700809916
LARES,2025-01-02 11:24:00.073728,-3815.825068126878,6832.523373288139,283.99707552886974,-2.0492295946587546,-1.4274957372163044,6.681444655507505,-3815.648862892454,6832.755269300003,283.44442777929936,-2.0492801010354924,-1.4268964409957334,6.681456630000923,0.17620523442383274,0.23189601186459186,-0.552647749570383,-5.050637673775782e-05,0.0005992962205709773,1.1974493418165366e-05,0.0964265467849864,-0.6146351590347446,0.056294959061416155,0.0005479287455277641,-9.385208433834945e-05,0.00022981757692607755
LARES,2025-01-02 11:29:00.073728,-4281.152970500512,6155.680156563944,2252.906178301724,-1.0335561957235768,-3.056712492995757,6.362522644421006,-4281.002323557738,6156.089134083863,2252.3794321503688,-1.033674369059554,-3.0561282589724215,6.3626744040443555,0.15064694277407398,0.4089775199190626,-0.5267461513553826,-0.00011817333597718971,0.000584234023335739,0.00015175962334978976,0.08760578291399887,-0.6667578886021946,0.12319807596224305,0.0005676416956037776,-9.727809195529964e-05,0.00021597498206023146
LARES,2025-01-02 11:34:00.073728,-4428.247860207736,5021.263184747775,4053.9889431300107,0.05903868030236481,-4.458867184537667,5.569606663971626,-4428.141892651909,5021.83801645488,4053.530525570369,0.05885643787769368,-4.458343161574703,5.5699062868689,0.10596755582719197,0.5748317071047495,-0.45841755964193,-0.00018224242467113072,0.0005240229629634996,0.0002996228972733661,0.0713852211003464,-0.7161228719164767,0.1840637278106805,0.0005944954583935118,-9.434017305610481e-05,0.0001877800024783699
LARES,2025-01-02 11:39:00.073728,-4246.185731042546,3513.605025172296,5553.0898185063115,1.1471092132514968,-5.5294419550377825,4.361933730495366,-4246.14123247313,3514.3195596881765,5552.743989399293,1.146880559082092,-5.529037798060017,4.36238042914465,0.04449856941573671,0.7145345158805867,-0.3458291070182895,-0.0002286541694047628,0.00040415697776552406,0.00044669864928437164,0.051282142922920354,-0.7578764177938933,0.2347997987540627,0.0006226507495310516,-7.602201960505187e-05,0.00014728194654748148
LARETS,2025-01-01 02:21:19.591488,-6060.066325694439,3630.440486188108,14.5966129078505,0.5775588942351533,0.9345989317175736,7.431586419037231,-6060.139401749779,3630.3824064560326,13.6823063062939,0.5768426545328111,0.9351666556822238,7.4315286406529655,-0.07307605533969763,-0.05807973207538453,-0.9143066015565999,-0.0007162397023421363,0.000567723964650213,-5.7778384265461114e-05,0.030950570927491417,-0.9173207123257999,0.0472726103498389,0.0009060601040894625,-4.16175187924107e-05,0.0001263773035184378
LARETS,2025-01-01 02:26:19.591488,-5583.627500940231,3722.70812111771,2205.573391978621,2.5715307989794383,-0.32461733904438006,7.050411078797424,-5583.907290672057,3722.822860928777,2204.6891442886804,2.5708790313092322,-0.32403891697731524,7.050672889679845,-0.27978973182598565,0.11473981106701103,-0.8842476899408211,-0.0006517676702060271,0.000578422067064821,0.00026181088242083206,0.005536710938757239,-0.9306789976364787,0.08454255517175406,0.000901751597756968,-2.1029569564232032e-06,0.00012148150172805022
LARETS,2025-01-01 02:31:19.591488,-4543.373718837628,3439.0751334071374,4173.2932548349845,4.30422207612628,-1.5499609077696732,5.956188256297537,-4543.825830697863,3439.352099773481,4172.530084146378,4.303730411647848,-1.5494593399530459,5.9567310495312995,-0.4521118602351635,0.2769663663434585,-0.7631706886068059,-0.0004916644784316304,0.0005015678166273574,0.0005427932337624952,-0.025246212146840696,-0.9215282340206593,0.11701856636614077,0.0008812101191969375,4.5667622983890164e-05,9.649830403716374e-05
LARETS,2025-01-01 02:36:19.591488,-3044.8698305627076,2808.5828122891744,5719.052934435313,5.600730454203585,-2.617405562796648,4.261614090974945,-3045.434374683564,2808.9877306431945,5718.480324397795,5.600473774510647,-2.617052454683744,4.2623329203097455,-0.5645441208562261,0.4049183540200829,-0.5726100375177339,-0.0002566796929386328,0.00035310811290401034,0.0007188293348008301,-0.059274656136052206,-0.8872672765263274,0.14069288548903036,0.0008332770040063702,9.39397156252899e-05,6.411069457051075e-05
LARETS,2025-01-01 02:41:19.591488,-1239.672499943321,1895.2100837183434,6687.338271119393,6.331812339278713,-3.4200104876285877,2.1391473606108775,-1240.2749806525546,1895.6925033835191,6686.987759369148,6.3318108188079805,-3.4198463159166295,2.1398924938739583,-0.6024807092335323,0.482419665175712,-0.35051175024455006,-1.5204707324301125e-06,0.00016417171195826086,0.0007451332630807883,-0.09671212108648505,-0.827803016784334,0.15478745570617974,0.0007500978278836796,0.00013660740922702885,2.9494184790267953e-05
LARETS,2025-01-01 02:46:19.591488,690.2656154107207,791.1470712933999,6981.038528040117,6.425485610402234,-3.8780674771689974,-0.19769995203932922,689.69126753285,791.6496802887618,6980.898618765189,6.425663095595496,-3.8780960084086473,-0.197046444969601,-0.5743478778706503,0.5026089953619248,-0.1399092749279589,0.0001774851932623278,-2.8531239649964846e-05,0.0006535070697282208,-0.138185390296769,-0.7475285173444327,0.1554728462126873,0.0006603956351888134,0.0001495921081275608,-2.977115815031428e-05
LARETS,2025-01-01 02:51:19.591488,2550.752505879984,-392.4940450569331,6570.641557090665,5.8726176148129525,-3.946038383368773,-2.5153643745779846,2550.250642220265,-392.0268964864831,6570.678660555366,5.872918775201015,-3.946243182273804,-2.514855345779324,-0.5018636597187651,0.4671485704499787,0.03710346470143122,0.0003011603880622715,-0.00020479890503111164,0.000509028798660438,-0.17277766986081086,-0.6504077516023065,0.13634229118554037,0.0005939984954867518,0.00017262905360616838,-9.547505389348001e-05
LARETS,2025-01-01 02:56:19.591488,4154.401435652558,-1536.5966037221995,5497.015977786049,4.727396136730931,-3.6165297820780324,-4.581821450696225,4153.999963671461,-1536.209541190314,5497.176665799793,4.72774269882575,-3.6168495583387994,-4.581518347948986,-0.40147198109661986,0.38706253188547635,0.16068801374422037,0.0003465620948190917,-0.0003197762607669574,0.0003031027472388814,-0.19538476569072996,-0.5370125605538214,0.10129213246698729,0.0005095624416550139,0.00018709113412323543,-0.00013991584430047123
LARETS,2025-01-01 03:01:19.591488,5339.111169594934,-2525.7305924829348,3867.696773239869,3.1030788763528108,-2.9214561786066042,-6.188251894773202,5338.81284948563,-2525.4488834863464,3867.9219209341945,3.103407984352998,-2.921834783526265,-6.188133252200714,-0.29832010930385877,0.2817089965883497,0.22514769432564208,0.0003291080001872615,-0.0003786049196605745,0.00011864257248817012,-0.20304097527003823,-0.41811005520511224,0.054814913406878094,0.000449326209245036,0.00018530473331699148,-0.00017174962730924368
LARETS,2025-01-01 03:06:19.591488,5984.501220208479,-3259.722509267251,1846.729798250751,1.1624742039211924,-1.929951871893536,-7.170111965507658,5984.295366720622,-3259.55591553079,1846.9653086549938,1.162740583453342,-1.9303329796534854,-7.170166949087388,-0.20585348785698443,0.16659373646098175,0.2355104042428593,0.00026637953214958543,-0.00038110775994937285,-5.49835797301057e-05,-0.18979653810175695,-0.2992745130067157,0.0025143561269494116,0.00038735499595091865,0.00019147127729199112,-0.0001803308929879594
LARETS,2025-01-01 03:11:19.591488,6024.6113273476885,-3664.0169429309567,-361.4779642753241,-0.8974795688600352,-0.7423020227361121,-7.4255507678279855,6024.471893922679,-3663.958584820293,-361.27515216298536,-0.8973186207877006,-0.742640918955658,-7.4257162587159655,-0.13943342500988365,0.05835811066390306,0.20281211233873364,0.00016094807233457686,-0.0003388962195458589,-0.0001654908879800132,-0.1596428674130844,-0.189485953777915,-0.050885461642285905,0.0003216727330261278,0.00017776121151733711,-0.00018185095029307524
LARETS,2025-01-01 03:16:19.591488,5455.15067216026,-3697.586745884571,-2533.025514212553,-2.8663498003325003,0.5202654555273512,-6.927852083721973,5455.0436806558855,-3697.6196595800116,-2532.877143967374,-2.866309871164958,0.5199999253545684,-6.928048991951982,-0.10699150437449134,-0.03291369544058398,0.14837024517873942,3.992916754214093e-05,-0.0002655301727827464,-0.00019690823000928503,-0.11866151335273706,-0.09826869681475853,-0.10395639222981358,0.00024056027268463715,0.0001479557129125158,-0.0001763896945585973
LARETS,2025-01-01 03:21:19.591488,4334.087611348201,-3357.2789084263127,-4447.822182037384,-4.543376976617765,1.7288436862186245,-5.72886308841953,4333.984722230514,-3357.3792046254694,-4447.722565156378,-4.5433896119557176,1.7286572515436092,-5.729005221220177,-0.10288911768657272,-0.10029619915667354,0.09961688100611354,-1.2635337952815462e-05,-0.0001864346750153345,-0.00014213280064723222,-0.07823132152174048,-0.036839039913858576,-0.1519597530801163,0.00017045189820461738,7.316317366211959e-05,-0.0001439186341347443
LARETS,2025-01-01 03:26:19.591488,2775.3965233406284,-2677.987866535504,-5912.4151617821035,-5.7592579882912105,2.7609876794299453,-3.952461630000471,2775.2975394032046,-2678.1374511064378,-5912.349331068657,-5.759237512310847,2.7608456894395204,-3.952575964460266,-0.09898393742378175,-0.1495845709337118,0.06583071344630298,2.047598036369891e-05,-0.00014198999042491778,-0.00011433445979491808,-0.03730673543472508,-0.013736092437995208,-0.186886526582109,0.00015767830730342337,-7.70128555439709e-06,-9.343999922974838e-05
LARETS,2025-01-01 03:31:19.591488,936.925851737541,-1728.7556895560504,-6779.552735209549,-6.393113972687502,3.513382042798412,-1.7798056580340926,936.8437430318734,-1728.9457492138208,-6779.524297497914,-6.393060022848545,3.5132703614767706,-1.7799664686317556,-0.0821087056676788,-0.19005965777046185,0.02843771163497877,5.3949838957123575e-05,-0.00011168132164129929,-0.00016081059766293038,0.008335798953385605,-0.02576126679824177,-0.20721990273629445,0.00018895739838192612,-6.0081495965748034e-05,-4.3916585557254524e-05
LARETS,2025-01-01 03:36:19.591488,-995.8783992267818,-605.497376125742,-6962.502967635242,-6.383071328169422,3.911523536311279,0.5702934210858075,-995.9415697677067,-605.7153259556635,-6962.531382634766,-6.383038729527925,3.911472717388051,0.570082988078866,-0.06317054092494345,-0.21794982992150835,-0.02841499952319282,3.2598641496406344e-05,-5.081892322778003e-05,-0.00021043300694145728,0.05563062707734741,-0.06201958437819666,-0.2129762012197707,0.0002073052932593271,-7.024403372080836e-05,4.192363195138799e-06
LARETS,2025-01-01 03:41:19.591488,-2828.4891016050688,578.6769345667464,-6443.150586977603,-5.730766702117762,3.9160831199853874,2.8628278776504885,-2828.5401878351554,578.4504047978835,-6443.246290962838,-5.7307483496647365,3.916099082073856,2.862597244715289,-0.05108623008663926,-0.2265297688628607,-0.09570398523555923,1.83524530257273e-05,1.5962088468768343e-05,-0.00023063293519953731,0.0892362298409879,-0.11570119470983804,-0.20429126437999448,0.0002044257563600631,-9.373659238856146e-05,5.662784635757478e-05
LARETS,2025-01-01 03:46:19.591488,-4376.382156185678,1704.5900017436068,-5273.597020525527,-4.500763906128668,3.526271127797145,4.868313293793108,-4376.428606609865,1704.3769596777745,-5273.769233691633,-4.500775018464992,3.5263668602499365,4.868056728887495,-0.04645042418724188,-0.21304206583226915,-0.1722131661063031,-1.111233632400399e-05,9.573245279170806e-05,-0.00025656490561232204,0.1059669086261583,-0.1839128585803197,-0.1793014585178924,0.000221591367019794,-0.0001148585049020879,0.00011321893499724372
LARETS,2025-01-01 03:51:19.591488,-5483.240566208903,2658.710216357199,-3571.2658160361516,-2.8152402204086684,2.7803418055173097,6.384303646117132,-5483.2965145740045,2658.537686896375,-3571.5191294745396,-2.8153057850067853,2.7805290768178565,6.384047995256424,-0.05594836510135792,-0.17252946082408016,-0.25331343838797693,-6.556459811690729e-05,0.00018727130054685404,-0.00025565086070855614,0.10656976207097815,-0.2582671701113493,-0.13785966463223578,0.00025065226700262175,-0.0001235405256023979,0.0001632109025037756
LARETS,2025-01-01 03:56:19.591488,-6036.792567143344,3344.5355466399046,-1507.667045424408,-0.8434062850292321,1.752784057000099,7.255910786415825,-6036.877599285363,3344.4308110345696,-1507.9914762045532,-0.8435355404180882,1.7530544642972927,7.255717142993944,-0.08503214201937226,-0.10473560533500859,-0.32443078014534876,-0.00012925538885610877,0.0002704072971937421,-0.00019364342188055161,0.09232044613069929,-0.328281708634377,-0.08463686141000079,0.00027981172213816506,-0.00010950878537178584,0.0001924527548310194
LARETS,2025-01-01 04:01:19.591488,-5980.616629528539,3692.552651926527,708.5888587933487,1.21478468832629,0.5475586078255219,7.393134653632387,-5980.74516251251,3692.5365518256085,708.2231840243098,1.2146286597153448,0.547878261326332,7.393066922221124,-0.12853298397112667,-0.016100100918265525,-0.3656747690388329,-0.00015602861094521359,0.0003196535008100909,-6.773141126359405e-05,0.06372050744368238,-0.3818290894891156,-0.025381514547729668,0.0002923829604010276,-6.85639797869042e-05,0.00020229191093148002
LARETS,2025-01-01 04:06:19.591488,-5320.300563930469,3667.5631962133475,2853.0927930267203,3.1496556579340904,-0.7125876322561453,6.781756627291998,-5320.471120020387,3667.6411166820417,2852.727261744473,3.149530708154998,-0.7122796213902802,6.781829656792979,-0.17055608991813642,0.0779204686941739,-0.36553128224750253,-0.000124949779092276,0.00030801086586507154,7.302950098164729e-05,0.021276651629999893,-0.4089276521817571,0.03315986923553915,0.0002835286893251446,-1.5562916847988587e-05,0.00018757858819315245
LARETS,2025-01-01 04:11:19.591488,-4122.92591451024,3272.3577958298,4708.883393325012,4.7646858076714125,-1.8994774907814644,5.485117110687497,-4123.120430933533,3272.516927386738,4708.557236115187,4.764653024111794,-1.8992434086744652,5.485305039486775,-0.19451642329295282,0.15913155693806402,-0.3261572098244869,-3.27835596181103e-05,0.00023408210699926713,0.00018792879927786998,-0.030176400417101734,-0.40190563325930384,0.0842571283454083,0.00025289517587919873,5.740520076250739e-05,0.00015470973188173336
LARETS,2025-01-01 04:16:19.591488,-2509.888266892132,2547.252582461144,6088.765257380067,5.897437941314365,-2.8933354553391837,3.636294355267637,-2510.072553617262,2547.4621947097066,6088.497886995371,5.897530426886078,-2.893231815242416,3.6364912708340853,-0.18428672513027777,0.20961224856273475,-0.2673703846958233,9.248557171304128e-05,0.00010364009676777641,0.00019691556644829689,-0.08942921665669015,-0.35506733853254924,0.12375546345411834,0.0001743095936033779,0.00012817651775479848,0.00010610154012480149
LARETS,2025-01-01 04:21:19.591488,-644.1385235273016,1565.6867836611175,6854.0709662915215,6.435453155200889,-3.5949099610745634,1.422708475577565,-644.2827418962072,1565.9041859378692,6853.848793463692,6.4356147371672705,-3.5949559884543305,1.4228097862969662,-0.14421836890562645,0.21740227675172719,-0.22217282782912662,0.0001615819663811635,-4.602737976711069e-05,0.00010131071940122638,-0.15431971069975234,-0.2698942804508506,0.1441039817690234,7.340511967115705e-05,0.00017977851600074854,2.797296916766307e-05
LARETS,2025-01-01 04:26:19.591488,1286.4153038161621,426.61405339972777,6928.0771647237425,6.325915988869838,-3.934611457282074,-0.933578897192092,1286.3201813955577,426.7993665662304,6927.86521354137,6.326076159803961,-3.9347721245953267,-0.9336151917077586,-0.09512242060441167,0.18531316650262397,-0.21195118237210409,0.0001601709341230162,-0.0001606673132528158,-3.62945156666683e-05,-0.21414341928966604,-0.15094086780076446,0.14025690247644568,-1.614128834724363e-05,0.00022366234943952721,-5.000617768714194e-05
LARETS,2025-01-01 04:31:19.591488,3087.519332554433,-755.3676220591337,6303.221265240415,5.579561138146346,-3.8784838745576735,-3.1971577365256962,3087.4648852278287,-755.2393059212168,6302.9756929436135,5.579657868631784,-3.8786942202893897,-3.1973531754229043,-0.05444732660407681,0.12831613791695418,-0.24557229680158343,9.673048543845653e-05,-0.0002103457317161883,-0.00019543889720807783,-0.256813739193312,-0.002153843767135427,0.11737699902125236,-0.00010969177781706173,0.0002637183216674552,-0.00010108826293156258
LARETS,2025-01-01 04:36:19.591488,4577.607474963533,-1861.2416219049117,5041.862130727444,4.269683961902956,-3.431313576957791,-5.1409146998357755,4577.562359105096,-1861.1752125681473,5041.540050400333,4.26963328860711,-3.4315097834685275,-5.141224655526457,-0.04511585843647481,0.06640933676430905,-0.32208032711150736,-5.0673295845626853e-05,-0.00019620651073637418,-0.00030995569068181794,-0.2767846510866331,0.16449817598063068,0.08069686998940706,-0.00020249197628692474,0.0002729796677513413,-0.00014702519677601848
LARETS,2025-01-01 04:41:19.591488,5605.826818508891,-2779.3076252518786,3270.5421542650015,2.526338633096202,-2.6368612363630746,-6.567637178715813,5605.7424058074785,-2779.2923665434446,3270.122908487486,2.526117986405552,-2.637003458455638,-6.567974598082401,-0.08441270141247514,0.015258708433975698,-0.41924577751569814,-0.00022064669065002818,-0.00014222209256331553,-0.0003374193665877101,-0.26724103184090214,0.33273678590746447,0.03152485546591976,-0.00027551273957951417,0.0002706827799478738,-0.00018326886703810548
LARETS,2025-01-01 04:46:19.591488,6067.513053925884,-3416.4838512174097,1167.8839750384618,0.5250071284099249,-1.5746168489426964,-7.330557391024513,6067.33739583858,-3416.4978957378294,1167.370295182139,0.5246080130964401,-1.5746658949992707,-7.330844496602822,-0.17565808730432764,-0.014044520419702167,-0.513679856322824,-0.0003991153134847991,-4.9046056574297836e-05,-0.0002871055783089105,-0.22912503943567258,0.49168682625604115,-0.025802871369955155,-0.00036674013559506773,0.000262440697800173,-0.00020187797131317284
LARETS,2025-01-01 04:51:19.591488,5915.375664097031,-3708.026190969371,-1053.2162115395613,-1.5306243562408781,-0.3524265330643175,-7.3502917325140515,5915.058249027778,-3708.036802147625,-1053.7917907765761,-1.5311719299988908,-0.35235531343732873,-7.3504098728958525,-0.317415069253002,-0.010611178254293918,-0.5755792370148356,-0.0005475737580127316,7.121962698874995e-05,-0.00011814038180091302,-0.17450276642152285,0.6279886364216268,-0.08564717398696828,-0.0004785454931594617,0.00022364811813686011,-0.00019960494927550362
LARETS,2025-01-01 04:56:19.591488,5164.768790770476,-3624.4235728732315,-3167.5038941162666,-3.430480688971329,0.9048228334722808,-6.624730991974047,5164.282391576245,-3624.3961074967924,-3168.0712393774465,-3.4310434018580054,0.904994723908203,-6.624564616194675,-0.4863991942311259,0.027465376439067768,-0.5673452611799803,-0.0005627128866763087,0.00017189043592225062,0.0001663757793721743,-0.11538399012630168,0.7254542636366046,-0.14007788772327165,-0.0005745397383567841,0.00013075780276305873,-0.00016333860786819248
LARETS,2025-01-01 05:01:19.591488,3892.113755834677,-3174.477914935476,-4960.8465825081275,-4.981287012597477,2.0689791080062605,-5.229333059784949,3891.4830073143735,-3174.393704137713,-4961.319634573531,-4.981683820921717,2.0691737938163897,-5.228909246978219,-0.6307485203033139,0.08421079776280749,-0.4730520654038628,-0.0003968083242398279,0.0001946858101291582,0.000423812806729984,-0.053195574369728604,0.770675844268623,-0.17872432636842955,-0.0006041431311668737,2.1561305217173115e-05,-9.758531232327627e-05
LARETS,2025-01-01 05:06:19.591488,2226.6594902490997,-2404.172976047616,-6252.315671086315,-6.027166804239641,3.0225119310043738,-3.3077281242340177,2225.9494446486738,-2404.037243681649,-6252.6359407233285,-6.027320619758939,3.0226584339407054,-3.3071745156366887,-0.7100456004259286,0.13573236596675997,-0.3202696370135527,-0.00015381551929749548,0.00014650293633167166,0.0005536085973290028,0.01346833553024579,0.765516011393748,-0.19739430206010633,-0.0005887586946778101,-6.149212227650851e-05,-3.444882735824312e-05
LARETS,2025-01-01 05:11:19.591488,336.84510314995157,-1391.642815374472,-6912.278165122865,-6.46469868218702,3.670336882131778,-1.0550628561859412,336.12908013870907,-1391.478750195509,-6912.427848960563,-6.464627919394104,3.6703929076627446,-1.0545068558503772,-0.7160230112424983,0.1640651789630283,-0.14968383769792126,7.07627929159571e-05,5.6025530966508086e-05,0.000556000335564022,0.08006034475038697,0.7177096018351186,-0.20123333589901984,-0.0005521109098013288,-0.00011158853472935016,2.036743468508646e-06
LARETS,2025-01-01 05:16:19.591488,-1586.8836940257822,-239.06016154612132,-6874.837221100879,-6.251515830454309,3.9484401401271327,1.302467050634732,-1587.5447664327558,-238.89571454193862,-6874.828249501699,-6.251256790077605,3.9484087854763743,1.3029566103123216,-0.661072406973517,0.16444700418270486,0.008971599179858458,0.0002590403767044336,-3.135465075843058e-05,0.0004895596775895683,0.13429182282139737,0.6384338701877523,-0.19623438475115565,-0.0005339091079733464,-0.00014702951445270374,3.281912722586919e-05
LARETS,2025-01-01 05:21:19.591488,-3350.9457751847694,937.568340639916,-6143.911214491157,-5.409132162581045,3.829259713024271,3.5292516582321696,-3351.500907200012,937.7103239848938,-6143.778433371688,-5.408724830960637,3.8291710209313123,3.5295902799680334,-0.5551320152426342,0.14198334497780252,0.1327811194687456,0.0004073316204085131,-8.869209295880864e-05,0.00033862173586385325,0.16677056922935435,0.5346374574265911,-0.17975543563729682,-0.0004997367151481958,-0.00017920424220767018,8.12346689853155e-05
LARETS,2025-01-01 05:26:19.591488,-4777.599038561173,2019.7809824495623,-4792.801530495591,-4.0208961366242875,3.3241717856883497,5.401955835805893,-4778.016832072079,2019.8896357354122,-4792.598634288609,-4.020419329328433,3.3240591770425,5.402103048524623,-0.41779351090553973,0.10865328584986855,0.2028962069816771,0.000476807295854087,-0.0001126086458498321,0.00014721271872986108,0.17601440692819648,0.41761853110259883,-0.14878681434093918,-0.00045466853554599636,-0.00019895148024905434,0.00012406579039697478
LARETS,2025-01-01 05:31:19.591488,-5722.58790262165,2898.3546191825476,-2957.291383540875,-2.225114097617734,2.48304118918486,6.7308615130787075,-5722.863039277968,2898.4288318264607,-2957.0753013868966,-2.2246588501702718,2.482943672479905,6.730826982910003,-0.2751366563179545,0.07421264391314253,0.21608215397827735,0.0004552474474621704,-9.75167049546144e-05,-3.4530168704804964e-05,0.16288790274525422,0.2995880710839553,-0.10776693480721541,-0.0003943777885384487,-0.00019785076981725913,0.00015255592911142386
LARETS,2025-01-01 05:36:19.591488,-6089.920695454182,3484.352449634982,-822.520791719654,-0.20268830168060958,1.390248332383635,7.379696503146306,-6090.069802497648,3484.4033776369783,-822.336249622489,-0.2023109584388294,1.3901997561115422,7.3795453638870185,-0.1491070434658468,0.05092800199645353,0.18454209716492187,0.0003773432417801814,-4.857627209275961e-05,-0.0001511392592874472,0.13217317776951304,0.194712840852616,-0.059156724976258776,-0.00033165789468514944,-0.00016759018249688567,0.0001717766679419511
LARETS,2025-01-01 05:41:19.591488,-5842.081564446185,3718.377262703811,1395.5453533107664,1.8408539636720889,0.15666900220821844,7.281315430719815,-5842.130307210575,3718.417455719702,1395.67535252151,1.8411378791151947,0.1566502175687674,7.28111851137146,-0.04874276438931702,0.04019301589096358,0.1299992107435628,0.00028391544310579775,-1.8784639451041585e-05,-0.00019691934835464053,0.08714736552040656,0.11491715128407183,-0.00951395944280694,-0.00028358454430141874,-0.00012174416837091758,0.00015651273101800287
LARETS,2025-01-01 05:46:19.591488,-5004.183264322783,3576.8435953062135,3472.3151243278558,3.697353216061856,-1.0920084631866303,6.445958167951176,-5004.157915695622,3576.877041861396,3472.3859430157063,3.6975616980253108,-1.0920331403294767,6.445773570974779,0.02534862716038333,0.03344655518230866,0.07081868785053302,0.0002084819634546875,-2.4677142846485367e-05,-0.00018459697639627848,0.033791983836328914,0.06840966269912123,0.03089872779174449,-0.00025094276286154996,-5.232959258081407e-05,0.00011153061313995185
LARETS,2025-01-01 05:51:19.591488,-3661.321217279834,3074.3848702063824,5197.83737321669,5.1787116528957995,-2.2290154273737244,4.959959368065029,-3661.2380283286643,3074.40080340138,5197.853185763138,5.178884556253706,-2.2291036006599825,4.959781350349658,0.08318895116963176,0.01593319499761492,0.015812546447705245,0.0001729033579067618,-8.81732862580975e-05,-0.00017801771537051536,-0.02455406574957414,0.06307054581441654,0.053324563106821696,-0.00025904692864585344,2.7671970369662607e-05,3.8592193326301595e-05
LARETS,2025-01-01 05:56:19.591488,-1949.4945425634194,2262.121255526711,6398.260831869083,6.136520048597731,-3.139981822374466,2.9752559799053415,-1949.3636470113418,2262.0967766086196,6398.216086972709,6.136658645897796,-3.140157256828388,2.975033584045377,0.13089555207761805,-0.0244789180915177,-0.04474489637414081,0.00013859730006515747,-0.00017543445392220747,-0.00022239585996430833,-0.08452874629506847,0.09944515692833364,0.051966532975091705,-0.00029599812080852107,9.835482845808519e-05,-4.645231893461781e-05
LARETS,2025-01-01 06:01:19.591488,-41.44352574830132,1222.1798863021638,6953.0740894477685,6.476056427870056,-3.734191304567048,0.6922943977615432,-41.279717984214315,1222.0914119391307,6952.948729377181,6.476135150685572,-3.734431188743656,0.6919792777198381,0.1638077640870037,-0.08847436303312861,-0.12536007058770338,7.872281551613014e-05,-0.00023988417660802952,-0.0003151200417050859,-0.13974321682384883,0.17369971072384677,0.02600168519980946,-0.00035234702783084676,0.0001580415670355842,-0.00011796938425549028
LARETS,2025-01-01 06:06:19.591488,1870.773158680259,59.299972975190094,6806.6438418297,6.1640683939881455,-3.952702734216082,-1.6603903464856558,1870.9468983764978,59.139699329453954,6806.406712014692,6.164050870020674,-3.952929213518715,-1.6608218093506366,0.17373969623872654,-0.16027364573614022,-0.2371298150083021,-1.7523967471788637e-05,-0.00022647930263275384,-0.0004314628649808583,-0.18394670208444439,0.2794283979779938,-0.013676766001469123,-0.000422567090074009,0.00020021679175064166,-0.00013824058196465217
LARETS,2025-01-01 06:11:19.591488,3594.6921615783435,-1109.529392313114,5973.431624625162,5.2310901447576725,-3.77339625092236,-3.847644789795595,3594.8408496880875,-1109.7455804413144,5973.05086834186,5.230930499162696,-3.7735355727143087,-3.8481723992026673,0.14868810974394364,-0.21618812820042876,-0.3807562833017073,-0.00015964559497660957,-0.00013932179194853234,-0.0005276094070723047,-0.2124928767899827,0.4072708402676145,-0.052896578424227965,-0.0005058428941000834,0.0002291688170905974,-0.00012195730359483536
LARETS,2025-01-01 06:16:19.591488,4956.332567601484,-2166.522611746526,4536.729089348422,3.7689985255256033,-3.213220893529069,-5.649371912748393,4956.406940135797,-2166.7609050592355,4536.18493841927,3.768650309406439,-3.2132267756560395,-5.649929535682531,0.07437253431362478,-0.2382933127096294,-0.544150929152238,-0.0003482161191641353,-5.882126970391255e-06,-0.0005576229341386352,-0.22433772988459602,0.5484474871041458,-0.08539992552091843,-0.0006009954013723134,0.00024726888542736004,-9.947375316962138e-05
LARETS,2025-01-01 06:21:19.591488,5817.617729649805,-3004.787292066438,2640.9061791699096,1.9235775157521857,-2.327435969670205,-6.881982444539517,5817.559092974618,-3005.0025109657677,2640.203630620622,1.923032514591796,-2.327271628725157,-6.882474762741822,-0.05863667518769944,-0.21521889932955673,-0.7025485492877124,-0.000545001160389802,0.00016434094504802488,-0.0004923182023048867,-0.21950965065643763,0.6950327100996144,-0.10989514808323794,-0.000703169209485962,0.00026056639870816175,-6.379371490492285e-05
LARETS,2025-01-01 06:26:19.591488,6090.718472817674,-3539.2487697725574,477.42042789176725,-0.11867472319590888,-1.2051423781208541,-7.418160465558515,6090.471639695929,-3539.385410289509,476.5955384278929,-0.11939077442912094,-1.204784764750002,-7.418473965373892,-0.2468331217451123,-0.13664051695150192,-0.8248894638743423,-0.0007160512332120561,0.00035761337085205014,-0.000313499815376872,-0.20021239774649852,0.8399222967963933,-0.12035522259952061,-0.0008181569295092657,0.00026338555835992875,-1.2087687181761379e-05
LARETS,2025-01-01 06:31:19.591488,5747.5594784105515,-3715.607223888048,-1734.4923904282196,-2.149452122128423,0.03937706684928344,-7.2019746518080865,5747.083709803638,-3715.6083480931734,-1735.3623646497801,-2.150245746825931,0.03990930378267876,-7.201953877887945,-0.4757686069133342,-0.0011242051255067054,-0.8699742215605966,-0.0007936246975077665,0.0005322369333953247,2.0773920141436975e-05,-0.17298949553850285,0.9696548781200898,-0.11426385742059039,-0.0009312589662234894,0.00020969460295062645,4.829887000886546e-05
LARETS,2025-01-01 06:36:19.591488,4823.014430674253,-3516.123652766482,-3770.5303788909955,-3.9613162194300457,1.2789306706577008,-6.255955086116046,4822.31628482316,-3515.9518886791147,-3771.3319961355005,-3.9619898028668104,1.2795261049554938,-6.255547926287363,-0.6981458510936136,0.1717640873671371,-0.801617244504996,-0.0006735834367646021,0.0005954342977929628,0.00040715982868277933,-0.13436390390332015,1.0646190892171183,-0.08962853339449028,-0.00097417522953799,0.00011720026984116393,0.00010621908617835374
LARETS,2025-01-01 06:41:19.591488,3411.176179033962,-2961.399443568933,-5424.687189417345,-5.370507833310512,2.3874686456069867,-4.678239466742525,3410.3137770593403,-2961.0557998974,-5425.318469451042,-5.370943887059639,2.3880076182977064,-4.677549193971572,-0.8624019746216618,0.3436436715328455,-0.6312800336972941,-0.0004360537491265859,0.0005389726907196746,0.0006902727709530154,-0.07578330605340933,1.1189115963019762,-0.05134539848273724,-0.0009672511499048288,5.294328853874017e-05,0.00013686910898592648
LARETS,2025-01-01 06:46:19.591488,1655.2542596901478,-2107.9769968189526,-6530.331320473746,-6.236063036013775,3.2535006988696296,-2.6305636569431954,1654.3061484332013,-2107.4935374460097,-6530.722290851271,-6.236223168239803,3.253889132101449,-2.6296880851541573,-0.948111256946504,0.4834593729428889,-0.39097037752526376,-0.00016013222602850874,0.00038843323181936285,0.0008755717890380765,-0.005003629795862996,1.1337386843001653,-0.01083126712137801,-0.0009635497549279361,-5.4829484692251016e-06,0.00012120424995938224
LARETS,2025-01-01 06:51:19.591488,-267.38589440855094,-1042.2623458877558,-6976.664243275278,-6.472870356673354,3.7909698706359904,-0.3200509974558372,-268.33381794863067,-1041.696197466058,-6976.777878068441,-6.472741135469903,3.7911438669339077,-0.3191069694385078,-0.9479235400797279,0.5661484216977897,-0.11363479316332814,0.00012922120345137955,0.00017399629791725602,0.0009440280173294013,0.06462219461634207,1.1079055411650232,0.019110815373994405,-0.0009635812713530264,-6.356501347402492e-05,7.504899181831989e-05
LARETS,2025-01-01 06:56:19.591488,-2163.1323286635834,128.32348896185883,-6719.216591091022,-6.058363354761241,3.946825013712015,2.021832332705344,-2163.993922849132,128.90395086872687,-6719.056783745848,-6.057959816130278,3.9467723157864043,2.022689790502227,-0.8615941855487108,0.5804619068680381,0.1598073451732489,0.00040353863096243003,-5.269792561080067e-05,0.0008574577968829544,0.1224433441485464,1.0433608413189344,0.034996224703727694,-0.0009406689079840358,-0.00012195402167610115,3.352004813884433e-05
LARETS,2025-01-01 07:01:19.591488,-3841.200338158099,1285.9861043502558,-5783.897753148039,-5.033761918515211,3.705465231396147,4.160987409140034,-3841.904209554441,1286.51910068769,-5783.512161471635,-5.033149839595808,3.7052286428136085,4.161635632497564,-0.7038713963420378,0.5329963374342697,0.3855916764032372,0.0006120789194028475,-0.00023658858253838844,0.0006482233575297869,0.16412176013600388,0.948448387673539,0.041360403620118426,-0.0009070027967334265,-0.0001672817879519241,1.3077169014025943e-05
LARETS,2025-01-01 07:06:19.591488,-5132.360589654849,2314.1053990337255,-4264.535571892598,-3.50056389380552,3.0903482745825386,5.882313351121411,-5132.861138110533,2314.5453010037622,-4264.003362664232,-3.499856729111343,3.0899958385530226,5.8826592733557845,-0.5005484556841111,0.4399019700367717,0.5322092283668098,0.000707164694176754,-0.00035243602951595676,0.0003459222343735746,0.1865206954110521,0.831039691315536,0.04349970264648728,-0.0008382278738628125,-0.00020318271185227753,6.787408110898111e-06
LARETS,2025-01-01 07:11:19.591488,-5905.880059190683,3108.8188025982363,-2313.9896978702313,-1.6120299940394034,2.1625289564303785,7.01076854805342,-5906.167209647847,3109.1448155084095,-2313.4000209026003,-1.6113303358752091,2.1621423810811393,7.010826980988895,-0.2871504571639889,0.32601291017317635,0.5896769676310214,0.0006996581641942612,-0.0003865753492391377,5.843293547513895e-05,0.1903883511728911,0.7057555905775346,0.04604401057478871,-0.0007742325064865591,-0.00020660248744113033,1.5996668214498376e-05
LARETS,2025-01-01 07:16:19.591488,-6083.07011050014,3589.6227253890306,-129.21409768143226,0.44098378967737517,1.0154692677788262,7.4302458696435565,-6083.157124886588,3589.834109336581,-128.64701210379502,0.44160143086446624,1.0151075850185407,7.430053455212658,-0.08701438644766313,0.21138394755053014,0.5670855776372434,0.000617641187091067,-0.0003616827602854755,-0.0001924144308986797,0.17196460896350182,0.5843514545476469,0.05293656512424828,-0.0007121047080767732,-0.00020291338611662477,3.242546478656956e-05
LARETS,2025-01-01 07:21:19.591488,-5645.754067297474,3707.8059546899294,2068.650463137755,2.449525363075736,-0.23420003612773144,7.097271877486037,-5645.675843480849,3707.916675674765,2069.1295530626653,2.449988813043092,-0.2344930572553494,7.096898583990878,0.07822381662481348,0.11072098483555237,0.47908992491011304,0.0004634499673557002,-0.00029302112761797616,-0.00037329349515857757,0.13589380907966278,0.47475262324572065,0.06362450389442602,-0.0006335125723939958,-0.000192624170477367,3.9408584938630335e-05
LARETS,2025-01-01 07:26:19.591488,-4638.336740782668,3451.584415554995,4057.113247443604,4.209182052183678,-1.4591959107297043,6.046413855789524,-4638.146310923569,3451.61718090654,4057.467404202879,4.209460730268802,-1.459416749331922,6.045981182619926,0.19042985909891286,0.032765351545094745,0.3541567592751562,0.0002786780851238291,-0.00022083860221755458,-0.0004326731695982744,0.0943871735312223,0.38553534498422787,0.07223343325127024,-0.000539456481166952,-0.00014953925889307058,1.6184870236913854e-05
LARETS,2025-01-01 07:31:19.591488,-3163.062067618622,2847.2197961351426,5635.337014977012,5.542209528847252,-2.5354603244063583,4.385958006567307,-3162.809692987056,2847.1905874330714,5635.559321887971,5.542340126813087,-2.5356475754897474,4.3855283104821865,0.25237463156599915,-0.02920870207117332,0.2223069109595599,0.00013059796583547723,-0.00018725108338912833,-0.0004296960851206677,0.052583694930779884,0.3260258809945479,0.07006101301218548,-0.00047689389917278727,-9.166505184601522e-05,-3.045077471325906e-05
LARETS,2025-01-01 07:36:19.591488,-1369.1674297157178,1956.0632794749288,6644.500472614055,6.315602893883806,-3.355092486947342,2.285012299994378,-1368.894501815496,1955.9785581983808,6644.597083861925,6.315617412298479,-3.3552760669954296,2.2846151354788162,0.27292790022193003,-0.08472127654795258,0.09661124786998698,1.4518414673148072e-05,-0.00018358004808760597,-0.0003971645155615988,0.014521605624578271,0.2968660970619825,0.05158207071970185,-0.00042744088822290334,-2.6845619134027146e-05,-9.069548307537092e-05
LARETS,2025-01-01 07:41:19.591488,562.503741146876,868.0852251992803,6983.373273790498,6.453146370277068,-3.8366545258872975,-0.044951540287911484,562.7672937603386,867.9447547851561,6983.3497375368615,6.453070441257182,-3.8368359253620383,-0.04535974482041638,0.2635526134625934,-0.14047041412425187,-0.023536253636848414,-7.59290198857343e-05,-0.00018139947474082874,-0.00040820453250489663,-0.019555506272284886,0.29845468441415685,0.016978105552173255,-0.0004321547243583903,2.976232167764539e-05,-0.00013288500396086117
LARETS,2025-01-01 07:46:19.591488,2437.577927386646,-307.21065626588864,6617.920003470394,5.941395615214333,-3.932293291977146,-2.3710150384440567,2437.802691598581,-307.3978295735111,6617.771112449876,5.941213974022503,-3.9324160222245155,-2.3714418820318315,0.22476421193505303,-0.18717330762245865,-0.14889102051802183,-0.00018164119182983995,-0.00012273024736941807,-0.00042684358777478337,-0.053825388457593396,0.3228735861300143,-0.024016847856210784,-0.00045753821119652626,5.532404645076716e-05,-0.00013360284350480238
LARETS,2025-01-01 07:51:19.591488,4067.2233131951816,-1451.5566081522647,5584.504081436196,4.830478841282911,-3.631897854650333,-4.460387769858244,4067.379970604558,-1451.7646016109497,5584.230178308477,4.8302065795674025,-3.631910323977536,-4.46079905631359,0.1566574093762938,-0.20799345868499586,-0.2739031277196773,-0.0002722617155086482,-1.2469327202779823e-05,-0.0004112864553462714,-0.08365200675950629,0.36398182342094637,-0.057838742440782416,-0.0004796512834956199,7.525679982485218e-05,-8.780395506484412e-05
LARETS,2025-01-01 07:56:19.591488,5286.753596534531,-2449.521048328351,3986.5960599713358,3.2301701679298276,-2.964469181250479,-6.102083586170011,5286.81855676285,-2449.7117182402935,3986.207274083449,3.2298273561928,-2.9643423258166877,-6.102441023332631,0.06496022831834125,-0.19066991194267757,-0.38878588788657,-0.00034281173702765955,0.00012685543379120645,-0.00035743716262004455,-0.10473924318443512,0.41891487769506663,-0.07259014661803032,-0.0005025609036403884,9.297182241953565e-05,-1.2739376605279847e-05
LARETS,2025-01-01 08:01:19.591488,5972.289334776476,-3200.0580834669354,1985.0280609703323,1.3007314576789213,-1.996300281341064,-7.128081755800167,5972.245957487513,-3200.1895521172164,1984.5469822576079,1.3003441105556703,-1.996035283913443,-7.128347965167222,-0.043377288962801686,-0.13146865028102184,-0.48107871272441116,-0.00038734712325094733,0.0002649974276209832,-0.00026620936705512577,-0.11236070698317709,0.4836917079072761,-0.06340131125643608,-0.0005226050116828175,0.00011512400208260951,6.898785076300836e-05
LARETS,2025-01-01 08:06:19.591488,6053.793455186771,-3626.9388774575064,-217.79821762179932,-0.7621514872962507,-0.8252340081653529,-7.432016532285417,6053.628806456747,-3626.968460368306,-218.33866474998152,-0.7625857168741277,-0.8248219197757862,-7.432142958594682,-0.1646487300240551,-0.02958291079949049,-0.5404471281821941,-0.0004342295778769767,0.00041208838956663385,-0.0001264263092650708,-0.10930479833409765,0.5543160008800965,-0.029217862682353143,-0.0005801041315641126,0.00012376945964002136,0.00015005364439389795
LARETS,2025-01-01 08:11:19.591488,5522.748460214935,-3686.8308237748474,-2398.536523010237,-2.747771147746789,0.4292254230713297,-6.98211531173456,5522.456914500007,-3686.7215604962767,-2399.078410959368,-2.7481764279218623,0.429714589262403,-6.982012227251289,-0.2915457149283611,0.10926327857077922,-0.5418879491307962,-0.0004052801750731305,0.0004891661910733092,0.00010308448327123187,-0.101021309851175,0.6162330524935815,0.025128416597570438,-0.0006074876427697597,8.021922816801835e-05,0.00019668663605324488
LARETS,2025-01-01 08:16:19.591488,4433.210396403048,-3373.895343687161,-4336.13220544145,-4.453570927386863,1.6389577988629753,-5.825266645401825,4432.813452038655,-3373.6433420609205,-4336.611266460947,-4.453888098130847,1.639406813838832,-5.824978484555686,-0.39694436439367564,0.25200162624059885,-0.47906101949683944,-0.00031717074398329714,0.0004490149758566986,0.00028816084613936255,-0.07545608775236534,0.6616463305162255,0.08425924630969638,-0.0005907547153018165,6.237489514834696e-05,0.00017990731345380565
LARETS,2025-01-01 08:21:19.591488,2895.9784143371344,-2720.255049942663,-5834.773692908565,-5.70719293646107,2.681311012489914,-4.081098178717184,2895.502770387908,-2719.8829234928025,-5835.138384766409,-5.707419805301015,2.6816595490695363,-4.080644032847886,-0.4756439492261961,0.3721264498603887,-0.3646918578442637,-0.0002268688399453822,0.000348536579622305,0.0004541458692983724,-0.037092343240804904,0.69239685534536,0.13010059600114177,-0.000602760518734863,4.993885370913677e-05,0.00011567867745807553
STARLETTE,2025-01-01 14:15:59.423328,5432.630685717801,4987.807175682377,-13.382280452253,-3.2954533570209605,3.381453054286794,5.611796166496953,5432.230285240671,4988.201799022992,-13.469346556343487,-3.295800128450537,3.3812820385574014,5.611618137993933,-0.4004004771295513,0.3946233406149986,-0.08706610409048743,-0.00034677142957662,-0.0001710157293928205,-0.00017802850302039985,-0.027899021018271016,0.294733526886306,-0.48578022014136224,-0.0003707743356991264,-6.689222673014241e-05,-0.00019809788981210876
STARLETTE,2025-01-01 14:20:59.423328,4215.927684821267,5764.017414240517,1645.4491164232522,-4.759315347750999,1.7491870320509406,5.362664556472964,4215.4365777165685,5764.358256014291,1645.3121243250762,-4.759551802294482,1.74895688673314,5.362525636820692,-0.49110710469813057,0.34084177377462765,-0.1369920981760515,-0.0002364545434829779,-0.00023014531780063407,-0.00013891965227230685,-0.04520327065212814,0.29703966826344885,-0.5346496402297327,-0.0003482372841356013,-1.0468093635406376e-05,-8.244695979996958e-05
STARLETTE,2025-01-01 14:25:59.423328,2617.9042214263804,6018.2073378071145,3154.4682438371337,-5.815487608794228,-0.07318743646646908,4.617736265658095,2617.364246461075,6018.464931965188,3154.3007675321082,-5.815617072262285,-0.07350443987979816,4.617613778568739,-0.539974965305646,0.25759415807351616,-0.16747630502550237,-0.00012946346805620124,-0.00031700341332907556,-0.00012248708935658215,-0.05378514244899149,0.315150070765836,-0.5326946757040684,-0.00036160551697231595,2.1002558741304065e-05,3.248666347862267e-05
STARLETTE,2025-01-01 14:30:59.423328,778.9976980730867,5717.575409718838,4371.57388578926,-6.349412797886657,-1.920411208693622,3.429577422782131,778.4462596173989,5717.72622329619,4371.3873671913025,-6.349420279917808,-1.9207891153955643,3.4294318708534774,-0.5514384556877303,0.15081357735198253,-0.18651859795772907,-7.4820311510848114e-06,-0.0003779067019422655,-0.000145551928653731,-0.05285850341540742,0.3435605361959717,-0.4907040141414253,-0.0003871660036873748,3.00181814719447e-05,0.00011513563509058317
STARLETTE,2025-01-01 14:35:59.423328,-1132.4454617415925,4881.38288734838,5177.84714912256,-6.29227772846798,-3.613683384641263,1.8996455000524293,-1132.9783518616418,4881.413151606653,5177.6362824261905,-6.292136030992424,-3.614062635233495,1.8994561699264523,-0.5328901200493874,0.03026425827283674,-0.21086669636952138,0.0001416974755557021,-0.0003792505922319833,-0.00018933012597699417,-0.04727376970535779,0.3784899853139722,-0.4287925964003172,-0.00041524111015542266,1.0687596786568637e-05,0.0001649717509195232
STARLETTE,2025-01-01 14:40:59.423328,-2936.072701472767,3582.1020225576713,5491.411902696881,-5.634560024985149,-4.980736009103111,0.17157768737615697,-2936.555046984661,3582.016840072858,5491.158001392495,-5.634280449945891,-4.98103020013923,0.17139305900673207,-0.4823455118939819,-0.08518248481323099,-0.2539013043860905,0.0002795750392579066,-0.00029419103611871833,-0.00018462836942489957,-0.0394228485672555,0.41165798509326,-0.365188531106855,-0.00040208922558645203,-2.148163735670441e-05,0.0001914706166202129
STARLETTE,2025-01-01 14:45:59.423328,-4458.498175684839,1940.0927368676826,5278.081057446992,-4.432432283188064,-5.878225587234283,-1.5833384104489596,-4458.902232716383,1939.920329602604,5277.767593047196,-4.432089074938631,-5.878412618490302,-1.583475938778065,-0.4040570315437435,-0.17240726507861837,-0.31346439979643037,0.0003432082494327915,-0.00018703125601859938,-0.00013752832910540747,-0.026125885477808114,0.43832016568255255,-0.31375013975389254,-0.0003649388923457991,-2.709628644339933e-05,0.00019435027817716092
STARLETTE,2025-01-01 14:50:59.423328,-5552.73591248485,111.76504106519809,4556.643152979053,-2.804233532402577,-6.212063124375021,-3.186911644169413,-5553.040962308838,111.54725550434053,4556.263210556716,-2.8038661560385663,-6.212153651717145,-3.1869928664527833,-0.3050498239881563,-0.21778556085756406,-0.37994242233708064,0.00036737636401085183,-9.052734212389169e-05,-8.122228337015258e-05,-0.00859446393655583,0.45450452368045213,-0.2796318348619592,-0.0003368872018521853,-2.556418912085489e-05,0.00018870913407810852
STARLETTE,2025-01-01 14:55:59.423328,-6114.980302018572,-1727.4436315743808,3397.444835630787,-0.9164424849859643,-5.951028614059851,-4.477369569896382,-6115.1773439157605,-1727.6610010939191,3397.0117622656203,-0.916073190813222,-5.951041310398523,-4.477385853374926,-0.19704189718868292,-0.2173695195383516,-0.4330733651668197,0.0003692941727422294,-1.2696338671958074e-05,-1.6283478544210084e-05,0.015135323719598193,0.454729523749834,-0.25810761146296124,-0.00031803577035102796,-2.1364124061807716e-05,0.00018762024861629476
STARLETTE,2025-01-01 15:00:59.423328,-6095.872178055761,-3402.7190058090846,1914.2068939906092,1.0385636771461577,-5.130252323227978,-5.330398760346725,-6095.9636873691425,-3402.905723394385,1913.7537429619156,1.0389334175151816,-5.130210946048464,-5.330322058319098,-0.09150931338172086,-0.1867175853003573,-0.4531510286935827,0.0003697403690239298,4.137717951380182e-05,7.670202762710687e-05,0.04499988271242701,0.4381237541950094,-0.23367895170079234,-0.00031052328992709405,-2.644887641059825e-05,0.00021720717267634013
STARLETTE,2025-01-01 15:05:59.423328,-5504.44429945712,-4758.924966799518,250.4502497371404,2.868196176440506,-3.8437670852417796,-5.673345334550959,-5504.436205260838,-4759.074813174772,250.02148374525137,2.868551052424664,-3.8436978126756003,-5.67314782356857,0.008094196282399935,-0.14984637525412836,-0.42876599188903697,0.00035487598415784305,6.927256617927924e-05,0.0001975109823888488,0.07707595439981699,0.4066390359731676,-0.18725308987308859,-0.0003067813244575415,-4.352928010516681e-05,0.000271544952924688
STARLETTE,2025-01-01 15:10:59.423328,-4404.552009269055,-5676.0483070824885,-1436.9717954739951,4.403064765833733,-2.2284653498381886,-5.490004829233158,-4404.451004578923,-5676.170897245939,-1437.3296369337372,4.403354649125504,-2.228405306456807,-5.4896874652363294,0.10100469013195834,-0.1225901634506954,-0.35784145974207604,0.0002898832917708205,6.004338138154708e-05,0.000317363996828135,0.10443192852892759,0.36125356353145016,-0.1089524715342357,-0.0002830224339174601,-7.527556551905278e-05,0.0003202956885653767
STARLETTE,2025-01-01 15:15:59.423328,-2905.204846913525,-6079.085911564091,-2994.3773716665564,5.513571899876297,-0.4440300277983624,-4.816357952048293,-2905.0250343781963,-6079.199431072034,-2994.627133581609,5.513765900661383,-0.44402521196934686,-4.81598543300106,0.1798125353288924,-0.11351950794323784,-0.24976191505265888,0.00019400078508624574,4.815829015569761e-06,0.00037251904723234475,0.1241798992614703,0.3035871728372186,-0.003797612930053873,-0.00023170215321338566,-9.437133639469844e-05,0.00033739902257926035
STARLETTE,2025-01-01 15:20:59.423328,-1147.2084081716723,-5941.915079887762,-4285.446234540662,6.117893507858753,1.346286605403293,-3.7300928286213093,-1146.9711530388531,-5942.037884933928,-4285.571998714443,6.118003977288481,1.346240923177902,-3.7297494384074525,0.2372551328192003,-0.12280504616592225,-0.12576417378113547,0.00011046942972825491,-4.5682225390919484e-05,0.0003433902138567646,0.1343794953723828,0.23838987825363384,0.1109059150334359,-0.00017893571303400805,-8.823607007931297e-05,0.0003039796146647285
STARLETTE,2025-01-01 15:25:59.423328,711.3851041463776,-5285.973018325029,-5201.804947931949,6.182406829868569,2.9906878157808023,-2.3377172132823034,711.6498192927934,-5286.113074733405,-5201.817402641164,6.182436336269802,2.990647513949625,-2.3374664595094146,0.26471514641582417,-0.14005640837513056,-0.012454709215489856,2.9506401233447832e-05,-4.0301831177202985e-05,0.0002507537728888565,0.13334245425446464,0.17003051743808714,0.2077364654644613,-0.0001436658051204057,-7.028407513701116e-05,0.00019948083905283178
STARLETTE,2025-01-01 15:30:59.423328,2509.151123026069,-4175.229220236141,-5669.802485512377,5.717333054823484,4.3586126344134755,-0.7624178262158239,2509.4063933319717,-4175.380804860776,-5669.741350836111,5.717277854565054,4.358637166320477,-0.7622955415181423,0.2552703059027408,-0.15158462463477917,0.061134676265282906,-5.520025842997711e-05,2.45319070018013e-05,0.0001222846976816072,0.1239860404620037,0.10296400775820327,0.2567180379722659,-0.0001249855666195129,-4.0673825048384384e-05,3.642359635862556e-05
STARLETTE,2025-01-01 15:35:59.423328,4093.5271557876904,-2708.9249365804117,-5653.9909573881305,4.7705523440754405,5.346138625994627,0.8657078801852549,4093.7384828923177,-2709.0662645929533,-5653.9122149058285,4.770392635098688,5.346255601203666,0.8657163717389267,0.21132710462734394,-0.14132801254163496,0.07874248230200465,-0.00015970897675288143,0.00011697520903908298,8.491553671774454e-06,0.10720661504429063,0.04414272563532759,0.23956479762781485,-0.00013604801036653372,-1.751812532164728e-05,-0.0001429906200751392
STARLETTE,2025-01-01 15:40:59.423328,5331.203533972111,-1013.1198127217164,-5158.059789433284,3.4216506982484134,5.878811108532091,2.4169711099566484,5331.34036140088,-1013.2206520360382,-5158.018383543527,3.421381169603592,5.878992733103473,2.4168702525621484,0.13682742876972043,-0.1008393143218882,0.04140588975678838,-0.00026952864482154837,0.00018162457138259924,-0.00010085739450005349,0.08254989876377594,-0.003125742427532288,0.1542092871118982,-0.0001470155249010899,-1.4105899394461055e-05,-0.00030658253109876145
STARLETTE,2025-01-01 15:45:59.423328,6116.876848410116,768.4638256109572,-4223.820631753605,1.776953849090205,5.91367886893795,3.767917765508173,6116.916941692339,768.4322198571683,-4223.860043524521,1.776613794016157,5.913884619590021,3.7677162946429235,0.04009328222309705,-0.031605753788880975,-0.03941177091564896,-0.00034005507404799573,0.00020575065207140142,-0.00020147086524957558,0.05184267584340378,-0.036039287169156754,0.013160143632448613,-0.0001433119832250442,-2.1601938625769772e-05,-0.00042137432939100657
STARLETTE,2025-01-01 15:50:59.423328,6380.610830085207,2484.241415425151,-2928.4908540668257,-0.03488447479412571,5.441652358687861,4.8069899498095765,6380.54339533148,2484.2948325851717,-2928.6348749119074,-0.03522350449566147,5.441849475453182,4.806712065697411,-0.06743475372786634,0.05341716002067187,-0.14402084508174084,-0.0003390297015357646,0.00019711676532097044,-0.0002778841121653386,0.016676218869587693,-0.054755071171874,-0.15769156197541917,-0.00011544717976180949,-3.62849800890965e-05,-0.0004651570556198508
STARLETTE,2025-01-01 15:55:59.423328,6093.79885044982,3985.3442898657213,-1380.1547346188252,-1.867970217178481,4.490333443643976,5.441141715422418,6093.630399176491,3985.4808405431086,-1380.4064186875848,-1.8682398966902838,4.490513798162738,5.440850352962116,-0.16845127332908305,0.13655067738727666,-0.25168406875968685,-0.00026967951180267846,0.00018035451876130537,-0.00029136246030248003,-0.01820869839175148,-0.06086105543299225,-0.3260845974329435,-7.050007960911716e-05,-3.854191896495609e-05,-0.00042859203685424935
STARLETTE,2025-01-01 16:00:59.423328,5273.308984511472,5137.010270681783,288.9625246267361,-3.566444525391489,3.1264570847079085,5.6038645563759815,5273.0649299480665,5137.211982159763,288.62236170380305,-3.566608917040867,3.12660080211117,5.603642020902896,-0.24405456340537057,0.2017114779791882,-0.34016292293307515,-0.00016439164937764872,0.00014371740326168947,-0.00022253547308537236,-0.04738041212916258,-0.05618950323647426,-0.4588668659626851,-2.6184514433177486e-05,-2.935245404720935e-05,-0.0003092800475491792
STARLETTE,2025-01-01 16:05:59.423328,3982.9706626419684,5830.446117611163,1931.7792435933645,-4.97514604962862,1.4562676666300831,5.264105444598954,3982.6915167520556,5830.685773003917,1931.390268416507,-4.975204109716287,1.4563486027172985,5.264014878672015,-0.27914588991279743,0.23965539275468473,-0.388975176857457,-5.8060087667399785e-05,8.093608721537748e-05,-9.056592693923449e-05,-0.0636493824789542,-0.0433045629985542,-0.5298417634317361,8.973207335110415e-06,-9.288644052914987e-06,-0.00013400378262505677
STARLETTE,2025-01-01 16:10:59.423328,2331.314319143718,5994.249936488439,3398.2664176995804,-5.953924435662884,-0.3782073998254418,4.434491474712559,2331.037030051251,5994.499123503709,3397.879934078949,-5.953909932198712,-0.3782185200107051,4.434524410895847,-0.2772890924670719,0.24918701526985387,-0.38648362063122477,1.4503464171866653e-05,-1.1120185263280291e-05,3.293618328825687e-05,-0.0640801494130491,-0.022421924776783786,-0.532676252649803,1.0871391281131161e-05,8.815825546269416e-06,3.496991899364704e-05
STARLETTE,2025-01-01 16:15:59.423328,464.58876990923613,5603.8899290248955,4549.4356043181015,-6.394442980126598,-2.208660359478017,3.1764485416379102,464.33463652007293,5604.122336293469,4549.090922994625,-6.394358869609448,-2.20873341749666,3.176541479178013,-0.2541333891632007,0.2324072685732972,-0.3446813234768342,8.411051715029316e-05,-7.305801864276873e-05,9.293754010286648e-05,-0.0530604751393996,0.0013771774984282226,-0.48433957311697795,7.255745850726826e-06,-1.0754933480430818e-05,0.00014450302800166501
STARLETTE,2025-01-01 16:20:59.423328,-1445.3310492040787,4687.38013383055,5272.073122112015,-6.236774987796252,-3.8562564675366957,1.5996258428631336,-1445.5578251195095,4687.5843972540215,5271.789510518925,-6.236663449667958,-3.856327623321704,1.5997654779157529,-0.22677591543083508,0.20426342347127502,-0.28361159308951756,0.00011153812829434173,-7.1155785008159e-05,0.00013963505261926912,-0.029161604461812735,0.02271159846663029,-0.4149941949506958,3.352596213549832e-05,-2.5977975826227988e-05,0.0001876246315342937
STARLETTE,2025-01-01 16:25:59.423328,-3217.5269384132853,3325.421215495853,5492.19102172805,-5.482046198529588,-5.1522924919991056,-0.1461996923908373,-3217.7361758615225,3325.5931592573697,5491.963408676093,-5.481939526522183,-5.152339687062522,-0.1460380161061039,-0.2092374482372179,0.17194376151655888,-0.2276130519567232,0.00010667200740499538,-4.719506341643864e-05,0.000161676284733403,-0.0007076162740281555,0.03912434169691893,-0.35159842641333194,5.39983686282205e-05,-4.824424764431374e-05,0.00018574762710359022
STARLETTE,2025-01-01 16:30:59.423328,-4681.32478164423,1644.98955531765,5184.859926411949,-4.197356584894806,-5.960524816554653,-1.8869068036656245,-4681.522285810603,1645.137839988888,5184.670576284605,-4.19728921416754,-5.9605432213732,-1.8867041644907658,-0.19750416637270973,0.1482846712378887,-0.18935012734436896,6.737072726537008e-05,-1.840481854742393e-05,0.00020263917485863203,0.026022634373562087,0.04013184359920849,-0.3075092971173799,9.82353626511741e-05,-7.387059748526251e-05,0.00017559366667786844
STARLETTE,2025-01-01 16:35:59.423328,-5695.546190508299,-193.45147650660178,4378.376382361408,-2.5104791044723243,-6.196663728372357,-3.445528911767724,-5695.741147870609,-193.31122954302128,4378.217422354889,-2.5104826214374043,-6.19670383732651,-3.445297721332281,-0.19495736230965122,0.14024696358049482,-0.15896000651900977,-3.5169650800526142e-06,-4.010895415262894e-05,0.00023119043544284068,0.05388811520151357,0.02193630753628055,-0.2820651290686444,0.00014471831471804742,-7.279200359420389e-05,0.00016978824542574164
STARLETTE,2025-01-01 16:40:59.423328,-6164.590400716051,-2013.570835175208,3151.6149954442117,-0.5942120734262062,-5.840481631244529,-4.665539951774917,-6164.796269894327,-2013.4316082601931,3151.4870077996234,-0.5942572657040728,-5.840571131398747,-4.665321670529465,-0.20586917827677098,0.1392269150148877,-0.12798764458830192,-4.51922778665903e-05,-8.950015421760327e-05,0.00021828124545208993,0.08118706510270886,-0.013575439189344132,-0.26715437018136556,0.00015904128496373751,-6.464139455098969e-05,0.0001680079804278592
STARLETTE,2025-01-01 16:45:59.423328,-6048.598647214924,-3642.909318347909,1624.7526017976627,1.356860858761138,-4.9374672942208235,-5.430997309187887,-6048.8251176861,-3642.7780839911034,1624.661858749791,1.3568155645125444,-4.937603265657344,-5.430789648105247,-0.22647047117607144,0.1312343568056349,-0.0907430478716833,-4.529424859356368e-05,-0.00013597143652077648,0.00020766108264069771,0.10272956014777748,-0.0637774714341532,-0.24924827595643073,0.00015274418392306077,-7.209542053675567e-05,0.00018744169857316247
STARLETTE,2025-01-01 16:50:59.423328,-5366.129656535997,-4931.490313546077,-55.02689053157699,3.152129077308018,-3.58974232559558,-5.679209480984156,-5366.378403167095,-4931.390011952493,-55.069008804304936,3.152090885680991,-3.589933493785793,-5.678994732732697,-0.24874663109767425,0.10030159358393576,-0.042118272727947215,-3.819162702711765e-05,-0.0001911681902129203,0.00021474825145872956,0.11559604277812577,-0.12431613536565453,-0.21187802726401617,0.00015585016394083036,-9.127992972610465e-05,0.0002269347696093686
STARLETTE,2025-01-01 16:55:59.423328,-4189.436589059324,-5766.4151093051405,-1730.2221477312871,4.627538893807468,-1.9390383245836347,-5.403827564884523,-4189.69974448142,-5766.379399440568,-1730.2052266000653,4.6275055633068405,-1.939313245028643,-5.4036166630305615,-0.2631554220952239,0.03570986457270919,0.016921131221806718,-3.3330500627926085e-05,-0.0002749204450083198,0.00021090185396133165,0.11824446483542889,-0.18947812858367896,-0.14466713729092778,0.00018542680097290544,-0.00010712571906796147,0.0002744316803051979
STARLETTE,2025-01-01 17:00:59.423328,-2633.986672966366,-6080.731689039944,-3249.267211710822,5.66083086527351,-0.14649599770655186,-4.649220729528224,-2634.2491703737046,-6080.7938285958535,-3249.1896170699742,5.660820630321268,-0.1468571018303919,-4.649067101555829,-0.26249740733874205,-0.06213955590919795,0.07759464084756473,-1.0234952242171858e-05,-0.0003611041238400503,0.0001536279723950429,0.11071734454808779,-0.25308291712789627,-0.049777989419730176,0.00023353042150999238,-0.00010288682938978502,0.0002982957240246406
STARLETTE,2025-01-01 17:05:59.423328,-844.7172188881043,-5856.360975724409,-4480.153876948302,6.178140030001032,1.6259920280217557,-3.4992757344089114,-844.9633041303122,-5856.540535137026,-4480.029992896158,6.178185833566545,1.6255986278902128,-3.4992391292335014,-0.24608524220786876,-0.17955941261698172,0.12388405214460363,4.580356551286968e-05,-0.0003934001315428759,3.660517540993169e-05,0.09491266804343554,-0.31000727879268186,0.055080486636020734,0.0002831147488042708,-7.146573919047435e-05,0.0002700745380629011
STARLETTE,2025-01-01 17:10:59.423328,1018.5338471343379,-5122.0634162104925,-5320.333271308208,6.15341234237701,3.229915248666657,-2.064421848890561,1018.3169830298636,-5122.356438762485,-5320.195544685728,6.153532300839743,3.229594558411918,-2.0645153439354544,-0.21686410447421167,-0.2930225519921805,0.1377266224799314,0.00011995846273293864,-0.00032069025473902,-9.349504489364335e-05,0.07340522396924454,-0.3548267017449458,0.1434244161500051,0.00030344257537821687,-1.8404118374400934e-05,0.00018318702890812973
STARLETTE,2025-01-01 17:15:59.423328,2794.6977858911555,-3947.9668288024877,-5702.852340873891,5.603546506505609,4.539080782648398,-0.46981415466234466,2794.5156362887847,-3948.34189420642,-5702.743134483914,5.603697082212875,4.538921101216147,-0.4700049136663438,-0.18214960237082778,-0.37506540393223986,0.10920638997686183,0.00015057570726639824,-0.00015968143225109088,-0.00019075900399911916,0.04665799033835277,-0.38429465374850896,0.1895236700794472,0.00028605557926053874,2.664272191120382e-05,4.4973013845545605e-05
STARLETTE,2025-01-01 17:20:59.423328,4333.424632075031,-2438.0746881797763,-5599.31726514594,4.5821325720889945,5.454446802068105,1.1539876849865323,4333.271768584368,-2438.480669939382,-5599.282517236276,4.582253021743782,5.454472575555428,1.1537249819248245,-0.15286349066263938,-0.40598175960576555,0.034747909663565224,0.00012044965478708036,2.5773487323021982e-05,-0.0002627030617077253,0.017737841751238013,-0.3983870982155509,0.1742668702925164,0.0002577448951459947,5.349115741048244e-05,-0.00012203096214812405
STARLETTE,2025-01-01 17:25:59.423328,5505.20403051953,-721.7009097706813,-5020.430946851201,3.1736420480538072,5.9067101615916044,2.6779956752952785,5505.0696682055395,-722.0771786715331,-5020.5082955124735,3.1736985764446217,5.906892873685706,2.677693167934194,-0.13436231399009557,-0.37626890085186915,-0.07734866127248097,5.652839081449201e-05,0.00018271209410158917,-0.000302507361084281,-0.010662565201774853,-0.3956106711779069,0.09483058116017086,0.00022684550562299707,6.310972033216411e-05,-0.00026953321054646
STARLETTE,2025-01-01 17:30:59.423328,6209.894685254481,1055.7647094081628,-4014.651602555155,1.4886069497551944,5.858347268613443,3.980493847075195,6209.765552308171,1055.4727915694868,-4014.8586143209463,1.4886130379063616,5.85863197642243,3.9801741110668445,-0.1291329463101647,-0.2919178386759995,-0.20701176579132152,6.088151167205069e-06,0.0002847078089871502,-0.00031973600835044635,-0.03735388718456692,-0.3771073833578807,-0.03376273189815662,0.00021714962861091552,5.807548849614885e-05,-0.00036441733431445076
STARLETTE,2025-01-01 17:35:59.423328,6383.881981394032,2742.7535104300864,-2665.1544867825464,-0.3408122020500741,5.30607189201055,4.952793368167022,6383.747156961237,2742.5824471526967,-2665.484613385385,-0.3408234189846553,5.3064125026767215,4.952501512796516,-0.1348244327946304,-0.1710632773897487,-0.3301266028383907,-1.121693458117079e-05,0.0003406106661714148,-0.00029185537050580024,-0.06047624098297148,-0.34456439183913307,-0.18450433763039392,0.00022043772008863225,5.367640236310305e-05,-0.0003871008372707184
STARLETTE,2025-01-01 17:40:59.423328,6005.795419389737,4192.213760344826,-1084.9226165078496,-2.166187062590325,4.283685936424263,5.506072910686271,6005.65007137786,4192.172309232747,-1085.3478895707588,-2.1661790420075704,4.284034936695207,5.505861481521379,-0.145348011877104,-0.04145111207981245,-0.4252730629091275,8.020582754397765e-06,0.0003490002709440887,-0.00021142916489225172,-0.07905225555289624,-0.3033156898185216,-0.3247333529025077,0.00023508982219276592,4.7380616759653003e-05,-0.00033023576924774673
STARLETTE,2025-01-01 17:45:59.423328,5100.290890200616,5273.0948357864845,590.4170057698286,-3.8306141308848964,2.864309530349601,5.579606317593061,5100.14307375091,5273.167860368562,589.9404229234012,-3.830579393455082,2.864622019887065,5.579536660762528,-0.14781644970571506,0.07302458207777818,-0.4765828464273909,3.473742981441319e-05,0.0003124895374639891,-6.965683053294924e-05,-0.08834769510726946,-0.25824071683055044,-0.4240517879223561,0.00024237401342238056,5.591808247636287e-05,-0.00020453967772576424
STARLETTE,2025-01-01 17:50:59.423328,3738.996569808234,5882.194622897983,2212.350957597516,-5.1800238420159985,1.1602195246296105,5.149674008084276,3738.860958492205,5882.349125220014,2211.877680587275,-5.179973043216705,1.1604258083261811,5.149755762921814,-0.13561131602909882,0.15450232203056657,-0.47327701024096314,5.0798799293261254e-05,0.0002062836965706083,8.175483753802837e-05,-0.08824333612102209,-0.21224677411148007,-0.46197071928868866,0.00021663944491537825,5.8328991003731104e-05,-3.850213833782085e-05
STARLETTE,2025-01-01 17:55:59.423328,2037.5219060663776,5955.357374793625,3631.8088754394043,-6.078058397381483,-0.6817288948050191,4.237404004672044,2037.4145250687957,5955.553174126884,3631.3892475276316,-6.077977572268537,-0.6816481162622949,4.237591528322355,-0.1073809975819131,0.19579933325894672,-0.41962791177274994,8.08251129456039e-05,8.077854272414697e-05,0.00018752365031105,-0.07936597876693624,-0.17077930804149044,-0.43645287402459576,0.00018258106948632622,3.693709554081617e-05,0.00011628755441372637
STARLETTE,2025-01-01 18:00:59.423328,147.61762311028266,5476.439870046544,4713.388572749526,-6.423093111872447,-2.490622670596167,2.91304929549824,147.5477067597609,5476.644902401775,4713.057288136735,-6.422971178073425,-2.490611143701244,2.913288815276246,-0.06991635052176548,0.20503235523119656,-0.3312846127910234,0.00012193379902214474,1.1526894923008513e-05,0.00023951977800606983,-0.062120931532874984,-0.1382589872836533,-0.36565215674848506,0.00016743867853577933,-1.2609075920253239e-05,0.00021018026748780455
STARLETTE,2025-01-01 18:05:59.423328,-1755.7578946006602,4482.174338031576,5350.010244113708,-6.164479977394649,-4.088158043025942,1.2941819872203268,-1755.7951593049156,4482.377079571865,5349.783359008476,-6.164357994922739,-4.08812823698554,1.2944812307996472,-0.03726470425544903,0.20274154028902558,-0.2268851052322134,0.00012198247191008704,2.980604040203616e-05,0.00029924357932031853,-0.033304248086014704,-0.11924925817701354,-0.28042839157599997,0.00021125528309216902,-6.25409876602241e-05,0.00023827436599498062
STARLETTE,2025-01-01 18:10:59.423328,-3491.654389029816,3061.278439493185,5475.885201755937,-5.314177615261087,-5.309791354581648,-0.463787962796232,-3491.684140250044,3061.4794155257437,5475.762330035805,-5.314150761745623,-5.309740707058154,-0.4634469240081671,-0.029751220228263264,0.2009760325586285,-0.12287172013202508,2.685351546460879e-05,5.0647523494262714e-05,0.00034103878806490684,0.006447763013189306,-0.1131781288795998,-0.2086219017066968,0.0002686416655484749,-7.451719471536825e-05,0.00020462790893908768
STARLETTE,2025-01-01 18:15:59.423328,-4892.656700863527,1346.966317623294,5075.472258510968,-3.950115086219739,-6.02688131760965,-2.184587911780909,-4892.710744819909,1347.1687070263529,5075.429525186787,-3.9502052169045783,-6.026838668057735,-2.184263557720442,-0.05404395638288406,0.20238940305898723,-0.04273332418051723,-9.013068483909592e-05,4.26495519150194e-05,0.000324354060467158,0.044604648838170106,-0.12134252674338195,-0.1702785165344137,0.0002988161120893957,-8.162482995659228e-05,0.00013854385392352936
STARLETTE,2025-01-01 18:20:59.423328,-5823.866969293307,-496.74501398299975,4186.490615657326,-2.2091056855042552,-6.165226609325089,-3.6932131121293423,-5823.970770949613,-496.53106719680636,4186.503780424362,-2.2093107506916567,-6.165221182546873,-3.6929186439174373,-0.10380165630613192,0.21394678619338947,0.013164767035959812,-0.0002050651874014875,5.426778216133243e-06,0.00029446821190504124,0.07696691530727223,-0.15207242574239313,-0.16634720779861278,0.0003372026879259307,-9.175654985459746e-05,8.165654684515324e-05
STARLETTE,2025-01-01 18:25:59.423328,-6198.207968131953,-2293.1749322325054,2896.0473169366787,-0.26964618265446916,-5.715588524411487,-4.839024552022238,-6198.38842219383,-2292.9507195877686,2896.104474867426,-0.2699222682949767,-5.715669910323413,-4.8387912252451315,-0.1804540618768442,0.22421264473678093,0.05715793074705289,-0.0002760856405075174,-8.13859119261906e-05,0.00023332677710641292,0.10669592480106341,-0.20295324816592303,-0.1831064341981074,0.00035667544631876524,-8.370867059438537e-05,5.535175634069589e-05
STARLETTE,2025-01-01 18:30:59.423328,-5985.4362834239655,-3872.7176254814112,1330.319178497339,1.6721850406820522,-4.733515954796076,-5.514859054950193,-5985.707494082157,-3872.5063635488955,1330.412752291022,1.6719150566741519,-4.733689208959731,-5.514685929288362,-0.27121065819119394,0.21126193251575387,0.0935737936829355,-0.00026998400790034793,-0.00017325416365565616,0.00017312566183136369,0.1281887577860333,-0.2664841499956856,-0.19873781796467124,0.0003471055990086952,-8.49383112330377e-05,7.200035383384055e-05
STARLETTE,2025-01-01 18:35:59.423328,-5213.544311960608,-5090.9302135587095,-360.3815899617717,3.428396573029204,-3.3287098734008396,-5.668095644710036,-5213.9007616848785,-5090.7686767701825,-360.2548863666528,3.428163381527156,-3.3289717180259686,-5.667959202399288,-0.3564497242705329,0.1615367885269734,0.12670359511889728,-0.00023319150204770267,-0.0002618446251290152,0.00013644231074749769,0.13574031733425684,-0.3371100705074427,-0.1927062728835332,0.00034261088979935364,-0.00010167092064976563,0.00011763583885644331
STARLETTE,2025-01-01 18:40:59.423328,-3962.9249292146715,-5842.234773750147,-2018.4294956389072,4.8407181380162,-1.64715880395579,-5.302072249270395,-3963.3474455813534,-5842.16390523185,-2018.2718630184902,4.840522603137742,-1.64752396005224,-5.301980556323997,-0.42251636668197534,0.07086851829717489,0.1576326204169618,-0.00019553487845769268,-0.00036515609644993674,9.169294639832515e-05,0.12832349132868506,-0.40977811584879154,-0.1549369141422525,0.00037088002458782014,-0.00012070110021486284,0.00016691228731248594
STARLETTE,2025-01-01 18:45:59.423328,-2355.1466892320213,-6067.768018609058,-3494.817293662713,5.794438124556109,0.1490592992531674,-4.469197178246304,-2355.6099907071944,-6067.824368753886,-3494.639519092274,5.794308396492852,0.14859731492651918,-4.469208080866338,-0.46330147517301157,-0.056350144827774784,0.17777457043894174,-0.00012972806325706188,-0.00046198432664823486,-1.090262003344833e-05,0.10988151920635192,-0.47874376398914203,-0.09032083808713774,0.000425956705944779,-0.00011388712439797761,0.00018965327085415008
STARLETTE,2025-01-01 18:50:59.423328,-538.891569939127,-5757.396432215462,-4662.174560485728,6.223660063791613,1.8997887962577806,-3.2591446599271876,-539.365889135827,-5757.599255288567,-4662.003033021681,6.223648255618741,1.8993061381252119,-3.2593003882584526,-0.4743191967000939,-0.20282307310571923,0.17152746404644859,-1.1808172871496936e-05,-0.00048265813256875845,-0.00015572833126498153,0.08396012266239826,-0.5368588921141457,-0.016455941934847895,0.0004727102035903233,-7.425935600228472e-05,0.00016846433007500775
STARLETTE,2025-01-01 18:55:59.423328,1324.5863051030815,-4947.016786750534,-5423.982559735843,6.109788186711285,3.4600259484104754,-1.7858851746968867,1324.1309813210512,-4947.357139963329,-5423.856006898253,6.10991160846811,3.459639247505038,-1.7861725341026613,-0.4553237820302911,-0.3403532127949802,0.1265528375897702,0.00012342175682533707,-0.0003867009054374648,-0.00028735940577462316,0.05284356543546449,-0.5784065575919166,0.0427678427208181,0.00048730272435788336,-1.573843994175843e-05,9.815449430737629e-05
STARLETTE,2025-01-01 19:00:59.423328,3074.9031543308606,-3712.681550943168,-5720.088722148277,5.476249384661969,4.708046756355543,-0.1762359108988676,3074.491632970755,-3713.120700406616,-5720.049307633586,5.476468566829681,4.707848527600163,-0.17659652712791285,-0.41152136010578033,-0.43914946344784767,0.0394145146910887,0.0002191821677115513,-0.0001982287553801143,-0.000360616229045263,0.018658987081301544,-0.5992659650034065,0.06548076379986584,0.000464228777246382,4.260490697351386e-05,-7.482715497509907e-06
STARLETTE,2025-01-01 19:05:59.423328,4564.207460867026,-2162.9030664226702,-5529.17509352116,4.38220783989982,5.549728147278529,1.4390167846686381,4563.8535230015905,-2163.380315840984,-5529.257060778692,4.382442375379469,5.549735643431177,1.4386392011465432,-0.35393786543590977,-0.47724941831393153,-0.08196725753168721,0.00023453547964891186,7.496152647945564e-06,-0.0003775835220949375,-0.017357993129479707,-0.5983028414320799,0.038601310682365705,0.00041955805866247635,7.25763019551373e-05,-0.0001278128142330628
STARLETTE,2025-01-01 19:10:59.423328,5667.037745457057,-429.987250250795,-4868.915633214243,2.916913120349818,5.920944353916411,2.9317825791349605,5666.743447788874,-430.43666544020346,-4869.1405271032745,2.9171237247201134,5.921118374491357,2.931406845267702,-0.29429766818338976,-0.44941518940845526,-0.22489388903159124,0.00021060437029518653,0.0001740205749456436,-0.00037573386725853197,-0.05071838510819135,-0.5788713786202058,-0.03870353626390849,0.00039393244907009507,7.731610581993261e-05,-0.0002337792669322378
STARLETTE,2025-01-01 19:15:59.423328,6288.634115924913,1339.280584644997,-3794.314036023315,1.1950061539537273,5.7896404284972505,4.182281878975118,6288.396347174241,1338.9192796479088,-3794.6828716684727,1.195192870615756,5.789938498485981,4.18194171793948,-0.2377687506723305,-0.3613049970881548,-0.36883564515756007,0.0001867166620286298,0.00029806998873027624,-0.0003401610356377205,-0.0776413949920624,-0.5420164368919713,-0.15265978114278883,0.00038362793203314233,7.692604326107113e-05,-0.00029382027475835927
STARLETTE,2025-01-01 19:20:59.423328,6371.890124632624,2993.634029409386,-2394.3386505067647,-0.6479723567290421,5.158388095853297,5.084924822504945,6371.702335488982,2993.4018753056257,-2394.826234832789,-0.6477908086853859,5.158764465141303,5.084672439380029,-0.18778914364247612,-0.232154103760422,-0.4875843260242618,0.00018154804365622113,0.0003763692880056624,-0.0002523831249163777,-0.09737813430748984,-0.4904855897143324,-0.277200560224342,0.00038834927991986156,8.051704250832453e-05,-0.00028462715524574245
STARLETTE,2025-01-01 19:25:59.423328,5902.8099152349105,4388.139344058301,-786.6318039962197,-2.4612607472608943,4.067228042025818,5.5553833969025845,5902.666443133803,4388.049196611454,-787.1900617977798,-2.4610837123473175,4.067627808693032,5.555281604475454,-0.14347210110736341,-0.09014744684645848,-0.558257801560103,0.00017703491357679013,0.00039976666721486254,-0.00010179242713093117,-0.10859933098179102,-0.4281958200237238,-0.3810736201790069,0.00038924602755699065,9.301969820089052e-05,-0.0002033502221295661
STARLETTE,2025-01-01 19:30:59.423328,4913.90019343133,5395.761780953864,890.1006579542991,-4.087219577293581,2.595638705996862,5.538997069945822,4913.79873017862,5395.797019492872,889.5326239822626,-4.0870640828679825,2.5959851835941663,5.539077860571979,-0.10146325271034584,0.03523853900787799,-0.56803397203646,0.00015549442559859017,0.0003464775973043288,8.079062615706789e-05,-0.11072376904136498,-0.3613049304807805,-0.43749072430057756,0.00036799245651193794,0.00010452137976626161,-6.640180888299358e-05
STARLETTE,2025-01-01 19:35:59.423328,3484.5413855366205,5919.17025830326,2486.3171535501747,-5.3732912782570565,0.8617820667159322,5.0196214810725905,3484.483018448048,5919.293616591134,2485.800401880841,-5.373169007998058,0.8620081306908105,5.019857796050928,-0.058367088572595094,0.12335828787399805,-0.5167516693336438,0.00012227025899846922,0.0002260639748783433,0.00023631497833775938,-0.10376881121450564,-0.29589843774613145,-0.4328191543049822,0.0003219410326105447,0.00010461856506012114,8.549054524648958e-05
STARLETTE,2025-01-01 19:40:59.423328,1737.2366727239153,5901.667852577675,3854.366694275024,-6.187403518817291,-0.9829653927090476,4.0270085687466235,1737.220885818824,5901.835915249294,3853.948837296684,-6.187298826201868,-0.9828803804375639,4.027324540547397,-0.01578690509131775,0.16806267161882715,-0.41785697834029634,0.0001046926154231187,8.501227148371981e-05,0.0003159718007736956,-0.08900450853011468,-0.23674188340701788,-0.37300163593999636,0.0002619186585297156,7.764828105883029e-05,0.00020831507308337007
STARLETTE,2025-01-01 19:45:59.423328,-171.0960892159843,5335.595818987891,4862.903533818889,-6.435127256870658,-2.7655514787329594,2.640166757562838,-171.07274790911316,5335.7711722607355,4862.6085349155055,-6.4349998139870195,-2.765551332900941,2.640499819408433,0.02334130687114566,0.17535327284440427,-0.29499890338320256,0.00012744288363819578,1.458320184610784e-07,0.00033306184559478424,-0.06964643402501483,-0.18997663399408576,-0.27816576472467924,0.00022137891100253434,1.1201796125639144e-05,0.0002793524662051363
STARLETTE,2025-01-01 19:50:59.423328,-2062.880127508868,4266.341863955786,5411.394480514509,-6.07545871441971,-4.3087787839021985,0.9842791437722553,-2062.826327395651,4266.510106288683,5411.225259664223,-6.075338221634411,-4.308757017888638,0.984640717703769,0.053800113217221224,0.16824233289753465,-0.16922085028636502,0.00012049278529957519,2.1766013560409192e-05,0.00036157393151370343,-0.04294750477163281,-0.16258727278957597,-0.17764155339719834,0.0002503683185530433,-6.012829022449209e-05,0.0002818302190777966
STARLETTE,2025-01-01 19:55:59.423328,-3757.676079758095,2790.4007514645236,5442.533077802721,-5.131331435946777,-5.4528499459529485,-0.7801546668088122,-3757.616490141566,2790.567214019392,5442.480492165957,-5.131315401627035,-5.452786895865756,-0.7797523979588732,0.05958961652913786,0.16646255486830341,-0.05258563676397898,1.6034319742175285e-05,6.305008719209582e-05,0.0004022688499389915,-0.006355329916219447,-0.15576375103490428,-0.09860637611451974,0.0003211140209013664,-9.721854391834353e-05,0.00023127252503208847
STARLETTE,2025-01-01 20:00:59.423328,-5091.870175272056,1046.8228012446036,4950.260177059609,-3.691354815604427,-6.077199786638857,-2.47541230216666,-5091.844001485657,1046.994600165558,4950.302927068228,-3.6915039416517175,-6.077168494067337,-2.47503265650721,0.026173786399340315,0.17179892095441573,0.04275000861889566,-0.00014912604729033774,3.129257152068021e-05,0.00037964565945003415,0.03596854523452023,-0.16567988043944273,-0.05730567636613118,0.0003721537634001922,-7.820672288978429e-05,0.00015077769939212667
STARLETTE,2025-01-01 20:05:59.423328,-5937.298592083366,-797.3328023393904,3981.5934925470824,-1.9009431606627913,-6.11795946910695,-3.929182385849799,-5937.339150292112,-797.1542666189375,3981.697271642237,-1.9012006019447654,-6.117987600609808,-3.9289043636431416,-0.04055820874600613,0.17853572045282817,0.1037790951545503,-0.0002574412819740246,-2.8131502858741442e-05,0.00027802220665762434,0.07113229255359221,-0.19002963902877976,-0.0558480582657451,0.0003695091469387981,-6.0894908334102626e-05,6.417587537259115e-05
STARLETTE,2025-01-01 20:10:59.423328,-6215.695567738961,-2565.577065831953,2631.5437876780616,0.05635719381552917,-5.5768249558364005,-4.9973217210526855,-6215.825785220945,-2565.392124739827,2631.679533707073,0.05604658455195022,-5.576908862793061,-4.997158334180767,-0.13021748198480054,0.18494109212588228,0.13574602901144317,-0.0003106092635789537,-8.390695666093961e-05,0.0001633868719181919,0.09585075095977452,-0.23075317595260436,-0.08457180317212817,0.00035672356972180145,-5.421254434978162e-05,-4.801744727742782e-06
STARLETTE,2025-01-01 20:15:59.423328,-5906.512631857713,-4091.63875670859,1031.8111108766784,1.983686133545234,-4.519064977957441,-5.581805168659457,-5906.744315439689,-4091.462863591553,1031.9593912319378,1.983383937612416,-4.519205502234399,-5.581733095131085,-0.23168358197563066,0.1758931170370488,0.1482803552594305,-0.0003021959328179946,-0.00014052427695787628,7.207352837212966e-05,0.1104489033452747,-0.2815740530245777,-0.12296270551296891,0.0003353445433623353,-5.551885848173263e-05,-2.6939586267651295e-05
STELLA,2025-01-01 14:52:16.728384,-3840.8524311218243,-6014.078013728734,837.1934593190495,-1.4501866540767878,-0.10059567517146206,-7.3048297307339,-3840.8693304134763,-6014.07369456339,837.1876312748628,-1.4498502007572824,-0.10072968281656358,-7.304897804183838,-0.016899291651952808,0.004319165343986242,-0.005828044186614534,0.00033645331950538093,-0.0001340076451015193,-6.807344993831066e-05,0.004739507846112701,0.008942773543077268,-0.015354843319990557,-7.562095408483612e-05,3.1485361634181247e-06,0.00036064447557348654
STELLA,2025-01-01 14:57:16.728384,-4084.4962053019094,-5754.992105656661,-1359.2822317942973,-0.16119423269356048,1.8135620061502777,-7.219746963444095,-4084.4114165971428,-5755.029527047657,-1359.308341690038,-0.16085616316740925,1.813425286673919,-7.21981161325607,0.08478870476665179,-0.037421390996314585,-0.026109895740773936,0.0003380695261512301,-0.00013671947635884862,-6.464981197495945e-05,-0.013283806938943248,0.014375668539587024,0.09427667921044096,-7.042688290823152e-05,2.2113788110519787e-05,0.00036292403124563947
STELLA,2025-01-01 15:02:16.728384,-3936.18854610312,-4943.641062961288,-3425.0324608903147,1.1415844401426511,3.5513330361718545,-6.440723587887987,-3936.005872186629,-4943.716753897492,-3425.076380402828,1.1418932976562246,3.5512176080255813,-6.44077822798954,0.18267391649123965,-0.07569093620350031,-0.0439195125131846,0.00030885751357345725,-0.00011542814627318876,-5.464010155264987e-05,-0.02704934140626959,0.029913226688064135,0.19849769058505967,-6.37112851344909e-05,3.9590371022632565e-05,0.00032569254828646103
STELLA,2025-01-01 15:07:16.728384,-3410.740915099635,-3658.6068079596707,-5161.847570459096,2.3328233674637886,4.946132858151486,-5.044952896486393,-3410.47268948167,-3658.71186716518,-5161.901999107891,2.333078230465617,4.9460539908154715,-5.0449840208011665,0.26822561796507216,-0.10505920550940573,-0.054428648795692425,0.0002548630018281983,-7.886733601480955e-05,-3.1124314773478545e-05,-0.03471554214518218,0.051156834139949106,0.286570595245013,-5.844252382496397e-05,4.857214326058416e-05,0.0002576221024468077
STELLA,2025-01-01 15:12:16.728384,-2559.0626042305876,-2023.616902877536,-6403.758778786809,3.299137047597469,5.865916766498458,-3.1681418891657813,-2558.7294880572554,-2023.741030433909,-6403.813714489202,3.299313901838559,5.865878728315693,-3.1681383328359516,0.33311617333220056,-0.12412755637296868,-0.054935702392867825,0.0001768542410900409,-3.8038182765376405e-05,3.55632982973475e-06,-0.03471350874942981,0.07324076963208717,0.35046073754133106,-5.543121755116324e-05,4.690195553069972e-05,0.0001657243497790117
STELLA,2025-01-01 15:17:16.728384,-1462.953412644396,-195.325920683935,-7032.517084147365,3.9494853239193617,6.224722622915664,-0.9900051843796973,-1462.5835506139179,-195.46110286102208,-7032.564435172316,3.9495666735979285,6.224711751026632,-0.9899807367610265,0.36986203047808885,-0.13518217708707425,-0.047351024951240106,8.134967856676667e-05,-1.0871889031704995e-05,2.4447618670819793e-05,-0.025284766437030266,0.08954675310723512,0.3855597512052905,-4.0192940694209036e-05,3.081895325635301e-05,6.905341317590539e-05
STELLA,2025-01-01 15:22:16.728384,-227.18956105635385,1651.6097643187068,-6988.250270828427,4.2227694272039,5.9892152529509985,1.282985362097861,-226.81240904233061,1651.471518984998,-6988.2909524602555,4.222759954020205,5.989239181173389,1.2830046453400428,0.3771520140232383,-0.13824533370870995,-0.04068163182819262,-9.473183695263288e-06,2.392822239016823e-05,1.928324218170019e-05,-0.00413661153939484,0.09576136388089387,0.39220282861660405,-1.2956448354952331e-05,1.7203503933746492e-05,-2.388125548505928e-05
STELLA,2025-01-01 15:27:16.728384,1030.254802307386,3340.7500321244265,-6274.776538298213,4.09271132858612,5.180886802808345,3.4357702934175904,1030.6138270900856,3340.621262581917,-6274.814452878741,4.09261846340064,5.180947216385448,3.4357855221951468,0.35902478269963467,-0.12876954250941708,-0.03791458052728558,-9.286518547924061e-05,6.041357710273587e-05,1.5228777556330897e-05,0.02472598670524053,0.0903006040153452,0.37168848728885945,1.4749749656518757e-06,-1.9810771467396583e-06,-0.00011180142405395179
STELLA,2025-01-01 15:32:16.728384,2189.0827313502273,4710.182830576582,-4959.417250888557,3.5703090322544995,3.8745301161170573,5.263157341591068,2189.399289938764,4710.075181867047,-4959.456463059646,3.570135853660304,3.874623485559823,5.263148274765626,0.31655858853673635,-0.10764870953516947,-0.039212171089275216,-0.0001731785941956332,9.336944276583381e-05,-9.066825441550463e-06,0.05296917848482249,0.0680818475448518,0.3254140549638494,1.4711588008298458e-05,-4.084564642453045e-05,-0.00019210957290047257
STELLA,2025-01-01 15:37:16.728384,3137.9128649275895,5627.808822698668,-3167.2479475267883,2.7037363668600847,2.192835364659004,6.588379493175125,3138.1669091107983,5627.736129788067,-3167.300579985042,2.703512785113162,2.192990193325386,6.588313894588737,0.2540441832088618,-0.07269291060129035,-0.05263245825381091,-0.0002235817469227186,0.00015482866638194537,-6.55985863886599e-05,0.07726722147602083,0.02431111329490873,0.25696620048465857,5.258233696798161e-05,-9.352061878199537e-05,-0.00025836578668321226
STELLA,2025-01-01 15:42:16.728384,3785.025398784758,6004.332382352715,-1069.8657781687025,1.575037620542389,0.29638886229440686,7.2808410425082,3785.2084199258434,6004.321812380144,-1069.9491143870957,1.574811345946273,0.2966645142123525,7.280723641050145,0.18302114108519163,-0.010569972570920072,-0.08333621839324223,-0.0002262745961161272,0.0002756519179456518,-0.00011740145805561042,0.10008875941119048,-0.04305097047043644,0.16935832392133615,0.0001287629208021372,-0.00015138603738666957,-0.0003185430159006481
STELLA,2025-01-01 15:47:16.728384,4067.5510469974906,5802.510822416623,1130.777621122796,0.2929930564523602,-1.6312309869153978,7.270810344775782,4067.6716988233625,5802.607901752181,1130.6567046512641,0.2928284639956473,-1.630789215407276,7.270716704218557,0.12065182587184609,0.09707933555728232,-0.12091647153192753,-0.00016459245671285316,0.0004417715081217466,-9.364055722471676e-05,0.12783604263749176,-0.13426387123524508,0.06506314355989906,0.00024917050443040847,-0.00019415860227766464,-0.0003622675710517983
STELLA,2025-01-01 15:52:16.728384,3957.953366481816,5041.314575739558,3222.121059585655,-1.0176721606048886,-3.4021610437048366,6.558097642302982,3958.036675018931,5041.562717433186,3221.9872668006733,-1.017746144254943,-3.401621373879607,6.558134845485711,0.0833085371150446,0.24814169362798566,-0.13379278498177882,-7.398365005428786e-05,0.0005396698252297938,3.720318272826262e-05,0.1602508182544699,-0.24207455519734739,-0.046202886931160814,0.00035514257124392767,-0.0002030596143573011,-0.0003615822515712572
STELLA,2025-01-01 15:57:16.728384,3466.8798464477372,3794.2215492803775,5002.143062911154,-2.22939651361321,-4.8441190681764965,5.212502051734191,3466.9542755173634,3794.6363820138045,5002.043171678109,-2.229373811359892,-4.843571592734406,5.212709176781573,0.0744290696261487,0.41483273342691973,-0.09989123304512759,2.2702253318129806e-05,0.0005474754420902173,0.0002071250473818509,0.18577018214125074,-0.36143638513101817,-0.14985766746406,0.0004450700353584384,-0.00021735946068843865,-0.0003127508045166356
STELLA,2025-01-01 16:02:16.728384,2641.99490580621,2181.7880990582075,6299.356148181355,-3.2250810080731753,-5.818165494349614,3.3658193816308994,2642.08889657254,2182.3569859015124,6299.348954344012,-3.224979108824755,-5.817717756867296,3.366231586003778,0.09399076632962533,0.568886843304881,-0.007193837343038467,0.00010189924842052278,0.000447737482318189,0.00041220437287847744,0.20139609595995542,-0.4878268895339939,-0.23234197708553986,0.0005358730644715643,-0.00020728045926621407,-0.00022503249743465692
STELLA,2025-01-01 16:07:16.728384,1563.0551600928898,359.5377914191437,6989.354189751206,-3.909557768790819,-6.2318565178753715,1.1973064374487876,1563.1853096532027,360.21358049837085,6989.497121077931,-3.909426656168307,-6.231612507302316,1.1978834360188557,0.13014956031292968,0.6757890792271724,0.14293132672537467,0.00013111262251186417,0.0002440105730556752,0.0005769985700680991,0.20156142118971526,-0.6103991597066118,-0.2843325713478474,0.0006031940551447404,-0.00018029366857468839,-0.00011536964208773903
STELLA,2025-01-01 16:12:16.728384,333.97601883129295,-1497.2688421525975,7006.37499709993,-4.218079406460447,-6.046871084135546,-1.0845318049823618,334.1452073503338,-1496.557098633482,7006.703670756506,-4.217952965924269,-6.046876962389433,-1.0838839247726355,0.1691885190408584,0.7117435191155437,0.3286736565760293,0.00012644053617805184,-5.878253887203755e-06,0.0006478802097262815,0.1803654171061765,-0.7212911979402531,-0.3007279311791714,0.0006400021400532498,-0.0001616441418793072,6.241901640443144e-06
STELLA,2025-01-01 16:17:16.728384,-927.1700656341218,-3210.3643607673825,6349.159144250923,-4.121652363911949,-5.281517965704552,-3.261456774742328,-926.9655384525504,-3209.6919020577893,6349.688313537089,-4.121559536290761,-5.281780870255261,-3.2607731163225253,0.20452718157139316,0.6724587095932293,0.5291692861655974,9.282762118800747e-05,-0.0002629045507092087,0.0006836584198026685,0.14095299917315934,-0.821595584419498,-0.28136304877650814,0.0007106262285816803,-0.00016516674049026284,0.00011337952237382458
STELLA,2025-01-01 16:22:16.728384,-2099.31330098095,-4615.282350426412,5080.924779014001,-3.6294608877992687,-4.008835441891279,-5.12510071361794,-2099.0954144944844,-4614.731866376493,5081.653795514419,-3.6294749027765647,-4.009375470196574,-5.1244874514859475,0.21788648646543152,0.5504840499197599,0.7290165004178562,-1.4014977296028519e-05,-0.0005400283052949817,0.0006132621319920872,0.0983597479029063,-0.9039640209320707,-0.23483329605192127,0.0007854193936629438,-0.00012564828224210557,0.00018774002735591635
STELLA,2025-01-01 16:27:16.728384,-3069.845049387975,-5576.965722257298,3323.518318299003,-2.788391794334075,-2.3504569888018523,-6.496091146019353,-3069.647367293075,-5576.612683021478,3324.405253671886,-2.788508519698553,-2.3512126243977036,-6.495678171590953,0.19768209489984656,0.3530392358197787,0.8869353728828173,-0.00011672536447804305,-0.000755635595851345,0.00041297442840004805,0.05180127764580539,-0.9588499495165056,-0.16820425169847683,0.0008278363991387604,-7.922411227567403e-05,0.0002521275059123814
STELLA,2025-01-01 16:32:16.728384,-3745.4515905080143,-6002.860307217272,1246.0137341307038,-1.6792559622381305,-0.4659218271526697,-7.241670885795656,-3745.3008227767327,-6002.758871995502,1246.9837251732145,-1.6794435811116273,-0.4668121569993673,-7.241546363360385,0.15076773128157583,0.10143522176986153,0.9699910425106282,-0.00018761887349683093,-0.0008903298466975684,0.0001245224352715013,0.004875502746951477,-0.9834104749211092,-0.08235716635820327,0.0008633175511863754,-2.409408701610857e-05,0.0003122438074375552
STELLA,2025-01-01 16:37:16.728384,-4061.266448952431,-5852.109103002288,-951.5023861384091,-0.4093416571099624,1.4625339412659741,-7.289744837431726,-4061.1792740673313,-5852.279759071432,-950.5442416672518,-0.4095667079309351,1.4616438086477501,-7.289947481731019,0.08717488509955729,-0.17065606914366072,0.9581444711573113,-0.00022505082097268314,-0.0008901326182240155,-0.00020264429929284233,-0.037155443502928584,-0.9762873539622414,0.01569259852658711,0.0008788592369836361,3.527108846971045e-05,0.00033228158836957753
STELLA,2025-01-01 16:42:16.728384,-3987.2686537101717,-5139.644073005977,-3057.497649770488,0.8983479678577169,3.2484438951250922,-6.636779259657942,-3987.2481225998004,-5140.064671923412,-3056.6447805543844,0.8981347848352925,3.247683943532138,-6.637268209207832,0.02053111037139388,-0.42059891743519984,0.8528692161034996,-0.00021318302242434584,-0.0007599515929541667,-0.0004889495498900942,-0.07342855580291152,-0.9414889252848124,0.11365617614758203,0.0008696648773248599,7.834542351468806e-05,0.00031557896441797376
STELLA,2025-01-01 16:47:16.728384,-3531.114154785687,-3934.5587051017815,-4869.764839823902,2.117809567779659,4.720277469849407,-5.347785558096803,-3531.1514382228165,-3935.1769916336902,-4869.090221168993,2.1176387526556937,4.719729747321253,-5.348485657456877,-0.03728343712964488,-0.6182865319087796,0.6746186549089543,-0.00017081512396543985,-0.0005477225281538267,-0.0007000993600740912,-0.10029492308870663,-0.8877141918169345,0.2017004259405289,0.0008580586100716226,0.00010721716229252127,0.0002675010097001397
STELLA,2025-01-01 16:52:16.728384,-2737.10773064131,-2353.0033074734647,-6214.986738013468,3.132721541348019,5.738341635670167,-3.548489892624275,-2737.187095469119,-2353.74886585177,-6214.537858308611,3.132614438011842,5.7380522258949895,-3.549301629229376,-0.07936482780905862,-0.7455583783053044,0.4488797048570632,-0.0001071033361768059,-0.00028940977517777355,-0.0008117366051010322,-0.11384977327306584,-0.8227387404391946,0.2716399361161023,0.000837481822316526,0.00011922451946841351,0.00019635470428924594
STELLA,2025-01-01 16:57:16.728384,-1681.6082058826853,-546.6358458584896,-6965.008237307695,3.8473091814287272,6.2072789271441025,-1.411628467243645,-1681.7123659780452,-547.4335135563423,-6964.806481448613,3.847264862681868,6.2072446741466365,-1.4124760371596494,-0.10416009535992998,-0.7976676978527166,0.20175585908145877,-4.431874685906223e-05,-3.425299746595556e-05,-0.0008475699160044314,-0.1104990131162964,-0.7579069872107721,0.31811236249815134,0.0008344863977329406,0.00010982736878283647,0.0001143791184581292
STELLA,2025-01-01 17:02:16.728384,-465.57443301591945,1311.919409786599,-7048.453865243625,4.194469726297768,6.083526406891906,0.859965211351664,-465.6835536248498,1311.1453395278295,-7048.502748924748,4.194503480489061,6.0837472132252515,0.8591556611008855,-0.10912060893036823,-0.7740702587695978,-0.0488836811227884,3.375419129270085e-05,0.00022080633334553568,-0.0008095502507785568,-0.08631781288709779,-0.7002344497200771,0.34015090428909595,0.0008323408197210636,0.00010653221523737618,3.3556486014384e-05
STELLA,2025-01-01 17:07:16.728384,794.9056561408473,3045.1573035568335,-6457.060527460771,4.14113086601219,5.378274334037087,3.051438754998344,794.8145011875624,3044.479043200668,-6457.335710447922,4.141229574940212,5.378705566720782,3.050765267402312,-0.09115495328489942,-0.6782603561655378,-0.27518298715131095,9.87089280215514e-05,0.0004312326836952707,-0.0006734875960319187,-0.05025551548645785,-0.6537459418182969,0.33787962263355187,0.0007991394895484307,9.092915010310438e-05,-4.8975380272570483e-05
STELLA,2025-01-01 17:12:16.728384,1979.3197938563608,4487.084184255892,-5246.526422829337,3.691153006411014,4.1566257247668545,4.954334620575537,1979.2606975353149,4486.556986414459,-5246.981647475945,3.691278427645557,4.157206155046879,4.953829746142219,-0.05909632104589946,-0.5271978414330079,-0.4552246466073484,0.00012542123454295506,0.0005804302800243022,-0.0005048744333180366,-0.013117046917385689,-0.6264710488055409,0.309873177510124,0.0007660414201106624,5.077650395976963e-05,-0.00013464872365544556
STELLA,2025-01-01 17:17:16.728384,2973.942068844889,5498.798944903225,-3531.8049198531257,2.885751153516594,2.532966848350952,6.385163093580559,2973.920676137288,5498.461525137149,-3532.3901869301158,2.8858901100547882,2.533654855355053,6.384817442898111,-0.021392707601080474,-0.3374197660759819,-0.5852670769900215,0.0001389565381941793,0.0006880070041006547,-0.0003456506824477401,0.020615824046836317,-0.6245428010218559,0.2576209917230424,0.0007544717673953683,-7.925906468907195e-06,-0.00020699392185523883
STELLA,2025-01-01 17:22:16.728384,3682.729546573853,5982.033929017981,-1476.8764265361146,1.8008596774539,0.6618747838956551,7.203432224751168,3682.751009142387,5981.916302628817,-1477.5446237026558,1.801025741273861,0.6626559516562338,7.203243913199913,0.021462568533934245,-0.11762638916388823,-0.6681971665411766,0.00016606381996098207,0.0007811677605786826,-0.00018831155125553778,0.05046306537202713,-0.650900927663591,0.18591805735161993,0.0007749232392626933,-7.180932536806354e-05,-0.00025999787853867723
STELLA,2025-01-01 17:27:16.728384,4036.878785104971,5889.228192672378,720.5712601508462,0.5407515259730644,-1.27590999775839,7.3271330445127205,4036.9563965404304,5889.356695673352,719.8724140925679,0.5409788938331985,-1.2750560372005566,7.32714923263552,0.07761143545940286,0.1285030009739785,-0.6988460582783773,0.00022736786013410892,0.0008539605578334886,1.6188122799576377e-05,0.07894412124408859,-0.7029564018237332,0.10267663902096354,0.0008303342873265898,-0.00011292189115520329,-0.00028107018921400684
STELLA,2025-01-01 17:32:16.728384,4001.890485998365,5228.731792413398,2848.362447523636,-0.7721134315697782,-3.091653664973819,6.7427557816449735,4002.043804991465,5229.11746644419,2847.7047785894733,-0.7718289480912972,-3.0908159229520606,6.743035862355555,0.15331899310012886,0.38567403079196083,-0.6576689341627571,0.0002844834784809791,0.0008377420217584586,0.0002800807105813874,0.10550044784995949,-0.7702676040241657,0.018359529668860328,0.0008804669378299276,-0.00012269890915644216,-0.00026629062707607984
STELLA,2025-01-01 17:37:16.728384,3581.1498559989845,4064.221756329271,4700.911568973599,-2.0098872525245497,-4.608542017026593,5.507363243906184,3581.3918988573264,4064.845537225976,4700.376407105602,-2.0095810695443106,-4.607821628273541,5.507907343960142,0.24204285834184702,0.6237808967048295,-0.5351618679969761,0.0003061829802391003,0.0007203887530522479,0.0005441000539576635,0.1235634013814228,-0.8458805343445346,-0.057478559326444675,0.0009177144339356346,-0.00012523370045986983,-0.00022554285544953
STELLA,2025-01-01 17:42:16.728384,2815.518766486688,2508.288373145279,6099.62455615794,-3.0527442351203717,-5.6800826729313485,3.742087526154137,2815.85166064699,2509.10159971842,6099.287817957172,-3.052451138381457,-5.6795658045139135,3.7428661476142224,0.33289416030174834,0.8132265731410371,-0.3367382007681954,0.0002930967389147554,0.0005168684174350346,0.0007786214600855601,0.12872575916143586,-0.9248409135368911,-0.11682277457278185,0.000958153282708149,-0.0001226813444843142,-0.00016186911985042045
STELLA,2025-01-01 17:47:16.728384,1779.0825933555818,711.0854648107108,6910.234542274943,-3.800793943064946,-6.204255693084519,1.618609112259037,1779.493984478641,712.0133960570964,6910.1591225969505,-3.800571102775166,-6.204027741703271,1.6195529937840547,0.41139112305927483,0.9279312463855831,-0.07541967799261329,0.0002228402897799242,0.0002279513812482037,0.0009438815250177868,0.12140273917957684,-0.9985550549197523,-0.15535880790315393,0.0009874583983374423,-9.861015236171955e-05,-8.794264969921539e-05
STELLA,2025-01-01 17:52:16.728384,571.7288489674846,-1154.451562483064,7055.3743124871535,-4.183155151719916,-6.132183042383986,-0.6585787032490771,572.1919396041234,-1153.5017614799033,7055.590865099978,-4.183037592536948,-6.132262667598525,-0.6575915059447652,0.4630906366387535,0.9498010031607009,0.2165526128246711,0.0001175591829678524,-7.96252145391918e-05,0.0009871973043118487,0.09706084276850316,-1.060713084093385,-0.1701083875148994,0.000993329245630738,-8.847513271687657e-05,-1.3711841468674868e-05
STELLA,2025-01-01 17:57:16.728384,-690.5181281212909,-2909.1814334340716,6521.527963857157,-4.163859211379872,-5.471540993495637,-2.87156618346944,-690.0395161708931,-2908.299039831274,6522.039378132767,-4.163888602962061,-5.471913515913457,-2.870602304707063,0.47861195039786253,0.8823936027974923,0.5114142756092406,-2.9391582188509346e-05,-0.0003725224178197095,0.000963878762377135,0.06100520150837435,-1.1125695299428062,-0.1664326802352078,0.0010300656954316543,-8.275822293234646e-05,2.8545141012896745e-05
STELLA,2025-01-01 18:02:16.728384,-1886.4844152729256,-4384.66247628823,5360.107989217334,-3.744805759045221,-4.2854539695517815,-4.808661529355959,-1886.0405436993412,-4383.934906741114,5360.890292066994,-3.7450070741294894,-4.286102063277212,-4.807847080742249,0.44387157358437435,0.727569547116218,0.782302849660482,-0.0002013150842685718,-0.0006480937254309538,0.0008144486137098284,0.023089756413382734,-1.1465168391736342,-0.15278471439953556,0.0010570678895163884,-5.327137039172898e-05,6.041045042748513e-05
STELLA,2025-01-01 18:07:16.728384,-2901.295530877502,-5439.096308648596,3682.685112170297,-2.9658586434611607,-2.687172066040148,-6.2836544711599345,-2900.9337426647553,-5438.599336810977,3683.678421877232,-2.9662051947893815,-2.6880417444399427,-6.283087857188093,0.36178821274688744,0.4969718376196397,0.9933097069347241,-0.00034655132822081214,-0.0008696783997947932,0.0005666139718414342,-0.0131859600296248,-1.1610758989268328,-0.12753344482809378,0.0010893502390906323,-2.7883456720160366e-05,0.00010014142340552279
STELLA,2025-01-01 18:12:16.728384,-3637.386809223956,-5971.010988387558,1650.59035503441,-1.9017375922694555,-0.8302545686483427,-7.153843896781382,-3637.148982569728,-5970.79818752132,1651.704807677344,-1.9022059038506995,-0.8312439082537821,-7.153622325984088,0.23782665422777427,0.21280086623846728,1.114452642933884,-0.0004683115812440519,-0.0009893396054394543,0.0002215707972936798,-0.04123112165886145,-1.1547229665970036,-0.09362309808752105,0.0011103359967528658,1.5655043901867112e-05,0.00011879016856207676
STELLA,2025-01-01 18:17:16.728384,-4024.0426097725895,-5929.299991808224,-540.4851305433614,-0.6552798577567955,1.1058515087188425,-7.33495073315612,-4023.9553130945246,-5929.385392349851,-539.3617267133892,-0.6557963983032096,1.1048859396905755,-7.335108600497506,0.08729667806483121,-0.08540054162676824,1.123403829972176,-0.0005165405464140349,-0.0009655690282670548,-0.00015786734138600877,-0.06291258779222268,-1.1268528769488553,-0.056521922444555506,0.0010978043311968787,5.6651994179976445e-05,0.0001252037694136495
STELLA,2025-01-01 18:22:16.728384,-4024.37826504672,-5318.348745478505,-2679.575237986639,0.6527528365104445,2.9338428061118975,-6.810347737236043,-4024.4441064540692,-5318.706762795838,-2678.550167545185,0.6522569969961296,2.933005213923934,-6.810837022420401,-0.0658414073491258,-0.35801731733226916,1.0250704414538632,-0.0004958395143148664,-0.0008375921879633097,-0.0004892851843578683,-0.08037834280117956,-1.0846498065620025,-0.01884196134888283,0.0010798049344367703,7.366470625192357e-05,0.00012414629895449994
STELLA,2025-01-01 18:27:16.728384,-3638.880984240966,-4197.492123391803,-4561.167876740204,1.8961417684849948,4.477841072392039,-5.632583236219034,-3639.0855851185192,-4198.071850506075,-4560.329799224072,1.895717213835269,4.477209468685032,-5.633338105035364,-0.2046008775532755,-0.5797271142719183,0.8380775161313068,-0.0004245546497259056,-0.000631603707006434,-0.0007548688163296902,-0.08969265874317983,-1.0353717206848376,0.016721128434858734,0.0010627905098024627,8.322136218472489e-05,0.00011201500044674283
STELLA,2025-01-01 18:32:16.728384,-2905.106876256689,-2674.877080613769,-6005.172144505832,2.9560314684626974,5.590938096216632,-3.9169128843350336,-2905.4230909122166,-2675.6105635869917,-6004.585131159028,2.955717208891201,5.590552958160515,-3.917840310719839,-0.31621465552780137,-0.7334829732226353,0.5870133468042695,-0.00031425957149622263,-0.0003851380561172846,-0.0009274263848055853,-0.08967284296567857,-0.9860367134958299,0.04758183032658757,0.0010452536470209163,7.439791905919986e-05,9.549797280299755e-05
STELLA,2025-01-01 18:37:16.728384,-1893.7227483792947,-896.6368693045583,-6873.935863156182,3.732220291661406,6.168628934379058,-1.8284944170272865,-1894.1158307359049,-897.4512702086221,-6873.640483299952,3.73203557249758,6.168500228590688,-1.8295250391656737,-0.39308235661019353,-0.8144009040637457,0.2953798562293741,-0.00018471916382623021,-0.00012870578837009816,-0.0010306221383871161,-0.0773445074648128,-0.9453033489996193,0.07369692408292736,0.0010505780569800187,5.4516983965978416e-05,7.862560797605166e-05
STELLA,2025-01-01 18:42:16.728384,-701.5413570231491,967.2137802960877,-7084.802553430389,4.151813096147521,6.1572090163673465,0.4341137107785471,-701.9690073673959,966.3982346195039,-7084.821028013489,4.151792333281719,6.157363293514095,0.4330675325545599,-0.4276503442467856,-0.815545676583838,-0.01847458310021466,-2.0762865801771113e-05,0.00015427714674842719,-0.0010461782239872264,-0.049813673150060765,-0.9148206676842701,0.09467112386951156,0.001054406096427428,5.570543009756186e-05,6.201693175677231e-05
STELLA,2025-01-01 18:47:16.728384,557.6148947181813,2738.6875541016225,-6617.457411760477,4.175070140934395,5.55751986572659,2.656912054037093,557.2026573685645,2737.953612718551,-6617.776108180543,4.175207130914259,5.557925069150315,2.655985272937869,-0.4122373496168166,-0.7339413830713966,-0.3186964200658622,0.00013698997986466566,0.0004052034237247426,-0.0009267810992241721,-0.018228798456731032,-0.8932095402351021,0.10964224781748064,0.0010188750917977808,4.921838409214477e-05,3.674742225192419e-05
STELLA,2025-01-01 18:52:16.728384,1763.4231220100562,4248.258651676081,-5515.810118930161,3.7987546460844897,4.42479652979182,4.628830453859337,1763.0681434581777,4247.674011056599,-5516.383651590498,3.7990105202077302,4.425393748279021,4.628087324588705,-0.3549785518785029,-0.584640619482343,-0.5735326603371504,0.0002558741232405737,0.0005972184872007347,-0.0007431292706314707,0.007493050230220455,-0.8851177946145001,0.11517153541946515,0.0009868122284338783,2.4121745197979545e-05,1.5389898293887257e-06
STELLA,2025-01-01 18:57:16.728384,2800.2139521506433,5350.6974429384845,-3884.3319244497725,3.0570534254156883,2.864786947603534,6.160293977989113,2799.9477716722267,5350.312520947286,-3885.0994717551866,3.0574005579828736,2.8655222472616515,6.159764380716297,-0.26618047841657244,-0.3849219911980981,-0.7675473054141548,0.0003471325671853265,0.000735299658117583,-0.0005295972728163179,0.024572906661384675,-0.8919023530302131,0.10978259135169866,0.0009697888745582505,-1.2006104687138088e-05,-3.170599369637694e-05
STELLA,2025-01-01 19:02:16.728384,3567.9813669201294,5939.111013804091,-1878.8459213258332,2.0195830415073033,1.025549979983225,7.101465686948131,3567.831047163328,5938.961142079353,-1879.7402113431904,2.0200218856821266,1.0263802967810989,7.101172720730574,-0.15031975680130927,-0.1498717247386594,-0.894290017357207,0.0004388441748233163,0.0008303167978738202,-0.00029296621755747765,0.03535328074025626,-0.9133192466025812,0.09700668859358612,0.0009817347853995943,-4.513087230462561e-05,-4.4714815656148335e-05
STELLA,2025-01-01 19:07:16.728384,3992.263617717948,5955.7908882763195,307.90369776431766,0.7857580468726155,-0.9156669742515078,7.358417745524946,3992.2544409651578,5955.89791952777,306.9605983906246,0.7862674310144939,-0.9147930486169571,7.358413411878132,-0.009176752790153841,0.10703125145028025,-0.9430993736930304,0.0005093841418783995,0.0008739256345506874,-4.333646813847736e-06,0.04325633961477759,-0.9447401810989169,0.08106299734951716,0.0010084331544438834,-5.695709032816657e-05,-5.527623446319553e-05
STELLA,2025-01-01 19:12:16.728384,4031.7518991129405,5398.429407039489,2464.8731454698423,-0.5246826944808163,-2.7699728181487444,6.904395080277027,4031.897700596023,5398.794475798991,2463.9744026594144,-0.5241573497637546,-2.769149321785335,6.904713650498707,0.1458014830823231,0.36506875950180984,-0.8987428104278479,0.000525344717061671,0.0008234963634095038,0.0003185702216796926,0.04785638097775752,-0.9778589902954469,0.06142859942260308,0.0010243036501930956,-4.692629316601737e-05,-6.496363325069108e-05
STELLA,2025-01-01 19:17:16.728384,3682.579061323673,4320.657447206459,4383.635072606389,-1.7840913510603968,-4.356674151365041,5.783491801801574,3682.8764437811074,4321.251185821193,4382.874935898793,-1.7836087972182213,-4.355999383562448,5.784104974204638,0.2973824574341961,0.5937386147334109,-0.7601367075958478,0.0004825538421755482,0.0006747678025931236,0.0006131724030637997,0.04577351737534219,-1.0074956415855156,0.04033608983387249,0.0010289770253396149,-3.3322602289148585e-05,-6.516194743627693e-05
STELLA,2025-01-01 19:22:16.728384,2978.673706268947,2826.6801688954506,5879.101689913868,-2.8703550091386205,-5.522219030543511,4.105694283487537,2979.1014717288526,2827.4450683954205,5878.56001938475,-2.8699709712195727,-5.521774444839139,4.106528331530171,0.42776545990545856,0.7648994999699426,-0.5416705291172548,0.00038403791904784157,0.0004445857043720025,0.0008340480426340946,0.03510751448405941,-1.0294667801051338,0.020666565831869627,0.001018526048316538,-1.7437198529054174e-05,-5.548281020700241e-05
STELLA,2025-01-01 19:27:16.728384,1988.2012140132606,1060.74456904204,6807.5888848496215,-3.6792030053195504,-6.155303333160191,2.034477770704143,1988.7241942794603,1061.6018993128648,6807.318607480242,-3.6789587355267486,-6.155144862348379,2.035430126911706,0.5229802661997383,0.857330270824832,-0.2702773693799827,0.00024426979280178784,0.00015847081181163958,0.0009523562075628433,0.015236812187680249,-1.039854407138223,0.006637771875020418,0.0009952771677736918,8.398619297748185e-06,-3.3405066343596696e-05
STELLA,2025-01-01 19:32:16.728384,806.6863198895034,-807.1345952111528,7080.369202084813,-4.133852696622512,-6.19659490046331,-0.23035991649976495,807.2580798144638,-806.2703622098128,7080.386329837567,-4.133774909630347,-6.196702131175925,-0.22940965037014394,0.5717599249604746,0.8642330013400397,0.017127752754277026,7.778699216487439e-05,-0.00010723071261509176,0.0009502661296210135,-0.01604222273347017,-1.0362632503690545,-0.00160478495896846,0.0009589772536822954,1.5997928146557647e-05,-2.5722600915920182e-05
STELLA,2025-01-01 19:37:16.728384,-452.2837779464096,-2597.5441029854774,6671.708352971244,-4.191490481248991,-5.643081399095536,-2.471927891176165,-451.71615370862145,-2596.7479174935524,6672.001820223413,-4.19160289632697,-5.643428206882163,-2.471054040258423,0.5676242377881522,0.7961854919249163,0.2934672521696484,-0.00011241507797876693,-0.00034680778662732337,0.0008738509177419473,-0.05114806024679103,-1.0195564482006132,-0.010962017964170657,0.0009453518509974514,3.489223982267942e-05,-4.025700531097653e-05
STELLA,2025-01-01 19:42:16.728384,-1667.8442359356702,-4138.6301493846195,5621.045662570314,-3.8467611351513824,-4.547770430668606,-4.4758886710687875,-1667.3368787504373,-4137.968611995425,5621.575210232925,-3.84704755671396,-4.548303925250366,-4.475206419584538,0.5073571852328769,0.6615373891945637,0.5295476626115487,-0.0002864215625777433,-0.0005334945817594416,0.0006822514842497185,-0.08463963794642126,-0.9837271240383475,-0.024100514655967173,0.0009085708923578769,6.233344356322014e-05,-5.229094960568128e-05
STELLA,2025-01-01 19:47:16.728384,-2723.2600701905776,-5282.332034676515,4029.3099161073474,-3.132419518268307,-3.0151679268565204,-6.049832835387406,-2722.859179304021,-5281.8508112816435,4030.010615221516,-3.132839194538974,-3.015820855415768,-6.049393240917652,0.4008908865566809,0.4812233948714493,0.7006991141688559,-0.0004196762706669688,-0.0006529285592478118,0.00043959446975350147,-0.11286370228946707,-0.9321473746157339,-0.04039509865482442,0.0008862123780735287,8.239354252022503e-05,-5.938096143082435e-05
STELLA,2025-01-01 19:52:16.728384,-3517.0752456181494,-5918.606021702148,2049.545152208157,-2.1168730359045185,-1.1923292664041583,-7.041647085356999,-3516.8138503094274,-5918.330830761511,2050.334212549728,-2.1173672178269953,-1.1930172914553623,-7.041508849359616,0.26139530872205796,0.2751909406370032,0.7890603415708028,-0.0004941819224768551,-0.000688025051204022,0.0001382359973831626,-0.12958862240957153,-0.8640740015215496,-0.05706743998934373,0.0008482887453768756,0.00011878149996622666,-5.4777680604740536e-05
STELLA,2025-01-01 19:57:16.728384,-3972.9977645525632,-5986.264120334296,-127.6286381313319,-0.8981544482694517,0.7447389128274153,-7.355198897886069,-3972.8864587049748,-5986.189616451034,-126.84194437451173,-0.8986442853015433,0.7441135917788415,-7.355345253149608,0.11130584758848272,0.07450388326196844,0.7866937568201706,-0.0004898370320916001,-0.0006253210485738236,-0.00014635526353856676,-0.13757916498395426,-0.7828266385351137,-0.07128334104452169,0.0007943586401593407,0.00014036424620037137,-4.097345672531905e-05
STELLA,2025-01-01 20:02:16.728384,-4047.430839785259,-5479.1091485138395,-2292.5462342287833,0.4056606013778037,2.6085881670569506,-6.960821902635416,-4047.4594811042784,-5479.204650249643,-2291.838479519015,0.4052235770573134,2.6080927749035254,-6.961189012291925,-0.028641319019243383,-0.09550173580373666,0.7077547097683237,-0.00043702432049030904,-0.0004953921534252004,-0.0003671096565085463,-0.13681972279456256,-0.6967252496369908,-0.0819263441673361,0.0007408494107969941,0.00014553024931637754,-3.370814935229188e-05
STELLA,2025-01-01 20:07:16.728384,-3733.706100056526,-4446.481507016431,-4237.097809932779,1.6686036598957799,4.219615378501658,-5.898368887310426,-3733.8536378657973,-4446.700527342546,-4236.521094589906,1.6682496307712427,4.219284445635822,-5.898868957956438,-0.14753780927139815,-0.21902032611433242,0.5767153428723759,-0.0003540291245371918,-0.0003309328658360755,-0.0005000706460123183,-0.12783662686479308,-0.6143759841954755,-0.09240044369972845,0.0006834027262241035,0.00012933859498479798,-3.4001108085577884e-05
STELLA,2025-01-01 20:12:16.728384,-3062.5103568100276,-2988.1238547117773,-5775.020176490821,2.7697020509112917,5.424165081574756,-4.272166966918121,-3062.749681193173,-2988.4211769201083,-5774.600661649275,2.7694424135802365,5.423970611920595,-4.2727318254383135,-0.23932438314523097,-0.29732220833102474,0.41951484154560603,-0.00025963733105527353,-0.00019446965416136663,-0.0005648585201925016,-0.11149201967825784,-0.5468347601907764,-0.10104767591031817,0.0006453392168425825,8.614635008740405e-05,-2.0279040234457747e-05
STELLA,2025-01-01 20:17:16.728384,-2098.585809032793,-1244.1312131205284,-6759.606470906232,3.604653134493219,6.108866918953481,-2.2392091157144023,-2098.890012472215,-1244.4719938591315,-6759.361316951445,3.6044907224281815,6.108792631596771,-2.239828708877212,-0.30420343942205363,-0.3407807386031436,0.24515395478738355,-0.0001624120650376426,-7.42873567105562e-05,-0.0006195931628099061,-0.08276356633710027,-0.5011491469985597,-0.10378550215124496,0.000643085705048773,4.715150857309447e-05,3.0803958868117403e-06
STELLA,2025-01-01 20:22:16.728384,-934.2834699408372,618.6634448523085,-7097.17716387807,4.0949979991308965,6.209988801778422,0.006854576097794052,-934.6215131141538,618.3165991196724,-7097.121253410897,4.094957782441952,6.210057250651289,0.0062157376978575485,-0.33804317331657785,-0.34684573263609764,0.055910467172907374,-4.021668894438335e-05,6.844887286661105e-05,-0.0006388383999365033,-0.04113504718807888,-0.4756258782133668,-0.09893968607138401,0.0006421448197045179,3.48072800714906e-05,2.9250902216297094e-05
STELLA,2025-01-01 20:27:16.728384,319.21082549681387,2422.37597291975,-6755.431599082761,4.194471706064121,5.7180005732079735,2.2535221743110014,318.87590054221437,2422.0648982944626,-6755.560036177426,4.194547827703502,5.718189961766711,2.252948375464257,-0.3349249545995008,-0.31107462528734686,-0.1284370946650597,7.61216393811992e-05,0.00018938855873784632,-0.0005737988467444666,0.0010018000077188227,-0.46674119141083703,-0.08711998412694612,0.0006068353780366445,1.5047969913569646e-05,4.9315608611907126e-05
STELLA,2025-01-01 20:32:16.728384,1542.164845006087,3994.507672090086,-5766.362231594372,3.8927982781474384,4.678117213133646,4.287762807421132,1541.8642591007304,3994.264462678865,-5766.654373075941,3.8929664016332026,4.678396772447286,4.287266883243319,-0.3005859053566837,-0.24320941122095974,-0.29214148156916053,0.00016812348576422664,0.0002795593136397656,-0.0004959241778124124,0.03474361405656412,-0.47823934294191495,-0.0702094125010416,0.0005897358760678774,-2.1663129517270334e-05,6.404694953812619e-05
STELLA,2025-01-01 20:37:16.728384,2617.3694965847467,5183.992050222361,-4223.634227388659,3.217090294020636,3.1871452808491085,5.914560491193697,2617.130154778787,5183.843626376312,-4224.064833301788,3.217344020900782,3.187507103376447,5.914156732016636,-0.23934180595961152,-0.14842384604889958,-0.43060591312860197,0.0002537268801461323,0.00036182252733851783,-0.00040375917706114706,0.058886134876591334,-0.5087252888654685,-0.049664818184650295,0.0005911778478624376,-5.5771065044630305e-05,7.558230321934568e-05
STELLA,2025-01-01 20:42:16.728384,3441.2261672864934,5875.685844969293,-2274.4044170348056,2.230466598547082,1.386148527441037,6.9753082783795435,3441.0732620770527,5875.656305216882,-2274.9399963633746,2.230800416608872,1.3865808137024942,6.975035339106398,-0.15290520944063246,-0.029539752410528308,-0.5355793285689288,0.00033381806179022533,0.0004322862614571932,-0.00027293927314531174,0.07220689227583392,-0.552425664182099,-0.026643338712262835,0.0006002884916628354,-7.464193646800342e-05,8.297026662952906e-05
STELLA,2025-01-01 20:47:16.728384,3933.909402309435,6001.940308299171,-105.815017508194,1.0271582887153272,-0.5517519593422548,7.364562227097821,3933.8651275315156,6002.047120819982,-106.41034915530136,1.0275607298722207,-0.551279562216223,7.364463737254013,-0.04427477791932688,0.10681252081121784,-0.5953316471073578,0.0004024411568934738,0.0004723971260318649,-9.848984380766979e-05,0.0738331239402367,-0.6019420603578791,-0.0018347726696334998,0.000617089839925725,-7.621767439621531e-05,9.060449408422304e-05
STELLA,2025-01-01 20:52:16.728384,4047.479425204312,5549.792974400854,2072.9626668271003,-0.27625690602189934,-2.438219648434824,7.042454075102796,4047.5594620184606,5550.040237271557,2072.365944911752,-0.27582613267713896,-2.4377689792745514,7.042563923153921,0.08003681414857056,0.24726287070279795,-0.5967219153480983,0.0004307733447603823,0.0004506691602728097,0.00010984805112457252,0.06400390490680774,-0.6472399329623273,0.02461366367582711,0.0006233349190696366,-5.89729417127934e-05,9.333130089687146e-05
