timestamp,x_sgp4,y_sgp4,z_sgp4,vx,vy,vz,satellite,x_cpf,y_cpf,z_cpf,dx,dy,dz,residual
2026-07-13 23:42:00,3787.2356043955347,-4965.686323410663,3843.187050067257,4.076444801534824,5.512214373501386,2.917792272909957,EXPLORER 27 (BEACON-C),5871.720675,2130.9447609999997,3841.711224,2084.485070604465,7096.631084410663,-1.4758260672570032,7396.435150520766
2026-07-13 23:45:00,4455.030380523764,-3897.6833697255033,4302.471814531042,3.3224707326365444,6.322842737212053,2.1709108850533996,EXPLORER 27 (BEACON-C),5092.16151,3020.551658,4301.382213999999,637.1311294762363,6918.235027725503,-1.0896005310423789,6947.511292702235
2026-07-13 23:48:00,4976.54230778375,-2701.749998558308,4620.162364391618,2.455686808391012,6.929257984299619,1.348969143559341,EXPLORER 27 (BEACON-C),4168.686467,3833.846952,4619.498957999999,-807.85584078375,6535.596950558308,-0.6634063916189916,6585.336665633999
2026-07-13 23:51:00,5334.077731048374,-1416.8200388310602,4785.2716739480475,1.5058102888816434,7.308656108325185,0.4804364691320917,EXPLORER 27 (BEACON-C),3128.645254,4547.254086,4785.056876000001,-2205.4324770483736,5964.0741248310605,-0.21479794804690755,6358.782322381956
2026-07-13 23:54:00,5515.635225957927,-85.15027763297371,4792.146551703139,0.5061287883233052,7.447067850484923,-0.4041080800871357,EXPLORER 27 (BEACON-C),2003.080864,5139.861534,4792.386369,-3512.554361957927,5225.011811632973,0.23981729686056497,6295.934135211874
2026-07-13 23:57:00,5515.408384442638,1249.3439693645396,4640.716767163162,-0.5080772574048739,7.340099926089589,-1.2734360432403653,EXPLORER 27 (BEACON-C),825.5783,5594.20153,4641.400638,-4689.830084442638,4344.857560635461,0.6838708368377411,6393.144289849376
2026-07-14 00:00:00,5333.992051334456,2542.8330921723527,4336.476649476565,-1.5012357513888939,6.993079100497995,-2.097169747637568,EXPLORER 27 (BEACON-C),-368.99435600000004,5896.883057,4337.5775889999995,-5702.986407334456,3354.0499648276473,1.1009395234341355,6616.170065896867
2026-07-14 00:03:00,4978.282622733777,3753.28927604685,3890.20323498433,-2.4391650386311654,6.420596580481393,-2.8471976890778374,EXPLORER 27 (BEACON-C),-1545.780247,6039.041741,3891.6794219999997,-6524.062869733777,2285.75246495315,1.4761870156698933,6912.891062240633
2026-07-14 00:06:00,4461.087987094174,4842.071751389519,3317.4361696959754,-3.290601122543922,5.645514802462542,-3.498893651303665,EXPLORER 27 (BEACON-C),-2671.1820890000004,6016.58549,3319.233278,-7132.270076094175,1174.5137386104816,1.7971083040247322,7228.33052579442
2026-07-14 00:09:00,3800.4849677199395,5775.294198485829,2637.762204638144,-4.028458763216122,4.6975518572787385,-4.0320555923785095,EXPLORER 27 (BEACON-C),-3713.993985,5830.233271,2639.8154360000003,-7514.478952719939,54.93907251417113,2.053231361856433,7514.680062938055
2026-07-14 00:12:00,3018.979025433192,6524.9109355712335,1873.959203072543,-4.630752602240109,3.611592900283415,-4.431516807128006,EXPLORER 27 (BEACON-C),-4646.360777,5485.3604239999995,1876.196764,-7665.339802433192,-1039.550511571234,2.237560927457025,7735.509327740057
2026-07-14 00:15:00,2142.5307252947873,7069.486549290664,1051.059933351584,-5.081147750527528,2.4258892680191178,-4.6874209665049245,EXPLORER 27 (BEACON-C),-5444.531481999999,4991.676616000001,1053.407886,-7587.062207294786,-2077.809933290663,2.3479526484159123,7866.4358237465985
2026-07-14 00:18:00,1199.5154675902775,7394.642044183664,195.394452991419,-5.369151198671599,1.180295336669944,-4.79518804183677,EXPLORER 27 (BEACON-C),-6089.386073,4362.7707230000005,197.780598,-7288.901540590277,-3031.871321183664,2.3861450085809963,7894.322964657786
2026-07-14 00:21:00,219.6778813887833,7493.195653880784,-666.3374206855689,-5.489989765233151,-0.08533506161236407,-4.755224916022597,EXPLORER 27 (BEACON-C),-6566.737579,3615.565509,-663.9810110000001,-6786.415460388783,-3877.6301448807844,2.356409685568792,7816.1023467044415
2026-07-14 00:24:00,-766.8682353719182,7365.035389671123,-1507.9234066073723,-5.444243114120299,-1.3325096138501165,-4.572449970542623,EXPLORER 27 (BEACON-C),-6867.4306670000005,2769.722456,-1505.658649,-6100.562431628083,-4595.312933671123,2.264757607372303,7637.654618381487
2026-07-14 00:27:00,-1730.5571875291741,7016.771800988923,-2304.3988834064635,-5.237310377463297,-2.5251745359209163,-4.255704879910266,EXPLORER 27 (BEACON-C),-6987.267761,1847.030967,-2302.280941,-5256.710573470826,-5169.740833988923,2.1179424064634986,7372.871274444747
2026-07-14 00:30:00,-2643.183035432537,6461.2233096675045,-3032.6958966768775,-4.878787287788338,-3.6305043243858717,-3.817121039319141,EXPLORER 27 (BEACON-C),-6926.798426,870.809606,-3030.7729419999996,-4283.615390567464,-5590.413703667505,1.9229546768779073,7042.87511533568
2026-07-14 00:33:00,-3478.5959947673646,5716.78400366667,-3672.178296943528,-4.38182027007126,-4.619430977202589,-3.2714954840635686,EXPLORER 27 (BEACON-C),-6691.01051,-134.66154699999998,-3670.4914679999997,-3212.4145152326355,-5851.44555066667,1.686828943528326,6675.254668961026
2026-07-14 00:36:00,-4213.284585761399,4806.716727637103,-4205.068690519251,-3.762488138809131,-5.466959400198794,-2.635715094158848,EXPLORER 27 (BEACON-C),-6288.957061,-1144.669306,-4203.652653,-2075.672475238601,-5951.386033637103,1.4160375192504944,6302.96866174949
2026-07-14 00:39:00,-4826.851952695912,3758.404637515695,-4616.778233370444,-3.0392441489105844,-6.152325759323523,-1.9282511438913639,EXPLORER 27 (BEACON-C),-5733.345588,-2134.554883,-4615.661815,-906.4936353040885,-5892.959520515695,1.1164183704431707,5962.273380823238
2026-07-14 00:42:00,-5302.398898401807,2602.5838448303284,-4896.152698017116,-2.2324336831745835,-6.659057060629063,-1.1687308749125453,EXPLORER 27 (BEACON-C),-5040.110881,-3080.162585,-4895.358816,262.28801740180734,-5682.746429830328,0.7938820171157204,5688.79623646959
2026-07-14 00:45:00,-5626.827321194463,1372.5697294423621,-5035.648118144732,-1.363887429723013,-6.974985238398213,-0.37757990280361664,EXPLORER 27 (BEACON-C),-4227.98595,-3958.2583489999997,-5035.193312,1398.8413711944631,-5330.828078442362,0.4548061447312648,5511.305234744608
2026-07-14 00:48:00,-5791.07641945254,103.48089495814371,-5031.447208808136,-0.45657730213105674,-7.092259472062338,0.42428062634239483,EXPLORER 27 (BEACON-C),-3318.076337,-4746.929338000001,-5031.341019,2473.00008245254,-4850.410232958145,0.10618980813524104,5444.465891809005
2026-07-14 00:51:00,-5790.300814000369,-1168.5418229967165,-4883.524226390771,0.46568718307003715,-7.007387912151482,1.215705100461052,EXPLORER 27 (BEACON-C),-2333.437398,-5425.974816,-4883.768477,3456.8634160003694,-4257.432993003284,-0.24425060922840203,5484.1262226951885
2026-07-14 00:54:00,-5623.995179938506,-2407.128052725069,-4595.661487354518,1.3785508607689387,-6.721325559039886,1.9755897165856011,EXPLORER 27 (BEACON-C),-1298.64923,-5977.297547,-4596.249645999999,4325.345949938506,-3570.169494274931,-0.5881586454815988,5608.451493097837
2026-07-14 00:57:00,-5296.064585480042,-3576.490595006014,-4175.415882439847,2.25742549341902,-6.2396093854239965,2.683162198043538,EXPLORER 27 (BEACON-C),-239.38023800000002,-6385.301488,-4176.332456,5056.684347480043,-2808.8108929939863,-0.9165735601527558,5784.416657084656
2026-07-14 01:00:00,-4814.834001140858,-4642.265237831046,-3634.0288657788305,3.077855614395808,-5.572525418781489,3.318321580338742,EXPLORER 27 (BEACON-C),818.070912,-6637.297352,-3635.248908,5632.904913140858,-1995.0321141689537,-1.2200422211694786,5975.765422567631
2026-07-14 01:03:00,-4192.984906113461,-5572.380694675155,-2986.269059563061,3.815967115550602,-4.735276001349753,3.8620499840932956,EXPLORER 27 (BEACON-C),1847.265654,-6723.912082000001,-2987.757815,6040.250560113461,-1151.531387324846,-1.4887554369388454,6149.036801104545
2026-07-14 01:06:00,-3447.4022165270258,-6337.9547531207745,-2250.193354876494,4.449020811883974,-3.7480998202221367,4.296910130392872,EXPLORER 27 (BEACON-C),2822.156515,-6639.4912810000005,-2251.906236,6269.558731527026,-301.536527879226,-1.7128811235056673,6276.806026927547
2026-07-14 01:09:00,-2598.911659947061,-6914.203150107816,-1446.8108469741928,4.956081373892728,-2.636284180209325,4.607630485845425,EXPLORER 27 (BEACON-C),3717.663935,-6382.47757,-1448.694887,6316.57559494706,531.7255801078163,-1.8840400258072805,6338.916539033199
2026-07-14 01:12:00,-1671.8870972729203,-7281.336048122324,-599.6348004822266,5.318795416683064,-1.4300007188989088,4.781764494949527,EXPLORER 27 (BEACON-C),4510.300846,-5955.737713,-601.6305990000001,6182.18794327292,1325.598335122324,-1.9957985177734372,6322.710075216153
2026-07-14 01:15:00,-693.7100281143745,-7425.404342792628,265.8882776502342,5.5222517897269245,-0.16389520552796188,4.810392236757748,EXPLORER 27 (BEACON-C),5178.8296279999995,-5366.801418999999,263.846156,5872.539656114374,2058.6029237926286,-2.0421216502342077,6222.9070522340535
2026-07-14 01:18:00,305.9296984759842,-7339.046042677664,1123.0760713143954,5.555874004037935,1.123627911059026,4.688813908072583,EXPLORER 27 (BEACON-C),5704.930128,-4627.980458999999,1121.058135,5399.000429524016,2711.065583677665,-2.017936314395456,6041.447368724567
2026-07-14 01:21:00,1295.8918715225116,-7022.073811962794,1944.827316836573,5.414272408510307,2.3914629485642975,4.417167744797843,EXPLORER 27 (BEACON-C),6073.852756,-3756.3324350000003,1942.906931,4777.960884477488,3265.7413769627938,-1.9203858365729047,5787.398434761988
2026-07-14 01:24:00,2244.58763769002,-6481.840901282029,2704.537638099817,5.097966495042048,3.597203978948311,4.000894102996764,EXPLORER 27 (BEACON-C),6275.019196,-2773.434668,2702.787536,4030.43155830998,3708.4062332820295,-1.7501020998170134,5476.920521618274
2026-07-14 01:27:00,3121.0927281467484,-5733.326317154375,3377.0793028035246,4.61388033065243,4.6988459417849295,3.4509662584338243,EXPLORER 27 (BEACON-C),6302.5260020000005,-1704.943923,3375.567546,3181.433273853252,4028.382394154375,-1.5117568035243494,5133.165171209884
2026-07-14 01:30:00,3896.3226077803524,-4798.892521381079,3939.7961751808225,3.975520586844772,5.656693754904572,2.7838198555415232,EXPLORER 27 (BEACON-C),6155.503236,-579.9340890000001,3938.582704,2259.180628219647,4218.958432381079,-1.2134711808225802,4785.761051034061
2026-07-14 01:33:00,4544.205348778699,-3707.6900595191314,4373.454877617743,3.202768822484983,6.435343339358016,2.0209374850616184,EXPLORER 27 (BEACON-C),5838.287205,569.975045,4372.588428,1294.0818562213008,4277.665104519131,-0.8664496177425463,4469.123778522673
2026-07-14 01:36:00,5042.778996768107,-2494.7113788671954,4663.088591550588,2.3212562271897994,7.005568511470894,1.1880803247197507,EXPLORER 27 (BEACON-C),5360.378,1711.665394,4662.604307,317.5990032318923,4206.3767728671955,-0.48428455058819964,4218.3497859592035
2026-07-14 01:39:00,5375.13888215203,-1199.5272238093414,4798.672492857742,1.361335147866225,7.345939285935082,0.31420002887321674,EXPLORER 27 (BEACON-C),4736.166827999999,2811.69183,4798.590053,-638.972054152031,4011.219053809342,-0.08243985774242901,4061.7931496356023
2026-07-14 01:42:00,5530.167627997554,135.23100310754145,4775.579772758053,0.3567099729436774,7.4440139681840165,-0.5698958497698114,EXPLORER 27 (BEACON-C),3984.439951,3837.510568,4775.902301,-1545.7276769975538,3702.279564892459,0.3225282419471114,4012.000514965198
2026-07-14 01:45:00,5502.995942560502,1465.555027358958,4594.7834847220665,-0.65716804697853,7.296988109242085,-1.43301983968294,EXPLORER 27 (BEACON-C),3127.682531,4758.690923,4595.498697,-2375.313411560502,3293.135895641042,0.7152122779334604,4060.4012537959006
2026-07-14 01:48:00,5295.163748215831,2747.8062462110847,4262.7899770576705,-1.6448090840735439,6.911741723190458,-2.2450990667086432,EXPLORER 27 (BEACON-C),2191.221982,5548.035779,4263.8722609999995,-3103.941766215831,2800.229532788915,1.0822839423290134,4180.399633492091
2026-07-14 01:51:00,4914.475950274226,3940.4171806693325,3791.311715150159,-2.5723531578712944,6.304292512127097,-2.9785645945320063,EXPLORER 27 (BEACON-C),1202.268253,6182.540623,3792.723367,-3712.207697274226,2242.1234423306673,1.4116518498408368,4336.773629221576
2026-07-14 01:54:00,4374.571937742613,5005.4469435006595,3196.7080290736367,-3.409065320577717,5.498726334662019,-3.609527745503485,EXPLORER 27 (BEACON-C),188.913739,6644.143796,3198.4015219999997,-4185.658198742613,1638.6968524993408,1.6934929263629783,4495.004427029054
2026-07-14 01:57:00,3694.249581109869,5909.906942051446,2499.2391765860216,-4.12855103945579,4.525726869655643,-4.1186649241368345,EXPLORER 27 (BEACON-C),-820.848996,6920.236624,2501.159229,-4515.0985771098685,1010.329681948554,1.9200524139782829,4626.757494601063
2026-07-14 02:00:00,2896.600460815982,6626.797622152586,1722.190147104991,-4.709623952199472,3.42085725661087,-4.491769894542466,EXPLORER 27 (BEACON-C),-1800.037275,7003.918433,1724.274764,-4696.637735815982,377.12081084741385,2.0846168950090487,4711.754500511724
2026-07-14 02:03:00,2008.021693091084,7135.825454690813,890.9248301937054,-5.1368017989046315,2.2227543623950132,-4.719971465182377,EXPLORER 27 (BEACON-C),-2723.470144,6894.009014,893.1078299999999,-4731.491837091084,-241.81644069081267,2.1829998062945606,4737.667671010292
2026-07-14 02:06:00,1057.1706007454166,7423.797536970282,31.928615327331567,-5.400447600212543,0.9713825320454142,-4.799648920758265,EXPLORER 27 (BEACON-C),-3568.415556,6594.849783,34.144423,-4625.586156745417,-828.9477539702821,2.2158076726684364,4699.277240394617
2026-07-14 02:09:00,73.92242920229246,7484.715479040955,-828.1106769195535,-5.496606085845768,-0.29353675098420956,-4.7321026677855285,EXPLORER 27 (BEACON-C),-4315.0816270000005,6115.93163,-825.922393,-4389.004056202293,-1368.783849040955,2.1882839195534416,4597.49177479874
2026-07-14 02:12:00,-911.6198533997673,7319.608073649998,-1663.1454987818286,-5.426606367457448,-1.5338427025706372,-4.52305111748354,EXPLORER 27 (BEACON-C),-4946.952284,5471.389561,-1661.0384609999999,-4035.332430600233,-1848.218512649998,2.1070377818286943,4438.448370271346
2026-07-14 02:15:00,-1870.0285686563889,6936.152432143571,-2448.5102415822125,-5.196510009663301,-2.7139656189232744,-4.182026956953152,EXPLORER 27 (BEACON-C),-5450.975777,4679.4091260000005,-2446.531782,-3580.947208343611,-2256.7433061435704,1.9784595822125084,4232.738731964215
2026-07-14 02:18:00,-2773.3464213076877,6348.136036891943,-3161.550024571368,-4.816480468715353,-3.8016719787071076,-3.721738728932916,EXPLORER 27 (BEACON-C),-5817.630327,3761.590144,-3159.7411779999998,-3044.283905692312,-2586.5458928919434,1.8088465713681217,3994.7324599301187
2026-07-14 02:21:00,-3595.765844098856,5574.808804906809,-3782.1355730768787,-4.300138335290681,-4.7685550156930425,-3.157450169770521,EXPLORER 27 (BEACON-C),-6040.893065,2742.297462,-3780.531508,-2445.127220901144,-2832.511342906809,1.604065076878669,3741.893933172379
2026-07-14 02:24:00,-4314.194953577701,4640.166632932065,-4293.071090544495,-3.6639504420451168,-5.590319895916818,-2.506413301820266,EXPLORER 27 (BEACON-C),-6118.137634,1648.020945,-4291.701424,-1803.9426804222985,-2992.145687932065,1.3696665444949758,3493.872763574266
2026-07-14 02:27:00,-4908.719392953293,3572.1979475534895,-4680.406859398391,-2.9266828691783497,-6.246921185407485,-1.7873745710181732,EXPLORER 27 (BEACON-C),-6049.983464,506.757656,-4679.295695000001,-1141.2640710467067,-3065.4402915534893,1.1111643983904287,3270.995123143409
2026-07-14 02:30:00,-5362.972979378939,2402.1142178279965,-4933.670232551034,-2.1089305989018245,-6.722610593493622,-1.0201582480643492,EXPLORER 27 (BEACON-C),-5840.116871,-652.578259,-4932.8362529999995,-477.1438916210609,-3054.6924768279964,0.8339795510346448,3091.7330280641536
2026-07-14 02:33:00,-5664.430797990762,1163.5755037047156,-5046.028159667685,-1.232721508113258,-7.005947065621987,-0.2253189036893916,EXPLORER 27 (BEACON-C),-5495.098703,-1800.7221829999999,-5045.4852120000005,169.33209499076202,-2964.2976867047155,0.5429476676845297,2969.1302478316875
2026-07-14 02:36:00,-5804.636728593957,-108.0862023783477,-5014.39198672281,-0.3211802367726732,-7.089811112937081,0.5761546064171778,EXPLORER 27 (BEACON-C),-5024.166096,-2908.608043,-5014.149106,780.4706325939569,-2800.5218406216527,0.24288072280978668,2907.2421720819107
2026-07-14 02:39:00,-5779.373927434286,-1376.6492802820935,-4839.471528485212,0.6017715998654141,-6.971452314868346,1.3631075744688463,EXPLORER 27 (BEACON-C),-4439.033703,-3947.9083960000003,-4839.532382,1340.340224434286,-2571.2591157179068,-0.06085351478850498,2899.6353841650734
2026-07-14 02:42:00,-5588.782060344286,-2605.7976252525204,-4525.780852238981,1.5117084210495966,-6.652584233050266,2.114487719390621,EXPLORER 27 (BEACON-C),-3753.692963,-4891.577566999999,-4526.142992,1835.089097344286,-2285.779941747479,-0.362139761018625,2931.2697024382082
2026-07-14 02:45:00,-5237.419599039463,-3759.936927248297,-4081.5932987590395,2.3840194938910773,-6.139525167602604,2.809641458547948,EXPLORER 27 (BEACON-C),-2984.203204,-5714.406489,-4082.24727,2253.216395039463,-1954.4695617517032,-0.6539712409603453,2982.773175815907
2026-07-14 02:48:00,-4734.263748288096,-4805.038705900863,-3518.838468289625,3.1942859560543604,-5.443366762797775,3.428664162081026,EXPLORER 27 (BEACON-C),-2148.4655639999996,-6393.594869,-3519.766929,2585.7981842880968,-1588.556163099137,-0.9284607103750204,3034.775740516449
2026-07-14 02:51:00,-4092.6351181246314,-5709.5141772499255,-2852.929716271714,3.918744677667533,-4.580136070173391,3.9528250745911793,EXPLORER 27 (BEACON-C),-1265.967879,-6909.340755,-2854.106893,2826.667239124631,-1199.8265777500746,-1.177176728286213,3070.770731129397
2026-07-14 02:54:00,-3330.029747943075,-6445.112655766007,-2102.5077069419954,4.534859657387484,-3.5709013850073776,4.365078794606,EXPLORER 27 (BEACON-C),-357.48774699999996,-7245.440854,-2103.899444,2972.542000943075,-800.3281982339931,-1.3917370580047645,3078.397815291449
2026-07-14 02:57:00,-2467.838314647651,-6987.829256285915,-1289.084408545114,5.022009066932626,-2.441759722622958,4.650662720396826,EXPLORER 27 (BEACON-C),555.258843,-7389.885464,-1290.6483,3023.097157647651,-402.05620771408485,-1.5638914548860612,3049.716062930321
2026-07-14 03:00:00,-1530.9321986823243,-7318.794795726565,-436.5732575551296,5.362278766537393,-1.223636626062521,4.797763948257849,EXPLORER 27 (BEACON-C),1450.03257,-7335.421389,-438.258831,2980.9647686823246,-16.62659327343499,-1.6855734448703856,2981.011613007736
2026-07-14 03:03:00,-547.0994041867909,-7425.108162448213,429.3043335829612,5.541331883576067,0.04817000979590152,4.798220768633923,EXPLORER 27 (BEACON-C),2304.553488,-7080.049506,427.554031,2851.652892186791,345.0586564482128,-1.750302582961183,2872.4541349630404
2026-07-14 03:06:00,453.6792285404016,-7300.559766058887,1281.7380630584278,5.549300859635282,1.3347584791442844,4.648205197139215,EXPLORER 27 (BEACON-C),3097.052423,-6627.417045,1279.983885,2643.3731944595984,673.1427210588872,-1.7541780584276694,2727.7364325100702
2026-07-14 03:09:00,1440.1113780137127,-6946.186244773079,2093.66417253555,5.381626564240389,2.594735946788214,4.348817005166309,EXPLORER 27 (BEACON-C),3806.881065,-5987.051084,2091.970374,2366.7696869862875,959.1351607730794,-1.6937985355498313,2553.7309718961883
2026-07-14 03:12:00,2380.6146872344425,-6370.593825649663,2838.6943157286582,5.03975306850632,3.7856701403242043,3.9065102823379028,EXPLORER 27 (BEACON-C),4415.15211,-5174.385406,2837.128472,2034.5374227655575,1196.2084196496626,-1.5658437286583649,2360.139733096505
2026-07-14 03:15:00,3244.443398956081,-5589.992704453168,3492.100399396408,4.531581178868221,4.865829044031785,3.3332743817729082,EXPLORER 27 (BEACON-C),4905.380150999999,-4210.551233,3490.7296690000003,1660.9367520439182,1379.4414714531677,-1.3707303964079074,2159.067286204138
2026-07-14 03:18:00,4002.868161234822,-4627.898654961063,4031.804712827994,3.8715925993973372,5.796109183045516,2.646504672017037,EXPLORER 27 (BEACON-C),5264.091365,-3121.9083309999996,4030.690409,1261.2232037651784,1505.990323961063,-1.114303827994263,1964.355382117266
2026-07-14 03:21:00,4630.343050512545,-3514.4803735150476,4439.315251196383,3.080581046576562,6.542010868925398,1.8685250377291058,EXPLORER 27 (BEACON-C),5481.360118,-1939.305752,4438.508464,851.0170674874544,1575.1746215150476,-0.8067871963830839,1790.364708188139
2026-07-14 03:24:00,5105.585872340244,-2285.5596364657363,4700.542702801378,2.184964920238936,7.075491829161324,1.0257607865792266,EXPLORER 27 (BEACON-C),5551.228625,-697.0897,4700.081533,445.6427526597554,1588.4699364657363,-0.4611698013786736,1649.7982951655665
2026-07-14 03:27:00,5412.497734931341,-981.3025317312048,4806.439388750883,1.21570300170861,7.376526020580615,0.14760206652403998,EXPLORER 27 (BEACON-C),5471.971732,568.095628,4806.347087,59.47399706865872,1549.398159731205,-0.09230175088305259,1550.5392037047566
2026-07-14 03:30:00,5540.856432213738,355.330609979484,4753.411543461187,0.20688245471758687,7.434215081616134,-0.734962988062838,EXPLORER 27 (BEACON-C),5246.184821000001,1818.646752,4753.695965,-294.6716112137374,1463.316142020516,0.2844215388131488,1492.690715067498
2026-07-14 03:33:00,5486.734539765122,1680.2856858632913,4543.473461156278,-0.8059111795018816,7.24734367356501,-1.590836377384047,EXPLORER 27 (BEACON-C),4880.686486,3017.401185,4544.12727,-606.048053765122,1337.1154991367089,0.6538088437218903,1468.050588014632
2026-07-14 03:36:00,5252.615255369058,2950.160908368535,4184.132985128316,-1.787306346593398,6.824330091944562,-2.390295458773514,EXPLORER 27 (BEACON-C),4386.240731,4129.013459,4185.134325,-866.3745243690582,1178.852550631465,1.00133987168374,1462.976129431906
2026-07-14 03:39:00,4847.203984995465,4123.891029843946,3688.0198354504987,-2.7037973531745374,6.182590095706307,-3.106353051732519,EXPLORER 27 (BEACON-C),3777.1188429999997,5121.224203,3689.3345520000003,-1070.0851419954656,997.3331731560538,1.3147165495015543,1462.7909617838718
2026-07-14 03:42:00,4284.958219730132,5164.270857351404,3072.2885389398984,-3.525205175586227,5.347394055836142,-3.7158885493962117,EXPLORER 27 (BEACON-C),3070.531765,5965.951757,3073.87304,-1214.4264547301323,801.6808996485961,1.584501060101502,1455.1722885807678
2026-07-14 03:45:00,3585.3792638898753,6039.237685219951,2357.8437485939803,-4.225845566249188,4.350345638914646,-4.20047728567268,EXPLORER 27 (BEACON-C),2285.976274,6640.150539,2359.6476949999997,-1299.4029898898752,600.9128537800489,1.8039464060193495,1431.6241274145477
2026-07-14 03:48:00,2772.1243736755414,6722.857732779357,1568.4456972106823,-4.785342791243955,3.2276377103917495,-4.546883624365685,EXPLORER 27 (BEACON-C),1444.537816,7126.4087819999995,1570.41453,-1327.5865576755414,403.5510492206422,1.9688327893177302,1387.5674375504877
2026-07-14 03:51:00,1872.0053711743917,7195.990340377394,729.7565657620255,-5.189071151231658,2.01824551678934,-4.747221987345781,EXPLORER 27 (BEACON-C),568.19236,7413.275655,731.832669,-1303.8130111743917,217.28531462260617,2.0761032379745075,1321.796348256014
2026-07-14 03:54:00,913.9395744950642,7446.631509627714,-131.61507414864892,-5.428246916521774,0.7622004052049701,-4.798823271476707,EXPLORER 27 (BEACON-C),-320.85350900000003,7495.333003,-129.490926,-1234.7930834950644,48.70149337228577,2.1241481486489135,1235.7549540703033
2026-07-14 03:57:00,-72.08807389758995,7469.961834190014,-989.0235594995695,-5.499724730847305,-0.5009451491206165,-4.703867483580577,EXPLORER 27 (BEACON-C),-1200.755539,7373.04762,-986.908804,-1128.66746510241,-96.91421419001381,2.114755499569469,1132.8226180137783
2026-07-14 04:00:00,-1056.004558190331,7268.140554539878,-1816.6133169832178,-5.4055716667604115,-1.7333911570112985,-4.468855033490619,EXPLORER 27 (BEACON-C),-2050.544213,7052.446949,-1814.560403,-994.5396548096692,-215.69360553987826,2.052913983217877,1017.6625525760251
2026-07-14 04:03:00,-2008.5370736309897,6849.896437148924,-2590.041521670338,-5.152498447946373,-2.9000737427544285,-4.103989476341998,EXPLORER 27 (BEACON-C),-2850.549635,6544.658706,-2588.097252,-842.0125613690102,-305.23773114892356,1.9442696703381444,895.6332989592865
2026-07-14 04:06:00,-2901.9913857426686,6229.967854830542,-3287.086452107507,-4.751222673425222,-3.9693662433693486,-3.622535914762124,EXPLORER 27 (BEACON-C),-3582.7380049999997,5865.358843999999,-3285.2925699999996,-680.7466192573311,-364.6090108305425,1.7938821075072156,772.2427781611998
2026-07-14 04:09:00,-3710.9141819970378,5428.4402535973095,-3888.1421538784075,-4.215826339309737,-4.9135323061522715,-3.0402049846687462,EXPLORER 27 (BEACON-C),-4230.968028,5034.1705520000005,-3886.5356060000004,-520.0538460029625,-394.269701597309,1.6065478784071274,652.6156459480493
2026-07-14 04:12:00,-4412.643059563897,4470.021040010844,-4376.607451866392,-3.56315307926873,-5.708982284447948,-2.3745955863581525,EXPLORER 27 (BEACON-C),-4781.181834,4074.043904,-4375.220821000001,-368.53877443610327,-395.97713601084433,1.3866308663909876,540.9442145465421
2026-07-14 04:15:00,-4987.754204685167,3383.2817447452626,-4739.1816654211825,-2.8122724438527853,-6.336391321473564,-1.6447129064122086,EXPLORER 27 (BEACON-C),-5221.544701000001,3010.6367609999998,-4738.042992,-233.79049631483394,-372.64498374526283,1.1386734211828298,439.91314671739883
2026-07-14 04:18:00,-5420.420984606888,2199.886763397943,-4966.080844803202,-1.9840214784707417,-6.780736633751082,-0.8705635517598947,EXPLORER 27 (BEACON-C),-5542.55054,1871.709456,-4965.21351,-122.12955539311224,-328.17730739794297,0.8673348032025388,350.16671124072326
2026-07-14 04:21:00,-5698.696991519312,953.8182798567717,-5051.187451841037,-1.100619186811518,-7.031304732619714,-0.07281769086982837,EXPLORER 27 (BEACON-C),-5737.105991,686.534223,-5050.610093,-38.40899948068818,-267.2840568567717,0.5773588410365846,270.03027910616396
2026-07-14 04:24:00,-5814.735100253263,-319.4010327048659,-4992.143719633892,-0.18533777201893809,-7.081708549345167,0.7274807509098221,EXPLORER 27 (BEACON-C),-5800.603099999999,-514.681731,-4991.869818,14.132000253263868,-195.28069829513413,0.27390163389191,195.7915717795291
2026-07-14 04:27:00,-5764.95040232037,-1583.4917573302623,-4790.394998340442,0.73779405006745,-6.929941098622071,1.5091806307307305,EXPLORER 27 (BEACON-C),-5730.988956,-1701.368153,-4790.432932,33.96144632036976,-117.87639566973758,-0.03793365955789341,122.67121068621769
2026-07-14 04:30:00,-5550.129997207529,-2802.2154802680075,-4451.184732606405,1.644285933053083,-6.57847737891864,2.251294632711271,EXPLORER 27 (BEACON-C),-5528.834011,-2843.1690329999997,-4451.537347,21.295986207529495,-40.953552731992204,-0.35261439359510405,46.160988365002794
2026-07-14 04:33:00,-5175.487059133946,-3940.1947513526306,-3983.4977902362816,2.509511769744455,-6.034420266657991,2.9333027797637143,EXPLORER 27 (BEACON-C),-5197.398088999999,-3910.5343119999998,-3984.1612020000002,-21.911029866053468,29.660439352630874,-0.6634117637186137,36.881906235313025
2026-07-14 04:36:00,-4650.650857258618,-4963.761326148644,-3399.944139558996,3.309098624299691,-5.309669712263435,3.5355136601163917,EXPLORER 27 (BEACON-C),-4742.687668,-4875.335667,-3400.906261,-92.03681074138149,88.42565914864372,-0.9621214410040011,127.63540811618158
2026-07-14 04:39:00,-3989.579053032711,-5841.833750955598,-2716.5708642591603,4.019406405606863,-4.421078281680632,4.039502710040212,EXPLORER 27 (BEACON-C),-4173.493023,-5711.510980999999,-2717.810011,-183.91396996728918,130.32276995559823,-1.2391467408397148,225.41053259036957
2026-07-14 04:42:00,-3210.374305297234,-6546.817546720026,-1952.5877907654776,4.618117325190119,-3.3905411772506118,4.428637471495356,EXPLORER 27 (BEACON-C),-3501.39021,-6395.735682,-1954.071772,-291.01590470276597,151.0818647200258,-1.483981234522389,327.89966275913423
2026-07-14 04:45:00,-2334.984786272654,-7055.510960812552,-1129.9912355911658,5.08494086577933,-2.244957156630018,4.688686665465608,EXPLORER 27 (BEACON-C),-2740.6895959999997,-6908.111673,-1131.677472,-405.7048097273455,147.39928781255185,-1.6862364088342474,431.65470700176036
2026-07-14 04:48:00,-1388.7685387450522,-7349.987201405447,-273.07222479236134,5.402422026800241,-1.0159907622909865,4.8084935468475,EXPLORER 27 (BEACON-C),-1908.309716,-7232.854235000001,-274.908322,-519.5411772549478,117.1329664054465,-1.8360972076386588,532.5847706566087
2026-07-14 04:51:00,-399.9055292529343,-7418.411496620048,592.1994450286244,5.55681894879829,0.2604311200685817,4.780675513739116,EXPLORER 27 (BEACON-C),-1023.555917,-7358.9447230000005,590.275153,-623.6503877470657,59.466773620047206,-1.9242920286243361,626.4820876941772
2026-07-14 04:54:00,601.3506476631796,-7255.740058465201,1438.9154772980783,5.538992833138641,1.5449414841746572,4.602293554960008,EXPLORER 27 (BEACON-C),-107.78827,-7280.708683,1436.9721740000002,-709.1389176631797,-24.968624534798437,-1.9433032980780354,709.5810124174504
2026-07-14 04:57:00,1583.5771461118036,-6864.240370646202,2240.0821998464735,5.345231887353102,2.7959007260654674,4.275420070868762,EXPLORER 27 (BEACON-C),816.030931,-6998.2744649999995,2238.192902,-767.5462151118036,-134.03409435379763,-1.8892978464737098,779.163590158094
2026-07-14 05:00:00,2515.2222930935377,-6253.770569335334,2969.5611677316697,4.977916353249084,3.9708974739695986,3.807525721406512,EXPLORER 27 (BEACON-C),1723.9128,-6517.861706000001,2967.799677,-791.3094930935376,-264.0911366646669,-1.76149073166971,834.2169652880389
2026-07-14 05:03:00,3365.7444936923775,-5441.762023405475,3603.0574268477817,4.445928146705841,5.028524112416859,3.2116088072411033,EXPLORER 27 (BEACON-C),2591.530012,-5851.847379,3601.497216,-774.2144816923774,-410.085355594525,-1.5602108477814909,876.1167141386894
2026-07-14 05:06:00,4106.795239904915,-4452.864445132178,4119.102920662868,3.7647197221149256,5.930320512533335,2.506006446726015,EXPLORER 27 (BEACON-C),3394.988566,-5018.572763,4117.813947000001,-711.8066739049154,-565.7083178678222,-1.2889736628676474,909.2284110021657
2026-07-14 05:09:00,4713.378652152714,-3318.236282550706,4499.974020107694,2.955983444234135,6.642739209886918,1.7138552038132855,EXPLORER 27 (BEACON-C),4111.643737,-4041.879344,4499.016339,-601.7349151527133,-723.6430614492938,-0.957681107694043,941.1403219768312
2026-07-14 05:12:00,5164.913081525546,-2074.4923306027463,4732.479895918321,2.046902634937247,7.138961482743269,0.8622066369538501,EXPLORER 27 (BEACON-C),4720.918906000001,-2950.375457,4731.897613,-443.99417552554496,-875.8831263972538,-0.5822829183207432,981.9890111714251
2026-07-14 05:15:00,5446.121496262174,-762.3516294421025,4808.56351740459,1.0690129148006997,7.400392985799715,-0.01915530947911176,EXPLORER 27 (BEACON-C),5205.077712,-1776.456835,4808.381948,-241.04378426217409,-1014.1052055578974,-0.1815694045899363,1042.3586267875867
2026-07-14 05:18:00,5547.687138991894,574.9426508812465,4725.669264904141,0.056749647438684915,7.417691992525123,-0.8991101935124735,EXPLORER 27 (BEACON-C),5549.89879,-555.126885,4725.895604,2.211651008105946,-1130.0695358812466,0.2263390958596574,1130.0717227487926
2026-07-14 05:21:00,5466.628292747414,1893.3376625890007,4486.84906446337,-0.9542040131868602,7.1912300234187025,-1.7466977019454262,EXPLORER 27 (BEACON-C),5745.2023899999995,677.3126110000001,4487.473078,278.5740972525855,-1216.0250515890007,0.6240135366297181,1247.525888767451
2026-07-14 05:24:00,5206.368727525881,3149.713756220395,4100.600264680193,-1.9286305195237639,6.7309463481405984,-2.5325900003993596,EXPLORER 27 (BEACON-C),5785.199422000001,1884.614456,4101.596157,578.8306944741198,-1265.0993002203952,0.9958923198073535,1391.230464044343
2026-07-14 05:27:00,4776.505521503759,4303.548939066599,3580.4503968105396,-2.8334104320171662,6.055624403578698,-3.2304195122876314,EXPLORER 27 (BEACON-C),5668.648743,3031.903628,3581.7792000000004,892.1432214962406,-1271.6453110665989,1.3288031894608139,1553.384398832843
2026-07-14 05:30:00,4192.300190326766,5318.408349449078,2944.3236987216255,-3.638946599190248,5.191678778744694,-3.8178625636697276,EXPLORER 27 (BEACON-C),5398.818271,4086.882098,2945.9358909999996,1206.5180806732342,-1231.5262514490778,1.6121922783740956,1724.0491252176037
2026-07-14 05:33:00,3473.939361966729,6163.181957506883,2213.739424970392,-4.320283549368799,4.171586779533349,-4.277412079782103,EXPLORER 27 (BEACON-C),4983.266517,5020.857225,2215.578257,1509.327155033271,-1142.3247325068833,1.8388320296080565,1892.8754942470418
2026-07-14 05:36:00,2645.625228753689,6813.019950713387,1412.9008158450954,-4.857866692788205,3.032122625989606,-4.5968113615137955,EXPLORER 27 (BEACON-C),4433.471828,5809.5522949999995,1414.9059909999999,1787.8465992463107,-1003.4676557133871,2.005175154904464,2050.2065308712
2026-07-14 05:39:00,1734.5623739919472,7249.944103041358,567.7354714705642,-5.237929796264356,1.8125532391407169,-4.769159309119458,EXPLORER 27 (BEACON-C),3764.3427570000003,6433.67542,569.845999,2029.7803830080531,-816.2686830413586,2.1105275294357853,2187.7631088591024
2026-07-14 05:42:00,769.9062559284624,7463.140832741233,-295.05677983873363,-5.452538757041829,0.5529348736974175,-4.7927294123041095,EXPLORER 27 (BEACON-C),2993.651933,6879.244638,-292.901567,2223.7456770715376,-583.8961947412326,2.1552128387336325,2299.1268445803557
2026-07-14 05:45:00,-218.26920127187267,7448.964210940607,-1148.902162126274,-5.499349532182205,-0.7073845246115481,-4.670566387928705,EXPLORER 27 (BEACON-C),2141.4325830000002,7137.689179999999,-1146.76154,2359.701784271873,-311.2750309406074,2.1406221262741383,2380.1447934623693
2026-07-14 05:48:00,-1199.939767158869,7210.692697825,-1968.1637454914244,-5.381155319561004,-1.9309937863914677,-4.409934004511645,EXPLORER 27 (BEACON-C),1229.3719429999999,7205.759384999999,-1966.0938840000001,2429.3117101588687,-4.9333128250009395,2.0698614914242626,2429.3176011005703
2026-07-14 05:51:00,-2146.004038295172,6758.091137200199,-2728.8446093694333,-5.105302616105566,-3.083355409596681,-4.02168625476993,EXPLORER 27 (BEACON-C),280.228359,7085.284243,-2726.896672,2426.232397295172,327.19310579980083,1.9479373694334754,2448.195819093643
2026-07-14 05:54:00,-3029.0449277796934,6106.830155659517,-3409.17560127929,-4.6830496630686484,-4.133463410119433,-3.519624186555434,EXPLORER 27 (BEACON-C),-682.7118079999999,6782.817336,-3407.39487,2346.3331197796933,675.9871803404831,1.7807312792897392,2441.7700440384788
2026-07-14 05:57:00,-3823.9751148881783,5277.810131682387,-3990.0898700520906,-4.128927317322374,-5.05426018416109,-2.919885687153326,EXPLORER 27 (BEACON-C),-1636.129852,6309.207716,-3988.516106,2187.8452628881782,1031.397584317613,1.5737640520906098,2418.7704206914186
2026-07-14 06:00:00,-4508.571308016909,4296.428270902404,-4455.593261500044,-3.4601450851256055,-5.822865598480721,-2.2403985230731425,EXPLORER 27 (BEACON-C),-2557.1209750000003,5679.12752,-4454.261369,1951.4503330169086,1382.6992490975963,1.3318925000439776,2391.655784101151
2026-07-14 06:03:00,-5063.90808051693,3191.816957916585,-4793.04346540143,-2.6960669352240507,-6.420677185648587,-1.5004104683800834,EXPLORER 27 (BEACON-C),-3423.595419,4910.581326,-4791.983896,1640.3126615169294,1718.7643680834153,1.0595694014300534,2375.8740924580266
2026-07-14 06:06:00,-5474.7047361665855,1996.0710460210619,-4993.351815496065,-1.8577647053328077,-6.833398313270016,-0.7200960145871531,EXPLORER 27 (BEACON-C),-4214.643653,4024.4135260000003,-4992.590526999999,1260.0610831665854,2028.3424799789384,0.7612884960653901,2387.8709615383814
2026-07-14 06:09:00,-5729.598584917714,743.472263360601,-5051.120386298215,-0.967642650246343,-7.051043608361784,0.07977227134581315,EXPLORER 27 (BEACON-C),-4910.876614,3043.8217480000003,-5050.678148,818.7219709177143,2300.349484639399,0.442238298214761,2441.703014848212
2026-07-14 06:12:00,-5821.35572365987,-530.2887748625524,-4964.724076388787,-0.04911544977795631,-7.0679595983952055,0.8781079885919532,EXPLORER 27 (BEACON-C),-5494.7521320000005,1993.8774609999998,-4964.615768000001,326.6035916598694,2524.166235862552,0.10830838878609939,2545.208263400926
2026-07-14 06:15:00,-5747.026494503268,-1788.8978901771602,-4736.343267500121,0.8736861297585591,-6.88288484969142,1.6537762982752668,EXPLORER 27 (BEACON-C),-5950.897271,901.0481360000001,-4736.577230000001,-203.8707764967321,2689.94602617716,-0.2339624998794534,2697.6606480419523
2026-07-14 06:18:00,-5508.047767956293,-2996.217846021583,-4371.947903155558,1.7762128135735702,-6.499058731400809,2.385868488905851,EXPLORER 27 (BEACON-C),-6266.43239,-207.285967,-4372.524872999999,-758.3846220437072,2788.931879021583,-0.5769698444410096,2890.2056317275133
2026-07-14 06:21:00,-5110.288569895591,-4117.112084297329,-3881.2289073873794,2.6338305565311275,-5.924371878238931,3.0540133882767875,EXPLORER 27 (BEACON-C),-6431.30086,-1303.3311780000001,-3882.141489,-1321.0122901044097,2813.7809062973283,-0.9125816126206701,3108.446121787462
2026-07-14 06:24:00,-4564.029848850686,-5118.297134135184,-3277.4682353606777,3.422222091953277,-5.171534976761748,3.6387500208856642,EXPLORER 27 (BEACON-C),-6438.600676,-2359.40792,-3278.700259,-1874.570827149314,2758.889214135184,-1.232023639322506,3335.489019582131
2026-07-14 06:27:00,-3883.8639418905477,-5969.223666385512,-2577.3350320187833,4.117882913182347,-4.258226406916879,4.121979400114987,EXPLORER 27 (BEACON-C),-6284.908332,-3348.51306,-2578.86006,-2401.0443901094523,2620.7106063855117,-1.525027981216681,3554.3129534985987
2026-07-14 06:30:00,-3088.4952383807367,-6642.977941129563,-1800.592963511121,4.6987289655269775,-3.207164794942193,4.487503298160924,EXPLORER 27 (BEACON-C),-5970.580351,-4244.921446,-1802.372741,-2882.085112619263,2398.056495129563,-1.7797774888788354,3749.278959723133
2026-07-14 06:33:00,-2200.421482260398,-7117.184782237125,-969.7034333429638,5.144819276821673,-2.046041617869608,4.721644183711683,EXPLORER 27 (BEACON-C),-5500.010823,-5024.826212,-971.687411,-3299.5893407396015,2092.3585702371247,-1.9839776570362346,3907.077954192172
2026-07-14 06:36:00,-1245.4759861589291,-7374.881004962297,-109.31175431582263,5.4391781533633345,-0.8072442320120805,4.813923734694586,EXPLORER 27 (BEACON-C),-4881.8167060000005,-5667.008441,-111.43809,-3636.3407198410714,1707.8725639622971,-2.126335684177377,4017.437870933771
2026-07-14 06:39:00,-252.2155703847162,-7405.315758813966,754.3910620237328,5.568679525172233,0.4726960272373131,4.757758760057236,EXPLORER 27 (BEACON-C),-4128.918573,-6153.516983,752.1935119999999,-3876.703002615284,1251.7987758139652,-2.1975500237329015,4073.798126422296
2026-07-14 06:42:00,748.8522021551602,-7204.623437917412,1594.4292222273577,5.524932925277577,1.7539801968967463,4.55111539042456,EXPLORER 27 (BEACON-C),-3258.482247,-6470.327448,1592.23906,-4007.33444915516,734.295989917412,-2.190162227357632,4074.0550787888305
2026-07-14 06:45:00,1726.196019794655,-6776.307983863503,2383.912014819567,5.305090127234022,2.9947634761700512,4.197048376655045,EXPLORER 27 (BEACON-C),-2291.691852,-6607.9398200000005,2381.813007,-4017.887871794655,168.36816386350256,-2.0990078195668502,4021.4145763339516
2026-07-14 06:48:00,2648.319416557207,-6131.476932211444,3096.9847823472564,4.912478225302461,4.1527034372079585,3.704046093529693,EXPLORER 27 (BEACON-C),-1253.335107,-6561.870699,3095.061545,-3901.6545235572075,-430.3937667885557,-1.9232373472564177,3925.3217084115226
2026-07-14 06:51:00,3484.910755328679,-5288.771271014245,3709.818897766076,4.356963447752383,5.186768462153212,3.0861067724125166,EXPLORER 27 (BEACON-C),-171.192135,-6332.996665,3708.151523,-3656.1028903286788,-1044.2253939857546,-1.6673747660761364,3802.3016448268586
2026-07-14 06:54:00,4208.027950400878,-4273.953757882389,4201.586529705498,3.6549634023094058,6.059193082148479,2.3624893979061623,EXPLORER 27 (BEACON-C),924.769145,-5927.7033360000005,4200.246641,-3283.2588054008775,-1653.7495781176112,-1.339888705498197,3676.231473352612
2026-07-14 06:57:00,4793.248883731452,-3119.14281680896,4555.358439128677,2.829054271508759,6.737428771544987,1.5571128629494653,EXPLORER 27 (BEACON-C),2003.3603600000001,-5357.804367,4554.405624,-2789.888523731452,-2238.6615501910396,-0.9528151286767752,3577.021724704629
2026-07-14 07:00:00,5220.712689949904,-1861.7088366318799,4758.861986124472,1.9071608336271233,7.1959182514861375,0.6976157239744349,EXPLORER 27 (BEACON-C),3033.2562289999996,-4640.217471,4758.340254,-2187.456460949905,-2778.50863436812,-0.5217321244726918,3536.2517263359646
2026-07-14 07:03:00,5475.979545917198,-542.8806646573461,4805.042822936346,0.9213650543129493,7.417524404462089,-0.18586983533482423,EXPLORER 27 (BEACON-C),3984.132616,-3796.402555,4804.975981,-1491.8469299171984,-3253.521890342654,-0.06684193634646363,3579.2474010202272
2026-07-14 07:06:00,5550.647560440574,793.8621072277047,4692.387011490461,-0.09358460014561523,7.394472950202156,-1.0621395933876001,EXPLORER 27 (BEACON-C),4827.792901,-2851.589142,4692.775786,-722.8546594405743,-3645.4512492277045,0.38877450953896187,3716.4275615591378
2026-07-14 07:09:00,5442.683648490784,2104.5148486993103,4424.978944566529,-1.1019441360869902,7.128717506169557,-1.900418765390717,EXPLORER 27 (BEACON-C),5539.217034,-1833.833606,4425.802492,96.5333855092158,-3938.3484546993104,0.8235474334705941,3939.53143449582
2026-07-14 07:12:00,5156.448553316657,3346.2848182289085,4012.2920481026977,-2.068685419484477,6.6316987191897026,-2.671817953156386,EXPLORER 27 (BEACON-C),6097.467461,-772.9596280000001,4013.512108,941.0189076833431,-4119.244446228909,1.2200598973022352,4225.363047236464
2026-07-14 07:15:00,4702.421391377325,4479.233372836193,3468.7309939111915,-2.961106539558591,5.923535464035397,-3.3506256215292067,EXPLORER 27 (BEACON-C),6486.393613,300.54719,3470.2951860000003,1783.9722216226755,-4178.6861828361925,1.5641920888087952,4543.564410112874
2026-07-14 07:18:00,4096.652967901405,5467.729403027111,2812.963299394711,-3.750217206498371,5.0317449668858405,-3.9153421790781313,EXPLORER 27 (BEACON-C),6695.107465,1356.61984,2814.809223,2598.4544970985953,-4111.109563027111,1.8459236052890446,4863.454638437459
2026-07-14 07:21:00,3359.9966534841515,6281.640949720313,2067.0924026544667,-4.411808114357837,3.989631180956241,-4.349394971325525,EXPLORER 27 (BEACON-C),6718.216909,2366.607283,2069.151645,3358.2202555158483,-3915.0336667203132,2.059242345533221,5158.016686342675
2026-07-14 07:24:00,2517.1785682448326,6897.218907861127,1255.7320201039095,-4.92715522095469,2.834501294936903,-4.6415127974195185,EXPLORER 27 (BEACON-C),6555.825738,3304.1387969999996,1257.934552,4038.647169755167,-3593.0801108611277,2.202531896090477,5405.63599366291
2026-07-14 07:27:00,1595.7740377214825,7297.655640889641,405.04230877506177,-5.283353658683785,1.605867726729059,-4.785776330105837,EXPLORER 27 (BEACON-C),6213.323343,4145.822774,407.319686,4617.549305278518,-3151.832866889641,2.2773772249382205,5590.6902251806905
2026-07-14 07:30:00,625.1548975047663,7473.328222586331,-458.21730373579373,-5.473314517218879,0.34377047487820317,-4.781391369818754,EXPLORER 27 (BEACON-C),5701.001957,4871.762825,-455.930023,5075.847059495234,-2601.5653975863315,2.287280735793729,5703.715554001454
2026-07-14 07:33:00,-364.5364439189168,7421.75761610268,-1307.5741941251072,-5.495485898699606,-0.9126813956676777,-4.632251547943136,EXPLORER 27 (BEACON-C),5033.545707,5465.89379,-1305.337428,5398.082150918917,-1955.86382610268,2.236766125107124,5741.489285668756
2026-07-14 07:36:00,-1343.3430777541564,7147.329416351928,-2117.6361512560698,-5.353374977857161,-2.1264923122272674,-4.346364802902588,EXPLORER 27 (BEACON-C),4229.434522,5916.150769000001,-2115.5053879999996,5572.777599754156,-1231.1786473519269,2.1307632560701677,5707.158275198705
2026-07-14 07:39:00,-2282.351199296685,6660.828331982253,-2864.7746179381074,-5.054950557833328,-3.263670504077294,-3.935214900512748,EXPLORER 27 (BEACON-C),3310.307173,6214.495213,-2862.799452,5592.658372296685,-446.3331189822529,1.9751659381072386,5610.440697806289
2026-07-14 07:42:00,-3154.434630376953,5978.838172177141,-3527.691741435703,-4.611998125545748,-4.293843459750165,-3.413118231964398,EXPLORER 27 (BEACON-C),2300.313966,6356.829654,-3525.915502,5454.748596376953,377.991481822859,1.7762394357032463,5467.829822245158
2026-07-14 07:45:00,-3934.883485821972,5123.0533807000475,-4087.874897170602,-4.039485083941724,-5.190639854549258,-2.7966204670036845,EXPLORER 27 (BEACON-C),1225.481366,6342.828729,-4086.334953,5160.3648518219725,1219.7753482999524,1.539944170601757,5302.567272149211
2026-07-14 07:48:00,-4601.922970999458,4119.539101904225,-4529.948732648285,-3.3549761772535076,-5.931892833040043,-2.1039604917261756,EXPLORER 27 (BEACON-C),113.10292,6175.714002999999,-4528.677238,4715.025890999458,2056.1749010957737,1.2714946482847154,5143.862944654541
2026-07-14 07:51:00,-5137.133699241513,2997.966252629875,-4841.938071713876,-2.5781210395398473,-6.499723800759263,-1.3546127927415708,EXPLORER 27 (BEACON-C),-1008.8377340000001,5861.995437,-4840.962695,4128.295965241513,2864.0291843701248,0.9753767138754483,5024.489197611325
2026-07-14 07:54:00,-5525.787155391414,1790.837643488659,-5015.455593119397,-1.7302192844688615,-6.880562789872282,-0.5689055264440867,EXPLORER 27 (BEACON-C),-2112.213436,5411.196988,-5014.79988,3413.5737193914138,3620.3593445113406,0.6557131193976602,4975.890649026565
2026-07-14 07:57:00,-5757.109473300502,532.711945684185,-5045.826592899939,-0.8338547120858227,-7.065153108016774,0.2322993987320498,EXPLORER 27 (BEACON-C),-3169.2759810000002,4835.577165,-5045.509564,2587.833492300502,4302.865219315815,0.31702889993903227,5021.108580779474
2026-07-14 08:00:00,-5824.484114095999,-740.5750533522444,-4932.159936493979,0.08742055136940995,-7.04857615143967,1.027885674365831,EXPLORER 27 (BEACON-C),-4153.163728,4149.850079,-4932.194956,1671.3203860959984,4890.425132352244,-0.03501950602094439,5168.130204372652
2026-07-14 08:03:00,-5725.599899275301,-1992.6974974771879,-4677.3700500204695,1.009378813631736,-6.830318261005763,1.7967476025771147,EXPLORER 27 (BEACON-C),-5038.405419,3370.906909,-4677.763176,687.1944802753014,5363.604406477188,-0.3931259795308506,5407.447515921942
2026-07-14 08:06:00,-5462.545696215596,-3187.6428749545153,-4288.149986658131,1.9074179184032065,-6.414386152847037,2.5180689276921853,EXPLORER 27 (BEACON-C),-5801.429853000001,2517.53278,-4288.898391,-338.8841567844047,5705.175654954515,-0.7484043418689907,5715.231603855982
2026-07-14 08:09:00,-5041.847372025831,-4290.5396090202585,-3774.8907000419413,2.756903654197219,-5.80946130767835,3.17164277904819,EXPLORER 27 (BEACON-C),-6421.088546,1610.109578,-3775.9818,-1379.2411739741692,5900.649187020259,-1.0910999580587486,6059.700341994446
2026-07-14 08:12:00,-4474.436941513032,-5268.513563324346,-3151.537138801838,3.5335846013982195,-5.029067281834843,3.7382561696367156,EXPLORER 27 (BEACON-C),-6879.191828,670.293881,-3152.947867,-2404.7548864869677,5938.807444324346,-1.4107281981619053,6407.205468454969
2026-07-14 08:15:00,-3775.5387301825062,-6091.572277035754,-2435.368172420479,4.214104875487546,-4.091708020311554,4.200155379333577,EXPLORER 27 (BEACON-C),-7161.0539579999995,-279.340962,-2437.064725,-3385.5152278174933,5812.231315035754,-1.696552579521267,6726.347381421587
2026-07-14 08:18:00,-2964.453568423818,-6733.507110093844,-1646.685268687673,4.776630164328654,-3.0209212641190866,4.541597889281912,EXPLORER 27 (BEACON-C),-7256.034401999999,-1215.711392,-1648.6232420000001,-4291.580833576181,5517.795718093844,-1.9379733123271308,6990.260323727132
2026-07-14 08:21:00,-2064.2203648685445,-7172.792563554705,-808.3949225877884,5.201587682879815,-1.8451810939069748,4.7494823304930645,EXPLORER 27 (BEACON-C),-7158.05096,-2115.6864180000002,-810.518777,-5093.830595131455,5057.106145554705,-2.1238544122115854,7177.843493004149
2026-07-14 08:24:00,-1101.1357644176787,-7393.449715970932,54.52727823607398,5.4725014561783505,-0.5975801904886341,4.8140307682230175,EXPLORER 27 (BEACON-C),-6866.033495,-2956.607066,52.28449,-5764.897730582321,4436.842649970931,-2.2427882360739844,7274.58751921876
2026-07-14 08:27:00,-104.11776265619196,-7385.828413047187,915.6969015616813,5.576881980165649,0.6847716110587604,4.7294790660307635,EXPLORER 27 (BEACON-C),-6384.283629,-3716.859639,913.411581,-6280.1658663438075,3668.968774047187,-2.285320561681374,7273.363760765252
2026-07-14 08:30:00,896.091438922369,-7147.252549472957,1748.1016266802096,5.50710638568032,1.9616780968504408,4.494713611758997,EXPLORER 27 (BEACON-C),-5722.696395,-4376.49247,1745.8564939999999,-6618.787833922369,2770.760079472957,-2.2451326802097356,7175.337542520248
2026-07-14 08:33:00,1867.8745798897298,-6682.466845753064,2524.986824054845,5.261205601153779,3.191131973429353,4.113779797589374,EXPLORER 27 (BEACON-C),-4896.79644,-4917.852151,2522.868031,-6764.67101988973,1764.6146947530642,-2.1187930548449003,6991.040231436122
2026-07-14 08:36:00,2779.8152367965367,-6003.824265316746,3220.8154682979084,4.843463301570242,4.3309085148662465,3.5961831254419314,EXPLORER 27 (BEACON-C),-3927.550977,-5326.206315,3218.90927,-6707.366213796537,677.6179503167459,-1.906198297908304,6741.508083964797
2026-07-14 08:39:00,3601.857640879077,-5131.162321751707,3812.258074224226,4.264732032927509,5.340403836279583,2.956910840861775,EXPLORER 27 (BEACON-C),-2840.934051,-5590.314267,3810.646393,-6442.791691879077,-459.1519452482926,-1.6116812242262313,6459.132131431259
2026-07-14 08:42:00,4306.491591328421,-4091.334423184897,4279.156888371412,3.542387632740456,6.1825979062415914,2.216122021706264,EXPLORER 27 (BEACON-C),-1667.235125,-5702.903353,4277.911277,-5973.726716328421,-1611.5689298151028,-1.2456113714115418,6187.290751893678
2026-07-14 08:45:00,4869.89209380732,-2917.3878549562287,4605.40203417247,2.6998739589454956,6.825986628242614,1.39848585633129,EXPLORER 27 (BEACON-C),-440.12642200000005,-5661.0140360000005,4604.57776,-5310.01851580732,-2743.626181043772,-0.8242741724698135,5976.93750502323
2026-07-14 08:48:00,5272.938727407141,-1647.4101157206248,4779.657458486125,1.7658326325696871,7.246310225108359,0.5321873530710924,EXPLORER 27 (BEACON-C),804.480863,-5466.179927,4779.290812,-4468.457864407142,-3818.769811279375,-0.3666464861244094,5877.934900281764
2026-07-14 08:51:00,5502.043470010137,-323.0960281587853,4795.8820384457285,0.7728606167341563,7.427912056155591,-0.35233938254494807,EXPLORER 27 (BEACON-C),2029.730331,-5124.414573,4795.989096,-3472.313139010137,-4801.318544841215,0.10705755427170516,5925.336979095781
2026-07-14 08:54:00,5549.727840146859,1011.8850668785842,4653.605480118233,-0.24401608288881488,7.3645935897069945,-1.223855023487223,EXPLORER 27 (BEACON-C),3199.1851469999997,-4646.00322,4654.181734,-2350.5426931468596,-5657.888286878584,0.5762538817671157,6126.724341046568
2026-07-14 08:57:00,5414.909390057766,2313.6235249548886,4357.937934493308,-1.2490294422648016,7.059883287097172,-2.051817677923443,EXPLORER 27 (BEACON-C),4278.182917,-4045.110993,4358.958014999999,-1136.7264730577663,-6358.734517954888,1.0200805066915564,6459.539672836259
2026-07-14 09:00:00,5102.881348074216,3539.6976626210753,3919.314068639554,-2.2073757661606392,6.526701341086561,-2.807818973094352,EXPLORER 27 (BEACON-C),5235.098558000001,-3339.23173,3920.733204,132.21720992578503,-6878.929392621076,1.4191353604460346,6880.200069272106
2026-07-14 09:03:00,4624.994445057625,4650.791298078373,3352.9938414116423,-3.0868012113050187,5.786468046237075,-3.466838375745009,EXPLORER 27 (BEACON-C),6042.445100999999,-2548.513798,3354.7526239999997,1417.4506559423744,-7199.305096078373,1.7587825883574624,7337.517517646394
2026-07-14 09:06:00,3998.0734057798127,5612.109240620378,2678.3607263929125,-3.8589463512773596,4.867760498649964,-4.008225776435964,EXPLORER 27 (BEACON-C),6677.752543,-1695.004761,2680.3898590000003,2679.679137220187,-7307.114001620378,2.0291326070878313,7782.968548600774
2026-07-14 09:09:00,3243.6193179307934,6394.521583387487,1918.0713612327138,-4.500364323472116,3.8046617679312957,-4.416357930097019,EXPLORER 27 (BEACON-C),7124.183619,-801.868226,1920.2958999999998,3880.564301069207,-7196.389809387487,2.224538767286049,8175.989880862227
2026-07-14 09:12:00,2386.8609793840415,6975.395211744738,1097.1171688478537,-4.993169930886507,2.6349637076757295,-4.680953940447293,EXPLORER 27 (BEACON-C),7370.881398,107.37927400000001,1099.461176,4984.020418615959,-6868.015937744738,2.3440071521463324,8485.876969922794
2026-07-14 09:15:00,1455.7223890980806,7339.099841392695,241.85806221476247,-5.325320586277739,1.398378661306353,-4.797072019469399,EXPLORER 27 (BEACON-C),7413.057031,1009.574258,244.248576,5957.33464190192,-6329.525583392696,2.3905137852375447,8692.10767656404
2026-07-14 09:18:00,479.77010909851725,7477.202194717839,-620.9182793674606,-5.490567357248551,0.13489019230712374,-4.764838790762917,EXPLORER 27 (BEACON-C),7251.846718999999,1882.524516,-618.548818,6772.076609901482,-5594.677678717839,2.3694613674606444,8784.15878462278
2026-07-14 09:21:00,-510.8052341450866,7388.382497202263,-1464.8691562042732,-5.488140791554109,-1.1166646688536639,-4.588980161734073,EXPLORER 27 (BEACON-C),6893.9783099999995,2705.523129,-1462.582234,7404.783544145086,-4682.859368202263,2.2869222042731963,8761.278241673113
2026-07-14 09:24:00,-1486.1322867301485,7078.120574115933,-2264.8725382160196,-5.322249614912632,-2.3197314725058926,-4.2782285622952765,EXPLORER 27 (BEACON-C),6351.295175,3459.752026,-2262.722847,7837.427461730149,-3618.3685481159328,2.149691216019619,8632.373068226883
2026-07-14 09:27:00,-2417.5007096277586,6558.204187667679,-2997.690019465992,-5.001471418736373,-3.4408823662282777,-3.844676683039725,EXPLORER 27 (BEACON-C),5640.185687,4128.580063,-2995.725197,8057.686396627759,-2429.624124667679,1.9648224659918014,8416.019683561495
2026-07-14 09:30:00,-3278.0886734350483,5846.110855126655,-3642.513097156684,-4.538105665275844,-4.450390109177168,-3.3031357069638947,EXPLORER 27 (BEACON-C),4780.957393000001,4697.767395,-3640.774175,8059.0460664350485,-1148.3434601266554,1.7389221566841115,8140.449571564715
2026-07-14 09:33:00,-4043.574886512458,4964.307972472132,-4181.3978406566675,-3.9475442318477483,-5.322576418862671,-2.670539820291564,EXPLORER 27 (BEACON-C),3797.190128,5155.592098,-4179.919532,7840.765014512458,191.28412552786813,1.4783086566676502,7843.09810055172
2026-07-14 09:36:00,-4692.642200983487,3939.5066305343107,-4599.598867726294,-3.2476967635295946,-6.035990959620621,-1.965421557331472,EXPLORER 27 (BEACON-C),2715.09201,5492.918268,-4598.409895,7407.734210983486,1553.4116374656896,1.188972726294196,7568.858254033109
2026-07-14 09:39:00,-5207.384740458401,2801.8938962660645,-4885.816337202588,-2.458490101337674,-6.5734802006031705,-1.2074665189802618,EXPLORER 27 (BEACON-C),1562.870306,5703.223926,-4884.940111999999,6770.255046458401,2901.330029733935,0.876225202589012,7365.736222761576
2026-07-14 09:42:00,-5573.632280517257,1584.358011165026,-5032.369815778635,-1.6014448612779142,-6.922201249833572,-0.41714252807332963,EXPLORER 27 (BEACON-C),370.122146,5782.602762,-5031.825193,5943.754426517256,4198.244750834974,0.5446227786351301,7276.91390407162
2026-07-14 09:45:00,-5781.204784923794,321.7119682315299,-5035.310941709229,-0.6993188353791299,-7.0736266940043535,0.38461209710651134,EXPLORER 27 (BEACON-C),-832.756033,5729.752692,-5035.1125839999995,4948.448751923795,5408.04072376847,0.19835770922964002,7330.351257593332
2026-07-14 09:48:00,-5824.10713745865,-950.0860744702976,-4894.483372025461,0.22420339855331328,-7.0235741739904,1.1766637018787554,EXPLORER 27 (BEACON-C),-2015.147706,5545.95899,-4894.6414110000005,3808.95943145865,6496.045064470298,-0.15803897453952231,7530.389993559633
2026-07-14 09:51:00,-5700.669778543508,-2194.721716334565,-4613.534103600558,1.14480244384833,-6.772280129145259,1.9379486836491906,EXPLORER 27 (BEACON-C),-3146.793142,5235.075207999999,-4614.052567,2553.876636543508,7429.796924334564,-0.5184633994413161,7856.473030586844
2026-07-14 09:54:00,-5413.635680113857,-3376.330778345356,-4199.875393191691,2.0378295413749905,-6.324521623525596,2.6477573215246992,EXPLORER 27 (BEACON-C),-4198.373807,4803.501743,-4200.749745,1215.2618731138573,8179.832521345355,-0.8743518083092567,8269.614396209437
2026-07-14 09:57:00,-4970.188370151183,-4460.3308062386395,-3664.5916333610357,2.878658439426205,-5.689773948172546,3.2860628482945904,EXPLORER 27 (BEACON-C),-5142.114477,4260.157116,-3665.80645,-171.92610684881674,8720.48792223864,-1.2148166389642938,8722.182620417074
2026-07-14 10:00:00,-4381.91007518382,-5414.281571352541,-3022.281151948473,3.6431141922494454,-4.882375328398956,3.8339181488631415,EXPLORER 27 (BEACON-C),-5952.409124,3616.4325639999997,-3023.808739,-1570.4990488161802,9030.71413535254,-1.5275870515270071,9166.257000014286
2026-07-14 10:03:00,-3664.654095318656,-6208.77215608259,-2290.8195293113104,4.308003072409394,-3.921654433351587,4.27393474657671,EXPLORER 27 (BEACON-C),-6606.471595,2886.116296,-2292.6200750000003,-2941.817499681344,9094.88845208259,-1.8005456886899083,9558.833056352716
2026-07-14 10:06:00,-2838.311996440011,-6818.3231828011685,-1491.029278086978,4.851757001235923,-2.8319629404998583,4.5908474705919895,EXPLORER 27 (BEACON-C),-7085.002581000001,2085.2697279999998,-1493.052031,-4246.6905845599895,8903.592910801168,-2.022752913022032,9864.499568340436
2026-07-14 10:09:00,-1926.4549479963287,-7222.281553516323,-646.2412588194427,5.255190412309347,-1.6425462895251706,4.772153471758094,EXPLORER 27 (BEACON-C),-7372.853866,1232.038848,-648.425917,-5446.3989180036715,8454.320401516323,-2.184658180557335,10056.778778428908
2026-07-14 10:12:00,-955.830435512405,-7405.672667529644,218.2633736081505,5.502347674107358,-0.38718367167469053,4.808796807395229,EXPLORER 27 (BEACON-C),-7459.661918,346.38428999999996,215.98603599999998,-6503.831482487595,7752.056957529644,-2.2773376081505035,10119.002728117388
2026-07-14 10:15:00,44.29862072531774,-7359.962993447318,1075.9351606714654,5.581396582698507,0.8964639354470676,4.695851313134353,EXPLORER 27 (BEACON-C),-7340.4114,-550.283199,1073.642756,-7384.710020725318,6809.679794447318,-2.2924046714654196,10045.182240667622
2026-07-14 10:18:00,1042.975248016927,-7083.676145082731,1899.756658440886,5.4855007780411045,2.167839104846341,4.433137629944246,EXPLORER 27 (BEACON-C),-7015.885437,-1435.567283,1897.532802,-8058.860685016927,5648.10886208273,-2.2238564408860384,9841.055543181657
2026-07-14 10:21:00,2008.5191970496012,-6582.800621135938,2663.1426385691448,5.213585243695173,3.3848158266065447,4.025698595464833,EXPLORER 27 (BEACON-C),-6492.954337,-2286.649605,2661.073124,-8501.4735340496,4296.151016135938,-2.069514569144758,9525.333069582513
2026-07-14 10:24:00,2909.619210824521,-5870.929362931052,3340.9074534893916,4.770898967820177,4.505336462243982,3.4840544831743303,EXPLORER 27 (BEACON-C),-5784.654458,-3080.941182,3339.075756,-8694.27366882452,2789.9881809310523,-1.8316974893914448,9130.96008277695
2026-07-14 10:27:00,3716.501384093503,-4969.081777506706,3910.253140433578,4.169281593687958,5.48927662759078,2.824168729352134,EXPLORER 27 (BEACON-C),-4910.0163729999995,-3796.798114,3908.736392,-8626.517757093503,1172.283663506706,-1.5167484335784138,8705.806102923498
2026-07-14 10:30:00,4402.112714180406,-3905.1780483200064,4351.721099177558,3.4270589294973615,6.3004118579457415,2.0670768680701204,EXPLORER 27 (BEACON-C),-3893.617402,-4414.264586,4350.5862290000005,-8295.730116180406,-509.08653767999385,-1.1348701775577865,8311.33614717152
2026-07-14 10:33:00,4943.248304201492,-2713.1619093249537,4650.044694923609,2.568525066493878,6.908326648767173,1.2381647237359008,EXPLORER 27 (BEACON-C),-2764.858284,-4915.800007,4649.343932,-7708.106588201492,-2202.638097675046,-0.7007629236095454,8016.6403346709685
2026-07-14 10:36:00,5321.547232785987,-1431.7984825886806,4794.841511006043,1.6230127386578805,7.290092868737489,0.36612200131127315,EXPLORER 27 (BEACON-C),-1556.987308,-5286.943767,4794.607156,-6878.534540785987,-3855.145284411319,-0.23435500604318804,7885.2002287593805
2026-07-14 10:39:00,5524.287093469038,-103.2041161133437,4781.092677171624,0.6236017529054959,7.431555272636488,-0.5183622480415261,EXPLORER 27 (BEACON-C),-305.91785100000004,-5516.875464,4781.33463,-5830.204944469038,-5413.671347886656,0.2419528283762702,7956.0748623917125
2026-07-14 10:42:00,5544.920471763103,1228.8089548495966,4609.371930249762,-0.39444031844266525,7.3280968587449395,-1.3840623042979254,EXPLORER 27 (BEACON-C),951.1019100000001,-5598.830013000001,4610.0789970000005,-4593.8185617631025,-6827.638967849597,0.7070667502384822,8229.20551169072
2026-07-14 10:45:00,5383.316641159968,2520.472573722253,4285.806943334864,-1.3953582077484807,6.984811214417952,-2.2007159532968474,EXPLORER 27 (BEACON-C),2176.880787,-5530.335718,4286.948784,-3206.4358541599677,-8050.808291722253,1.1418406651364421,8665.837890285418
2026-07-14 10:48:00,5045.69594550208,3729.7795805753253,3821.777412942517,-2.3446072484072307,6.4160740732288675,-2.9404373117303457,EXPLORER 27 (BEACON-C),3335.651508,-5313.268065,3823.307654,-1710.0444375020797,-9043.047645575325,1.530241057483181,9203.312720972537
2026-07-14 10:51:00,4544.269532821978,4818.074330685264,3233.3755949318565,-3.210411424301972,5.644571440080704,-3.5789302695595206,EXPLORER 27 (BEACON-C),4394.333146,-4953.719867,3235.234568,-149.93638682197798,-9771.794197685263,1.8589730681433139,9772.94460322934
2026-07-14 10:54:00,3896.620065481839,5751.42842907589,2540.6727591153135,-3.9650651593793844,4.699896429262967,-4.096417816270153,EXPLORER 27 (BEACON-C),5323.619199,-4461.705123,2542.7911379999996,1426.9991335181608,-10213.13355207589,2.1183788846860807,10312.343476006263
2026-07-14 10:57:00,3124.8769049414273,6501.736572467754,1766.8472513998495,-4.585899190924906,3.6168632613731377,-4.47823926370982,EXPLORER 27 (BEACON-C),6098.843272,-3850.725486,1769.150449,2973.966367058573,-10352.462058467754,2.3031976001504972,10771.162979415414
2026-07-14 11:00:00,2254.7500620245505,7047.4954650746195,937.235250000157,-5.055874367686708,2.433700328190534,-4.715107097390807,EXPLORER 27 (BEACON-C),6700.592597,-3137.233846,939.647399,4445.842534975449,-10184.72931107462,2.412148999842998,11112.795904007337
2026-07-14 11:03:00,1314.4901144476016,7374.257562331992,78.36373411042428,-5.3638103362905465,1.1902750088912006,-4.80305135467317,EXPLORER 27 (BEACON-C),7115.063373,-2340.037931,80.81160899999999,5800.573258552398,-9714.295493331992,2.447874889575715,11314.335731791545
2026-07-14 11:06:00,333.83683035269405,7474.777011817294,-782.9823629187803,-5.504292180648937,-0.07352471211958708,-4.743106848418514,EXPLORER 27 (BEACON-C),7334.175359,-1479.682078,-780.5664740000001,7000.338528647306,-8954.459089817294,2.4158889187801833,11366.049575089612
2026-07-14 11:09:00,-656.9909689675217,7348.884663343194,-1620.618512577417,-5.47732270009836,-1.3191657717288896,-4.540814343127282,EXPLORER 27 (BEACON-C),7355.474851,-577.84035,-1618.295666,8012.465819967521,-7926.7250133431935,2.3228465774170672,11270.87322921009
2026-07-14 11:12:00,-1628.225409290032,7003.140886479146,-2409.7176974739086,-5.287799503117468,-2.510559119987995,-4.205610650426792,EXPLORER 27 (BEACON-C),7181.867555,343.253768,-2407.5421770000003,8810.092964290032,-6659.887118479146,2.175520473908364,11044.086164242224
2026-07-14 11:15:00,-2551.375154268339,6450.319122344263,-3127.4527717587866,-4.944895429813488,-3.61485785924416,-3.7501764019043566,EXPLORER 27 (BEACON-C),6821.225022,1261.325079,-3125.4722110000002,9372.600176268339,-5188.9940433442625,1.980560758786396,10713.136663399215
2026-07-14 11:18:00,-3399.935847217652,5708.770748790646,-3753.5219517040678,-4.461410794623026,-4.60299085425956,-3.1897971064674593,EXPLORER 27 (BEACON-C),6285.907611,2154.514343,-3751.7773930000003,9685.843458217652,-3554.2564057906466,1.7445587040674582,10317.378792052108
2026-07-14 11:21:00,-4149.9856700828705,4801.7147787150025,-4270.563816429226,-3.853150132056866,-5.449978899623967,-2.5417764249778,EXPLORER 27 (BEACON-C),5592.2392740000005,3001.777752,-4269.090338000001,9742.224944082871,-1799.9370267150025,1.473478429224997,9907.104639216688
2026-07-14 11:24:00,-4780.674044466241,3756.4861418846176,-4664.473517182827,-3.138357950706592,-6.135090938088732,-1.8249233517652732,EXPLORER 27 (BEACON-C),4759.960917,3783.234589,-4663.301035,9540.634961466241,26.748447115382533,1.1724821828265704,9540.67252986337
2026-07-14 11:27:00,-5274.6159003856865,2603.7656228547653,-4924.634193156768,-2.337230128768515,-6.641899434775044,-1.059119277047212,EXPLORER 27 (BEACON-C),3811.681635,4480.472455,-4923.787593,9086.297535385685,1876.7068321452348,0.8466001567676358,9278.083430973684
2026-07-14 11:30:00,-5618.205285632489,1376.8043462028713,-5044.077329041949,-1.4715017408969968,-6.958288909471687,-0.26495790085923576,EXPLORER 27 (BEACON-C),2772.339282,5076.822189,-5043.576122,8390.544567632489,3700.017842797129,0.5012070419488737,9170.134700736555
2026-07-14 11:33:00,-5801.8609036671205,110.64698637327758,-5019.583540967668,-0.5640991524728179,-7.076461876340094,0.5365588725137532,EXPLORER 27 (BEACON-C),1668.671209,5557.615135,-5019.441935,7470.532112667121,5446.968148626723,0.14160596766851086,9245.44818159709
2026-07-14 11:36:00,-5820.213036036999,-1158.6487621964138,-4851.731625461125,0.36116558792786946,-6.99297370478114,1.3242926168287672,EXPLORER 27 (BEACON-C),528.691699,5910.431347,-4851.9582709999995,6348.904735036999,7069.080109196413,-0.22664553887443617,9501.604336962248
2026-07-14 11:39:00,-5672.236788988828,-2394.803137668292,-4544.899186489048,1.27988672051098,-6.708813350004865,2.077234915147265,EXPLORER 27 (BEACON-C),-618.830642,6125.346662,-4545.496545,5053.406146988828,8520.149799668292,-0.5973585109522901,9906.052021468962
2026-07-14 11:42:00,-5361.331221230285,-3562.123960213214,-4107.213254951835,2.1673754156759895,-6.229531229813176,2.7747969020858307,EXPLORER 27 (BEACON-C),-1744.906408,6195.18145,-4108.176131,3616.4248132302855,9757.305410213214,-0.9628760481655263,10405.937642762137
2026-07-14 11:45:00,-4895.338160375783,-4626.3420850498105,-3550.4444992649637,2.999021880733998,-5.56539925582943,3.3971480272075185,EXPLORER 27 (BEACON-C),-2820.879182,6115.748525999999,-3551.7572659999996,2074.4589783757833,10742.09061104981,-1.3127667350358934,10940.561798752608
2026-07-14 11:48:00,-4286.48893480209,-5555.475764432408,-2889.8343827660615,3.750738732056371,-4.731571747932329,3.9256252568891905,EXPLORER 27 (BEACON-C),-3819.007359,5886.094127,-2891.468066,467.48157580208954,11441.56989143241,-1.6336832339384273,11451.11624572766
2026-07-14 11:51:00,-3551.2624632387133,-6320.720210460292,-2143.8414994893105,4.399508435181587,-3.748200623000278,4.343225603606262,EXPLORER 27 (BEACON-C),-4713.080815,5508.721024,-2145.75269,-1161.818351761287,11829.441234460293,-1.9111905106892664,11886.357955853759
2026-07-14 11:54:00,-2710.134910170324,-6897.349244940122,-1333.7919294238343,4.924046110319216,-2.640445405156523,4.63518300976496,EXPLORER 27 (BEACON-C),-5479.073107,4989.773983,-1335.92391,-2768.938196829676,11887.123227940123,-2.131980576165688,12205.356279905849
2026-07-14 11:57:00,-1787.2002921610062,-7265.6044831087165,-483.4194477099682,5.305572810168619,-1.438310485807137,4.789615397449448,EXPLORER 27 (BEACON-C),-6095.819485,4339.162726,-485.70475300000004,-4308.6191928389935,11604.767209108715,-2.285305290031829,12378.805538060838
2026-07-14 12:00:00,-809.6438815033301,-7411.535064081224,381.7146115095455,5.5286740509138275,-0.1762414103103848,4.798210000281269,EXPLORER 27 (BEACON-C),-6545.701644000001,3570.593972,379.351181,-5736.057762496671,10982.129036081224,-2.3634305095454806,12389.895980420513
2026-07-14 12:03:00,192.94330053310952,-7327.739116961491,1234.9247308328113,5.582195576955041,1.1075784593815186,4.656896750017368,EXPLORER 27 (BEACON-C),-6815.309208,2701.48216,1232.563967,-7008.252508533109,10029.22127696149,-2.3607638328112444,12235.23143298988
2026-07-14 12:06:00,1189.4099073554535,-7013.949055884903,2049.220142238638,5.460106044208234,2.37226781804912,4.366443352198713,EXPLORER 27 (BEACON-C),-6896.0367479999995,1752.713,2046.946595,-8085.446655355453,8766.662055884903,-2.2735472386380025,11925.97234558708
2026-07-14 12:09:00,2148.0360866009437,-6477.398806964692,2798.2184854634406,5.1622386540992595,3.575626722784149,3.932895354463859,EXPLORER 27 (BEACON-C),-6784.573098,748.24251,2796.117449,-8932.609184600944,7225.641316964692,-2.101036463440778,11489.18638114112
2026-07-14 12:12:00,3037.641134875819,-5732.9143471177085,3457.119079555704,4.694815403860139,4.675814545116359,3.3677836472507536,EXPLORER 27 (BEACON-C),-6483.235514000001,-285.47756599999997,3455.27276,-9520.87664887582,5447.436781117709,-1.8463195557042127,10969.123167157839
2026-07-14 12:15:00,3828.759059021263,-4802.68081082582,4003.6873694159613,4.070662562038655,5.633238094624835,2.688033125344932,EXPLORER 27 (BEACON-C),-6000.103252,-1320.241423,4002.170273,-9828.862311021263,3482.43938782582,-1.5170964159610776,10427.555836363403
2026-07-14 12:18:00,4494.819184504568,-3715.6598258515087,4419.192147863777,3.309046306708769,6.412517843794499,1.9155303088640987,EXPLORER 27 (BEACON-C),-5348.917522,-2326.975225,4418.066573,-9843.736706504567,1388.6846008515085,-1.1255748637768193,9941.207096451933
2026-07-14 12:21:00,5013.259264486835,-2506.657907470596,4689.232758743628,2.435092235578437,6.984369615192908,1.0763424353869961,EXPLORER 27 (BEACON-C),-4548.727296,-3276.7294789999996,4688.545397,-9561.986560486836,-770.0715715294036,-0.6873617436285713,9592.945203673104
2026-07-14 12:24:00,5366.49629830445,-1215.0773716201443,4804.396088345258,1.4787973838981017,7.327229076175543,0.1996210296237208,EXPLORER 27 (BEACON-C),-3623.282488,-4141.723719,4804.175493,-8989.77878630445,-2926.6463473798553,-0.22059534525851632,9454.17270404892
2026-07-14 12:27:00,5542.686511487725,116.58890710527123,4760.693014189154,0.47369149162217716,7.428460921384545,-0.6837374432152492,EXPLORER 27 (BEACON-C),-2600.197225,-4896.379785,4760.947732,-8142.8837364877245,-5012.968692105272,0.2547178108452499,9562.238792190095
2026-07-14 12:30:00,5536.220316387526,1444.4327614534172,4559.74011498698,-0.5447526270193447,7.285032933386498,-1.5425695129909684,EXPLORER 27 (BEACON-C),-1509.9305009999998,-5518.277894000001,4560.457439,-7046.150817387525,-6962.710655453418,0.7173240130196064,9905.936680975161
2026-07-14 12:33:00,5347.91886948438,2724.8736865538103,4208.672841183431,-1.540829166212224,6.903591674733535,-2.3469387473789585,EXPLORER 27 (BEACON-C),-384.645108,-5988.98011,4209.8205499999995,-5732.563977484379,-8713.85379655381,1.1477088165684108,10430.41413659603
2026-07-14 12:36:00,4984.923388218546,3916.3617633976196,3719.798367021092,-2.480286589309847,6.299942305952568,-3.069522008190636,EXPLORER 27 (BEACON-C),742.9895479999999,-6294.670431,3721.328121,-4241.933840218547,-10211.03219439762,1.5297539789080474,11057.087479077081
2026-07-14 12:39:00,4460.2934848527175,4980.93887497581,3110.0171671269463,-3.331855646783528,5.4979992314895805,-3.686779433273348,EXPLORER 27 (BEACON-C),1840.9715840000001,-6426.576505,3111.868072,-2619.3219008527176,-11407.51537997581,1.850904873053878,11704.369175249052
2026-07-14 12:42:00,3792.3531893567324,5885.572976905999,2400.0593673791673,-4.068506560397088,4.528326751020895,-4.179828918096497,EXPLORER 27 (BEACON-C),2879.0514559999997,-6381.16414,2402.162272,-913.3017333567327,-12266.737116905999,2.10290462083276,12300.689573094653
2026-07-14 12:45:00,3003.8403028427315,6603.204477323579,1613.5930822338637,-4.668361696422969,3.4264219402619545,-4.534983640592662,EXPLORER 27 (BEACON-C),3829.672238,-6160.106592,1615.874387,825.8319351572686,-12763.31106932358,2.2813047661363726,12790.000509843416
2026-07-14 12:48:00,2120.9243962323308,7113.472277993796,776.2661683368266,-5.115234064023252,2.2309018719378555,-4.7439508462704785,EXPLORER 27 (BEACON-C),4668.724335,-5770.054097,778.651383,2547.799938767669,-12883.526374993795,2.3852146631734286,13133.032478159575
2026-07-14 12:51:00,1172.1605289295733,7403.115606287447,-85.25985882240647,-5.398804561011756,0.9817448245065213,-4.803725253162989,EXPLORER 27 (BEACON-C),5376.097771,-5222.23917,-82.842856,4203.937242070427,-12625.354776287448,2.4170028224064737,13306.865799439536
2026-07-14 12:54:00,187.44030332371563,7466.072625979846,-944.2334213355833,-5.514485612742591,-0.28129486014727845,-4.716236143787397,EXPLORER 27 (BEACON-C),5936.030354,-4531.959098,-941.851961,5748.590050676285,-11998.031723979846,2.3814603355833697,13304.099311554859
2026-07-14 12:57:00,-803.0090332732647,7303.315201609885,-1774.6558593062884,-5.463041618343048,-1.5200187793445705,-4.487821003014089,EXPLORER 27 (BEACON-C),6337.266507,-3717.980034,-1772.371156,7140.275540273265,-11021.295235609885,2.2847033062885203,13132.11668701474
2026-07-14 13:00:00,-1769.540698162415,6922.469817008177,-2552.019353253614,-5.2500461929617686,-2.698826314709117,-4.128600540198875,EXPLORER 27 (BEACON-C),6573.0536440000005,-2801.901592,-2549.88648,8342.594342162416,-9724.371409008178,2.1328732536139796,12812.5830419695
2026-07-14 13:03:00,-2683.897566003785,6337.277689038297,-3253.928440810284,-4.885253892417596,-3.7854674321775237,-3.651822255118382,EXPLORER 27 (BEACON-C),6641.006979000001,-1807.5149860000001,-3251.9967659999998,9324.904545003785,-8144.792675038297,1.9316748102842212,12381.094306407544
2026-07-14 13:06:00,-3519.90556623681,5566.943864993857,-3860.6047460498107,-4.3819529269635735,-4.751537008537552,-3.073225635267146,EXPLORER 27 (BEACON-C),6542.8780130000005,-760.180353,-3858.918104,10062.78357923681,-6327.124217993856,1.686642049810871,11886.636070699049
2026-07-14 13:09:00,-4254.052964567506,4635.4174396874505,-4355.282527224248,-3.7563489357723063,-5.572760261551037,-2.410465017264299,EXPLORER 27 (BEACON-C),6284.259360999999,313.763946,-4353.879379,10538.312325567505,-4321.6534936874505,1.4031482242480706,11390.027109692668
2026-07-14 13:12:00,-4865.9644565939025,3570.634974480192,-4724.507434129882,-3.0270115543768488,-6.229127726490541,-1.6826089562059277,EXPLORER 27 (BEACON-C),5874.250978,1387.5549210000001,-4723.421024,10740.215434593902,-2183.080053480192,1.086410129882097,10959.838834658069
2026-07-14 13:15:00,-5338.7829088851595,2403.748497689929,-4958.352683225488,-2.2143978097938777,-6.704938572170566,-0.9097195747574269,EXPLORER 27 (BEACON-C),5325.108222,2434.5218769999997,-4957.610936,10663.89113088516,30.773379310070595,0.7417472254883251,10663.935558809153
2026-07-14 13:18:00,-5659.472500937354,1168.349451764279,-5050.5661997912775,-1.3404509078357378,-6.988805015882675,-0.11250285681984604,EXPLORER 27 (BEACON-C),4651.885901,3428.573665,-5050.191360000001,10311.358401937354,2260.224213235721,0.3748397912768269,10556.170031209518
2026-07-14 13:21:00,-5819.055492819811,-100.30846637223267,-4998.65973106583,-0.4282604845750038,-7.073660212274394,0.6879884417049948,EXPLORER 27 (BEACON-C),3872.08449,4344.666205,-4998.667661,9691.139982819812,4444.974671372233,-0.00792993417053367,10661.894484368731
2026-07-14 13:24:00,-5812.791455468471,-1366.0908938053128,-4803.947083411726,0.4982389290628905,-6.9567988539176,1.4706237310335033,EXPLORER 27 (BEACON-C),3005.2993650000003,5159.26063,-4804.346293,8818.090820468471,6525.351523805312,-0.3992095882731519,10969.910591551186
2026-07-14 13:27:00,-5640.303111151912,-2592.7759410942353,-4471.5340101291295,1.4145606939144613,-6.6399649130014256,2.214463024536389,EXPLORER 27 (BEACON-C),2072.867834,5850.782139999999,-4472.324809999999,7713.170945151913,8443.558081094234,-0.790799870869705,11436.200405873964
2026-07-14 13:30:00,-5305.64745410985,-3744.8671503691266,-4010.257356627403,2.29598271752308,-6.129485150113517,2.8990528878418202,EXPLORER 27 (BEACON-C),1097.5059569999999,6400.085525,-4011.430734,6403.15341110985,10144.952675369128,-1.1733773725968604,11996.68453234065
2026-07-14 13:33:00,-4817.32505793154,-4788.432912201658,-3432.5663232572033,3.117920556398047,-5.436430721416105,3.5047754164048532,EXPLORER 27 (BEACON-C),102.925459,6790.930542,-3434.102724,4920.25051693154,11579.363454201659,-1.536400742796559,12581.356266889246
2026-07-14 13:36:00,-4188.214973384475,-5691.974519743435,-2754.3346273906936,3.8563859500738737,-4.576773053278734,4.0132701864120826,EXPLORER 27 (BEACON-C),-886.581128,7010.463375,-2756.202135,3301.6338453844755,12702.437894743434,-1.867507609306358,13124.508295794816
2026-07-14 13:39:00,-3435.4180240317182,-6427.317792049796,-1994.589490121922,4.488552095950123,-3.5714851547673865,4.4079401923092325,EXPLORER 27 (BEACON-C),-1846.59578,7049.692254,-1996.7414210000002,1588.8222440317181,13477.010046049796,-2.1519308780782467,13570.341209242442
2026-07-14 13:42:00,-2579.9883895102066,-6970.513433207009,-1175.142359771754,4.993434743444839,-2.446527354165425,4.674540344392094,EXPLORER 27 (BEACON-C),-2753.076731,6903.940030000001,-1177.516176,-173.0883414897935,13874.45346320701,-2.3738162282461417,13875.533291072461
2026-07-14 13:45:00,-1646.532997536494,-7302.719637018933,-320.1077570676896,5.352681311335982,-1.2326493930683864,4.801831430067542,EXPLORER 27 (BEACON-C),-3582.910387,6573.24943,-322.627368,-1936.377389463506,13875.969067018934,-2.5196109323103997,14010.427591323938
2026-07-14 13:48:00,-662.6612838596161,-7411.028023138963,544.6988556783951,5.551439412249165,0.03505834160322326,4.7822645607644585,EXPLORER 27 (BEACON-C),-4314.510672,6062.706597,542.1181280000001,-3651.8493881403842,13473.734620138963,-2.5807276783950783,13959.854412842129
2026-07-14 13:51:00,341.7250259439326,-7289.1824890529615,1392.4854134635036,5.579253256073551,1.3179202520934832,4.612643027929025,EXPLORER 27 (BEACON-C),-4928.450639000001,5382.639661,1389.9323160000001,-5270.175664943933,12671.822150052962,-2.553097463503491,13724.060429051118
2026-07-14 13:54:00,1335.3011295861163,-6938.132156892872,2196.3199770774877,5.43091456702808,2.574769747212953,4.294693165358205,EXPLORER 27 (BEACON-C),-5408.099816,4548.64979,2193.884004,-6743.400945586116,11486.781946892872,-2.435973077487688,13319.895710641302
2026-07-14 13:57:00,2286.3313652174165,-6366.356653203245,2930.056617020771,5.107178141394716,3.7633786727245746,3.8354669060463142,EXPLORER 27 (BEACON-C),-5740.233942,3581.439207,2927.825003,-8026.565307217416,9947.795860203245,-2.2316140207708486,12782.190660735903
2026-07-14 14:00:00,3163.7912071310598,-5589.906544885432,3569.312991889768,4.6152456058098705,4.842173776232135,3.247499777340874,EXPLORER 27 (BEACON-C),-5915.579616,2506.411138,3567.366684,-9079.37082313106,8096.317682885432,-1.9463078897679225,12164.92245574304
2026-07-14 14:03:00,3938.5486443665804,-4632.115001682856,4092.449283362493,3.9689281073049973,5.7721445712278685,2.5486614951322926,EXPLORER 27 (BEACON-C),-5929.2508210000005,1353.027517,4090.85934,-9867.799465366581,5985.1425186828565,-1.589943362493159,11541.03114048109
2026-07-14 14:06:00,4584.540243291565,-3522.958336531522,4481.489024703022,3.18842124805543,6.518804969395922,1.7616622986553103,EXPLORER 27 (BEACON-C),-5781.034144,153.93367,4480.312888,-10365.574387291566,3676.892006531522,-1.1761367030212568,10998.393909542787
2026-07-14 14:09:00,5079.86850615826,-2298.0709704620767,4722.919085693993,2.2996621383640443,7.054043330923079,0.9132141191752353,EXPLORER 27 (BEACON-C),-5475.492208,-1056.117206,4722.196605,-10555.36071415826,1241.9537644620768,-0.7224806939930204,10628.174324926904
2026-07-14 14:12:00,5407.746112987275,-997.4511017369018,4808.30990611589,1.3332842577241564,7.35768921138042,0.03288639347164107,EXPLORER 27 (BEACON-C),-5021.865813,-2241.4901529999997,4808.061005,-10429.611925987276,-1244.039051263098,-0.24890111589047592,10503.544075678237
2026-07-14 14:15:00,5557.220119906411,336.0773452284314,4734.708058687408,0.3232336618666747,7.41864337732991,-0.8482649813026428,EXPLORER 27 (BEACON-C),-4433.769227,-3366.978551,4734.93263,-9990.989346906412,-3703.0558962284317,0.22457131259216112,10655.162652490193
2026-07-14 14:18:00,5523.62461870043,1658.5572675339738,4504.770203284568,-0.6948482116456941,7.235459122836732,-1.6991872507661347,EXPLORER 27 (BEACON-C),-3728.689167,-4399.119119,4505.449799,-9252.31378570043,-6057.6763865339735,0.6795957154317875,11058.967133276228
2026-07-14 14:21:00,5308.731888752148,2926.6415670340134,4126.628336264537,-1.6853415842944146,6.8163214392371,-2.4903150894973525,EXPLORER 27 (BEACON-C),-2927.3167489999996,-5307.427718,4127.728204,-8236.048637752148,-8234.069285034013,1.0998677354627944,11646.132206181956
2026-07-14 14:24:00,4920.596917143203,4099.279473527108,3613.498255839,-2.614321610188062,6.178436761171725,-3.1949270722600582,EXPLORER 27 (BEACON-C),-2052.759113,-6065.48201,3614.969657,-6973.3560301432035,-10164.761483527109,1.4714011609999034,12326.803012344773
2026-07-14 14:27:00,4373.115090398134,5139.246255941227,2983.063539168132,-3.4510538862431632,5.346909073597081,-3.7902697600225843,EXPLORER 27 (BEACON-C),-1129.6815290000002,-6651.794683,2984.846429,-5502.796619398135,-11791.040938941227,1.782889831868033,13011.895336073978
2026-07-14 14:30:00,3685.3346726278037,6014.434423921883,2256.6835051577327,-4.169205317532104,4.353228152304976,-4.258375929321678,EXPLORER 27 (BEACON-C),-183.431986,-7050.436398,2258.7098889999997,-3868.7666586278037,-13064.870821921882,2.0263838422670233,13625.645274945602
2026-07-14 14:33:00,2880.5817069122045,6698.849751011376,1458.4837075702576,-4.747702797047366,3.2335254049632156,-4.586542103252214,EXPLORER 27 (BEACON-C),760.7997349999999,-7251.391662999999,1460.68175,-2119.7819719122044,-13950.241414011376,2.1980424297423724,14110.37618028069
2026-07-14 14:36:00,1985.4635098930119,7173.284273098783,614.3905340531481,-5.171216536459589,2.026759087419586,-4.767470000675888,EXPLORER 27 (BEACON-C),1678.7434369999999,-7250.6546880000005,616.688348,-306.720072893012,-14423.938961098784,2.297813946851875,14427.199923636183
2026-07-14 14:39:00,1028.8175459765614,7425.666688720161,-248.832286708537,-5.430286792681145,0.7729750621009294,-4.799110497307035,EXPLORER 27 (BEACON-C),2547.700152,-7050.090943,-246.503906,1518.8826060234385,-14475.75763172016,2.328380708536997,14555.224794022995
2026-07-14 14:42:00,40.66604538053226,7451.114615628495,-1104.4967172393187,-5.521145979131149,-0.4882429131424349,-4.684272601903668,EXPLORER 27 (BEACON-C),3347.065922,-6657.103027,-1102.202589,3306.3998766194677,-14108.217642628495,2.294128239318752,14490.482754515377
2026-07-14 14:45:00,-948.7748228006624,7251.730389202946,-1926.8170887631934,-5.445309022054426,-1.7190605346154002,-4.430071727636355,EXPLORER 27 (BEACON-C),4058.723306,-6084.147367,-1924.616956,5007.498128800662,-13335.877756202946,2.2001327631933236,14245.022916054395
2026-07-14 14:48:00,-1909.9966626568485,6836.191471122648,-2691.6283045666337,-5.209012493174024,-2.884387410749382,-4.047291679231325,EXPLORER 27 (BEACON-C),4667.307218999999,-5348.149874,-2689.576489,6577.303881656848,-12184.341345122648,2.0518155666336497,13846.266810085328
2026-07-14 14:51:00,-2814.991441480803,6219.188456497964,-3376.9863188361383,-4.822579164719371,-3.9525851777140177,-3.5497257072016977,EXPLORER 27 (BEACON-C),5160.3595860000005,-4469.863762,-3375.132036,7975.351027480803,-10689.052218497964,1.8542828361382817,13336.493721352706
2026-07-14 14:54:00,-3637.927883663984,5420.759555651438,-3963.652173481663,-4.299772371379261,-4.895923738054832,-2.9535470794188448,EXPLORER 27 (BEACON-C),5528.392786,-3473.205298,-3962.0399589999997,9166.320669663985,-8893.964853651438,1.612214481663159,12772.002506902814
2026-07-14 14:57:00,-4355.71468720856,4465.562232008118,-4435.468334594907,-3.657187577782921,-5.69083742988354,-2.276742268769772,EXPLORER 27 (BEACON-C),5764.884767,-2384.593067,-4434.138085,10120.59945420856,-6850.155299008118,1.3302495949074,12220.931335320543
2026-07-14 15:00:00,-4948.460316841659,3382.1123857148123,-4779.640324803942,-2.913710110178479,-6.318040288919151,-1.5386227843914935,EXPLORER 27 (BEACON-C),5866.227196999999,-1232.306628,-4778.626781000001,10814.687513841658,-4614.4190137148125,1.0135438039415021,11757.990044367552
2026-07-14 15:03:00,-5399.842547711812,2202.010781829569,-4986.937993278011,-2.0900505291797598,-6.762558703257003,-0.7594166857549525,EXPLORER 27 (BEACON-C),5831.6451529999995,-45.869628,-4986.270321000001,11231.487700711812,-2247.880409829569,0.6676722780102864,11454.225541428916
2026-07-14 15:06:00,-5697.401434322423,959.1666012756298,-5051.829726081074,-1.2083540457904456,-7.013732846878846,0.04007117129060139,EXPLORER 27 (BEACON-C),5663.100837,1144.544254,-5051.531019,11360.502271322423,185.37765272437014,0.2987070810740988,11362.014646183019
2026-07-14 15:09:00,-5832.767520156025,-310.980113968903,-4972.560074498285,-0.2918683608313231,-7.065227305218385,0.8387498429913446,EXPLORER 27 (BEACON-C),5365.190407,2308.686948,-4972.646289,11197.957927156025,2619.667061968903,-0.08621450171540346,11500.300746561117
2026-07-14 15:12:00,-5801.833472835477,-1572.2412350987206,-4751.17724623934,0.6353545305098058,-6.915077800056145,1.6155092372827757,EXPLORER 27 (BEACON-C),4945.040017,3416.8027779999998,-4751.656124,10746.873489835478,4989.044013098721,-0.4788777606599979,11848.453494042533
2026-07-14 15:15:00,-5604.872479389668,-2788.476029209467,-4393.512187528464,1.5487527586639749,-6.565785893720292,2.349491214301551,EXPLORER 27 (BEACON-C),4412.200463,4440.198326000001,-4394.38237,10017.072942389668,7228.674355209468,-0.8701824715362818,12352.954465391498
2026-07-14 15:18:00,-5246.601176255758,-3924.407536545538,-3909.106061308025,2.423578072322159,-6.024457638343024,3.0203926126265515,EXPLORER 27 (BEACON-C),3778.535389,5351.8244270000005,-3910.3560079999997,9025.136565255758,9276.231963545539,-1.2499466919748556,12942.23979940826
2026-07-14 15:21:00,-4736.17912482695,-4946.465939910678,-3311.0782666379055,3.2352806752912047,-5.3029658386408745,3.608824920991101,EXPLORER 27 (BEACON-C),3058.0942769999997,6126.876439000001,-3312.685099,7794.273401826949,11073.342378910678,-1.6068323620943374,13541.403615759946
2026-07-14 15:24:00,-4087.1314345558517,-5823.660105662438,-2615.923247750075,3.9599834741327364,-4.4180995849123965,4.0967491628016495,EXPLORER 27 (BEACON-C),2266.9580440000004,6743.413448,-2617.851865,6354.089478555852,12567.073553662438,-1.9286172499250824,14082.1090225939
2026-07-14 15:27:00,-3317.1767464541454,-6528.470805812101,-1843.2217716657265,4.575065440335627,-3.39165010031722,4.4679950303969935,EXPLORER 27 (BEACON-C),1423.043741,7182.991126,-1845.4247050000001,4740.220487454146,13711.4619318121,-2.2029333342736663,14507.718064193547
2026-07-14 15:30:00,-2447.9402103174493,-7037.749025720588,-1015.251734913234,5.059860836211965,-2.250370482214881,4.708860306720279,EXPLORER 27 (BEACON-C),545.852299,7431.292530000001,-1017.668701,2993.7925093174495,14469.041555720589,-2.416966086766024,14775.51904238019
2026-07-14 15:33:00,-1504.5311949554914,-7333.590919903747,-156.48552544886755,5.396463515458068,-1.0257409977088068,4.808770528041156,EXPLORER 27 (BEACON-C),-343.852509,7478.7292879999995,-159.042935,1160.6786859554913,14812.320207903747,-2.5574095511324515,14857.725650107042
2026-07-14 15:36:00,-514.9691005380798,-7404.148610757614,707.0339611607551,5.570604243470484,0.24652600369741567,4.760960839050414,EXPLORER 27 (BEACON-C),-1224.441884,7320.981888,704.420735,-709.4727834619202,14725.130498757615,-2.6132261607550618,14742.212407398893
2026-07-14 15:39:00,490.55161127318763,-7244.324902280156,1548.438136159494,5.572546035539114,1.5272942121623232,4.563124227165076,EXPLORER 27 (BEACON-C),-2073.903495,6959.4409510000005,1545.859384,-2564.4551062731875,14203.765853280156,-2.578752159493888,14433.412661490029
2026-07-14 15:42:00,1480.5541111200503,-6856.292324035594,2340.88635257926,5.397921231775193,2.7751515556526347,4.2179559089979,EXPLORER 27 (BEACON-C),-2870.406307,6401.497017,2338.433363,-4350.96041812005,13257.789341035594,-2.4529895792597927,13953.488480967126
2026-07-14 15:45:00,2423.3111094020614,-6249.775075990095,3058.5027168973784,5.048418767165322,3.947888255230277,3.7335162430560227,EXPLORER 27 (BEACON-C),-3592.9311519999997,5660.627034,3056.2638110000003,-6016.242261402062,11910.402109990095,-2.2389058973781175,13343.644718825375
2026-07-14 15:48:00,3287.9800917550165,-5442.038358095677,3677.35632484071,4.5322254053582,5.004249147832159,3.123337566517014,EXPLORER 27 (BEACON-C),-4221.9412680000005,4756.241599,3675.4127599999997,-7509.921359755017,10198.279957095678,-1.9435648407102235,12665.063627572044
2026-07-14 15:51:00,4045.7890885719503,-4457.544168009248,4176.432807389963,3.8641341296155822,5.905857669252052,2.4062158829071185,EXPLORER 27 (BEACON-C),-4740.061085,3713.266118,4174.85437,-8785.850173571951,8170.810286009248,-1.5784373899632556,11998.054279501881
2026-07-14 15:54:00,4671.206568512207,-3327.255347439077,4538.536837778373,3.0652576750798146,6.619168695817063,1.6056561285796787,EXPLORER 27 (BEACON-C),-5132.722802,2561.4477629999997,4537.378438,-9803.929370512207,5888.703110439077,-1.1583997783736777,11436.51418775742
2026-07-14 15:57:00,5143.021396425882,-2087.598188232906,4751.063124546667,2.162323424227042,7.117282717732674,0.7489767837393537,EXPLORER 27 (BEACON-C),-5388.736216,1334.400703,4750.363233,-10531.757612425881,3421.9988912329063,-0.6998915466665494,11073.752539601826
2026-07-14 16:00:00,5445.259005330293,-779.1246403869615,4806.578465707405,1.1865724371840998,7.3814511381074,-0.13387964748295572,EXPLORER 27 (BEACON-C),-5500.7377750000005,68.433682,4806.357261,-10945.996780330293,847.5583223869614,-0.22120470740446763,10978.76134515092
2026-07-14 16:03:00,5567.8686444710675,555.0562051772365,4703.169516884618,0.17233281374076406,7.402124482841035,-1.011746162593879,EXPLORER 27 (BEACON-C),-5465.487792000001,-1198.775394,4703.427472,-11033.35643647107,-1753.8315991772365,0.25795511538217397,11171.878964571313
2026-07-14 16:06:00,5507.133021817913,1870.9852664514592,4444.528693449997,-0.8446222388245872,7.179439763484176,-1.8537289050521732,EXPLORER 27 (BEACON-C),-5283.995089999999,-2429.582031,4445.247221,-10791.128111817912,-4300.567297451459,0.7185275500023636,11616.51090137902
2026-07-14 16:09:00,5265.77385948965,3125.5941285899285,4039.771844497346,-1.828795336460577,6.723103501033639,-2.630678106161862,EXPLORER 27 (BEACON-C),-4961.4596950000005,-3587.771686,4040.915677,-10227.23355448965,-6713.365814589928,1.1438325026538223,12233.788785447314
2026-07-14 16:12:00,4852.751959738877,4278.3722090885785,3503.0032768750452,-2.746621293420479,6.051693286597892,-3.3165116580326237,EXPLORER 27 (BEACON-C),-4507.037531999999,-4639.864020999999,3504.5236299999997,-9359.789491738877,-8918.236230088578,1.520353124954454,12928.286781194314
2026-07-14 16:15:00,4282.785076028546,5292.862844138691,2852.6635679584606,-3.5679277358797057,5.191462454311456,-3.8892910226349366,EXPLORER 27 (BEACON-C),-3933.449694,-5556.248741,2854.501718,-8216.234770028546,-10849.111585138691,1.838150041539393,13609.178496948747
2026-07-14 16:18:00,3575.6280348455475,6137.9099231140735,2110.710901929954,-4.267098055676944,4.174779775845721,-4.331981983803967,EXPLORER 27 (BEACON-C),-3256.469398,-6312.097468,2112.801414,-6832.097432845548,-12450.007391114073,2.090512070045861,14201.416962434787
2026-07-14 16:21:00,2755.1745873801246,6788.602777911771,1301.6956118177277,-4.823875437489936,3.038362342429018,-4.632872071949882,EXPLORER 27 (BEACON-C),-2494.325018,-6888.016857,1303.968891,-5249.499605380124,-13676.61963491177,2.27327918227229,14649.476984272802
2026-07-14 16:24:00,1848.4478463212872,7226.896083352557,451.78945237855976,-5.2237912805738524,1.821462541724345,-4.785655565912672,EXPLORER 27 (BEACON-C),-1667.0619339999998,-7270.433785,454.17463799999996,-3515.509780321287,-14497.329868352557,2.3851856214402005,14917.485981775624
2026-07-14 16:27:00,884.5456469121525,7441.909399813952,-412.1737053728911,-5.458242427789295,0.5641513898701389,-4.789229652906067,EXPLORER 27 (BEACON-C),-795.90124,-7451.726451,-409.74587199999996,-1680.4468869121524,-14893.635850813953,2.4278333728911434,14988.138526540188
2026-07-14 16:30:00,-106.40017767903839,7429.934117244731,-1263.5990904917958,-5.524273284243347,-0.6941937219816886,-4.6472673636048185,EXPLORER 27 (BEACON-C),97.373503,-7430.12879,-1261.194688,203.7736806790384,-14860.06290724473,2.404402491795736,14861.460194118192
2026-07-14 16:33:00,-1094.203766955674,7194.191601512511,-2076.9405500771422,-5.424137846562059,-1.9161307625336619,-4.367642654119154,EXPLORER 27 (BEACON-C),990.976131,-7209.447801,-2074.621951,2085.179897955674,-14403.639402512512,2.318599077142153,14553.790180580147
2026-07-14 16:36:00,-2049.512087759376,6744.394486738345,-2828.3985625322484,-5.164722452067942,-3.0671001373702222,-3.9617813581584977,EXPLORER 27 (BEACON-C),1863.609081,-6798.641579,-2826.2239210000002,3913.121168759376,-13543.036065738346,2.174641532248188,14097.03330095904
2026-07-14 16:39:00,-2944.5807575492677,6096.16388790943,-3496.49953783843,-4.756904649692212,-4.116088885158394,-3.4440013570981396,EXPLORER 27 (BEACON-C),2694.8817740000004,-6211.304193,-3494.522361,5639.4625315492685,-12307.46808090943,1.977176838430296,13537.995129138611
2026-07-14 16:42:00,-3753.9335063126587,5270.3503840109815,-4062.559269781124,-4.214910328965732,-5.036050092420882,-2.8308896781924657,EXPLORER 27 (BEACON-C),3465.6603280000004,-5465.096187,-4060.828689,7219.593834312659,-10735.446571010982,1.7305807811239902,12937.246662500746
2026-07-14 16:45:00,-4454.909559630035,4292.297935703079,-4511.040326627776,-3.555713781327705,-5.804131306017458,-2.140746664539734,EXPLORER 27 (BEACON-C),4158.3578769999995,-4581.150199,-4509.601792,8613.267436630034,-8873.448134703078,1.43853462777588,12366.343833306542
2026-07-14 16:48:00,-5028.109445786775,3191.07941694419,-4829.816894876028,-2.798506886163427,-6.4017716015773605,-1.393110466681491,EXPLORER 27 (BEACON-C),4757.174794,-3583.4732740000004,-4828.711973,9785.284239786775,-6774.5526909441905,1.1049218760272197,11901.527340499242
2026-07-14 16:51:00,-5457.752670023058,1998.7217965000325,-5010.361477228707,-1.964246386154903,-6.8147249412199615,-0.6083605379672863,EXPLORER 27 (BEACON-C),5248.301775000001,-2498.360993,-5009.626316,10706.054445023059,-4497.082789500032,0.7351612287075113,11612.207194839293
2026-07-14 16:54:00,-5731.960794259406,749.4294028002407,-5047.866443004661,-1.075273557540704,-7.033059710163373,0.19261263981899193,EXPLORER 27 (BEACON-C),5620.100601,-1353.828602,-5047.529698,11352.061395259407,-2103.258004800241,0.33674500466077006,11545.258432356222
2026-07-14 16:57:00,-5842.977284276732,-521.1940732531635,-4941.310341792524,-0.15498903678373308,-7.051172802939226,0.9886925475381223,EXPLORER 27 (BEACON-C),5863.274897,-179.054334,-4941.391908,11706.252181276732,342.1397392531635,-0.08156620747558918,11711.250989517539
2026-07-14 17:00:00,-5787.331625857083,-1776.9296752534897,-4693.474693534335,0.7724427867104366,-6.867842786531863,1.7588023250521896,EXPLORER 27 (BEACON-C),5971.0366890000005,996.173561,-4693.984633,11758.368314857084,2773.1032362534897,-0.5099394656654113,12080.94893817505
2026-07-14 17:03:00,-5565.950212630912,-2981.74116123792,-4310.9121773209645,1.6823906498054204,-6.4863314448714595,2.4821792842221138,EXPLORER 27 (BEACON-C),5939.271444,2142.0135499999997,-4311.849083,11505.22165663091,5123.75471123792,-0.9369056790355899,12594.561865620175
2026-07-14 17:06:00,-5184.21087851914,-4100.594895488332,-3803.862231912768,2.550087563395415,-5.914527004838841,3.1386856551803644,EXPLORER 27 (BEACON-C),5766.702921,3229.1414959999997,-3805.211995,10950.913799519141,7329.736391488332,-1.349763087232077,13177.539619939207
2026-07-14 17:09:00,-4651.932197387711,-5100.307132110107,-3186.105524099847,3.351028100692014,-5.165106068799757,3.7091793860941102,EXPLORER 27 (BEACON-C),5455.052334,4229.346534,-3187.841048,10106.984531387712,9329.653666110107,-1.735523900152657,13754.765605393479
2026-07-14 17:12:00,-3983.2833744209206,-5950.4187996827195,-2474.745044560439,4.061458870632477,-4.255675452517256,4.1759620819440375,EXPLORER 27 (BEACON-C),5009.179421,5116.157473,-2476.8259780000003,8992.46279542092,11066.57627268272,-2.0809334395612495,14259.505666621742
2026-07-14 17:15:00,-3196.5963912205325,-6624.089814701755,-1689.8993263456628,4.658980162972067,-3.208840949503384,4.523311045280263,EXPLORER 27 (BEACON-C),4437.189112,5865.497265999999,-1692.271487,7633.7855032205325,12489.587080701755,-2.372160654337222,14637.775520302199
2026-07-14 17:18:00,-2314.0598465018343,-7098.9945281569035,-854.2930747345135,5.123263076375905,-2.052139360166262,4.738088844815448,EXPLORER 27 (BEACON-C),3750.4848509999997,6456.358794,-856.8888469999999,6064.544697501834,13555.353322156903,-2.595772265486403,14850.128377039084
2026-07-14 17:21:00,-1361.2745348062222,-7358.187917280235,7.267032374508142,5.436868263593736,-0.8177654031076788,4.810407383552023,EXPLORER 27 (BEACON-C),2963.743782,6871.485675,4.527432,4325.018316806222,14229.673592280235,-2.739600374508142,14872.437644480377
2026-07-14 17:24:00,-366.6550407173237,-7390.899870601243,868.5379835759846,5.586130768130729,0.4579708612999325,4.734305384654747,EXPLORER 27 (BEACON-C),2094.787777,7098.0291050000005,865.744968,2461.4428177173236,14488.928975601244,-2.7930155759846684,14696.522425589175
2026-07-14 17:27:00,639.3299750568392,-7193.204227661657,1702.605169391032,5.562052526104006,1.7355052901780883,4.5083808742886,EXPLORER 27 (BEACON-C),1164.328241,7128.141387,1699.8573359999998,524.9982659431607,14321.345614661655,-2.7478333910321453,14330.965457512635
2026-07-14 17:30:00,1625.0735833144981,-6768.50238353027,2482.7519639955976,5.361123486002974,2.97322129949352,4.1363068381720725,EXPLORER 27 (BEACON-C),195.57073699999998,6959.46233,2480.151271,-1429.5028463144981,13727.96471353027,-2.6006929955974556,13802.191866770925
2026-07-14 17:33:00,2558.881415733318,-6127.760563159615,3183.4061030495322,4.9859783858236435,4.128974859990282,3.6271524230775523,EXPLORER 27 (BEACON-C),-786.3285979999999,6595.453353,3181.051324,-3345.210013733318,12723.213916159615,-2.354779049532226,13155.630275183463
2026-07-14 17:36:00,3410.118984181744,-5289.447126286068,3781.120881740872,4.445793485918999,5.161879859681782,2.995437085310146,EXPLORER 27 (BEACON-C),-1754.952936,6045.531321,3779.101819,-5165.071920181744,11334.978447286068,-2.0190627408719592,12456.311991023023
2026-07-14 17:39:00,4150.400375571402,-4279.132190217319,4255.537416421932,3.7563392500396606,6.034244473968318,2.260862701097394,EXPLORER 27 (BEACON-C),-2683.440665,5324.960911,4253.930662,-6833.841040571402,9604.093101217319,-1.6067544219322372,11787.28086737174
2026-07-14 17:42:00,4754.750336737033,-3128.735605654968,4590.266918022966,2.9396319122818917,6.713510986362375,1.447698173746756,EXPLORER 27 (BEACON-C),-3545.387384,4454.483302000001,4589.131646,-8300.137720737033,7583.2189076549685,-1.1352720229660918,11242.664118146558
2026-07-14 17:45:00,5202.665191560339,-1875.4383923508176,4773.630969662979,2.0231666634649144,7.174029901624361,0.5838290379374602,EXPLORER 27 (BEACON-C),-4315.787982,3459.6865559999997,4773.005440000001,-9518.453173560338,5335.124948350817,-0.6255296629778968,10911.66849858735
2026-07-14 17:48:00,5478.999485088176,-560.303367028424,4799.204059623819,1.0387623150634275,7.39850023767357,-0.3004748201630616,EXPLORER 27 (BEACON-C),-4971.968592,2370.133002,4799.10588,-10450.968077088175,2930.436369028424,-0.09817962381930556,10854.040310910948
2026-07-14 17:51:00,5574.615168919822,773.3214305448967,4666.115745655835,0.02109413818011662,7.378933496086961,-1.1739838569172716,EXPLORER 27 (BEACON-C),-5494.444564,1218.28289,4666.543542,-11069.059732919823,444.9614594551033,0.42779634416547196,11077.999560135268
2026-07-14 17:54:00,5486.747580825017,2081.5217824870992,4379.088318093887,-0.9939699195187915,7.117046102480206,-2.0060109060891587,EXPLORER 27 (BEACON-C),-5867.646296,38.281925,4380.0221169999995,-11354.393876825017,-2043.2398574870992,0.9337989061123153,11536.771224969565
2026-07-14 17:57:00,5219.065288481567,3321.5526870200715,3948.2073517129447,-1.9710909793514497,6.624046903928902,-2.7678652368093632,EXPLORER 27 (BEACON-C),-6080.471133,-1135.3109310000002,3949.6091239999996,-11299.536421481567,-4456.863618020072,1.4017722870548823,12146.734483596198
2026-07-14 18:00:00,4781.426117085771,4453.483861829725,3388.4443279283237,-2.8770958440552716,5.91985264396652,-3.4341402279446527,EXPLORER 27 (BEACON-C),-6126.634251,-2268.779751,3390.2600350000002,-10908.060368085771,-6722.263612829725,1.8157070716765702,12813.064128886977
2026-07-14 18:03:00,4189.356082997656,5441.660173104463,2718.9697894221017,-3.6824004193678075,5.031824460761969,-3.983738980081191,EXPLORER 27 (BEACON-C),-6004.804379,-3330.419424,2721.132874,-10194.160461997657,-8772.079597104463,2.1630845778981893,13448.802647887565
2026-07-14 18:06:00,3463.298390768159,6255.902314739073,1962.3098519890452,-4.362123287694579,3.993162976728794,-4.400576550117982,EXPLORER 27 (BEACON-C),-5718.529795,-4291.552027,1964.745676,-9181.82818576816,-10547.454341739072,2.435824010954775,13984.089811542104
2026-07-14 18:09:00,2627.693657183819,6872.399904754347,1143.4066955321578,-4.896834558677349,2.841122293701301,-4.673937338973805,EXPLORER 27 (BEACON-C),-5275.975161,-5127.34526,1146.035953,-7903.66881818382,-11999.745164754346,2.629257467842308,14368.781149407605
2026-07-14 18:12:00,1709.9587318826939,7274.278343006527,288.6443145237988,-5.272929764923724,1.6152024103722058,-4.798504687224609,EXPLORER 27 (BEACON-C),-4689.5038859999995,-5817.407739,291.386006,-6399.462617882693,-13091.686082006527,2.741691476201197,14572.07513651894
2026-07-14 18:15:00,739.4298507330366,7451.848160245139,-575.1050526068087,-5.4826587108523865,0.35545801118064,-4.774110981596526,EXPLORER 27 (BEACON-C),-3975.148005,-6346.1586689999995,-572.3308989999999,-4714.577855733037,-13798.00682924514,2.7741536068087953,14581.229183906002
2026-07-14 18:18:00,-253.67237830008116,7402.567752111747,-1421.369136230792,-5.523869190036233,-0.8989744707368058,-4.6052766730945915,EXPLORER 27 (BEACON-C),-3152.0082740000003,-6702.985582,-1418.639418,-2898.335895699919,-14105.553334111748,2.7297182307920593,14400.242820075478
2026-07-14 18:21:00,-1239.21135154269,7130.765216317891,-2224.867205492266,-5.3995424653390085,-2.111072178293013,-4.300614343538947,EXPLORER 27 (BEACON-C),-2241.62366,-6882.2179289999995,-2222.2543050000004,-1002.4123084573102,-14012.98314531789,2.612900492265453,14048.791189791347
2026-07-14 18:24:00,-2188.0060533155756,6647.171922092991,-2962.1874832936023,-5.117201340140946,-3.246825674613152,-3.872170577913194,EXPLORER 27 (BEACON-C),-1267.3422819999998,-6882.9528310000005,-2959.758358,920.6637713155758,-13530.12475309299,2.429125293602283,13561.41229794015
2026-07-14 18:27:00,-3072.589987956466,5968.32021770018,-3612.3451786913784,-4.688264784624519,-4.275860088794022,-3.334766806123386,EXPLORER 27 (BEACON-C),-253.716304,-6708.769949,-3610.161046,2818.873683956466,-12677.090166700182,2.1841326913781813,12986.71123538151
2026-07-14 18:30:00,-3867.853810260833,5115.851994706635,-4157.225498989304,-4.127408890723212,-5.17181903229846,-2.705383996675537,EXPLORER 27 (BEACON-C),774.0640940000001,-6367.371062,-4155.3414139999995,4641.917904260833,-11483.223056706636,1.8840849893040286,12385.952411896003
2026-07-14 18:33:00,-4551.577123896205,4115.775700644109,-4581.922381366635,-3.451976064409108,-5.91256678056569,-2.0026183819626393,EXPLORER 27 (BEACON-C),1790.6923219999999,-5870.176007,-4580.386539,6342.269445896205,-9985.951707644108,1.5358423666348244,11829.776650070811
2026-07-14 18:36:00,-5104.860623009004,2997.698758313134,-4874.98689162842,-2.6814558962421935,-6.480268657167983,-1.2462187349003424,EXPLORER 27 (BEACON-C),2771.224522,-5231.898906,-4873.839771,7876.085145009003,-8229.597664313134,1.1471206284204527,11391.180634323442
2026-07-14 18:39:00,-5512.472221153763,1794.0517874936393,-5028.599678832553,-1.8370442126471223,-6.861406422061867,-0.4567016025109754,EXPLORER 27 (BEACON-C),3691.524434,-4470.120565,-5027.873946000001,9203.996655153762,-6264.17235249364,0.7257328325522394,11133.436586091262
2026-07-14 18:42:00,-5763.120514008166,539.3116635432182,-5038.680124569252,-0.9412725847805495,-7.046776941778877,0.3449700040853435,EXPLORER 27 (BEACON-C),4528.683626,-3604.863185,-5038.400486,10291.804140008166,-4144.174848543218,0.279638569252711,11094.837435031895
2026-07-14 18:45:00,-5849.666442193036,-730.7769890445043,-4904.941493398406,-0.017689512074834757,-7.031510394997426,1.1376665711723815,EXPLORER 27 (BEACON-C),5261.4249819999995,-2658.170905,-4905.1230590000005,11111.091424193037,-1927.3939159554957,-0.18156560159422952,11277.020882174706
2026-07-14 18:48:00,-5769.279943124823,-1979.9873612238653,-4630.897045428002,0.909433366376232,-6.815130116351502,1.9003572971132559,EXPLORER 27 (BEACON-C),5870.500639999999,-1653.694761,-4631.543233,11639.780583124822,326.2926002238653,-0.6461875719987802,11644.353107914962
2026-07-14 18:51:00,-5523.543245860966,-3172.4110859533203,-4223.81722349831,1.8154014410798298,-6.401660785429397,2.6123887546953624,EXPLORER 27 (BEACON-C),6339.094318,-616.272586,-4224.9187010000005,11862.637563860966,2556.13849995332,-1.1014775016901694,12134.908949626342
2026-07-14 18:54:00,-5118.49677578297,-4273.281722943011,-3694.6331481076513,2.6754367433963364,-5.799775594514988,3.2538039695880583,EXPLORER 27 (BEACON-C),6653.230099,428.50795,-3696.167054,11771.72687478297,4701.789672943011,-1.5339058923486846,12675.976573658869
2026-07-14 18:57:00,-4564.617913590389,-5249.825888988441,-3057.777216716182,3.4650883771216385,-5.022956801634837,3.805724732722422,EXPLORER 27 (BEACON-C),6802.183917,1454.7718770000001,-3059.706399,11366.80183059039,6704.597765988441,-1.929182283818136,13196.810932242475
2026-07-14 19:00:00,-3876.717682662588,-6072.141003866989,-2330.948125733459,4.160739687670867,-4.089628471741777,4.250812647403022,EXPLORER 27 (BEACON-C),6778.8917089999995,2436.854176,-2333.2213309999997,10655.609391662587,8508.99517986699,-2.2732052665405718,13636.165723771099
2026-07-14 19:03:00,-3073.7365229747975,-6714.090141167276,-1534.785692294035,4.740228325968461,-3.023206516776946,4.57381370581698,EXPLORER 27 (BEACON-C),6580.3387649999995,3349.8399449999997,-1537.338557,9654.075287974796,10063.930086167275,-2.552864705965021,13945.747199855112
2026-07-14 19:06:00,-2178.418470278819,-7154.1937554266815,-692.4410747866365,5.183580974673503,-1.8520013065569703,4.7621771398152095,EXPLORER 27 (BEACON-C),6207.904729,4170.148907,-695.196955,8386.323199278819,11324.342662426681,-2.7558802133635254,14091.5279914456
2026-07-14 19:09:00,-1216.8441737343983,-7376.485950866098,170.96902289892813,5.473845716419692,-0.6089046646759892,4.8067225144663475,EXPLORER 27 (BEACON-C),5667.633793,4876.155318,168.098163,6884.477966734398,12252.641268866098,-2.8708598989281313,14054.296964978668
2026-07-14 19:12:00,-217.80803716375814,-7371.290846467157,1029.0293900826239,5.59798302696986,0.6692012643805727,4.702311001559964,EXPLORER 27 (BEACON-C),4970.397634999999,5448.829842,1026.140546,5188.205672163757,12820.120688467157,-2.888844082623791,13830.147537497782
2026-07-14 19:15:00,787.9661815052146,-7135.864398741531,1854.8103433474696,5.5477536060577775,1.9423587146068295,4.448459949895708,EXPLORER 27 (BEACON-C),4131.912442,5872.380241999999,1852.005751,3343.9462604947853,13008.24464074153,-2.8045923474696792,13431.173183761575
2026-07-14 19:18:00,1768.7638657899724,-6674.841053584121,2621.752225541975,5.320521397652205,3.1687886687339755,4.049827575673741,EXPLORER 27 (BEACON-C),3172.575073,6134.85622,2619.134958,1403.8112072100275,12809.697273584121,-2.6172675419747975,12886.389602850222
2026-07-14 19:21:00,2692.9484628417517,-6000.425072200978,3304.619927054266,4.919877682256097,4.306460928421353,3.5164904610938827,EXPLORER 27 (BEACON-C),2117.090867,6228.676852,3302.289715,-575.8575958417518,12229.101924200979,-2.3302120542662124,12242.652950773085
2026-07-14 19:24:00,3530.1196775916205,-5132.274982581645,3880.483309444749,4.355991395595243,5.314909542138907,2.8639436157762024,EXPLORER 27 (BEACON-C),993.880423,6151.036928,3878.531068,-2536.2392545916205,11283.311910581646,-1.9522414447492338,11564.845050377968
2026-07-14 19:27:00,4252.303591140622,-4097.046829976331,4329.668274925037,3.6456047973391335,6.157177731777487,2.112772512324518,EXPLORER 27 (BEACON-C),-165.72970999999998,5904.1515420000005,4328.17029,-4418.033301140622,10001.19837197633,-1.4979849250366897,10933.571665726087
2026-07-14 19:30:00,4835.105284759396,-2927.586627804877,4636.616915828278,2.8116226490096996,6.80174044344016,1.2879776346573704,EXPLORER 27 (BEACON-C),-1328.5092220000001,5495.305225,4635.63148,-6163.614506759397,8422.891852804878,-0.9854358282782414,10437.205177779417
2026-07-14 19:33:00,5258.749089717859,-1661.7919265737444,4790.595408638604,1.8822842882852897,7.224234287334765,0.4179708072491911,EXPLORER 27 (BEACON-C),-2460.4754780000003,4936.679326,4790.16074,-7719.224567717859,6598.471252573745,-0.434668638603398,10155.109599942185
2026-07-14 19:36:00,5508.934284127541,-341.1928364529187,4786.19576732578,0.8899555259837255,7.408829414836452,-0.46669712877254915,EXPLORER 27 (BEACON-C),-3528.1261860000004,4244.961225,4786.326141,-9037.06047012754,4586.1540614529185,0.13037367421929957,10134.16355863276
2026-07-14 19:39:00,5577.445161845853,990.6701331361713,4623.591696961019,-0.1303766144844748,7.349107027909258,-1.3347827828831824,EXPLORER 27 (BEACON-C),-4499.6861229999995,3440.751815,4624.277067,-10077.131284845853,2450.0816818638286,0.6853700389810911,10370.702755819193
2026-07-14 19:42:00,5462.47277495084,2289.97428534398,4308.5279407089865,-1.1427865903692254,7.048356171120433,-2.155852977431083,EXPLORER 27 (BEACON-C),-5346.294573,2547.796143,4309.737751000001,-10808.767347950841,257.82185765602026,1.209810291014037,10811.841894702975
2026-07-14 19:45:00,5168.629026893741,3514.3421474336556,3852.0442687981263,-2.112129825497603,6.5192665630891735,-2.901718441189205,EXPLORER 27 (BEACON-C),-6043.054866,1592.0835419999999,3853.731076,-11211.683892893741,-1922.2586054336557,1.686807201873762,11375.277434227934
2026-07-14 19:48:00,4706.659149789065,4624.4628682305365,3269.956829484795,-3.005656750118822,5.783060291745703,-3.5476827069567674,EXPLORER 27 (BEACON-C),-6569.881892,600.880094,3272.058337,-11276.541041789065,-4023.5827742305364,2.1015075152049576,11972.869356364487
2026-07-14 19:51:00,4092.8826437073003,5585.5150491938875,2582.1382181956255,-3.7943968339215237,4.868163541110816,-4.073515473458001,EXPLORER 27 (BEACON-C),-6912.110852,-398.24442200000004,2584.579938,-11004.9934957073,-5983.759471193887,2.4417198043743156,12526.582343626618
2026-07-14 19:54:00,3348.4124206795523,6368.320192599281,1811.6510020460219,-4.454221438893993,3.8085610806167436,-4.4640954696008315,EXPLORER 27 (BEACON-C),-7060.849555,-1378.340445,1814.3501680000002,-10409.261975679552,-7746.660637599281,2.6991659539783086,12975.495874838662
2026-07-14 19:57:00,2498.2148394763162,6950.1834641093865,983.7960610543241,-4.96653710482174,2.641995424115279,-4.709708053708416,EXPLORER 27 (BEACON-C),-7013.075527,-2313.906433,986.665852,-9511.290366476316,-9264.089897109387,2.8697909456758453,13277.349671257794
2026-07-14 20:00:00,1570.078343625561,7315.4076716661375,125.13659022477171,-5.318605423922519,1.4081682717643178,-4.80602059037813,EXPLORER 27 (BEACON-C),-6771.498278,-3181.5852710000004,128.089618,-8341.576621625562,-10496.992942666138,2.9530277752282927,13407.7876658756
2026-07-14 20:03:00,593.5556840397172,7455.49317105709,-737.4482416323453,-5.503524717740968,0.14707749127802797,-4.753788347474695,EXPLORER 27 (BEACON-C),-6344.224023,-3960.708813,-734.4968240000001,-6937.779707039717,-11416.20198405709,2.951417632345283,13358.98438187077
2026-07-14 20:06:00,-401.06437369514134,7369.057548265379,-1577.6373792574154,-5.519936994929097,-1.1024148141352932,-4.558361761618956,EXPLORER 27 (BEACON-C),-5744.269292,-4633.686262,-1574.767773,-5343.204918304858,-12002.74381026538,2.8696062574153984,13138.329650625348
2026-07-14 20:09:00,-1383.7131414278422,7061.522514318399,-2370.4407825246026,-5.371538669421094,-2.3037305893281563,-4.229071651825979,EXPLORER 27 (BEACON-C),-4988.97,-5186.24448,-2367.7277050000002,-3605.2568585721583,-12247.7669943184,2.7130775246023404,12767.367807194496
2026-07-14 20:12:00,-2325.397953362035,6544.6211409327925,-3092.855896490302,-5.066475633959172,-3.4234287234838088,-3.778563916225227,EXPLORER 27 (BEACON-C),-4099.331108,-5607.538264999999,-3090.368028,-1773.9331546379653,-12152.15940593279,2.487868490301935,12280.953678514314
2026-07-14 20:15:00,-3198.9441204513737,5835.777326585107,-3724.4043757371996,-4.616695032163066,-4.431784111774794,-3.2221425261027576,EXPLORER 27 (BEACON-C),-3099.354511,-5890.155126000001,-3722.203597,99.58960945137369,-11725.932452585108,2.200778737199471,11726.355564126747
2026-07-14 20:18:00,-3979.6208571628363,4957.402982755976,-4247.554834767364,-4.037311037002822,-5.303137453483182,-2.57716279911855,EXPLORER 27 (BEACON-C),-2015.371876,-6030.040831,-4245.695573,1964.2489811628363,-10987.443813755977,1.8592617673639324,11161.639623160123
2026-07-14 20:21:00,-4645.657759536777,3936.148912419682,-4648.0432259864965,-3.346023747456278,-6.016072744044951,-1.8624991705740161,EXPLORER 27 (BEACON-C),-875.3985110000001,-6026.369891,-4646.571983,3770.259248536777,-9962.518803419682,1.4712429864966907,10652.071999110021
2026-07-14 20:24:00,-5178.663606144134,2802.134613401927,-4915.105142013389,-2.5626119146248247,-6.553482467732782,-1.0980953079403635,EXPLORER 27 (BEACON-C),291.483433,-5881.381844,-4914.059785,5470.147039144134,-8683.516457401925,1.0453570133886387,10262.84403996274
2026-07-14 20:27:00,-5563.96126067662,1588.1717895965273,-5041.634349463663,-1.708503591973566,-6.902576303736534,-0.30459078297353803,EXPLORER 27 (BEACON-C),1455.712059,-5600.2000800000005,-5041.04313,7019.67331967662,-7188.371869596528,0.5912194636630375,10047.313272717583
2026-07-14 20:30:00,-5790.851777128456,328.9872545532809,-5024.279781576877,-0.8064150277710408,-7.05487990384874,0.4969918283525209,EXPLORER 27 (BEACON-C),2587.808763,-5190.644576000001,-5024.160296,8378.660540128456,-5519.631830553281,0.11948557687719585,10033.358759948705
2026-07-14 20:33:00,-5852.818038120198,-939.5561689119996,-4863.489657526468,0.11996245272345778,-7.00625780939091,1.2855225867571318,EXPLORER 27 (BEACON-C),3658.927427,-4663.044435,-4863.848588000001,9511.745465120199,-3723.4882660880003,-0.35893047353238217,10214.581087335924
2026-07-14 20:36:00,-5747.673975335215,-2181.246831588818,-4563.506919731823,1.046255202430088,-6.756980145972812,2.040029687041601,EXPLORER 27 (BEACON-C),4641.4010020000005,-4030.0489300000004,-4564.340012,10389.074977335214,-1848.8020984111822,-0.8330922681770971,10552.29590078979
2026-07-14 20:39:00,-5477.6601622591115,-3360.327673803998,-4132.315290787046,1.9477115454200207,-6.311837187822145,2.7399829910909634,EXPLORER 27 (BEACON-C),5509.292427,-3306.433516,-4133.606252,10986.952589259112,53.89415780399804,-1.2909612129533343,10987.084847467673
2026-07-14 20:42:00,-5049.48083785942,-4442.323362396107,-3581.5304187146403,2.7995506484751322,-5.6802897621277495,3.3656220165088007,EXPLORER 27 (BEACON-C),6238.957139,-2508.89527,-3583.249478,11288.437976859419,1933.4280923961069,-1.71905928535989,11452.815335149398
2026-07-14 20:45:00,-4474.271740068832,-5394.89516970608,-2926.2262803138096,3.5773867602761977,-4.876627312228706,3.8983500937914486,EXPLORER 27 (BEACON-C),6809.622257,-1655.826028,-2928.32959,11283.893997068832,3739.0691417060802,-2.1033096861901868,11887.258145066771
2026-07-14 20:48:00,-3767.483102752272,-6188.721357675693,-2184.68377023478,4.2577535013157775,-3.920090095999942,4.321208506660317,EXPLORER 27 (BEACON-C),7203.976996,-767.048837,-2187.113226,10971.460098752272,5421.672520675693,-2.4294557652201547,12237.952260170754
2026-07-14 20:51:00,-2948.6585208063234,-6798.391965079117,-1378.0468034159826,4.818742420262294,-2.8348988418705274,4.619433151639239,EXPLORER 27 (BEACON-C),7408.760927,136.49393,-1380.730814,10357.419447806324,6934.885895079116,-2.6840105840174147,12464.701649035838
2026-07-14 20:54:00,-2041.088950521111,-7203.295908698384,-529.8719241916662,5.240754937935949,-1.6501262531172156,4.7810817189228905,EXPLORER 27 (BEACON-C),7415.32945,1033.11219,-532.72716,9456.418400521112,8236.408098698384,-2.855235808333873,12540.425650128074
2026-07-14 20:57:00,-1071.3227590773174,-7388.466128200061,334.43907411145426,5.507347433852397,-0.3993426192174812,4.79770235002923,EXPLORER 27 (BEACON-C),7220.164718999999,1900.8072220000001,331.505445,8291.487478077317,9289.273350200061,-2.933629111454252,12451.480738451542
2026-07-14 21:00:00,-68.51821615591784,-7345.336598134201,1188.3272717967884,5.606126957238412,0.8800248311392279,4.664996795240172,EXPLORER 27 (BEACON-C),6825.292469,2717.779986,1185.415007,6893.810685155918,10063.1165841342,-2.9122647967883495,12197.9895732835
2026-07-14 21:03:00,936.3654843218592,-7072.355388290918,2004.8792645952624,5.529632492671203,2.1476602204449162,4.38341488672594,EXPLORER 27 (BEACON-C),6238.559047000001,3463.002342,2002.091547,5302.1935626781415,10535.357730290918,-2.787717595262393,11794.3641987466
2026-07-14 21:06:00,1911.5289218631551,-6575.392878436077,2757.725481708475,5.276117711256306,3.3616652286518223,3.9586060537412386,EXPLORER 27 (BEACON-C),5473.724553999999,4116.833705999999,2755.1642140000004,3562.1956321368443,10692.226584436077,-2.5612677084745883,11270.002378643434
2026-07-14 21:09:00,2825.418575067493,-5867.8859207591695,3422.0013694761715,4.850140206714479,4.480172191998104,3.4016512115301074,EXPLORER 27 (BEACON-C),4550.331371,4661.6601390000005,3419.762423,1724.9127959325074,10529.54605975917,-2.23894647617135,10669.895472357866
2026-07-14 21:12:00,3647.8946305211593,-4970.668702879847,3975.3252670690304,4.262863556864663,5.46318647378898,2.7290074758093734,EXPLORER 27 (BEACON-C),3493.316165,5082.522207999999,3973.494531,-154.57846552115916,10053.190910879846,-1.8307360690305359,10054.379411191652
2026-07-14 21:15:00,4351.42098976612,-3911.4595435192978,4398.736369242481,3.531994791303972,6.274536029819285,1.9621198033702807,EXPLORER 27 (BEACON-C),2332.352838,5367.69049,4397.385156,-2019.0681517661205,9279.150033519298,-1.3512132424802985,9496.276289778783
2026-07-14 21:18:00,4912.206771158769,-2723.998485773603,4677.530889050371,2.681310898130431,6.883772435252663,1.1266862730980944,EXPLORER 27 (BEACON-C),1100.9398500000002,5509.1470039999995,4676.712539,-3811.2669211587686,8233.145489773602,-0.8183500503710093,9072.510174686786
2026-07-14 21:21:00,5311.224283182858,-1446.8604155232283,4801.935960632542,1.7397705310889604,7.2678526213634305,0.2516030476279942,EXPLORER 27 (BEACON-C),-164.735712,5502.933776,4801.683529,-5475.959995182858,6949.794191523228,-0.25243163254253886,8847.92502438254
2026-07-14 21:24:00,5535.0323962750535,-121.99854236434514,4767.569441589948,0.7402548705741989,7.412439091794894,-0.6323451448204787,EXPLORER 27 (BEACON-C),-1427.099588,5349.340424,4767.894369,-6962.131984275054,5471.338966364345,0.3249274100517141,8854.76323550779
2026-07-14 21:27:00,5576.346502284257,1206.9008221963425,4575.648853180707,-0.2819732170274788,7.312688967362735,-1.4939497833574327,EXPLORER 27 (BEACON-C),-2648.582413,5052.910835,4576.539317,-8224.928915284258,3846.0100128036574,0.8904638192925631,9079.716376241655
2026-07-14 21:30:00,5434.315518348199,2496.1529004285226,4232.932444070246,-1.2909677950566492,6.97345464832032,-2.303078379921108,EXPLORER 27 (BEACON-C),-3793.016549,4622.269368,4234.352986999999,-9227.332067348198,2126.1164675714776,1.4205429297535375,9469.109268180044
2026-07-14 21:33:00,5114.490267037483,3703.791185377295,3751.3972800178326,-2.2518140163377725,6.408883077959683,-3.0320843980730894,EXPLORER 27 (BEACON-C),-4826.957082999999,4069.77763,3753.291901,-9941.447350037482,365.9864446227052,1.894620982167453,9948.181998777642
2026-07-14 21:36:00,4628.492962714676,4791.162353609711,3147.6805419603147,-3.1322168415543166,5.641466162800468,-3.6570146266894903,EXPLORER 27 (BEACON-C),-5720.850778,3411.042227,3149.977759,-10349.343740714676,-1380.1201266097114,2.297217039685165,10440.960334401685
2026-07-14 21:39:00,3993.4211572857034,5724.309653753494,2442.3281440643755,-3.9038435916077185,4.700651264233225,-4.158528511453915,EXPLORER 27 (BEACON-C),-6449.985127999999,2664.3090460000003,2444.945483,-10443.406285285702,-3060.0006077534936,2.6173389356245025,10882.478826510978
2026-07-14 21:42:00,3231.03834015489,6475.077962519007,1658.9071374618557,-4.54333486970399,3.6211591426531498,-4.522480984281047,EXPLORER 27 (BEACON-C),-6995.176432,1849.791026,1661.755232,-10226.21477215489,-4625.286936519007,2.8480945381443235,11223.580352232293
2026-07-14 21:45:00,2366.815234892709,7021.901790429657,823.0437985121805,-5.032942028938725,2.4411722965894973,-4.740160698721505,EXPLORER 27 (BEACON-C),-7343.184546,988.9743599999999,826.0305,-9709.99978089271,-6032.927430429657,2.9867014878194595,11431.549240857637
2026-07-14 21:48:00,1428.889676914633,7350.266651645518,-38.55237786560453,-5.360793649695932,1.2005489065134798,-4.808212514908627,EXPLORER 27 (BEACON-C),-7486.862440999999,103.941564,-35.51823,-8915.752117914632,-7246.325087645519,3.034147865604524,11489.11973608045
2026-07-14 21:51:00,447.00915111270666,7452.860357822736,-899.0263515550788,-5.520831338642223,-0.060809410041356024,-4.728301118276958,EXPLORER 27 (BEACON-C),-7425.066336,-783.256111,-896.0321230000001,-7872.0754871127065,-8236.116468822736,2.9942285550787346,11393.120552694003
2026-07-14 21:54:00,-548.4898122202246,7329.450857856487,-1732.2364446091474,-5.512481613048025,-1.3043470087108964,-4.50658872758688,EXPLORER 27 (BEACON-C),-7162.366713,-1651.153047,-1729.363501,-6613.8769007797755,-8980.603904856487,2.8729436091473417,11153.233719796104
2026-07-14 21:57:00,-1527.6248031856555,6986.539576192467,-2513.507921839893,-5.340143647725757,-2.4939549913328443,-4.153103598783306,EXPLORER 27 (BEACON-C),-6708.608443,-2479.3384840000003,-2510.82999,-5180.983639814344,-9465.878060192468,2.677931839892608,10790.989115821401
2026-07-14 22:00:00,-2461.607515651196,6436.843695244545,-3220.268229242923,-5.012573001364585,-3.596777570836189,-3.6810693935584586,EXPLORER 27 (BEACON-C),-6078.365992999999,-3248.838113,-3217.851025,-3616.7584773488034,-9685.681808244546,2.4172042429231624,10338.925467228697
2026-07-14 22:03:00,-3323.568674344622,5698.658615016908,-3832.562416879171,-4.542231872893154,-4.583750105701906,-3.1062517278516655,EXPLORER 27 (BEACON-C),-5290.33659,-3942.412443,-3830.463721,-1966.7679156553777,-9641.071058016907,2.0986958791709185,9839.635744493138
2026-07-14 22:06:00,-4089.1674112947803,4795.144761631941,-4333.455837359568,-3.944660638481022,-5.429916207739479,-2.446360923102645,EXPLORER 27 (BEACON-C),-4366.707061,-4544.784155,-4331.725357,-277.53964970521974,-9339.928916631941,1.7304803595679914,9344.051766736862
2026-07-14 22:09:00,-4737.092701554178,3753.5730577732293,-4709.336491720958,-3.2379069623002747,-6.114582095315572,-1.720532232787315,EXPLORER 27 (BEACON-C),-3332.518857,-5042.808975,-4708.015423000001,1404.5738445541783,-8796.382032773228,1.3210687209575553,8907.814900216772
2026-07-14 22:12:00,-5249.469151131387,2604.552563731328,-4950.131586617613,-2.442030491144235,-6.621368066071996,-0.9488887780663925,EXPLORER 27 (BEACON-C),-2215.046169,-5425.605364,-4949.252031,3034.4229821313866,-8030.1579277313285,0.879555617612823,8584.355535065608
2026-07-14 22:15:00,-5612.180985754018,1381.2534911102507,-5049.4524618840705,-1.5786848778780862,-6.938211764386134,-0.1521793050118458,EXPLORER 27 (BEACON-C),-1043.193033,-5684.657665,-5049.03681,4568.987952754018,-7065.911156110251,0.41565188407093956,8414.437090573627
2026-07-14 22:18:00,-5815.127044286248,118.62997565718231,-5004.679655507304,-0.6707655646786009,-7.057367981624521,0.6485268959741853,EXPLORER 27 (BEACON-C),153.09181,-5813.904476,-5004.739872,5968.218854286248,-5932.534451657182,-0.06021649269587215,8415.141194084817
2026-07-14 22:21:00,-5852.416533448095,-1147.3597175789816,-4816.996103915308,0.25789832031258303,-6.975436808357745,1.4321120372113205,EXPLORER 27 (BEACON-C),1343.3883389999999,-5809.820699,-4817.532872000001,7195.804872448095,-4662.460981421018,-0.5367680846929943,8574.27259035664
2026-07-14 22:24:00,-5722.510827451321,-2380.5421498708106,-4491.371884858753,1.1828364837047562,-6.693437277752501,2.1776763777000263,EXPLORER 27 (BEACON-C),2497.376307,-5671.498234000001,-4492.373646999999,8219.88713445132,-3290.95608412919,-1.0017621412462177,8854.204507143071
2026-07-14 22:27:00,-5428.311225908662,-3545.3350481595744,-4036.49899564832,2.079246717803313,-6.216927963030461,2.864827329106585,EXPLORER 27 (BEACON-C),3585.415057,-5400.725759,-4037.941506,9013.726282908661,-1855.3907108404255,-1.4425103516800846,9202.702770051168
2026-07-14 22:30:00,-4977.186820488585,-4607.578132498031,-3464.6698895838463,2.922353815306086,-5.556159844470704,3.4740168951178947,EXPLORER 27 (BEACON-C),4579.142872,-5002.061911999999,-3466.5166209999998,9556.329692488585,-394.48377950196846,-1.8467314161534887,9564.468519172722
2026-07-14 22:33:00,-4380.930998691754,-5535.391613138548,-2791.5893492553805,3.6878482500874115,-4.726230713792979,3.9869479501333553,EXPLORER 27 (BEACON-C),5452.100447,-4482.891893,-2793.791542,9833.031445691755,1052.4997201385477,-2.202192744619424,9889.199559241764
2026-07-14 22:36:00,-3655.6302511530034,-6300.058848012584,-2036.1062874407578,4.352427965018879,-3.7471953431944485,4.387061386185899,EXPLORER 27 (BEACON-C),6180.37765,-3853.4550550000004,-2038.602453,9836.007901153003,2446.603793012584,-2.496165559242172,10135.725320980753
2026-07-14 22:39:00,-2821.425587229044,-6876.9204178867785,-1219.8508251096855,4.894455429789095,-2.644073084746224,4.660104319738715,EXPLORER 27 (BEACON-C),6743.278768,-3126.8266630000003,-1222.566921,9564.704355229045,3750.0937548867782,-2.716095890314591,10273.59625207041
2026-07-14 22:42:00,-1902.145849070384,-7246.2556476040745,-366.763120014506,5.294726344398639,-1.4466866042947948,4.7947645638064955,EXPLORER 27 (BEACON-C),7123.991318,-2318.832133,-369.613746,9026.137167070385,4927.423514604075,-2.8506259854939913,10283.514125876964
2026-07-14 22:45:00,-924.7944109642858,-7394.115386379697,497.49553822194406,5.537326455934728,-0.18926470877525958,4.783339309985334,EXPLORER 27 (BEACON-C),7310.231693,-1447.873386,494.604497,8235.026103964286,5946.242000379697,-2.8910412219440786,10157.433594081338
2026-07-14 22:48:00,81.12313505095939,-7313.05821041571,1346.2515573627975,5.610530472176049,1.090248655913037,4.622388211272324,EXPLORER 27 (BEACON-C),7294.833136,-534.64825,1343.419317,7213.7100009490405,6778.40996041571,-2.8322403627973927,9898.710097322812
2026-07-14 22:51:00,1084.4323729249911,-7002.733177580144,2152.639532248466,5.5076748126327875,2.35121628029723,4.313305557924152,EXPLORER 27 (BEACON-C),7076.230917000001,398.251906,2149.9663849999997,5991.79854407501,7400.985083580144,-2.6731472484661936,9522.4071088077
2026-07-14 22:54:00,2053.27241608116,-6470.248154758745,2890.513216207956,5.227917902081419,3.5516646610911047,3.8627364451600394,EXPLORER 27 (BEACON-C),6658.795343999999,1326.8711810000002,2888.096729,4605.522927918839,7797.119335758745,-2.4164872079559245,9055.711855788006
2026-07-14 22:57:00,2956.198287753574,-5730.265669791694,3535.4118309431524,4.776792406828894,4.649937907580927,3.2827612397907155,EXPLORER 27 (BEACON-C),6052.965639,2226.537632,3533.342488,3096.767351246426,7956.803301791693,-2.0693429431526056,8538.190153266043
2026-07-14 23:00:00,3763.357035533354,-4804.779548520688,4065.533588625803,4.166457272913271,5.606563793178751,2.590783833971923,EXPLORER 27 (BEACON-C),5275.14674,3072.613412,4063.890312,1511.789704466646,7877.392960520689,-1.6432766258030824,8021.148961673154
2026-07-14 23:03:00,4447.676061977048,-3722.545289729386,4462.6586322934745,3.4155759226163833,6.386203967124644,1.8090827515277557,EXPLORER 27 (BEACON-C),4347.340827999999,3841.314549,4461.504592,-100.33523397704903,7563.859838729386,-1.1540402934742815,7564.525375126292
2026-07-14 23:06:00,4985.991837723101,-2518.1635889318145,4712.959382250154,2.548779951494755,6.959529212049859,0.9640181430106262,EXPLORER 27 (BEACON-C),3296.510442,4510.556922000001,4712.338237,-1689.4813957231008,7028.720510931815,-0.6211452501538588,7228.918300348227
2026-07-14 23:09:00,5360.044009948515,-1230.8465318613617,4807.638905308821,1.595721360103778,7.3048490434046585,0.08492745736361337,EXPLORER 27 (BEACON-C),2153.686768,5060.781166,4807.574226,-3206.357241948515,6291.627697861361,-0.06467930882172368,7061.53707458053
2026-07-14 23:12:00,5557.265116105178,97.07431847490338,4743.347685411973,0.5897642377404334,7.409337190354039,-0.7972182959606108,EXPLORER 27 (BEACON-C),952.8624030000001,5475.696583,4743.8422470000005,-4604.402713105178,5378.622264525096,0.49456158802786376,7080.261439628241
2026-07-14 23:15:00,5571.309503971526,1421.8136309845022,4522.345153480816,-0.43358904880815063,7.269730396106435,-1.6512940966541003,EXPLORER 27 (BEACON-C),-270.263132,5742.899624,4523.380342,-5841.572635971526,4321.0859930154975,1.0351885191839756,7266.068819656289
2026-07-14 23:18:00,5402.285169442659,2699.8706146002582,4152.3926106644385,-1.438409365707795,6.892432714499209,-2.4475141487039425,EXPLORER 27 (BEACON-C),-1479.615692,5854.327662,4153.929445,-6881.900861442659,3154.4570473997414,1.5368343355612524,7570.413535103276
2026-07-14 23:21:00,5056.67653776089,3889.732421886778,3646.386184799215,-2.390046594436242,6.293022537867369,-3.1588146949625404,EXPLORER 27 (BEACON-C),-2640.072469,5806.519642,3648.367345,-7696.749006760891,1916.7872201132222,1.9811602007853253,7931.836007209167
2026-07-14 23:24:00,4546.971588547494,4953.440269070599,3021.759378139361,-3.2566903477251206,5.495224437491203,-3.762017259344015,EXPLORER 27 (BEACON-C),-3718.7020789999997,5600.6763710000005,3024.111781,-8265.673667547493,647.2361019294012,2.352402860638904,8290.975894539075
2026-07-14 23:27:00,3891.029864291129,5857.931637547989,2299.701925489714,-4.010669058870249,4.529462077769389,-4.238692345278087,EXPLORER 27 (BEACON-C),-4685.850627999999,5242.526127,2302.340804,-8576.880492291128,-615.4055105479893,2.638878510285849,8598.930740803575
2026-07-14 23:30:00,3111.245869283589,6576.095893034279,1504.2529674388927,-4.6294078965516725,3.4311437075072426,-4.575681754815322,EXPLORER 27 (BEACON-C),-5516.025256,4742.01588,1507.0874820000001,-8627.271125283589,-1834.0800130342786,2.834514561107426,8820.071688928418
2026-07-14 23:33:00,2233.5730885979146,7087.509228727327,661.330772501913,-5.096010296867562,2.2388436484020455,-4.765278057103334,EXPLORER 27 (BEACON-C),-6188.540196000001,4112.860247,664.268971,-8422.113284597915,-2974.6489817273277,2.93819849808699,8931.99515092247
2026-07-14 23:36:00,1286.4765130687028,7378.843798762623,-202.24157768494706,-5.399471782987507,0.9925321019275644,-4.805095640338085,EXPLORER 27 (BEACON-C),-6687.916548,3371.990712,-199.28896799999998,-7974.393061068703,-4006.853086762623,2.9526096849470775,8924.450967383023
2026-07-14 23:39:00,299.87670407883394,7443.971309286011,-1059.6638146498963,-5.534571260741258,-0.2680238997022188,-4.697694061448424,EXPLORER 27 (BEACON-C),-7004.048863,2538.947156,-1056.780349,-7303.925567078834,-4905.024153286011,2.8834656498963795,8798.102008281172
2026-07-14 23:42:00,-695.8621996723152,7283.800270121782,-1885.0012242222983,-5.501509553855679,-1.504606037665609,-4.450028413448628,EXPLORER 27 (BEACON-C),-7132.167020999999,1635.2496680000002,-1882.262847,-6436.304821327684,-5648.550602121782,2.738377222298368,8563.41936124152
2026-07-14 23:45:00,-1670.862127792509,6905.89717637389,-2653.9183207925666,-5.305375968323078,-2.6815976583476107,-4.072803235489592,EXPLORER 27 (BEACON-C),-7072.630284,683.781988,-2651.3922900000002,-5401.76815620749,-6222.11518837389,2.5260307925664165,8239.770810625856
2026-07-14 23:48:00,-2596.5548214350897,6323.945205701593,-3344.2926256281085,-4.955522288027643,-3.766744149106986,-3.5797983386871994,EXPLORER 27 (BEACON-C),-6830.596196,-291.79018199999996,-3342.036874,-4234.041374564911,-6615.735387701593,2.2557516281085555,7854.620689124974
2026-07-14 23:51:00,-3446.389718599059,5557.0908751702345,-3936.708839184961,-4.464912799437901,-4.7316510860771315,-2.987220230117473,EXPLORER 27 (BEACON-C),-6415.604343999999,-1267.554707,-3934.772379,-2969.2146254009403,-6824.645582170235,1.9364601849611063,7442.581982337084
2026-07-14 23:54:00,-4196.426957405991,4629.221430497957,-4414.84172618899,-3.8495024586032933,-5.552070120590124,-2.3131151545698025,EXPLORER 27 (BEACON-C),-5841.108014,-2219.83798,-4413.2653980000005,-1644.6810565940095,-6849.059410497957,1.5763281889894643,7043.762706910305
2026-07-14 23:57:00,-4825.824059470502,3568.2055896682314,-4765.740764574344,-3.127676662370747,-6.208031747945077,-1.5768621055313257,EXPLORER 27 (BEACON-C),-5123.982222,-3125.639892,-4764.55733,-298.15816252949753,-6693.8454816682315,1.1834345743445738,6700.482596265029
2026-07-15 00:00:00,-5317.2290336646265,2405.1194332244027,-4980.031309541775,-2.3197679673872913,-6.683884505842264,-0.7987484978989905,EXPLORER 27 (BEACON-C),-4284.028355,-3963.027032,-4979.265178000001,1033.2006786646261,-6368.146465224403,0.7661315417744845,6451.417955139834
2026-07-15 00:03:00,-5657.093755791231,1173.4690984999165,-5052.046220010309,-1.4476492137857262,-6.968293999744448,0.0003813938146026008,EXPLORER 27 (BEACON-C),-3343.4852370000003,-4711.495363,-5051.713025,2313.608518791231,-5884.964461499916,0.3331950103092822,6323.4161022630215
2026-07-15 00:06:00,-5835.920081337078,-91.58657931990943,-4979.899208397613,-0.5343896704753011,-7.05424457984127,0.7994243197894138,EXPLORER 27 (BEACON-C),-2326.549883,-5352.313231,-4980.005226,3509.370198337078,-5260.726651680091,-0.10601760238751012,6323.837767045687
2026-07-15 00:09:00,-5848.447837848343,-1354.0166708770394,-4765.507213517507,0.39604876200627664,-6.939073183286036,1.5772872492059733,EXPLORER 27 (BEACON-C),-1258.905241,-5868.855273,-4766.048803999999,4589.542596848343,-4514.838602122961,-0.5415904824922109,6437.986420055986
2026-07-15 00:12:00,-5693.789191739662,-2577.7090371826307,-4414.564408523946,1.3191046484650089,-6.6245499509751555,2.313155720663432,EXPLORER 27 (BEACON-C),-167.24757300000002,-6246.93483,-4415.527437,5526.541618739662,-3669.2257928173694,-0.9630284760532959,6633.692871226532
2026-07-15 00:15:00,-5375.508414996751,-3727.2797155913827,-3936.4655328810445,2.2099320605669504,-6.117004443455864,2.986789201080699,EXPLORER 27 (BEACON-C),921.195847,-6475.138976,-3937.8247880000004,6296.704261996751,-2747.8592604086175,-1.3592551189558435,6870.168624250494
2026-07-15 00:18:00,-4901.640296348,-4768.907453030824,-3344.1715469347914,3.0437703010363344,-5.427480129355342,3.578868475633083,EXPLORER 27 (BEACON-C),1979.1692409999998,-6545.165641,-3345.890172,6880.809537348,-1776.2581879691752,-1.718625065208471,7106.379949964599
2026-07-15 00:21:00,-4284.634892592003,-5671.1956565170285,-2654.006635641229,3.7963976269579516,-4.571883906191902,4.071414266307205,EXPLORER 27 (BEACON-C),2979.9201460000004,-6452.156402,-2656.035858,7264.555038592003,-780.9607454829711,-2.0292223587712215,7306.412506316705
2026-07-15 00:24:00,-3541.2116354059635,-6406.056916317143,-1885.3728720588747,4.444690862153442,-3.571082717262818,4.448287225073252,EXPLORER 27 (BEACON-C),3897.7677289999997,-6195.013092,-1887.653163,7438.979364405963,211.04382431714293,-2.2802909411252585,7441.972767994177
2026-07-15 00:27:00,-2692.1027554765806,-6949.605672850575,-1060.3679859157364,4.967300898424919,-2.4508874147241144,4.695767068004535,EXPLORER 27 (BEACON-C),4708.711417,-5776.676686,-1062.830851,7400.814172476581,1172.9289868505748,-2.4628650842635125,7493.184829525358
2026-07-15 00:30:00,-1761.6654149486972,-7283.033157436819,-203.29327830144538,5.34543762107681,-1.2418570908992872,4.803193214053039,EXPLORER 27 (BEACON-C),5391.06866,-5204.339435,-205.86171599999997,7152.7340749486975,2078.6937224368194,-2.5684376985545896,7448.662895815775
2026-07-15 00:33:00,-777.3447019994683,-7393.426529762793,659.9566966869774,5.563737384834053,0.021142200867238118,4.763631876795563,EXPLORER 27 (BEACON-C),5926.125724,-4489.56352,657.367302,6703.470425999469,2903.863009762793,-2.589394686977357,7305.405042616253
2026-07-15 00:36:00,231.02360327390218,-7274.482795305612,1502.6232274021106,5.6111635404680165,1.2996795211129237,4.574517065263038,EXPLORER 27 (BEACON-C),6298.780736,-3648.2742599999997,1500.102676,6067.757132726098,3626.2085353056123,-2.520551402110641,7068.739018838585
2026-07-15 00:39:00,1232.0706210449337,-6927.0597181881,2297.9209532986306,5.481868671303229,2.552834337426907,4.238198255300946,EXPLORER 27 (BEACON-C),6498.145666,-2700.594491,2295.5606150000003,5266.075044955067,4226.4652271881005,-2.3603382986302677,6752.37441696812
2026-07-15 00:42:00,2193.8977738210656,-6359.502850465859,3019.9602582090206,5.175930228047039,3.7386030051399706,3.762319083742486,EXPLORER 27 (BEACON-C),6518.064994,-1670.4932990000002,3017.848682,4324.167220178935,4689.009551465859,-2.111576209020768,6378.498034848185
2026-07-15 00:45:00,3085.1944141245776,-5587.69199951025,3644.7171185980114,4.699863656621677,4.81559108925345,3.159952683424974,EXPLORER 27 (BEACON-C),6357.505393,-585.235289,3642.9358110000003,3272.3109788754227,5002.45671051025,-1.7813075980111535,5977.674753284458
2026-07-15 00:48:00,3876.4208888877392,-4634.763102650132,4151.000439260209,4.066822730536263,5.744899704211323,2.4494325151214738,EXPLORER 27 (BEACON-C),6020.7723559999995,525.368117,4149.619971,2144.3514671122603,5160.131219650132,-1.380468260208545,5587.951263585526
2026-07-15 00:51:00,4540.993602041229,-3530.482333329986,4521.358060397397,3.2964175292391684,6.492072316930718,1.653842983775645,EXPLORER 27 (BEACON-C),5517.518868,1629.885116,4520.4342750000005,976.5252659587713,5160.367449329986,-0.9237853973963865,5251.951509728529
2026-07-15 00:54:00,5056.399270649235,-2310.2764632230433,4742.859497021192,2.41411533221111,7.028940011712791,0.8001693168455738,EXPLORER 27 (BEACON-C),4862.523009,2696.32836,4742.430347,-193.87626164923586,5006.604823223043,-0.4291500211911625,5010.357277173062
2026-07-15 00:57:00,5405.163604565282,-1013.9537623249266,4807.697302340213,1.4502344124050937,7.335195126097477,-0.08185381250498043,EXPLORER 27 (BEACON-C),4075.231284,3693.303518,4807.7805020000005,-1329.9323205652822,4707.257280324927,0.08319965978716937,4891.522369097208
2026-07-15 01:00:00,5575.606076597239,315.821081129497,4713.559819497991,0.4385885251268401,7.399539102310473,-0.9611171530753657,EXPLORER 27 (BEACON-C),3179.082504,4591.175383999999,4714.1528370000005,-2396.523572597239,4275.354302870503,0.5930175020093884,4901.222296606971
2026-07-15 01:03:00,5562.326938225222,1635.2105403575697,4463.744911341516,-0.5851171801471563,7.220289491846514,-1.8066276229513358,EXPLORER 27 (BEACON-C),2200.6439339999997,5363.180123,4464.826878999999,-3361.6830042252222,3727.9695826424304,1.081967658483336,5019.827785956199
2026-07-15 01:06:00,5366.3935388131395,2900.943477104922,4067.004995365651,-1.585007504258336,6.805387896200514,-2.5889913228669674,EXPLORER 27 (BEACON-C),1168.61372,5986.410793999999,4068.537538,-4197.779818813139,3085.4673168950776,1.5325426343488289,5209.747241426354
2026-07-15 01:09:00,4995.217698446411,4072.0025922436535,3537.135733259225,-2.5267315748165924,6.171816320734878,-3.2817660085072373,EXPLORER 27 (BEACON-C),112.754393,6442.620482,3539.064814,-4882.463305446411,2370.617889756347,1.9290807407746797,5427.54832586648
2026-07-15 01:12:00,4462.141170171759,5111.15952113554,2892.3412111398775,-3.3789929534124035,5.344493312698878,-3.8625777412600524,EXPLORER 27 (BEACON-C),-937.1794769999999,6718.803167,2894.6004120000002,-5399.3206471717585,1607.6436458644603,2.2592008601227462,5633.576718839654
2026-07-15 01:15:00,3785.768820544871,5986.274207392747,2154.4247805644713,-4.114803394239163,4.35477306503781,-4.313927533063498,EXPLORER 27 (BEACON-C),-1952.456654,6807.525821,2156.937627,-5738.225474544871,821.2516136072536,2.512846435528445,5796.696656196996
2026-07-15 01:18:00,2989.1062013598316,6671.300158328689,1347.8649094986472,-4.712386810955963,3.2387025710072073,-4.6236528685807725,EXPLORER 27 (BEACON-C),-2906.270537,6707.010512,1350.547635,-5895.3767383598315,35.71035367131117,2.6827255013527065,5895.485502786827
2026-07-15 01:21:00,2098.567757099896,7146.9661360055625,498.8384097172141,-5.155704889851831,2.0352001717828383,-4.785049171317728,EXPLORER 27 (BEACON-C),-3774.488133,6420.9906040000005,501.605185,-5873.055890099896,-725.975532005562,2.7667752827858862,5917.755792219995
2026-07-15 01:24:00,1142.923386986074,7401.133526739451,-365.7505289410433,-5.434619103188136,0.7843044618747592,-4.796691005683725,EXPLORER 27 (BEACON-C),-4536.226724,5958.375264,-362.981544,-5679.150110986075,-1442.7582627394504,2.7689849410433,5859.548195474947
2026-07-15 01:27:00,152.24521319168068,7428.853210674123,-1219.1866002654424,-5.544738950697735,-0.4743893063904884,-4.662017235443007,EXPLORER 27 (BEACON-C),-5174.252246,5332.760872000001,-1216.489968,-5326.497459191681,-2096.0923386741224,2.696632265442304,5724.088184754787
2026-07-15 01:30:00,-843.0949255025822,7232.163520174452,-2035.769039533255,-5.487028902243021,-1.7030297293874124,-4.388756279658778,EXPLORER 27 (BEACON-C),-5675.203028,4561.835637,-2033.2112350000002,-4832.108102497417,-2670.327883174452,2.557804533254739,5520.862818459102
2026-07-15 01:33:00,-1813.3410534017305,6819.680673742884,-2791.5248725517845,-5.267255560713519,-2.8665142269878117,-3.988267510353647,EXPLORER 27 (BEACON-C),-6029.6627,3666.727495,-2789.1638190000003,-4216.32164659827,-3152.953178742884,2.3610535517841527,5264.8349973661925
2026-07-15 01:36:00,-2730.160325556548,6206.035239998264,-3464.801061616429,-4.8953535053696156,-3.933204091039027,-3.474865254108799,EXPLORER 27 (BEACON-C),-6232.111639000001,2671.330958,-3462.686301,-3501.951313443453,-3534.704281998264,2.1147606164286117,4975.721237681795
2026-07-15 01:39:00,-3567.3338904824595,5411.204161623109,-4036.7375199881544,-4.384776312079018,-4.875383963779999,-2.865176329117903,EXPLORER 27 (BEACON-C),-6280.785675,1601.640778,-4034.91052,-2713.4517845175405,-3809.563383623109,1.8269999881545118,4677.135565564925
2026-07-15 01:42:00,-4301.3337193928455,4459.779640759534,-4491.630448083479,-3.751882157479681,-5.669518006196203,-2.177564103793902,EXPLORER 27 (BEACON-C),-6177.470482,485.111054,-4490.124744,-1876.1367626071542,-3974.6685867595343,1.5057040834790314,4395.2112342552855
2026-07-15 01:45:00,-4911.794837443976,3380.20579207397,-4817.199631835363,-3.0153846340451187,-6.296362634634778,-1.4316345427911363,EXPLORER 27 (BEACON-C),-5927.257335,-649.9509370000001,-4816.04113,-1015.4624975560246,-4030.15672907397,1.158501835363495,4156.119426456538
2026-07-15 01:48:00,-5381.896071876617,2204.0031526689118,-5004.7745642154205,-2.195881493519727,-6.740994860445768,-0.6478244680124874,EXPLORER 27 (BEACON-C),-5538.279335,-1774.957432,-5003.982341,-156.38326312338359,-3978.960584668912,0.7922232154205631,3982.0326074696463
2026-07-15 01:51:00,-5698.663118385268,964.9912012452013,-5049.413064681536,-1.3154585521736994,-6.992808219751752,0.152939774029993,EXPLORER 27 (BEACON-C),-5021.439795,-2861.583228,-5048.999605000001,677.2233233852676,-3826.5744292452014,0.4134596815347322,3886.039560174231
2026-07-15 01:54:00,-5853.2059886665875,-301.4891570080903,-4949.963108711082,-0.3973536352661595,-7.045517118374032,0.9495336528387144,EXPLORER 27 (BEACON-C),-4390.141669,-3882.2869259999998,-4949.933954,1463.0643196665878,-3580.7977689919094,0.02915471108190104,3868.1610445725873
2026-07-15 01:57:00,-5840.899341473515,-1559.357129245111,-4709.074444077984,0.5343436443734478,-6.897196748661828,1.7209015476145775,EXPLORER 27 (BEACON-C),-3660.019412,-4810.82246,-4709.42762,2180.879929473515,-3251.4653307548892,-0.3531759220168169,3915.1327166029296
2026-07-15 02:00:00,-5661.509381610769,-2772.585004180104,-4333.161802191332,1.4549863799113458,-6.5503706313410905,2.4463276566184304,EXPLORER 27 (BEACON-C),-2848.669343,-5622.75068,-4333.887065999999,2812.840038610769,-2850.165675819896,-0.7252638086674779,4004.4367879192837
2026-07-15 02:03:00,-5319.26545541349,-3906.0106951059634,-3832.316597806426,2.3396920312974125,-6.012141963407562,3.1057382632131962,EXPLORER 27 (BEACON-C),-1975.371323,-6295.95866,-3833.394639,3343.8941324134894,-2389.947964894037,-1.0780411935738812,4110.167929156099
2026-07-15 02:06:00,-4822.868685959578,-4926.175969324072,-3220.159416152724,3.1637237062442214,-5.2943488212060075,3.6800595323103305,EXPLORER 27 (BEACON-C),-1060.791511,-6811.18991,-3221.5612140000003,3762.0771749595783,-1885.013940675928,-1.401797847276157,4207.909717654556
2026-07-15 02:09:00,-4185.424531536659,-5802.191651817276,-2513.6218039610594,3.9029594911967647,-4.413707520062978,4.151648626003705,EXPLORER 27 (BEACON-C),-126.65482,-7152.583135,-2515.3084249999997,4058.7697115366586,-1350.3914831827242,-1.6866210389403022,4277.519324775791
2026-07-15 02:12:00,-3424.2816709736,-6506.623562547621,-1732.6434546682437,4.534470161663716,-3.3918941244356966,4.504806306972547,EXPLORER 27 (BEACON-C),804.624561,-7308.20949,-1734.566081,4228.9062319735995,-801.5859274523791,-1.9226263317561916,4304.206269965097
2026-07-15 02:15:00,-2560.7568950380846,-7016.383031148725,-899.7704052479858,5.03721299960652,-2.2555028938168964,4.726366295380247,EXPLORER 27 (BEACON-C),1710.3637649999998,-7270.588769999999,-901.87043,4271.120660038085,-254.20573885127396,-2.100024752014292,4278.679312635272
2026-07-15 02:18:00,-1619.7255763630822,-7313.5942111726745,-39.64194195144836,5.392832323089268,-1.0358146179326404,4.806340865338141,EXPLORER 27 (BEACON-C),2568.087617,-7037.158209,-41.852292,4187.813193363082,276.4360021726743,-2.210350048551639,4196.927577579871
2026-07-15 02:21:00,-629.0606344796174,-7386.398261482402,821.6409672685281,5.5865364677858915,0.2316900068003153,4.738584660629441,EXPLORER 27 (BEACON-C),3356.063597,-6610.660571,819.393495,3985.1242314796173,775.7376904824014,-2.2474722685280994,4059.924772196226
2026-07-15 02:24:00,381.0896869859187,-7229.643487119543,1657.2645295357545,5.60799826549785,1.5081241128471994,4.521421563840983,EXPLORER 27 (BEACON-C),4053.88786,-5999.404310999999,1655.058091,3672.798173014081,1230.239176119544,-2.206438535754387,3873.362843644509
2026-07-15 02:27:00,1379.1833377113874,-6845.402886315601,2440.555756784042,5.452204720608807,2.7523230403705914,4.158165657448503,EXPLORER 27 (BEACON-C),4643.098234,-5217.3516,2438.4730040000004,3263.914896288613,1628.051286315601,-2.0827527840415314,3647.4231697114265
2026-07-15 02:30:00,2333.308242922224,-6243.258515982316,3145.914985508811,5.120165779274189,3.9222988967181336,3.657460374191602,EXPLORER 27 (BEACON-C),5107.788353,-4284.000017,3144.039807,2774.480110077776,1959.2584989823154,-1.8751785088106772,3396.5331241349704
2026-07-15 02:33:00,3212.3141136959525,-5440.297578251129,3749.787627598237,4.61938628240575,4.97696873618734,3.0333631030810206,EXPLORER 27 (BEACON-C),5435.194548,-3224.029575,3748.199517,2222.880434304048,2216.2680032511294,-1.5881105982371082,3138.955847020116
2026-07-15 02:36:00,3987.0010611385255,-4460.77910050503,4231.623464808903,3.9640129995354942,5.8780576747699,2.3051177971449555,EXPLORER 27 (BEACON-C),5616.216045,-2066.693578,4230.392243,1629.2149838614746,2394.0855225050304,-1.2312218089027738,2895.8571215814623
2026-07-15 02:39:00,4631.299775969382,-3335.4520434358706,4574.7638220208455,3.174591569274522,6.592038179848891,1.4965853291784432,EXPLORER 27 (BEACON-C),5645.825234,-844.956576,4573.94553,1014.5254580306182,2490.4954674358705,-0.8182920208455471,2689.2062486750033
2026-07-15 02:42:00,5123.36966144949,-2100.5335274360928,4767.194953279131,2.2774047437308322,7.091941154466163,0.6353376079000895,EXPLORER 27 (BEACON-C),5523.329164,405.590868,4766.828744,399.95950255050957,2506.1243954360925,-0.36620927913099877,2537.8390853617193
2026-07-15 02:45:00,5446.540548182326,-796.386172983313,4802.111001438513,1.3034089243709939,7.358869903028915,-0.24853844867516017,EXPLORER 27 (BEACON-C),5252.456102,1647.988102,4802.2175,-194.08444618232625,2444.374274983313,0.10649856148666004,2452.067368526412
2026-07-15 02:48:00,5590.031285598174,534.0378460528854,4678.241840405651,0.28683355784199566,7.383067648142534,-1.1238437150663159,EXPLORER 27 (BEACON-C),4841.253624,2845.262727,4678.822413,-748.7776615981738,2311.2248809471143,0.580572594349178,2429.491464047974
2026-07-15 02:51:00,5549.394055394222,1846.8955989969922,4399.9187234098845,-0.7364504574824691,7.1644314210629565,-1.9597651854184854,EXPLORER 27 (BEACON-C),4301.798934,3961.8101469999997,4400.95549,-1247.5951213942217,2114.9145480030074,1.0367665901158034,2455.475148961274
2026-07-15 02:54:00,5326.654895574043,3099.190795381502,3976.8717905974277,-1.730658863654706,6.712423901807249,-2.727345167298233,EXPLORER 27 (BEACON-C),3649.737336,4964.710053000001,3978.329495,-1676.9175595740426,1865.5192576184986,1.4577044025722898,2508.4291353465346
2026-07-15 02:57:00,4930.145931605499,4250.442708201548,3423.775455780822,-2.661774015305918,6.045400885362753,-3.4008002753535913,EXPLORER 27 (BEACON-C),2903.6779739999997,5824.901583,3425.6044810000003,-2026.4679576054991,1574.4588747984517,1.8290252191782201,2566.222218937141
2026-07-15 03:00:00,4374.049941878294,5264.188093929503,2759.577678243294,-3.499041853235166,5.189434767280675,-3.9585891859874947,EXPLORER 27 (BEACON-C),2084.48991,6518.14886,2761.717343,-2289.560031878294,1253.960766070497,2.13966475670577,2610.4611317895374
2026-07-15 03:03:00,3677.699870100457,6109.2362049537105,2006.664575736191,-4.21617858419925,4.176763701299726,-4.3841609937797825,EXPLORER 27 (BEACON-C),1214.5453459999999,7025.754938,2009.046623,-2463.154524100457,916.5187330462895,2.3820472638089996,2628.14430193064
2026-07-15 03:06:00,2864.691971066413,6760.6228734518945,1189.920873583743,-4.792219896841758,3.0440245438206257,-4.666355838088831,EXPLORER 27 (BEACON-C),316.95638,7335.000068,1192.471673,-2547.735591066413,574.3771945481058,2.5507994162569503,2611.6799785159624
2026-07-15 03:09:00,1961.8796748498357,7200.238875554628,335.74848782481763,-5.2119908057234605,1.8304322986862394,-4.799469293833027,EXPLORER 27 (BEACON-C),-585.149629,7439.306395,338.390941,-2547.0293038498357,239.06751944537154,2.642453175182368,2558.225661680831
2026-07-15 03:12:00,998.3155547664921,7417.136105374506,-528.8994817230736,-5.466216817560296,0.5760512222726122,-4.783025422585571,EXPLORER 27 (BEACON-C),-1469.2807420000001,7338.1567319999995,-526.2417340000001,-2467.5962967664923,-78.9793733745064,2.6577477230734985,2468.8613344733026
2026-07-15 03:15:00,4.201937163668826,7407.5387718798975,-1377.4223952167092,-5.551330637003139,-0.6797312293158779,-4.6213258765884015,EXPLORER 27 (BEACON-C),-2314.1379739999998,7036.808378,-1374.820113,-2318.3399111636686,-370.73039387989775,2.602282216709227,2347.796358399392
2026-07-15 03:18:00,-990.101289034635,7174.603393806619,-2184.3797999556778,-5.469049299149748,-1.8994588697026218,-4.322852276018902,EXPLORER 27 (BEACON-C),-3100.069143,6545.84332,-2181.896104,-2109.967853965365,-628.7600738066194,2.483695955677831,2201.660678652847
2026-07-15 03:21:00,-1954.977688235707,6727.979899431478,-2926.1838007497,-5.225803699165494,-3.0485637748968992,-3.8995971340809463,EXPLORER 27 (BEACON-C),-3809.4161090000002,5880.601789,-2923.874493,-1854.4384207642931,-847.3781104314776,2.3093077497001104,2038.8714651364048
2026-07-15 03:24:00,-2862.3448768956036,6083.227189245044,-3581.6694554519104,-4.8320978198752975,-4.096036779541127,-3.366387681477782,EXPLORER 27 (BEACON-C),-4426.763005,5060.548793,-3579.583138,-1564.4181281043961,-1022.6783962450445,2.0863174519104177,1869.0317103806744
2026-07-15 03:27:00,-3686.3284148578514,5261.131660850509,-4132.546763511243,-4.3018619158678115,-5.014849572770741,-2.740250668765316,EXPLORER 27 (BEACON-C),-4939.101724,4108.611602,-4130.7252069999995,-1252.7733091421487,-1152.5200588505095,1.821556511243216,1702.276936406023
2026-07-15 03:30:00,-4403.822679875461,4286.968461992564,-4563.744741173419,-3.6518462971508954,-5.782182679535179,-2.0398480822964213,EXPLORER 27 (BEACON-C),-5335.93113,3050.514662,-4562.222966,-932.1084501245386,-1236.4537999925637,1.5217751734189733,1548.4335562462145
2026-07-15 03:33:00,-4994.948955481864,3189.7346445662793,-4863.661724410295,-2.9010835090803067,-6.379519709843948,-1.284996399043691,EXPLORER 27 (BEACON-C),-5609.309740000001,1914.130596,-4862.46812,-614.3607845181368,-1275.6040485662793,1.1936044102949381,1415.8411941188572
2026-07-15 03:36:00,-5443.424150274081,2001.3726242351179,-5024.336795161294,-2.0704290456970433,-6.792666220807125,-0.4962672250883875,EXPLORER 27 (BEACON-C),-5753.877589,728.8529179999999,-5023.49333,-310.4534387259191,-1272.519706235118,0.8434651612933521,1309.8429111183286
2026-07-15 03:39:00,-5736.853836572713,755.9926369174071,-5041.55567543383,-1.1821756739193505,-7.011743644427794,0.3053443041378339,EXPLORER 27 (BEACON-C),-5766.859991,-475.007341,-5041.077804,-30.006154427287584,-1230.9999779174073,0.47787143383084185,1231.3657228042684
2026-07-15 03:42:00,-5866.961231762683,-510.9049785734559,-4914.901213186464,-0.2597245819125878,-7.031197027178684,1.0987049994695146,EXPLORER 27 (BEACON-C),-5648.064251,-1666.8076070000002,-4914.7982489999995,218.8969807626836,-1155.9026284265442,0.10296418646430539,1176.4466775812816
2026-07-15 03:45:00,-5829.759948201081,-1763.2123906720433,-4647.754291595499,0.6727120172815759,-6.849841334988977,1.8628093707303612,EXPLORER 27 (BEACON-C),-5399.873441,-2816.15169,-4648.029274,429.88650720108126,-1052.9392993279569,-0.2749824045013156,1137.3142278007942
2026-07-15 03:48:00,-5625.673366192459,-2965.009482243261,-4247.246161245474,1.5904076037815775,-6.470955798795758,2.577053836729042,EXPLORER 27 (BEACON-C),-5027.238904,-3893.46869,-4247.8948980000005,598.4344621924593,-928.459207756739,-0.648736754526908,1104.6088569567175
2026-07-15 03:51:00,-5259.597854661223,-4081.379646231451,-3724.158304020813,2.4684504533880802,-5.902419837062916,3.2215465236232252,EXPLORER 27 (BEACON-C),-4537.667824,-4870.603878,-3725.1680619999997,721.9300306612231,-789.2242317685491,-1.0097579791868156,1069.6068795554502
2026-07-15 03:54:00,-4740.901288391014,-5079.251674989628,-3092.761456046898,3.2821372009660705,-5.156868003118719,3.777475876764016,EXPLORER 27 (BEACON-C),-3941.19726,-5721.428346,-3094.109554,799.7040283910137,-642.176671010372,-1.3480979531022967,1025.6311360244822
2026-07-15 03:57:00,-4083.342956519883,-5928.267979753323,-2370.5818412254034,4.00745830567864,-4.251825856395629,4.227554366831648,EXPLORER 27 (BEACON-C),-3250.342912,-6422.469217,-2372.2344700000003,833.000044519883,-494.201237246677,-1.6526287745969057,968.5693925827617
2026-07-15 04:00:00,-3304.8966967297483,-6601.671445880226,-1578.0805479636872,4.621694076789802,-3.209774784132442,4.556543390036361,EXPLORER 27 (BEACON-C),-2480.007647,-6953.5558710000005,-1579.9924609999998,824.8890497297484,-351.8844251197743,-1.911913036312626,896.8100403192306
2026-07-15 04:03:00,-2427.4567153100093,-7077.193003694339,-738.2319173193249,5.1041266085562595,-2.0580833542461776,4.751852058317808,EXPLORER 27 (BEACON-C),-1647.332115,-7298.469014,-740.346771,780.1246003100093,-221.27601030566166,-2.1148536806750826,810.901928319161
2026-07-15 04:06:00,-1476.4059304161144,-7337.910226146902,124.01061438771843,5.436855214796989,-0.8287381067142036,4.804186461969564,EXPLORER 27 (BEACON-C),-771.469399,-7445.567641,121.75994299999999,704.9365314161145,-107.65741485309809,-2.250671387718441,713.113383565005
2026-07-15 04:09:00,-480.0306150777837,-7373.035208636711,982.3671128836712,5.605681680817526,0.44218956050001246,4.708208456822596,EXPLORER 27 (BEACON-C),126.730653,-7388.359834,980.057335,606.7612680777837,-15.32462536328876,-2.309777883671245,606.9591548496136
2026-07-15 04:12:00,531.2268364601094,-7178.579430544765,1809.999193676353,5.601008964213694,1.7153892398855928,4.463146316482181,EXPLORER 27 (BEACON-C),1025.137078,-7125.978193,1807.713304,493.91024153989054,52.601237544765354,-2.285889676352781,496.70860892564195
2026-07-15 04:15:00,1525.6730206249554,-6757.836429586553,2580.3788064634186,5.418676225395842,2.9494924786852073,4.073286787595558,EXPLORER 27 (BEACON-C),1900.858405,-6663.514119,2578.202571,375.1853843750446,94.3223105865527,-2.176235463418834,386.8662649079502
2026-07-15 04:18:00,2471.4069573221595,-6121.6221880426665,3268.2295243081785,5.060638525107284,4.1025738066009625,3.548272691376614,EXPLORER 27 (BEACON-C),2730.8633360000003,-6012.158001,3266.2501490000004,259.4563786778408,109.46418704266671,-1.9793753081780778,281.60954992354516
2026-07-15 04:21:00,3337.464962140164,-5288.219924449277,3850.498517333175,4.535395585465908,5.133912056041951,2.9031353234475894,EXPLORER 27 (BEACON-C),3492.678372,-5189.101777,3848.8019,155.2134098598358,99.11814744927688,-1.6966173331752543,184.16972678610674
2026-07-15 04:24:00,4095.013368580034,-4282.991253869492,4307.30593440309,3.858084028553779,6.005906628146227,2.1580081991370235,EXPLORER 27 (BEACON-C),4165.130184,-4217.183623,4305.970039,70.11681541996586,65.80763086949173,-1.335895403090035,96.17066445554404
2026-07-15 04:27:00,4718.522189723411,-3137.6386878134413,4622.811358234768,3.0501725903018895,6.686005127545162,1.3374975649884777,EXPLORER 27 (BEACON-C),4729.09843,-3124.264541,4621.899015999999,10.576240276588578,13.374146813441257,-0.9123422347684027,17.07504113403413
2026-07-15 04:30:00,5186.845467481459,-1889.1328670120974,4785.9361413976885,2.138738015762921,7.14847612653312,0.46972228916159187,EXPLORER 27 (BEACON-C),5168.234702,-1942.34462,4785.490496,-18.610765481459566,-53.21175298790263,-0.4456453976881676,56.37419487382442
2026-07-15 04:33:00,5484.134517707145,-578.3481740808237,4790.886642892455,1.1553456596200866,7.375859884950493,-0.4149242664164453,EXPLORER 27 (BEACON-C),5469.60021,-706.451299,4790.93011,-14.534307707145672,-128.10312491917625,0.04346710754543892,128.92501155312536
2026-07-15 04:36:00,5600.519161025731,751.5217109658814,4637.436369412078,0.1346060055255425,7.359953024112933,-1.2852016908134267,EXPLORER 27 (BEACON-C),5624.17238,546.641713,4637.970248,23.653218974269294,-204.87999796588144,0.5338785879212082,206.2415413070096
2026-07-15 04:39:00,5532.508604826137,2056.6751399942086,4330.943369833956,-0.8874815892423068,7.102228221258942,-2.110524785604068,EXPLORER 27 (BEACON-C),5627.1866279999995,1779.7838359999998,4331.9487,94.67802317386213,-276.8913039942088,1.0053301660436773,292.6324195786695
2026-07-15 04:42:00,5283.085972221336,3294.4353254904677,3882.1006842198126,-1.8752606288104512,6.613650448713546,-2.862415386395949,EXPLORER 27 (BEACON-C),5478.29588,2956.824863,3883.5404040000003,195.20990777866336,-337.61046249046785,1.4397197801877155,389.98692961563125
2026-07-15 04:45:00,4861.495734044585,4424.89821350861,3306.43948692778,-2.7950800858218177,5.913917557719989,-3.515784853194817,EXPLORER 27 (BEACON-C),5181.538111,4043.916444,3308.2608999999998,320.0423769554145,-380.9817695086099,1.8214130722199116,497.57165241878766
2026-07-15 04:48:00,4282.748209391726,5412.3991638114285,2623.62398091822,-3.616755804441092,5.030214324444631,-4.049950786786826,EXPLORER 27 (BEACON-C),4745.122283,5010.661667,2625.762168,462.37407360827365,-401.7374968114282,2.1381870817804156,612.5254052963177
2026-07-15 04:51:00,3566.8866173770107,6226.722177672275,1856.5916126584864,-4.314728477178999,3.9956156098890725,-4.449326050706871,EXPLORER 27 (BEACON-C),4181.056618,5831.05748,1858.974021,614.1700006229889,-395.664697672275,2.38240834151361,730.5895006902582
2026-07-15 04:54:00,2738.0772221438483,6844.00212189734,1030.6000460834064,-4.868857446107423,2.8472992175812095,-4.703758589919547,EXPLORER 27 (BEACON-C),3504.6501740000003,6484.189823,1033.150511,766.572951856152,-359.81229889734004,2.5504649165936826,846.8208109314119
2026-07-15 04:57:00,1823.5903206377543,7247.299804243404,172.24292586364035,-5.264835058744801,1.6247299900726984,-4.808539829820102,EXPLORER 27 (BEACON-C),2733.93166,6954.667905,174.884264,910.3413393622459,-292.6318992434035,2.64133813635965,956.2226515167897
2026-07-15 05:00:00,852.7389613060109,7426.8576126689995,-691.5096123417823,-5.4942480497373944,0.36795607238151795,-4.764131382387657,EXPLORER 27 (BEACON-C),1889.0244739999998,7232.806657,-688.853795,1036.285512693989,-194.05095566899945,2.6558173417822672,1054.3009487718618
2026-07-15 05:03:00,-144.16550644697975,7380.066150715833,-1534.2007804885957,-5.554344292297147,-0.8838776805865642,-4.575680281857482,EXPLORER 27 (BEACON-C),991.5172140000001,7314.5845659999995,-1531.603718,1135.6827204469798,-65.48158471583338,2.5970624885956113,1137.5718984716173
2026-07-15 05:06:00,-1136.7945256789433,7111.187628518133,-2330.6761570993312,-5.447581922786405,-2.0937373078369172,-4.252400710716341,EXPLORER 27 (BEACON-C),63.860639000000006,7201.417315000001,-2328.20508,1200.6551646789433,90.22968648186725,2.471077099331069,1204.0433243928007
2026-07-15 05:09:00,-2095.688333678042,6630.889041914587,-3057.7547896313085,-5.1810429871471095,-3.227608893578797,-3.8068964437783865,EXPLORER 27 (BEACON-C),-871.18963,6899.791730999999,-3055.469161,1224.4987036780421,268.902689085412,2.2856286313085548,1253.6789683187685
2026-07-15 05:12:00,-2993.0297392387165,5955.638142576662,-3694.7777734725814,-4.765787543801539,-4.255125392862354,-3.2544860672209466,EXPLORER 27 (BEACON-C),-1791.074582,6420.80135,-3692.7292570000004,1201.9551572387165,465.16320742333755,2.0485164725810137,1288.827841867506
2026-07-15 05:15:00,-3803.3011241382114,5107.009559688412,-4224.039383005045,-4.2162101192210875,-5.149952694169425,-2.6125761116890795,EXPLORER 27 (BEACON-C),-2673.872966,5779.62232,-4222.272469,1129.4281581382115,672.6127603115883,1.7669140050456917,1314.541369343144
2026-07-15 05:18:00,-4503.829600687772,4110.939247396378,-4631.112194462574,-3.5494423482007535,-5.889990966008922,-1.900108980765172,EXPLORER 27 (BEACON-C),-3498.685363,4994.962122999999,-4629.664802,1005.1442376877717,884.0228756036213,1.447392462573589,1338.586373041489
2026-07-15 05:21:00,-5075.2312717966615,2996.954686786476,-4905.080755004899,-2.784826778019975,-6.457451950763142,-1.1370955135385827,EXPLORER 27 (BEACON-C),-4245.970406,4088.503686,-4903.984594,829.2608657966612,1091.548999213524,1.096161004899841,1370.8223819280245
2026-07-15 05:24:00,-5501.768244929136,1797.3975861282638,-5038.698655719945,-1.9434694439693458,-6.838869692118906,-0.3442277305774558,EXPLORER 27 (BEACON-C),-4897.844585,3084.358153,-5037.978859,603.9236599291362,1286.9605668717363,0.719796719945407,1421.6159136040726
2026-07-15 05:27:00,-5771.631917366653,546.6463565376532,-5028.4819682813895,-1.0478642075065194,-7.025093499032445,0.4574435704946039,EXPLORER 27 (BEACON-C),-5438.357836,2008.531785,-5028.156709,333.27408136665326,1461.8854284623467,0.32525928138966265,1499.393452384972
2026-07-15 05:30:00,-5877.163672989972,-719.6618733904468,-4874.74854465555,-0.12157048281144787,-7.011299740489892,1.2467891269031914,EXPLORER 27 (BEACON-C),-5853.756128,888.403948,-4874.828703,23.40754498997194,1608.0658213904467,-0.08015834444995562,1608.2361783991646
2026-07-15 05:33:00,-5815.020109868475,-1965.4150830600288,-4581.608247642218,0.811082103496035,-6.79704478059685,2.0028663863058624,EXPLORER 27 (BEACON-C),-6132.738579,-247.788839,-4582.0965559999995,-317.7184691315251,1717.6262440600287,-0.48830835778153414,1746.7642022769112
2026-07-15 05:36:00,-5586.284805560962,-3154.8239538096477,-4156.904300868741,1.7252934881667943,-6.3863659335777205,2.7051977449522173,EXPLORER 27 (BEACON-C),-6266.715329,-1371.472534,-4157.794889,-680.4305234390376,1783.3514198096477,-0.8905881312584825,1908.7505800684983
2026-07-15 05:39:00,-5196.522935975802,-4253.240995868163,-3612.1010966997765,2.5961305293669574,-5.787921333746558,3.3340884711700083,EXPLORER 27 (BEACON-C),-6250.065629,-2454.270659,-3613.378831,-1053.5426930241974,1798.970336868163,-1.2777343002235284,2084.765721025068
2026-07-15 05:42:00,-4655.769311641552,-5228.006032852487,-2962.109448576972,3.3989335538517818,-5.015143595229783,3.8710064914597755,EXPLORER 27 (BEACON-C),-6080.390582999999,-3468.562607,-2963.748381,-1424.6212713584473,1759.443425852487,-1.6389324230276543,2263.8881645704105
2026-07-15 05:45:00,-3978.4351634550017,-6049.3171612323595,-2225.0369226105545,4.1098184417469374,-4.086366821431799,4.299038714262062,EXPLORER 27 (BEACON-C),-5758.750381,-4388.071634999999,-2226.998532,-1780.3152175449982,1661.2455262323601,-1.9616093894455844,2435.0077659343765
2026-07-15 05:48:00,-3183.1149889771555,-6691.117981958594,-1421.8490887850785,4.706291126831444,-3.024873134418453,4.603427834589037,EXPLORER 27 (BEACON-C),-5289.8695020000005,-5188.484831000001,-1424.08131,-2106.754513022845,1502.6331509585934,-2.2322212149215375,2587.7260185949804
2026-07-15 05:51:00,-2292.2727672615306,-7131.9813884843325,-575.9278914063668,5.167977377016898,-1.8587952701606942,4.772179683196182,EXPLORER 27 (BEACON-C),-4682.287464999999,-5848.099635,-578.365452,-2390.014697738469,1283.8817534843329,-2.4375605936331795,2713.02940530278
2026-07-15 05:54:00,-1331.7877304556473,-7355.958315217009,287.4835821812751,5.477452352612187,-0.6208083314497503,4.796714783468104,EXPLORER 27 (BEACON-C),-3948.428484,-6348.482882,284.91760700000003,-2616.6407535443527,1007.4754332170087,-2.565975181275064,2803.894107464401
2026-07-15 05:57:00,-330.34442694553474,-7353.347941022433,1141.954451977637,5.621132813078038,0.652450863979952,4.672520295501443,EXPLORER 27 (BEACON-C),-3104.559886,-6675.117579,1139.3468759999998,-2774.215459054465,678.2303620224329,-2.607575977637225,2855.9192279681747
2026-07-15 06:00:00,681.3394965040045,-7121.335761521391,1960.6526472873306,5.590172245422724,1.921282055613673,4.399742337951355,EXPLORER 27 (BEACON-C),-2170.611288,-6818.001974999999,1958.098035,-2851.9507845040043,303.33378652139163,-2.554612287330656,2868.037863997327
2026-07-15 06:03:00,1671.4416118849556,-6664.4399063447245,2717.2278116437637,5.381279128074315,3.1441544193624877,3.9836469611178718,EXPLORER 27 (BEACON-C),-1169.833703,-6772.160309000001,2714.824524,-2841.2753148849556,-107.7204026552763,-2.4032876437636332,2843.3175826689353
2026-07-15 06:06:00,2608.097002642812,-5994.706286112995,3386.75994524012,4.997365358467281,4.279252276383801,3.4348742690854803,EXPLORER 27 (BEACON-C),-128.285194,-6538.023009,3384.604571,-2736.3821966428122,-543.3167228870043,-2.1553742401201816,2789.8002138344123
2026-07-15 06:09:00,3460.555022567787,-5131.601261868634,3946.7298820592146,4.447929861402699,5.286266683458196,2.769417264379797,EXPLORER 27 (BEACON-C),925.861556,-6121.629571,3944.912712,-2534.6934665677873,-990.0283091313668,-1.8171700592147317,2721.18178820342
2026-07-15 06:12:00,4200.374645467163,-4101.567069949065,4377.956875858885,3.74909463728069,6.128321126879291,2.008276261370323,EXPLORER 27 (BEACON-C),1963.1712209999998,-5534.6122829999995,4376.557661000001,-2237.203424467163,-1433.0452130509348,-1.3992148588840791,2656.8213532147815
2026-07-15 06:15:00,4802.5899575692865,-2937.2292231174865,4665.442474707974,2.92323769514512,6.773883336665005,1.1767701568775621,EXPLORER 27 (BEACON-C),2953.923028,-4793.939297,4664.525873,-1848.6669295692864,-1856.7100738825134,-0.9166017079742232,2620.1035390034936
2026-07-15 06:18:00,5246.771072011966,-1676.2740057583098,4799.060165092209,1.9982070470558913,7.198495652564112,0.30352380919979915,EXPLORER 27 (BEACON-C),3869.162219,-3921.410608,4798.6697110000005,-1377.608853011966,-2245.1366022416905,-0.3904540922085289,2634.0927597707537
2026-07-15 06:21:00,5517.907434004822,-360.044284836242,4774.03764861091,1.0061468344934563,7.386159064189647,-0.5808095001992191,EXPLORER 27 (BEACON-C),4681.767736,-2942.924088,4774.191107,-836.1396980048221,-2582.879803163758,0.15345838908979204,2714.847637662255
2026-07-15 06:24:00,5607.050564746342,968.0710007056784,4591.192592200299,-0.017986702166495474,7.3302327379127785,-1.4449967777776147,EXPLORER 27 (BEACON-C),5367.47491,-1887.543554,4591.881554,-239.57565474634248,-2855.6145547056785,0.688961799700337,2865.646777616252
2026-07-15 06:27:00,5511.670853304197,2264.357993429359,4256.901706270571,-1.0381032322993404,7.033758673010629,-2.258727852590296,EXPLORER 27 (BEACON-C),5905.7879840000005,-786.416559,4258.095019,394.1171306958031,-3050.7745524293587,1.1933127294296355,3076.1266401846524
2026-07-15 06:30:00,5235.705967917188,3486.5034568712435,3782.804710409545,-2.018710597190248,6.509183082350993,-2.994046329253167,EXPLORER 27 (BEACON-C),6280.719007000001,328.389301,3784.4515460000002,1045.0130390828126,-3158.1141558712434,1.6468355904553391,3326.5207026914613
2026-07-15 06:33:00,4789.303906607126,4595.219132495567,3185.266384033588,-2.9265571364767844,5.777512311740724,-3.6265926717769736,EXPLORER 27 (BEACON-C),6481.315201,1425.054415,3187.300468,1692.0112943928743,-3170.1647174955665,2.0340839664117993,3593.445518427179
2026-07-15 06:36:00,4188.288328730317,5555.671206337826,2484.638681390129,-3.732055177994786,4.867000811562118,-4.136567908483955,EXPLORER 27 (BEACON-C),6501.953171,2473.1133489999997,2486.9825929999997,2313.6648422696835,-3082.5578573378266,2.343911609870702,3854.2461571767326
2026-07-15 06:39:00,3453.3943984462176,6338.642441831701,1704.3784134875573,-4.410388815661992,3.811512318659842,-4.509362464567361,EXPLORER 27 (BEACON-C),6342.3971710000005,3444.43713,1706.948804,2889.002772553783,-2894.2053118317012,2.5703905124428275,4089.348115991798
2026-07-15 06:42:00,2609.337374569492,6921.381975603974,870.0826741084328,-4.942251772460545,2.648716733892608,-4.735835444384257,EXPLORER 27 (BEACON-C),6007.637702,4314.0471560000005,872.794841,3398.300327430508,-2607.3348196039733,2.7121668915672217,4283.29865089779
2026-07-15 06:45:00,1683.7821837650306,7288.127252956176,8.503576412038152,-5.31420667817584,1.4182825299743718,-4.812268272219129,EXPLORER 27 (BEACON-C),5507.542157,5060.732099999999,11.274913,3823.759973234969,-2227.3951529561764,2.771336587961848,4425.204761435683
2026-07-15 06:48:00,706.2802078599582,7430.30988108993,-853.403216188638,-5.518697827574694,0.1602009820878644,-4.740046957512556,EXPLORER 27 (BEACON-C),4856.3595159999995,5667.461402,-850.651098,4150.079308140042,-1762.8484790899302,2.752118188637951,4508.9689063284
2026-07-15 06:51:00,-292.76917083090535,7346.478871445026,-1689.3534041168475,-5.553779615724332,-1.0866592211548234,-4.5251456878803324,EXPLORER 27 (BEACON-C),4072.123608,6121.602725,-1686.693599,4364.892778830906,-1224.8761464450263,2.659805116847565,4533.499489288983
2026-07-15 06:54:00,-1283.0878331991235,7041.98881097302,-2474.5036546581996,-5.422639470523844,-2.285712056154783,-4.1774901173505885,EXPLORER 27 (BEACON-C),3176.003646,6414.966573,-2472.0023539999997,4459.091479199124,-627.0222379730203,2.5013006581998525,4502.961243813221
2026-07-15 06:57:00,-2235.389507582326,6528.506529588376,-3186.1011096417483,-5.13299734290083,-3.40351575569569,-3.7102732664421696,EXPLORER 27 (BEACON-C),2191.6374109999997,6543.711945,-3183.816534,4427.026918582325,15.205415411624017,2.2845756417482335,4427.053620840415
2026-07-15 07:00:00,-3122.13661260676,5823.388760144146,-3804.0101313546106,-4.69645612729671,-4.4103569452294344,-3.1392836284987458,EXPLORER 27 (BEACON-C),1144.474629,6508.144456,-3801.99233,4266.61124160676,684.7556958558544,2.017801354610583,4321.211163728813
2026-07-15 07:03:00,-3918.180478978908,4948.976912869984,-4311.122778434974,-4.127862433957979,-5.280602076917078,-2.4822876111173264,EXPLORER 27 (BEACON-C),61.149786999999996,6312.439891,-4309.414177000001,3979.330265978908,1363.4629781300164,1.7086014349733887,4206.435970959953
2026-07-15 07:06:00,-4601.291044349889,3931.8454988285794,-4693.665303111098,-3.4447186976275797,-5.992873708675413,-1.7584901479625141,EXPLORER 27 (BEACON-C),-1031.105971,5964.321994,-4692.301548,3570.1850733498886,2032.4764951714205,1.3637551110978166,4108.185003285837
2026-07-15 07:09:00,-5152.587606313771,2802.0298828689133,-4941.415552166446,-2.666668804515377,-6.5301123567460415,-0.988080595414995,EXPLORER 27 (BEACON-C),-2105.0127030000003,5474.717557,-4940.426196,3047.574903313771,2672.6876741310866,0.9893561664457593,4053.513682422424
2026-07-15 07:12:00,-5556.8844499472325,1592.248477397573,-5047.84602174978,-1.8150623705460451,-6.879580389644124,-0.191857259783836,EXPLORER 27 (BEACON-C),-3133.753847,4857.404477,-5047.254564,2423.1306029472325,3265.155999602427,0.5914577497806022,4066.0553329365075
2026-07-15 07:15:00,-5802.964641570851,337.1252902647023,-5010.205089504638,-0.9125886479661178,-7.032855008536011,0.6090863872342724,EXPLORER 27 (BEACON-C),-4091.461239,4128.662205,-5010.028326000001,1711.503402570851,3791.536914735297,0.17676350463716517,4159.9274157198215
2026-07-15 07:18:00,-5883.792604530836,-927.5884122353182,-4829.545265820355,0.017039824286046015,-6.985844690241686,1.3936375773105483,EXPLORER 27 (BEACON-C),-4953.684053999999,3306.92755,-4829.792068,930.1085505308365,4234.5159622353185,-0.24680217964487383,4335.461614535135
2026-07-15 07:21:00,-5796.671861440116,-2165.799295955007,-4510.702752519423,0.9493812899682735,-6.738848922245082,2.140929608444288,EXPLORER 27 (BEACON-C),-5697.852262,2412.453222,-4511.372737,98.81959944011578,4578.252517955007,-0.6699844805771136,4579.318931923618
2026-07-15 07:24:00,-5543.3490865505855,-3341.872081783593,-4062.2276876043015,1.8595684456576944,-6.296665500356858,2.8306248212783003,EXPLORER 27 (BEACON-C),-6303.743365,1466.961438,-4063.310334,-760.3942784494147,4808.833519783593,-1.082646395698248,4868.5809484711335
2026-07-15 07:27:00,-5130.059872563533,-4421.4520637964615,-3496.2596614463514,2.7226548570794806,-5.668733650379841,3.443241204941534,EXPLORER 27 (BEACON-C),-6753.955855,493.283359,-3497.733348,-1623.8959824364674,4914.7354227964615,-1.473686553648804,5176.066519048579
2026-07-15 07:30:00,-4567.505902593007,-5372.314093960472,-2828.3388840520406,3.514035164510251,-4.869285309234682,3.960543663219695,EXPLORER 27 (BEACON-C),-7034.389201,-485.025874,-2830.170337,-2466.883298406993,4887.288219960472,-1.8314529479594057,5474.58698964074
2026-07-15 07:33:00,-3870.7481258578714,-6165.23596610629,-2077.140272675295,4.209964228353785,-3.9174618567834862,4.366012914485415,EXPLORER 27 (BEACON-C),-7134.722463,-1444.109023,-2079.284357,-3263.9743371421287,4721.12694310629,-2.1440843247050907,5739.562063741809
2026-07-15 07:36:00,-3058.996773876391,-6774.885436523694,-1264.1162760268032,4.788190201902269,-2.8373407319670174,4.645393728221044,EXPLORER 27 (BEACON-C),-7048.873737,-2360.273283,-1266.515258,-3989.8769631236087,4414.612153523694,-2.398981973196669,5950.45581464295
2026-07-15 07:39:00,-2155.277443007979,-7180.699343307269,-413.0350486021005,5.228701810395495,-1.6578076235873653,4.787309874371202,EXPLORER 27 (BEACON-C),-6775.416623,-3210.5033369999996,-415.617881,-4620.139179992021,3970.1960063072697,-2.5828323978994945,6091.645840166575
2026-07-15 07:42:00,-1185.9538709520027,-7367.721332259756,450.59581944220787,5.514571169339731,-0.41220775035163326,4.783916524854324,EXPLORER 27 (BEACON-C),-6317.925095,-3973.020254,447.912278,-5131.971224047997,3394.7010782597563,-2.6835414422078543,6153.139950999759
2026-07-15 07:45:00,-180.09319918647668,-7327.3529832911345,1300.2230701479834,5.632851551598298,0.8622832703122469,4.631543483090725,EXPLORER 27 (BEACON-C),-5685.209311,-4627.878904,1297.531123,-5505.116111813523,2699.4740792911343,-2.6919471479834556,6131.351478743737
2026-07-15 07:48:00,831.3311517818116,-7057.963580897712,2109.05223027913,5.575467087328698,2.1256102825794767,4.331267041170627,EXPLORER 27 (BEACON-C),-4891.399312,-5157.584309000001,2106.450384,-5722.7304637818115,1900.379271897711,-2.601846279129859,6030.015929312203
2026-07-15 07:51:00,1816.3905560713747,-6565.298617453714,2850.943535834829,5.340012111373271,3.3361225434793504,3.8893377226324497,EXPLORER 27 (BEACON-C),-3955.8375260000003,-5547.697555,2848.5332519999997,-5772.228082071375,1017.6010624537139,-2.4102838348294426,5861.24003630874
2026-07-15 07:54:00,2743.281483682133,-5862.628501538531,3501.3664553157664,4.930366137392867,4.452162151907946,3.3173890783398816,EXPLORER 27 (BEACON-C),-2902.75044,-5787.395865,3499.24764,-5646.031923682132,75.23263653853064,-2.118815315766369,5646.533531487849
2026-07-15 07:57:00,3581.4929181363486,-4970.588368297036,4038.366915634111,4.357030416049848,5.433882893166716,2.6323617624614846,EXPLORER 27 (BEACON-C),-1760.6832960000002,-5869.946828,4036.6315099999997,-5342.176214136349,-899.358459702964,-1.7354056341114301,5417.351322699698
2026-07-15 08:00:00,4303.002816928841,-3916.677664928576,4443.491203605402,3.637106504974923,6.245181548618923,1.8560983174310748,EXPLORER 27 (BEACON-C),-561.6992789999999,-5793.058856,4442.216192,-4864.70209592884,-1876.3811910714235,-1.2750116054021419,5214.032458855205
2026-07-15 08:03:00,4883.4337704718555,-2734.413081456836,4702.605425056813,2.7938665040789017,6.855589712710953,1.014595993794595,EXPLORER 27 (BEACON-C),659.6407610000001,-5559.0723339999995,4701.848454,-4223.793009471856,-2824.6592525431633,-0.7569710568131995,5081.252586995278
2026-07-15 08:06:00,5303.092843742287,-1462.157675786386,4806.550874972638,1.8559057450462848,7.241957756712188,0.1369435056166621,EXPLORER 27 (BEACON-C),1867.473395,-5174.958666,4806.347494,-3435.619448742287,-3712.8009902136146,-0.20338097263811505,5058.495055930299
2026-07-15 08:09:00,5547.823509059432,-141.6788985662801,4751.5842036864115,0.8559160411433813,7.389768907263215,-0.7459930935634261,EXPLORER 27 (BEACON-C),3025.934824,-4652.118076999999,4751.946105999999,-2521.8886850594317,-4510.4391784337195,0.36190231358796154,5167.589791494089
2026-07-15 08:12:00,5609.60883506108,1183.4854946662497,4539.566189478202,-0.170836461547652,7.293951533002769,-1.6030369367041426,EXPLORER 27 (BEACON-C),4100.495591,-4005.982535,4540.479633000001,-1509.11324406108,-5189.46802966625,0.9134435217983992,5404.4428064979775
2026-07-15 08:15:00,5486.88360190333,2469.7556946513328,4177.882547759429,-1.1882080789168254,6.959108162103565,-2.4041994854757793,EXPLORER 27 (BEACON-C),5059.246797000001,-3255.443986,4179.308566,-427.636804903329,-5725.1996806513325,1.4260182405705564,5741.148548310353
2026-07-15 08:18:00,5184.536550178024,3675.2253911990265,3679.1020937946387,-2.1609072589324536,6.3991429874641685,-3.1220871859921706,EXPLORER 27 (BEACON-C),5874.062751,-2422.141654,3680.980764,689.5262008219761,-6097.3670451990265,1.8786702053612316,6136.231318561976
2026-07-15 08:21:00,4713.609542465526,4761.26021159395,3060.3989407648783,-3.056113764440511,5.636335545082369,-3.7331023736872155,EXPLORER 27 (BEACON-C),6521.571261,-1529.650455,3062.6549130000003,1807.9617185344741,-6290.91066659395,2.2559722351220444,6545.554803082959
2026-07-15 08:24:00,4090.724683902911,5693.888095477783,2342.783496100696,-3.8448620079081626,4.69996611792391,-4.218352168642448,EXPLORER 27 (BEACON-C),6983.875053000001,-602.626574,2345.330757,2893.15036909709,-6296.514669477783,2.547260899304092,6929.388322910878
2026-07-15 08:27:00,3337.290251505461,6444.913137751439,1550.1995049832392,-4.5030972663885995,3.6246390172562513,-4.564216456418098,EXPLORER 27 (BEACON-C),7249.00468,334.034601,1552.946958,3911.714428494539,-6110.878536751438,2.747453016760801,7255.642894294057
2026-07-15 08:30:00,2478.54919126072,6992.712507470805,708.5498503241909,-5.012357223550447,2.4484675566099843,-4.762567086149623,EXPLORER 27 (BEACON-C),7311.09926,1255.983938,711.406456,4832.55006873928,-5736.728569470804,2.856605675809192,7500.906812302799
2026-07-15 08:33:00,1542.538730019546,7322.705500317059,-155.28798019995105,-5.360076705619516,1.2112783246595156,-4.810668129484798,EXPLORER 27 (BEACON-C),7170.335228,2140.109132,-152.409017,5627.796497980454,-5182.596368317059,2.8789631999510448,7650.582123472916
2026-07-15 08:36:00,559.0265195767993,7427.5104381611445,-1014.4038974074391,-5.53955307042976,-0.047033964648621376,-4.710815697475675,EXPLORER 27 (BEACON-C),6832.638446999999,2965.107736,-1011.583028,6273.6119274232005,-4462.402702161145,2.8208694074390905,7698.782530339843
2026-07-15 08:39:00,-441.5208095326605,7306.825738794979,-1842.7141501154554,-5.549638015409882,-1.2879090903009778,-4.469792146528443,EXPLORER 27 (BEACON-C),6309.224757,3711.9305520000003,-1840.024165,6750.745566532661,-3594.8951867949786,2.689985115455329,7648.25760184122
2026-07-15 08:42:00,-1428.8943980909376,6967.084271076962,-2615.7108739075265,-5.394236141508184,-2.475233383767612,-4.09821312022437,EXPLORER 27 (BEACON-C),5616.023292999999,4364.097821,-2613.2157859999998,7044.917691090937,-2602.986450076962,2.495087907526795,7510.42009204505
2026-07-15 08:45:00,-2373.9979678532604,6420.934911016782,-3311.0897384250234,-5.0816919861958,-3.5761541769755376,-3.6098387820450917,EXPLORER 27 (BEACON-C),4773.026582,4907.900866,-3308.844819,7147.02454985326,-1513.0340450167823,2.244919425023454,7305.42517429672
2026-07-15 08:48:00,-3249.5876551008982,5686.603144639679,-3909.254890785414,-4.624138151929964,-4.561622323129208,-3.0209062196502825,EXPLORER 27 (BEACON-C),3803.608025,5332.505655,-3907.3067149999997,7053.195680100898,-354.0974896396792,1.9481757854141506,7062.078881558318
2026-07-15 08:51:00,-4030.895589739067,4787.1755097743035,-4393.709009720491,-4.036861376756797,-5.406710455179529,-2.3495220836992186,EXPLORER 27 (BEACON-C),2733.8377969999997,5629.980928,-4392.095835,6764.733386739066,842.8054182256965,1.6131747204908606,6817.033179395966
2026-07-15 08:54:00,-4696.144396544095,3749.8427315380018,-4751.341519444097,-3.3377246579258255,-6.09076577324615,-1.6151362706442611,EXPLORER 27 (BEACON-C),1591.8151200000002,5795.272338000001,-4750.094088000001,6287.959516544095,2045.429606461999,1.247431444096037,6612.277876252173
2026-07-15 08:57:00,-5226.964765374678,2605.125485861616,-4972.630090214721,-2.546664840436501,-6.597457947340678,-0.8381011095831807,EXPLORER 27 (BEACON-C),407.026822,5826.140608,-4971.772714,5633.991587374678,3221.0151221383835,0.8573762147216257,6489.74578537147
2026-07-15 09:00:00,-5608.730005206271,1386.0963029866505,-5051.770001309799,-1.6852683883295234,-6.914777433636396,-0.039307291323832184,EXPLORER 27 (BEACON-C),-790.26553,5723.079774,-5051.321297,4818.464475206271,4336.983471013349,0.4487043097988135,6482.825443277291
2026-07-15 09:03:00,-5830.820594856549,127.60221344895321,-4986.743405442924,-0.7764143754165187,-7.035029391412273,0.760121906322643,EXPLORER 27 (BEACON-C),-1969.614857,5489.226624,-4986.716372000001,3861.205737856549,5361.624410551047,0.027033442923311668,6607.263130117039
2026-07-15 09:06:00,-5886.828782455839,-1134.5140399776026,-4779.33664897365,0.15603662156697387,-6.954855298665052,1.5391027804677884,EXPLORER 27 (BEACON-C),-3100.962189,5130.267299,-4779.737569,2785.8665934558394,6264.781338977603,-0.4009200263499224,6856.277274328403
2026-07-15 09:09:00,-5774.7088570474325,-2364.2007115548013,-4435.109144237794,1.0875361209192016,-6.675299584437043,2.276857515344158,EXPLORER 27 (BEACON-C),-4155.204533,4654.343360999999,-4435.935498,1619.5043240474324,7018.544072554801,-0.8263537622060539,7202.968543375918
2026-07-15 09:12:00,-5496.87335905461,-3525.99983795494,-3963.312366580776,1.9931561379437446,-6.201922930323451,2.95320258586806,EXPLORER 27 (BEACON-C),-5104.767995,4071.95488,-3964.550551,392.1053640546097,7597.95471795494,-1.2381844192236713,7608.065723014936
2026-07-15 09:15:00,-5060.229721849793,-4585.873186742565,-3376.752828674402,2.847945448815033,-5.544947880945673,3.5488845643097604,EXPLORER 27 (BEACON-C),-5924.194284,3395.853524,-3378.376455,-863.9645621502068,7981.726710742565,-1.6236263255982522,8028.349686317554
2026-07-15 09:18:00,-4476.146176423783,-5512.054614522544,-2691.588841834117,3.6273640990737,-4.719406598928854,4.0459831165510804,EXPLORER 27 (BEACON-C),-6590.745028,2640.914691,-2693.558399,-2114.5988515762174,8152.969305522544,-1.9695571658830886,8422.733563341277
2026-07-15 09:21:00,-3760.330816389389,-6275.925519078732,-1927.0480221916866,4.307820004445999,-3.7452458646408253,4.428392365939406,EXPLORER 27 (BEACON-C),-7085.019947,1823.973766,-1929.311459,-3324.689130610611,8099.899285078732,-2.2634368083133722,8755.679948854086
2026-07-15 09:24:00,-2932.604238173225,-6852.9010152528135,-1105.051404533656,4.867320630615412,-2.6473321464859803,4.682380008002329,EXPLORER 27 (BEACON-C),-7391.576128,963.612526,-1107.545113,-4458.971889826775,7816.513541252813,-2.4937084663438327,8998.90662655391
2026-07-15 09:27:00,-2016.5449732106736,-7223.303453632673,-249.73127523591629,5.286237347198697,-1.4552917646924155,4.797208817520641,EXPLORER 27 (BEACON-C),-7499.528176,79.881147,-252.380744,-5482.983202789326,7303.184600632673,-2.649468764083707,9132.339083316652
2026-07-15 09:30:00,-1038.9888698649993,-7373.18791184279,613.1660534823748,5.548160559886761,-0.2031203315267025,4.765788370316208,EXPLORER 27 (BEACON-C),-7403.096346,-806.0571779999999,610.446179,-6364.107476135001,6567.13073384279,-2.7198744823747347,9144.89351719839
2026-07-15 09:33:00,-29.369373639012103,-7295.072820414494,1456.994032755402,5.6408015663007935,1.0714956882535158,4.585307635429267,EXPLORER 27 (BEACON-C),-7102.064898,-1672.3642450000002,1454.298094,-7072.695524360987,5622.708575414494,-2.6959387554020395,9035.368336290525
2026-07-15 09:36:00,981.1043747537079,-6988.5199208048125,2255.0274092372956,5.556874914124133,2.328182439267634,4.257784220336838,EXPLORER 27 (BEACON-C),-6602.108647,-2497.0484840000004,2252.4550099999997,-7583.213021753708,4491.471436804812,-2.57239923729594,8813.53742932804
2026-07-15 09:39:00,1960.4208606435138,-6460.503530637553,2981.370002878762,5.2948766590396925,3.5252126826092636,3.7904567726421696,EXPLORER 27 (BEACON-C),-5914.939748,-3258.563205,2979.021432,-7875.360608643514,3201.940325637553,-2.348570878762075,8501.39589014081
2026-07-15 09:42:00,2876.863593773846,-5725.511679521752,3611.9135854645715,4.8596637236225595,4.621134813687698,3.195946695374491,EXPLORER 27 (BEACON-C),-5058.2305910000005,-3936.462956,3609.885074,-7935.094184773847,1789.048723521752,-2.028511464571693,8134.274348165624
2026-07-15 09:45:00,3700.1879059268585,-4805.332417895793,4125.300070060912,4.262741577860534,5.576615807278726,2.492126383256749,EXPLORER 27 (BEACON-C),-4055.280179,-4512.087076999999,4123.679132,-7755.468084926859,293.24534089579356,-1.6209380609116124,7761.0102869224675
2026-07-15 09:48:00,4402.816972495776,-3728.497572479472,4503.829838917056,3.522184155245931,6.356374253653555,1.7016542589044759,EXPLORER 27 (BEACON-C),-2934.410588,-4969.23251,4502.690038,-7337.227560495776,-1240.7349375205276,-1.1398009170561636,7441.393200122474
2026-07-15 09:51:00,4960.985964444998,-2529.3819536170895,4734.254985396493,2.662141113467472,6.931048003623331,0.8511701179356158,EXPLORER 27 (BEACON-C),-1728.102091,-5294.77369,4733.649608,-6689.088055444998,-2765.3917363829105,-0.6053773964931679,7238.182840715867
2026-07-15 09:54:00,5355.759195695324,-1246.9855860756732,4808.398892697728,1.7119299624374655,7.278827812226645,-0.029816683376022786,EXPLORER 27 (BEACON-C),-471.899081,-5479.1893310000005,4808.356312,-5827.658276695323,-4232.203744924327,-0.04258069772822637,7202.301682816411
2026-07-15 09:57:00,5573.849292020537,76.54395151542145,4723.553228509037,0.704758168286051,7.386698335723791,-0.9102749876844916,EXPLORER 27 (BEACON-C),796.867383,-5516.956676,4724.076666,-4776.981909020537,-5593.500627515421,0.5234374909632606,7355.732846094379
2026-07-15 10:00:00,5608.179817734932,1397.5666515210316,4482.619258649126,-0.3238345822926886,7.251161301824154,-1.7591326619347933,EXPLORER 27 (BEACON-C),2040.464343,-5406.777502,4483.6877429999995,-3567.715474734932,-6804.344153521031,1.0684843508734048,7682.94827588197
2026-07-15 10:03:00,5458.152201218698,2672.6826879423097,4093.980544677994,-1.337688944066852,6.878368532070323,-2.5467686887419236,EXPLORER 27 (BEACON-C),3222.161845,-5151.624423,4095.551355,-2235.990356218698,-7824.30711094231,1.5708103220058547,8137.532617869527
2026-07-15 10:06:00,5129.601854945144,3860.435315075283,3571.116087135055,-2.301749876380542,6.283656792068592,-3.246392174915979,EXPLORER 27 (BEACON-C),4307.575086,-4758.605289,3573.127316,-822.0267689451439,-8619.040604075282,2.011228864945224,8658.15182291246
2026-07-15 10:09:00,4634.4540139679275,4922.881053595606,2931.9839960038194,-3.183659879445806,5.490541850356256,-3.8351984447373018,EXPLORER 27 (BEACON-C),5265.863292,-4238.657714,2934.358398,631.4092780320725,-9161.538767595606,2.374401996180495,9183.271525133461
2026-07-15 10:12:00,3990.113663442802,5826.939195021215,2198.2230863952555,-3.955100038767041,4.529284950936605,-4.295221508046166,EXPLORER 27 (BEACON-C),6070.723569,-3606.100352,2200.873415,2080.6099055571976,-9433.039547021215,2.6503286047445727,9659.77120324341
2026-07-15 10:15:00,3218.642886543058,6545.456277141755,1394.231201741671,-4.592793448646413,3.435182315662655,-4.613840720440954,EXPLORER 27 (BEACON-C),6701.134414,-2878.073616,1397.065326,3482.491527456942,-9423.529893141755,2.834124258328984,10046.425778255963
2026-07-15 10:18:00,2345.7907443071776,7057.949796490798,546.1832986348766,-5.079130191435152,2.246742247772006,-4.7839405260758845,EXPLORER 27 (BEACON-C),7141.827252,-2073.914246,549.109367,4796.036507692823,-9131.864042490797,2.926068365123456,10314.6941610275
2026-07-15 10:21:00,1399.9443674490838,7351.024739866963,-318.9506393936571,-5.402418191213931,1.0039047071507785,-4.80375884633441,EXPLORER 27 (BEACON-C),7383.492865,-1214.505361,-316.019823,5983.548497550916,-8565.530100866963,2.930816393657153,10448.500711637367
2026-07-15 10:24:00,411.06571295363494,7418.482441580687,-1174.336755226345,-5.556802575957878,-0.25357073009488657,-4.676486519881364,EXPLORER 27 (BEACON-C),7422.745967,-321.63860100000005,-1171.481138,7011.680254046365,-7740.121042580687,2.8556172263449753,10443.808782878676
2026-07-15 10:27:00,-590.3319060884567,7261.160747663714,-1994.1193033241111,-5.5419225911319145,-1.487463328633336,-4.409694397400083,EXPLORER 27 (BEACON-C),7261.886520999999,582.582498,-1991.410453,7852.218427088456,-6678.578249663714,2.708850324111154,10308.285454015077
2026-07-15 10:30:00,-1574.1274220751213,6886.5559728913695,-2754.1495747109484,-5.362387620068104,-2.6621549040434545,-4.014666298191301,EXPLORER 27 (BEACON-C),6908.503971,1476.2777520000002,-2751.650326,8482.631393075122,-5410.2782208913695,2.49924871094845,10061.120813531621
2026-07-15 10:33:00,-2511.430736367648,6308.280733012294,-3432.5914772229303,-5.027153426280936,-3.7453976728966687,-3.505707386418074,EXPLORER 27 (BEACON-C),6374.973094999999,2338.2541850000002,-3430.3556519999997,8886.403831367646,-3970.026548012294,2.2358252229305435,9732.897248249486
2026-07-15 10:36:00,-3375.3055053284966,5545.408711490959,-4010.4047515772,-4.548869325619147,-4.708816317426289,-2.8994821992411293,EXPLORER 27 (BEACON-C),5677.884123,3148.399145,-4008.477682,9053.189628328497,-2397.009566490959,1.9270695771997453,9365.14287247776
2026-07-15 10:39:00,-4141.376238766637,4621.749740494308,-4471.7148655534,-3.943250471987131,-5.528194562682476,-2.214418283315272,EXPLORER 27 (BEACON-C),4837.440514999999,3888.008522,-4470.134337,8978.816753766636,-733.7412184943078,1.5805285533997449,9008.747358623643
2026-07-15 10:42:00,-4788.327889634319,3565.088338678309,-4804.083299712125,-3.22851047730415,-6.1836060510089546,-1.4701932544800447,EXPLORER 27 (BEACON-C),3876.850759,4540.059619,-4802.8800630000005,8665.178648634319,974.9712803216908,1.2032367121246352,8719.856160395007
2026-07-15 10:45:00,-5298.310567634298,2406.4079022533824,-4998.6935150719455,-2.4248710417106136,-6.6594497590129,-0.6873071633543185,EXPLORER 27 (BEACON-C),2821.731661,5089.442129999999,-4997.8912740000005,8120.042228634298,2683.034227746617,0.8022410719449908,8551.827822498233
2026-07-15 10:48:00,-5657.263325377155,1179.1124990456863,-5050.466940335727,-1.5541489595796605,-6.944443943445712,0.11327060313128123,EXPLORER 27 (BEACON-C),1699.528548,5523.161558,-5050.082810999999,7356.791873377155,4344.049058954313,0.38412933572726615,8543.602813938938
2026-07-15 10:51:00,-5855.169700079732,-81.75038689001967,-4958.120488288912,-0.6394076730834417,-7.0316218527563015,0.9103997278058102,EXPLORER 27 (BEACON-C),538.9517149999999,5830.52524,-4958.165183,6394.121415079732,5912.275626890019,-0.0446947110876863,8708.60446691068
2026-07-15 10:54:00,-5886.254461879161,-1340.2692077120462,-4724.173041649216,0.2953492976879862,-6.918358970008781,1.6830381670389725,EXPLORER 27 (BEACON-C),-630.5752510000001,6003.320837,-4724.65062,5255.679210879161,7343.590044712047,-0.4775783507839151,9030.530379802858
2026-07-15 10:57:00,-5749.126406831435,-2560.456734969868,-4354.903603292194,1.2254722928723891,-6.606446567330679,2.4105101679300476,EXPLORER 27 (BEACON-C),-1779.465212,6035.992517,-4355.810385,3969.661194831435,8596.449251969869,-0.9067817078057487,9468.745986966644
2026-07-15 11:00:00,-5446.866572735922,-3707.055630321109,-3860.258884391996,2.1259794829558696,-6.1022106011015795,3.072800764025194,EXPLORER 27 (BEACON-C),-2878.5246159999997,5925.815135,-3861.5809470000004,2568.3419567359224,9632.87076532111,-1.3220626080042166,9969.382194296582
2026-07-15 11:03:00,-4987.055459633955,-4746.367840893948,-3253.7034735241496,2.9719237534558007,-5.416658982816943,3.6509012594352757,EXPLORER 27 (BEACON-C),-3899.526778,5673.063456,-3255.413583,1087.5286816339553,10419.431296893948,-1.7101094758504587,10476.033128457739
2026-07-15 11:06:00,-4381.727245347914,-5647.11017067186,-2552.0018665461753,3.7388421290442593,-4.565624606600615,4.127224146623992,EXPLORER 27 (BEACON-C),-4815.80981,5281.169153,-2554.057784,-434.08256465208615,10928.27932367186,-2.0559174538248044,10936.897223432496
2026-07-15 11:09:00,-3647.2342271474304,-6381.291402599766,-1774.919060663892,4.4033101745744005,-3.5698571279854674,4.48609674924213,EXPLORER 27 (BEACON-C),-5602.90286,4756.850708999999,-1777.2637690000001,-1955.6686328525698,11138.142111599765,-2.3447083361081695,11308.530187313147
2026-07-15 11:12:00,-2804.0015381087505,-6925.096949639058,-944.8256950957273,4.943612250634982,-2.4550048495798444,4.714330579503873,EXPLORER 27 (BEACON-C),-6239.175561,4110.196794,-947.389209,-3435.1740228912495,11035.293743639058,-2.5635139042727815,11557.600752212793
2026-07-15 11:15:00,-1876.1514221768905,-7259.755795524929,-86.195433107225,5.3405224406530545,-1.251421266386841,4.801848277953848,EXPLORER 27 (BEACON-C),-6706.497454,3354.679254,-88.897393,-4830.34603182311,10614.43504952493,-2.701959892774994,11661.838684715194
2026-07-15 11:18:00,-890.9788484048155,-7372.3525029300545,775.01308576827,5.578170968187398,0.006268626211963302,4.742333059940959,EXPLORER 27 (BEACON-C),-6990.883148,2507.0695699999997,772.261221,-6099.904299595184,9879.422072930054,-2.751864768270025,11610.849259725885
2026-07-15 11:21:00,121.73333103358443,-7256.535896361962,1612.089598203663,5.644948595073128,1.2798967906256518,4.5338487022460905,EXPLORER 27 (BEACON-C),-7083.088065999999,1587.2349960000001,1609.382926,-7204.821397033584,8843.770892361961,-2.706672203662947,11407.091754071942
2026-07-15 11:24:00,1130.560876215819,-6913.067703721509,2398.409990640765,5.534379671451684,2.5288080686742473,4.179364024143494,EXPLORER 27 (BEACON-C),-6979.115308,617.796375,2395.847397,-8109.676184215819,7530.864078721509,-2.5625936407650443,11067.102970149928
2026-07-15 11:27:00,2103.433158635472,-6350.151197402293,3108.3547002214355,5.245877114308792,3.711243054544216,3.687107883712588,EXPLORER 27 (BEACON-C),-6680.589313,-376.36431,3106.034803,-8784.022471635471,5973.786887402293,-2.31989722143544,10622.861476091066
2026-07-15 11:30:00,3008.7466859333827,-5583.48369408533,3718.2703733228523,4.785284018095567,4.78600540383428,3.0706821594358518,EXPLORER 27 (BEACON-C),-6194.949739,-1368.747317,3716.286469,-9203.696424933383,4214.73637708533,-1.9839043228521405,10122.847156138152
2026-07-15 11:33:00,3816.5499520096228,-4635.98881742127,4207.425207551966,4.165110706671761,5.714325596323016,2.3488732245368182,EXPLORER 27 (BEACON-C),-5535.426762,-2332.015695,4205.859882000001,-9351.976714009623,2303.97312242127,-1.5653255519655431,9631.602310024118
2026-07-15 11:36:00,4499.73744014601,-3537.204547516935,4558.89982222172,3.4043949370593922,6.4617917437431664,1.5451272930300735,EXPLORER 27 (BEACON-C),-4720.768677,-3238.885787,4557.820565,-9220.506117146011,298.3187605169346,-1.079257221719672,9225.330796453833
2026-07-15 11:39:00,5035.180588781034,-2322.3295692389634,4760.352519958279,2.528146050807521,7.000188902848298,0.6866894502993385,EXPLORER 27 (BEACON-C),-3774.71147,-4063.083749,4759.8077539999995,-8809.892058781035,-1740.7541797610365,-0.5447659582796405,8980.224022734545
2026-07-15 11:42:00,5404.7206433888405,-1030.9601899808204,4804.601625684331,1.5663774307159406,7.309078579482973,-0.19655450873392322,EXPLORER 27 (BEACON-C),-2725.20168,-4780.3133210000005,4804.617315,-8129.922323388841,-3749.35313101918,0.015689315669078496,8952.836750754796
2026-07-15 11:45:00,5595.953714052701,294.420825440743,4689.9783414798585,0.5527793197064114,7.376963695291583,-1.0734564080742084,EXPLORER 27 (BEACON-C),-1603.407755,-5369.1740070000005,4690.555168,-7199.361469052701,-5663.594832440744,0.5768265201413669,9160.082549893259
2026-07-15 11:48:00,5602.751895503538,1610.117830847112,4420.420226682422,-0.47687187610413034,7.201920988083021,-1.9130972467963556,EXPLORER 27 (BEACON-C),-442.574261,-5811.974393,4421.534009,-6045.326156503538,-7422.092223847112,1.1137823175777157,9572.534803191296
2026-07-15 11:51:00,5425.4845649190565,2872.9565252792945,4005.2960510000817,-1.4864388530126333,6.791637927458585,-2.68626860008729,EXPLORER 27 (BEACON-C),723.218752,-6095.388082,4006.900914,-4702.265812919057,-8968.344607279294,1.6048629999181685,10126.32763374009
2026-07-15 11:54:00,5070.928485009119,4041.97156633778,3458.9748028358877,-2.441138562923233,6.162856364521595,-3.3668207201902187,EXPLORER 27 (BEACON-C),1860.3096429999998,-6210.90908,3461.0068220000003,-3210.6188420091194,-10252.88064633778,2.0320191641126257,10743.818642634176
2026-07-15 11:57:00,4551.880958032334,5079.946244517015,2800.172238380924,-3.3091067678552153,5.340289782326063,-3.9327713338032386,EXPLORER 27 (BEACON-C),2936.6467850000004,-6155.089889999999,2802.5543700000003,-1615.2341730323337,-11235.036134517013,2.3821316190765174,11350.55170695176
2026-07-15 12:00:00,3886.5136357972724,5954.719442115256,2051.1248467968758,-4.062694771392283,4.3551345912803985,-4.367100250500613,EXPLORER 27 (BEACON-C),3922.851445,-5929.555451,2053.771385,36.337809202727385,-11884.274893115256,2.646538203124237,11884.330741597178
2026-07-15 12:03:00,3097.5226542122764,6640.199782655095,1236.651388893567,-4.6794189606437815,3.243330004494513,-4.658194426791007,EXPLORER 27 (BEACON-C),4793.097244,-5540.810593,1239.472392,1695.5745897877232,-12181.010375655096,2.821003106432954,12298.45498098885
2026-07-15 12:06:00,2211.1413807425142,7117.055925618449,383.16516100956295,-5.142529121421117,2.0437312475461273,-4.799949054537481,EXPLORER 27 (BEACON-C),5525.776321,-4999.871238,386.07081800000003,3314.634940257486,-12116.92716361845,2.9056569904370804,12562.115153048588
2026-07-15 12:09:00,1256.0844119268108,7373.081040864912,-482.30397333077616,-5.441206188742072,0.7963477473305934,-4.791565717831011,EXPLORER 27 (BEACON-C),6103.939714,-4321.758499,-479.399591,4847.855302073189,-11694.839539864912,2.9043823307761727,12659.817586697827
2026-07-15 12:12:00,262.48616325166864,7403.25460906405,-1333.0285667328194,-5.570437006497132,-0.45923347661239206,-4.6371135967563095,EXPLORER 27 (BEACON-C),6515.519944000001,-3524.90144,-1330.204639,6253.033780748332,-10928.15604906405,2.8239277328193566,12590.67250270782
2026-07-15 12:15:00,-739.1137037281195,7209.542988727537,-2143.407710066096,-5.5306381172666015,-1.6851608946108194,-4.344931737528721,EXPLORER 27 (BEACON-C),6753.359403,-2630.490047,-2140.7356019999997,7492.47310672812,-9840.033035727536,2.6721080660963707,12367.837747133284
2026-07-15 12:18:00,-1718.700148786032,6800.490402566616,-2889.6748320109327,-5.327111059962216,-2.8463336561625705,-3.92695004730946,EXPLORER 27 (BEACON-C),6815.076081,-1661.816139,-2887.218041,8533.776229786032,-8462.306541566615,2.4567910109326476,12018.151887013422
2026-07-15 12:21:00,-2647.605123261109,6190.654416739398,-3550.4810626392195,-4.969409451072678,-3.9111235102777004,-3.3979965541304074,EXPLORER 27 (BEACON-C),6702.806585,-643.632932,-3548.2952880000003,9350.411708261108,-6834.287348739397,2.1857746392192894,11581.782568185978
2026-07-15 12:24:00,-3499.213305424975,5399.936057901035,-4107.356839207655,-4.470686478969127,-4.851837651459588,-2.775142297853366,EXPLORER 27 (BEACON-C),6422.864625,398.449724,-4105.49017,9922.077930424975,-5001.486333901035,1.8666692076549225,11111.368029638796
2026-07-15 12:27:00,-4249.552903542651,4452.846461346504,-4545.061927811914,-3.847074255881048,-5.644975144146168,-2.0771166759267357,EXPLORER 27 (BEACON-C),5985.346713999999,1438.525353,-4543.555157,10234.899617542651,-3014.321108346504,1.5067708119140661,10669.550327720295
2026-07-15 12:30:00,-4877.780627259725,3377.7414556893073,-4851.838146627153,-3.117127350968119,-6.27133745982435,-1.3238081059626259,EXPLORER 27 (BEACON-C),5403.711689000001,2450.9044440000002,-4850.725074,10281.492316259726,-926.837011689307,1.1130726271530875,10323.183246192795
2026-07-15 12:33:00,-5366.573871185616,2206.0445566322524,-5019.580166016619,-2.30134448476223,-6.716052840683443,-0.5358493937395301,EXPLORER 27 (BEACON-C),4694.3534740000005,3410.587018,-5018.88768,10060.927345185617,1204.5424613677478,0.6924860166191138,10132.777608626297
2026-07-15 12:36:00,-5702.444030215827,971.4687985792249,-5043.938424315276,-1.4217664646076633,-6.968567030855267,0.2657248688851374,EXPLORER 27 (BEACON-C),3876.17798,4293.703421,-5043.686145,9578.622010215828,3322.2346224207754,0.25227931527660985,10138.404340163557
2026-07-15 12:39:00,-5875.983250816503,-290.7604451363804,-4924.365097877857,-0.501635744654839,-7.022641576721027,1.0597700103342096,EXPLORER 27 (BEACON-C),2970.188551,5077.933894000001,-4924.56467,8846.171801816503,5368.694339136381,-0.1995721221428539,10347.832357269685
2026-07-15 12:42:00,-5882.053433151158,-1544.685504278654,-4664.109828187052,0.43490633567662385,-6.876387081321727,1.8252982825290238,EXPLORER 27 (BEACON-C),1999.077278,5742.91809,-4664.764347,7881.130711151158,7287.603594278654,-0.6545188129484814,10734.122593951868
2026-07-15 12:45:00,-5719.9215145209955,-2754.40662363938,-4270.167093221322,1.3631146517371016,-6.532343633146736,2.541749329350935,EXPLORER 27 (BEACON-C),986.815902,6270.662179,-4271.270141,6706.737416520996,9025.06880263938,-1.1030477786780466,11244.207170061023
2026-07-15 12:48:00,-5393.339514045628,-3884.8904292605944,-3753.1722076016813,2.257960664684018,-5.997604814330304,3.1892914119652316,EXPLORER 27 (BEACON-C),-41.762034,6645.9492,-3754.706642,5351.577480045627,10530.839629260594,-1.5344343983188082,11812.618980421988
2026-07-15 12:51:00,-4910.5620140389765,-4902.802762757854,-3127.238411307806,3.0945106817250045,-5.2839657397935085,3.7491770020942012,EXPLORER 27 (BEACON-C),-1061.399109,6856.752603,-3129.174463,3849.1629050389765,11759.555365757853,-1.9360516921938142,12373.487835616463
2026-07-15 12:54:00,-4284.288246586577,-5777.367270878907,-2409.7238398444365,3.848390773420881,-4.4080601051783965,4.204169751674563,EXPLORER 27 (BEACON-C),-2046.880907,6894.6457359999995,-2412.016443,2237.407339586577,12672.013006878908,-2.2926031555634836,12868.018903691947
2026-07-15 12:57:00,-3531.5113885765327,-6481.243756600014,-1620.9148845957527,4.496359267714239,-3.3914372257067953,4.539050155266147,EXPLORER 27 (BEACON-C),-2973.538624,6755.19562,-1623.5018770000001,557.9727645765329,13236.439376600014,-2.5869924042474395,13248.194883415108
2026-07-15 13:00:00,-2673.25480639706,-6991.41057874323,-783.6121206637779,5.01699548201851,-2.260519098032521,4.741194432311457,EXPLORER 27 (BEACON-C),-3817.792614,6438.322815,-786.41527,-1144.5378076029401,13429.73339374323,-2.803149336222077,13478.416586442965
2026-07-15 13:03:00,-1734.1746805904781,-7290.02399340847,77.39283326112015,5.391496642373008,-1.0463717733990534,4.801205693550706,EXPLORER 27 (BEACON-C),-4557.7365580000005,5948.599821000001,74.46390600000001,-2823.5618774095224,13238.623814408471,-2.928927261120137,13536.383222766648
2026-07-15 13:06:00,-742.0115081270679,-7365.215396481023,935.9559986323472,5.604554475174076,0.2157726773935809,4.7135594492026955,EXPLORER 27 (BEACON-C),-5173.751632,5295.452149000001,932.9992,-4431.740123872933,12660.667545481025,-2.9567986323472724,13413.904426579158
2026-07-15 13:09:00,273.11995802097425,-7211.776605895289,1765.3334316286996,5.645260528719619,1.4872952261836005,4.477208982749835,EXPLORER 27 (BEACON-C),-5649.128267,4493.223777,1762.45042,-5922.248225020974,11705.00038289529,-2.8830116286997054,13117.929193058599
2026-07-15 13:12:00,1279.6015584515583,-6831.675694203934,2539.034332751417,5.5079679005462925,2.727297968286221,4.096082918975319,EXPLORER 27 (BEACON-C),-5970.666451,3561.071533,2536.327537,-7250.268009451558,10392.747227203934,-2.7067957514168484,12671.842346879752
2026-07-15 13:15:00,2245.327773610989,-6234.343662600117,3231.748778983311,5.193020735979383,3.8940344978589807,3.5794008061940636,EXPLORER 27 (BEACON-C),-6129.219016,2522.659841,3229.3172910000003,-8374.54678961099,8757.003503600117,-2.4314879833104897,12116.853973106314
2026-07-15 13:18:00,3138.834345753001,-5436.677316146394,3820.310540964958,4.707255993227771,4.946613049038023,2.9417358205480824,EXPLORER 27 (BEACON-C),-6120.137957000001,1405.636909,3818.245688,-9258.972302753002,6842.314225146394,-2.064852964957936,11512.855263678324
2026-07-15 13:21:00,3930.4898076121367,-4462.717036557094,4284.643745831204,4.064188198766963,5.84687767360054,2.2027687107973724,EXPLORER 27 (BEACON-C),-5943.579936,240.888711,4283.024596,-9874.069743612137,4703.605747557093,-1.6191498312036856,10937.14601492615
2026-07-15 13:24:00,4593.685860785212,-3342.9793654907935,4608.6344172790305,3.283809001918612,6.561332811935713,1.3867036937455146,EXPLORER 27 (BEACON-C),-5604.636122999999,-938.410277,4607.5226330000005,-10198.321983785212,2404.5690884907935,-1.111784279029962,10477.963782259721
2026-07-15 13:27:00,5105.953474047522,-2113.4514743367413,4780.866037639703,2.391968226210835,7.062950141665211,0.5213525123677605,EXPLORER 27 (BEACON-C),-5113.261615,-2097.913764,4780.301912999999,-10219.215089047522,15.537710336741384,-0.5641246397035502,10219.226916694612
2026-07-15 13:30:00,5449.929862194884,-814.2844520860732,4795.163272338695,1.4193476906786822,7.332690232370976,-0.3630677011358574,EXPLORER 27 (BEACON-C),-4483.991455,-3203.3338089999997,4795.163843,-9933.921317194883,-2389.0493569139267,0.0005706613055735943,10217.159564477306
2026-07-15 13:33:00,5614.108131910282,511.7491082214693,4650.899812387999,0.4000867305857047,7.360588713350512,-1.235340148878508,EXPLORER 27 (BEACON-C),-3735.447209,-4221.7145120000005,4651.459149,-9349.555340910283,-4733.46362022147,0.5593366120010614,10479.497279429084
2026-07-15 13:36:00,5593.316015993323,1820.9445113396268,4353.043754336869,-0.6298387465664269,7.146296478327436,-2.064747043584052,EXPLORER 27 (BEACON-C),-2889.656383,-5122.668963,4354.134134999999,-8482.972398993323,-6943.613474339627,1.0903806631304178,10962.41716009947
2026-07-15 13:39:00,5388.891181582762,3070.3980598931776,3911.9349851015713,-1.6343511290249446,6.699020628186444,-2.822536710318608,EXPLORER 27 (BEACON-C),-1971.22813,-5879.501644999999,3913.508662,-7360.119311582763,-8949.899704893178,1.5736768984288574,11587.582296788207
2026-07-15 13:42:00,5008.545506764845,4219.676793774211,3342.8110385948853,-2.5789743610298004,6.0368786041572475,-3.4832376197827055,EXPLORER 27 (BEACON-C),-1006.437159,-6470.152851,3344.803214,-6014.9826657648455,-10689.82964477421,1.9921754051147218,12265.907152449343
2026-07-15 13:45:00,4465.936260078868,5232.325472950686,2665.118006790217,-3.4323671552104122,5.185741621569752,-4.025717562010266,EXPLORER 27 (BEACON-C),-22.270208999999998,-6877.912499,2667.450884,-4488.206469078868,-12110.237971950686,2.332877209782964,12915.17969246552
2026-07-15 13:48:00,3779.9849235842744,6077.129422894825,1901.6586912155753,-4.167573506590527,4.177694647533048,-4.433919151996204,EXPLORER 27 (BEACON-C),954.505146,-7091.871557,1904.246149,-2825.4797775842744,-13169.000979894827,2.587457784424714,13468.701848246043
2026-07-15 13:51:00,2974.001513927299,6729.077519689297,1077.6393045926498,-4.762917403969228,3.0492708174737975,-4.697243214685055,EXPLORER 27 (BEACON-C),1898.195144,-7107.106787,1080.391774,-1075.806369927299,-13836.184306689298,2.7524694073501905,13877.9452041842
2026-07-15 13:54:00,2074.681687882362,7169.998972491183,219.67778574845536,-5.202514519312232,1.8396246585541998,-4.810592186509447,EXPLORER 27 (BEACON-C),2784.919643,-6924.614428999999,222.506597,710.2379551176382,-14094.613401491182,2.8288112515446358,14112.49704668021
2026-07-15 13:57:00,1111.0450525125398,7388.876302890366,-645.1684291596207,-5.476417749728844,0.5887920678594545,-4.774119797141385,EXPLORER 27 (BEACON-C),3593.209661,-6551.0244649999995,-642.347524,2482.16460848746,-13939.900767890365,2.820905159620679,14159.166024867567
2026-07-15 14:00:00,113.37677179947052,7381.861143119545,-1490.307965978526,-5.5804488751311405,-0.6638487140730098,-4.592756236559336,EXPLORER 27 (BEACON-C),4304.451903,-5998.141151,-1487.57285,4191.0751312005295,-13380.002294119546,2.7351159785259824,14021.0406042801
2026-07-15 14:03:00,-887.7772351800937,7152.036550157631,-2290.42093452244,-5.515791026078852,-1.880843774621189,-4.275587888626597,EXPLORER 27 (BEACON-C),4903.183277,-5282.358974000001,-2287.842145,5790.960512180094,-12434.395524157631,2.57878952243982,13716.756991176006
2026-07-15 14:06:00,-1862.5258906598672,6708.978453507421,-3022.1451677230343,-5.288425069527197,-3.027630180782437,-3.835168442572117,EXPLORER 27 (BEACON-C),5377.249954,-4424.00345,-3019.785571,7239.775844659867,-11132.981903507422,2.3595967230344286,13279.971608118782
2026-07-15 14:09:00,-2782.438751636784,6068.170132006677,-3664.6372737634792,-4.90848911759586,-4.073212753945104,-3.2868267015438324,EXPLORER 27 (BEACON-C),5717.852742,-3446.638219,-3662.5523980000003,8500.291493636785,-9514.808351006677,2.0848757634789763,12758.782770307174
2026-07-15 14:12:00,-3621.2347247629255,5250.318830830382,-4200.01278782847,-4.3896275629797765,-4.990589005349047,-2.6480194866871196,EXPLORER 27 (BEACON-C),5919.504457,-2376.370074,-4198.251206,9540.739181762925,-7626.688904830382,1.7615818284702982,12214.421430778442
2026-07-15 14:15:00,-4355.356780736541,4280.614859915759,-4613.676631600163,-3.748378281985835,-5.7569769640053705,-1.9377593154855883,EXPLORER 27 (BEACON-C),5979.924733,-1241.174217,-4612.279803,10335.28151373654,-5521.789076915758,1.3968286001627348,11717.858188647813
2026-07-15 14:18:00,-4964.442610041951,3187.9628246057855,-4894.558647702314,-3.003627433375017,-6.353906943348929,-1.1761288152692826,EXPLORER 27 (BEACON-C),5899.8953200000005,-70.250111,-4893.560843,10864.337930041951,-3258.2129356057853,0.9978047023141698,11342.389130492364
2026-07-15 14:21:00,-5431.704601921503,2004.2037565377623,-5035.269593375858,-2.1761431834528806,-6.767236248172122,-0.3838788553611279,EXPLORER 27 (BEACON-C),5683.09268,1106.5902409999999,-5034.697794,11114.797281921503,-897.6135155377624,0.5717993758580633,11150.983318454038
2026-07-15 14:24:00,-5744.232976125707,763.3370974530311,-5032.191275968226,-1.2881842203604552,-6.987137792695452,0.4179040781081447,EXPLORER 27 (BEACON-C),5335.910626,2259.503816,-5032.064517,11080.143602125707,1496.1667185469687,0.12675896822656796,11180.701995379479
2026-07-15 14:27:00,-5893.233946084858,-499.25644963498405,-4885.511159467037,-0.36316673085490264,-7.008101718255744,1.208083582015815,EXPLORER 27 (BEACON-C),4867.2821349999995,3359.176144,-4885.8397429999995,10760.516081084857,3858.432593634984,-0.3285835329625115,11431.369494460308
2026-07-15 14:30:00,-5874.211059035659,-1747.5957871228213,-4599.207387196835,0.5746353023378712,-6.828974972225751,1.9657389019482034,EXPLORER 27 (BEACON-C),4288.502431,4377.370622,-4599.992114,10162.713490035658,6124.9664091228215,-0.7847268031646308,11865.747326200393
2026-07-15 14:33:00,-5687.092915667298,-2945.891615864411,-4180.985296923911,1.5003871920855,-6.453048490951098,2.6704385853550296,EXPLORER 27 (BEACON-C),3613.050758,5287.477533,-4182.216426,9300.143673667299,8233.36914886441,-1.2311290760890188,12420.991965539828
2026-07-15 14:36:00,-5336.304843464895,-4059.3578924320855,-3642.161636877565,2.389021145741388,-5.888185770787538,3.3025490432886406,EXPLORER 27 (BEACON-C),2856.404156,6065.07104,-3643.8177450000003,8192.708999464896,10124.428932432085,-1.6561081224353984,13023.99879839042
2026-07-15 14:39:00,-4830.7762991535255,-5055.048068230613,-2997.4882885024376,3.2156266345866364,-5.146970721712517,3.843600636675676,EXPLORER 27 (BEACON-C),2035.833159,6688.477742,-2999.535186,6866.609458153525,11743.525810230614,-2.0468974975624405,13603.702734775758
2026-07-15 14:42:00,-4183.870369428874,-5902.716465906331,-2264.903847766422,3.9559313441553074,-4.246837435973321,4.27672676463589,EXPLORER 27 (BEACON-C),1170.168067,7139.355645,-2267.2940019999996,5354.038436428875,13042.07211090633,-2.390154233577505,14098.275718600333
2026-07-15 14:45:00,-3413.2173868882023,-6575.697374892328,-1465.199441601301,4.586891999254979,-3.2101309425632043,4.587181211069596,EXPLORER 27 (BEACON-C),279.52178200000003,7403.273865,-1467.871122,3692.7391688882026,13978.97123989233,-2.6716803986989817,14458.491160320089
2026-07-15 14:48:00,-2540.432157168648,-7051.7844266451,-621.585228928425,5.087401403260107,-2.064037811527997,4.762925751709476,EXPLORER 27 (BEACON-C),-615.0415529999999,7470.272583,-624.461431,1925.3906041686478,14522.057009645101,-2.876202071574994,14649.13912291578
2026-07-15 14:51:00,-1590.6944557730403,-7314.081272528577,240.85329216445115,5.439100687945966,-0.8403208459123134,4.795264262001828,EXPLORER 27 (BEACON-C),-1491.899956,7335.378371000001,237.863508,98.79449977304034,14649.459643528578,-2.9897841644511516,14649.79307496755
2026-07-15 14:54:00,-592.1761053002554,-7351.782746813341,1095.8143635871256,5.627264887623459,0.4252044185722934,4.679482560908671,EXPLORER 27 (BEACON-C),-2329.33608,6999.043659,1092.810818,-1737.1599746997447,14350.82640581334,-3.0035455871257,14455.585506259315
2026-07-15 14:57:00,424.6943538042243,-7160.8352794064895,1916.5508186669197,5.641707495599618,1.6934998345901686,4.415437132118365,EXPLORER 27 (BEACON-C),-3106.070342,6467.465039,1913.6370379999998,-3530.764695804224,13628.30031840649,-2.91378066691982,14078.241274958094
2026-07-15 15:00:00,1428.126570986031,-6744.418443271325,2676.7375558420486,5.477628810870508,2.923464421042669,4.008023641970408,EXPLORER 27 (BEACON-C),-3801.8510159999996,5752.729777,2674.016658,-5229.9775869860305,12497.148220271323,-2.7208978420485437,13547.375635269436
2026-07-15 15:03:00,2386.004786827995,-6113.188366718863,3351.407250485322,5.136317751934342,4.073410704840123,3.4674511635331973,EXPLORER 27 (BEACON-C),-4398.080013000001,4872.752303,3348.977744,-6784.084799827995,10985.940669718864,-2.4295064853222357,12911.804865019529
2026-07-15 15:06:00,3267.0304659653,-5285.230074876869,3917.912667251183,4.62561172184423,5.102801079130378,2.8092531774445795,EXPLORER 27 (BEACON-C),-4878.446736,3850.967157,3915.863571,-8145.4772019653,9136.19723187687,-2.049096251183073,12240.0532231803
2026-07-15 15:09:00,4041.9190863266076,-4285.680432568888,4356.8627964199095,3.9600274881358635,5.974142882474464,2.0539833793737516,EXPLORER 27 (BEACON-C),-5229.533562,2715.7609429999998,4355.268833,-9271.452648326607,7001.441375568887,-1.5939634199094144,11618.090122150448
2026-07-15 15:12:00,4684.585263075635,-3146.0056174988754,4652.973207035732,3.1604992771759486,6.654902683063398,1.22657254654988,EXPLORER 27 (BEACON-C),-5441.352690000001,1499.641298,4651.891815000001,-10125.937953075636,4645.646915498875,-1.081392035731369,11140.765497147426
2026-07-15 15:15:00,5173.242299770671,-1902.9448064682706,4795.770239383466,2.253696880310945,7.119276570601009,0.3553591444064334,EXPLORER 27 (BEACON-C),-5507.770888,238.169918,4795.238541000001,-10681.01318777067,2141.1147244682707,-0.531698383465482,10893.503351235036
2026-07-15 15:18:00,5491.341743806787,-597.1616147186352,4780.094817794233,1.270942019982861,7.349650373003722,-0.5291542618005292,EXPLORER 27 (BEACON-C),-5426.789888,-1031.289056,4780.126980999999,-10918.131631806787,-434.1274412813649,0.03216320576666476,10926.759124542277
2026-07-15 15:21:00,5628.286370157759,728.3272398295358,4606.364506529724,0.24678868172750545,7.3376044449081395,-1.3957308542382043,EXPLORER 27 (BEACON-C),-5200.658864,-2270.939424,4606.951272,-10828.94523415776,-2999.266663829536,0.5867654702760774,11236.621189193882
2026-07-15 15:24:00,5579.865717992037,2029.8545052720044,4280.570631912996,-0.7826252800636517,7.084360483064841,-2.213901717644951,EXPLORER 27 (BEACON-C),-4835.806356,-3443.9636729999997,4281.68119,-10415.672073992038,-5473.818178272004,1.1105580870043923,11766.431550604368
2026-07-15 15:27:00,5348.38512477239,3264.8316343589,3814.008683362476,-1.781319481117471,6.600626875353623,-2.9554150749192445,EXPLORER 27 (BEACON-C),-4342.591079,-4515.886649,3815.593804,-9690.976203772389,-7780.7182833588995,1.5851206375241418,12427.976476469754
2026-07-15 15:30:00,4942.4844452846155,4393.398110019273,3222.7620975060786,-2.7151593193513746,5.905865225963265,-3.595513203402841,EXPLORER 27 (BEACON-C),-3734.890015,-5455.806988,3224.7578829999998,-8677.374460284616,-9849.205098019273,1.9957854939211757,13126.449351214833
2026-07-15 15:33:00,4376.668036510504,5379.8936417720015,2526.979087244172,-3.5533552671638033,5.027063135132815,-4.113939821163794,EXPLORER 27 (BEACON-C),-3029.556262,-6237.427789,2529.3109249999998,-7406.224298510504,-11617.321430772,2.3318377558275643,13777.311821367372
2026-07-15 15:36:00,3670.589776721595,6194.0754401971335,1749.9968374315963,-4.269665386960936,3.997146810748918,-4.495615439306723,EXPLORER 27 (BEACON-C),-2245.785111,-6839.837096,1752.582781,-5916.374887721595,-13033.912536197135,2.5859435684037635,14313.852538726382
2026-07-15 15:39:00,2848.153001201349,6812.029320507417,917.3753226203555,-4.843234406140707,2.853194196528449,-4.7309591759333856,EXPLORER 27 (BEACON-C),-1404.432795,-7248.012964,920.129874,-4252.585796201349,-14060.042284507417,2.754551379644454,14689.087193687132
2026-07-15 15:42:00,1936.4934582120284,7216.752993154901,55.903517437782675,-5.25904895712811,1.6346120348683864,-4.81587559872216,EXPLORER 27 (BEACON-C),-527.330166,-7453.054636,58.741776,-2463.8236242120283,-14669.8076291549,2.8382585622173266,14875.271116297285
2026-07-15 15:45:00,964.9133166173776,7398.418204431594,-807.3655242965575,-5.508031916597915,0.3814206661168969,-4.751457797316835,EXPLORER 27 (BEACON-C),363.372845,-7452.158834,-804.5249749999999,-601.5404716173776,-14850.577038431595,2.840549296557583,14862.755376514331
2026-07-15 15:48:00,-36.17306678167839,7354.341650965518,-1646.0056192205989,-5.586832531506575,-0.8672454406887894,-4.543478762223187,EXPLORER 27 (BEACON-C),1245.801772,-7248.376816999999,-1643.239366,1281.9748387816785,-14602.718467965518,2.7662532205988555,14658.883101863095
2026-07-15 15:51:00,-1036.2333525856882,7088.710415662649,-2435.003410711144,-5.497389391433253,-2.0743570866247114,-4.201750862180105,EXPLORER 27 (BEACON-C),2098.87206,-6850.200957999999,-2432.382284,3135.105412585688,-13938.91137366265,2.6211267111443703,14287.132081042411
2026-07-15 15:54:00,-2005.5180561076688,6612.115308942449,-3151.4226780242875,-5.246349697763317,-3.205908589984651,-3.739429098938291,EXPLORER 27 (BEACON-C),2902.716739,-6271.032281999999,-3149.011017,4908.234795107669,-12883.147590942448,2.411661024287696,13786.452280047275
2026-07-15 15:57:00,-2915.849582744319,5940.945669912694,-3774.9430346489676,-4.844422743693116,-4.231550308648974,-3.172321050205788,EXPLORER 27 (BEACON-C),3639.030772,-5528.573976,-3772.799008,6554.8803547443185,-11469.519645912693,2.1440266489676105,13210.463351822316
2026-07-15 16:00:00,-3741.293984357015,5096.693594091802,-4288.27881873295,-4.305731648127875,-5.124977036655415,-2.5182488470902937,EXPLORER 27 (BEACON-C),4291.34065,-4644.187057,-4286.455223,8032.634634357015,-9740.880651091802,1.8235957329497978,12625.687242815256
2026-07-15 16:03:00,-4458.719811198952,4105.206319754474,-4677.490320930905,-3.647209127856505,-5.864128812573287,-1.7964897209381379,EXPLORER 27 (BEACON-C),4845.209525,-3642.238259,-4676.034594,9303.929336198951,-7747.444578754474,1.4557269309052572,12107.270572387339
2026-07-15 16:06:00,-5048.25476241351,2995.9146584049918,-4932.202509410684,-2.8880638514019585,-6.431265468604675,-1.027304240068236,EXPLORER 27 (BEACON-C),5288.393531000001,-2549.461113,-4931.155666000001,10336.648293413511,-5545.375771404992,1.0468434106833229,11730.195713784791
2026-07-15 16:09:00,-5493.653783134223,1801.054557587599,-5045.746572169329,-2.0493261064305397,-6.812973037630289,-0.2315469089285668,EXPLORER 27 (BEACON-C),5610.965892,-1394.339975,-5045.141547,11104.619675134223,-3195.3945325875993,0.6050251693286555,11555.22066921806
2026-07-15 16:12:00,-5782.5922889743115,554.8893208273112,-5015.237548934842,-1.1534664987867824,-7.000151302763356,0.5696570396520733,EXPLORER 27 (BEACON-C),5805.423199,-206.515984,-5015.098184,11588.015487974311,-761.4053048273112,0.13936493484197854,11613.003100282644
2026-07-15 16:15:00,-5906.895926221716,-707.0675747180767,-4841.597737492832,-0.22406972508175016,-6.988019394120523,1.3551920516806368,EXPLORER 27 (BEACON-C),5866.7819,983.7913159999999,-4841.937940999999,11773.677826221716,1690.8588907180765,-0.3402035071676437,11894.473231704029
2026-07-15 16:18:00,-5862.714312814657,-1948.8343124421763,-4529.531044902718,0.7144628392976288,-6.776161933600848,2.1042171452194536,EXPLORER 27 (BEACON-C),5792.670032999999,2146.353077,-4530.353294,11655.384345814657,4095.1873894421765,-0.8222490972812011,12353.887836604361
2026-07-15 16:21:00,-5650.641116457706,-3134.7550583685043,-4087.448548719943,1.6372130587286078,-6.36862277969716,2.7964434655103685,EXPLORER 27 (BEACON-C),5583.418025999999,3251.500857,-4088.7425780000003,11234.059142457705,6386.255915368504,-1.2940292800572024,12922.397266271013
2026-07-15 16:24:00,-5275.7771328627305,-4230.314488332348,-3527.340716733407,2.5190816827912417,-5.774037542899638,3.4124507560902404,EXPLORER 27 (BEACON-C),5242.145926,4270.709019999999,-3529.0829320000003,10517.92305886273,8501.023508332348,-1.7422152665931208,13523.834855420619
2026-07-15 16:27:00,-4747.727248236833,-5202.977369787333,-2864.5874692821553,3.335191534879632,-5.005780240463892,3.934064271209856,EXPLORER 27 (BEACON-C),4774.838313,5177.197131,-2866.740378,9522.565561236832,10380.174500787332,-2.152908717844639,14086.421907988743
2026-07-15 16:30:00,-4080.516881271516,-6023.05245614595,-2117.694043711822,4.061384994936293,-4.082084441913767,4.344805983761327,EXPLORER 27 (BEACON-C),4190.39466,5946.553536,-2120.2053229999997,8270.911541271516,11969.60599214595,-2.511279288177775,14549.207938485113
2026-07-15 16:33:00,-3292.4093798585272,-6664.571798091303,-1307.938970434735,4.674833336129783,-3.026086173908369,4.630423203403302,EXPLORER 27 (BEACON-C),3500.639705,6557.377418,-1310.741424,6793.049084858527,13221.949216091303,-2.8024535652650684,14864.907157326637
2026-07-15 16:36:00,-2405.6036887632863,-7106.166275432109,-458.92096139997176,5.1547618299445555,-1.865726444820991,4.779484026213849,EXPLORER 27 (BEACON-C),2720.273759,6991.928439,-461.93341100000004,5125.877447763287,14098.094714432109,-3.012449600028276,15001.030073346277
2026-07-15 16:39:00,-1445.7922593915546,-7331.906505952455,404.00532284620533,5.4832765842909605,-0.6334477978994927,4.784013022024659,EXPLORER 27 (BEACON-C),1866.7405589999998,7236.761539,400.87701,3312.5328183915544,14568.668044952454,-3.128312846205347,14940.51445109174
2026-07-15 16:42:00,-441.56342250761065,-7332.066586609042,1254.4084509652093,5.646257827698129,0.6343756813759969,4.6401236293223915,EXPLORER 27 (BEACON-C),959.992782,7283.313511,1251.269611,1401.5562045076108,14615.380097609042,-3.1388399652093995,14682.428445059646
2026-07-15 16:45:00,576.3592123938162,-7103.758160730217,2065.5688790092604,5.634261945761008,1.8983198641685453,4.348588158683307,EXPLORER 27 (BEACON-C),22.141629000000002,7128.403283,2062.531708,-554.2175833938162,14232.161443730216,-3.037171009260419,14242.948631324609
2026-07-15 16:48:00,1576.0353689172002,-6651.376225460722,2811.359750419241,5.443354351059653,3.117121426833371,3.9152751438749673,EXPLORER 27 (BEACON-C),-923.019715,6774.60438,2808.536815,-2499.0550839172,13425.980605460722,-2.8229354192412757,13656.582277408364
2026-07-15 16:51:00,2525.3641065890415,-5986.798040971791,3467.1891789097212,5.075781409936655,4.249198452340144,3.351380337224444,EXPLORER 27 (BEACON-C),-1850.6225419999998,6230.441426,3464.687212,-4375.986648589042,12217.23946697179,-2.501966909721432,12977.295773842912
2026-07-15 16:54:00,3393.2393226144704,-5129.284112516073,4010.9603544903644,4.540386402640196,5.254417240785132,2.67338470587181,EXPLORER 27 (BEACON-C),-2735.445921,5510.36496,4008.8750240000004,-6128.685243614471,10639.649072516073,-2.0853304903639582,12278.555271292838
2026-07-15 16:57:00,4150.750342243561,-4105.046069568563,4423.995295635586,3.852685043878666,6.095997676175221,1.9026916585294997,EXPLORER 27 (BEACON-C),-3552.726543,4634.474002,4422.406082,-7703.476885243561,8739.520071568564,-1.5892136355860202,11650.011576321785
2026-07-15 17:00:00,4772.36013850339,-2946.469501561232,4691.862180969709,3.0345414354632636,6.7424131446125495,1.0649254876627925,EXPLORER 27 (BEACON-C),-4279.017153,3627.97856,4690.827607,-9051.37729150339,6574.448061561232,-1.0345739697086174,11187.081802581617
2026-07-15 17:03:00,5236.986661705632,-1691.008067908724,4805.046556289572,2.113423528610721,7.1691202297640135,0.1889102209125312,EXPLORER 27 (BEACON-C),-4893.050990000001,2520.406516,4804.602538,-10130.037651705632,4211.414583908724,-0.444018289572341,10970.582291732973
2026-07-15 17:06:00,5528.913451709407,-379.7949645410119,4759.414020157965,1.121263357816136,7.3599540347155825,-0.6946127529727919,EXPLORER 27 (BEACON-C),-5376.554765,1344.580366,4759.574335,-10905.468216709407,1724.3753305410119,0.16031484203540458,11040.95590662051
2026-07-15 17:09:00,5638.46476195332,943.9549430385548,4556.425819671282,0.09299441179742918,7.308049207145085,-1.5544352961573544,EXPLORER 27 (BEACON-C),-5714.9534060000005,135.420774,4557.181794,-11353.418167953321,-808.5341690385549,0.7559743287183665,11382.17168076517
2026-07-15 17:12:00,5562.3971560057125,2236.658168901674,4203.087666716154,-0.9351213376600733,7.016192407681624,-2.3603844951019313,EXPLORER 27 (BEACON-C),-5897.922252,-1071.3509080000001,4204.4081289999995,-11460.319408005713,-3308.0090769016742,1.3204622838456999,11928.195451534022
2026-07-15 17:15:00,5303.982061305801,3456.085262957253,3711.6337468268416,-1.9272380916788552,6.496572688895445,-3.084750516933291,EXPLORER 27 (BEACON-C),-5919.754751,-2240.5342889999997,3713.466796,-11223.7368123058,-5696.619551957252,1.8330491731585425,12586.649503013869
2026-07-15 17:18:00,4872.779277681581,4562.987237475517,3098.969602925109,-2.8495965687966813,5.769962539760421,-3.7035234802341828,EXPLORER 27 (BEACON-C),-5779.524885,-3338.717249,3101.245991,-10652.304162681581,-7901.704486475517,2.276388074890747,13263.051042192868
2026-07-15 17:21:00,4284.126615739996,5522.530972115134,2385.916506410195,-3.6719868887187816,4.864423334679973,-4.197347061370592,EXPLORER 27 (BEACON-C),-5481.04141,-4335.414188,2388.55447,-9765.168025739997,-9857.945160115134,2.6379635898051674,13875.791736316314
2026-07-15 17:24:00,3558.3923444463367,6305.46957335218,1596.3135902025047,-4.368901436717777,3.8136746094924194,-4.552132838115491,EXPLORER 27 (BEACON-C),-5032.609232,-5204.0151129999995,1599.223357,-8591.001576446337,-11509.48468635218,2.909766797495422,14362.226648351627
2026-07-15 17:27:00,2720.052194251528,6889.001000752767,756.0407354296161,-4.9203176412533365,2.655290059945535,-4.7593208291396865,EXPLORER 27 (BEACON-C),-4446.62696,-5922.505501000001,759.1283490000001,-7166.6791542515275,-12811.506501752767,3.087613570383951,14679.781962883317
2026-07-15 17:30:00,1796.6596538675926,7257.297998929296,-107.97551110993774,-5.31209707732998,1.4288821760285824,-4.815811059195017,EXPLORER 27 (BEACON-C),-3739.06066,-6473.941295,-104.804573,-5535.720313867592,-13731.239293929295,3.1709381099377367,14805.105267959518
2026-07-15 17:33:00,817.777034950089,7401.720145655674,-968.7180385562324,-5.5360297149691915,0.17441474231665507,-4.723621987447065,EXPLORER 27 (BEACON-C),-2928.8379640000003,-6846.6844249999995,-965.555654,-3746.614998950089,-14248.404570655674,3.1623845562323822,14732.758287575187
2026-07-15 17:36:00,-186.0734974947457,7320.7410597981225,-1799.9543961986635,-5.589584147489726,-1.0692552772643815,-4.489350385562386,EXPLORER 27 (BEACON-C),-2037.204263,-7034.422184999999,-1796.887431,-1851.1307655052544,-14355.163244798121,3.0669651986634108,14474.02522804484
2026-07-15 17:39:00,-1184.3927575927114,7019.6383590549185,-2577.0025900203573,-5.475442912990008,-2.2655491774667795,-4.1235128226824145,EXPLORER 27 (BEACON-C),-1087.076688,-7036.00609,-2574.111392,97.3160695927113,-14055.644449054918,2.8911980203574785,14055.981632553285
2026-07-15 17:42:00,-2147.5901769721163,6510.000322109907,-3277.3731559691955,-5.200906421412841,-3.38103663158635,-3.6398430319141655,EXPLORER 27 (BEACON-C),-102.4231,-6855.15064,-3274.730905,2045.1670769721163,-13365.150962109907,2.6422509691956293,13520.723930108485
2026-07-15 17:45:00,-3047.7559416821564,5809.102314000876,-3881.2855121478424,-4.777241901009867,-4.3860249564093134,-3.054605490728947,EXPLORER 27 (BEACON-C),892.314649,-6500.0333980000005,-3878.9577170000002,3940.0705906821563,-12309.135712000876,2.327795147842153,12924.356218189128
2026-07-15 17:48:00,-3859.315882029142,4939.199694667648,-4372.065814314339,-4.219038924786163,-5.254912397600164,-2.385967441077399,EXPLORER 27 (BEACON-C),1872.744803,-5982.834984,-4370.109759,5732.060685029142,-10922.03467866765,1.9560553143392099,12334.80299984673
2026-07-15 17:51:00,-4559.574705946047,3926.774284807364,-4736.439300086657,-3.5436144029121532,-5.966363509835107,-1.6534527543131359,EXPLORER 27 (BEACON-C),2814.997081,-5319.249654,-4734.9034759999995,7374.571786946048,-9246.023938807364,1.5358240866571577,11826.803037024632
2026-07-15 17:54:00,-5129.158960611151,2801.760505423436,-4964.732587195353,-2.770490718311638,-6.5033680220445405,-0.8774839902030501,EXPLORER 27 (BEACON-C),3696.148389,-4527.988668999999,-4963.656854,8825.30734961115,-7329.749174423436,1.0757331953527682,11472.195689242035
2026-07-15 17:57:00,-5552.37356636871,1596.766628902492,-5051.001111721783,-1.9209531947572283,-6.853240258050236,-0.07900511019178118,EXPLORER 27 (BEACON-C),4494.612195000001,-3630.287593,-5050.416794,10046.98576136871,-5227.054221902492,0.5843177217830089,11325.370593021735
2026-07-15 18:00:00,-5817.48539815357,346.29729003568525,-4993.094517473347,-1.0176785448404864,-7.0076066030733255,0.7208329088775588,EXPLORER 27 (BEACON-C),5190.499849999999,-2649.425107,-4993.022956,11007.985248153569,-2995.7223970356854,0.07156147334717389,11408.334317891848
2026-07-15 18:03:00,-5916.944809874036,-914.0238121196369,-4792.669005300836,-0.08441478800260813,-6.9624156731425915,1.5009479205929308,EXPLORER 27 (BEACON-C),5765.966227,-1610.254863,-4793.1195,11682.911036874037,-696.231050880363,-0.4504946991637553,11703.638245206857
2026-07-15 18:06:00,-5847.551817259316,-2148.2368645608385,-4455.151024353711,0.8543146558104396,-6.717991195097692,2.2405915933497114,EXPLORER 27 (BEACON-C),6205.551187,-538.7428299999999,-4456.119733,12053.103004259316,1609.4940345608386,-0.9687086462890875,12160.088980635312
2026-07-15 18:09:00,-5610.568433025092,-3320.8425328165495,-3989.6517621391763,1.7735145507102479,-6.279132049403017,2.9196315652442584,EXPLORER 27 (BEACON-C),6496.5214000000005,538.500649,-3991.120885,12107.089833025093,3859.3431818165495,-1.4691228608235178,12707.326869892639
2026-07-15 18:12:00,-5211.77290286925,-4397.6196184073115,-3408.827140876618,2.648062344919408,-5.65524804449547,3.5188763606039095,EXPLORER 27 (BEACON-C),6629.211805,1594.702371,-3410.763846,11840.984707869251,5992.321989407312,-1.936705123381671,13270.902208499412
2026-07-15 18:15:00,-4661.445846387266,-5346.467891638319,-2728.67391762754,3.4531248622125204,-4.860504302294505,4.020463408241661,EXPLORER 27 (BEACON-C),6597.364558,2603.4306349999997,-2731.03006,11258.810404387266,7949.898526638319,-2.356142372459999,13782.65953498061
2026-07-15 18:18:00,-3974.27315251087,-6138.274196197129,-1968.249507104059,4.164672773310646,-3.913932396156435,4.4083223020051525,EXPLORER 27 (BEACON-C),6398.455502999999,3539.132025,-1970.962278,10372.72865551087,9677.406221197129,-2.7127708959410484,14186.109342946964
2026-07-15 18:21:00,-3169.146610895286,-6747.791402879737,-1149.3018370508912,4.760108565026293,-2.8394538251492687,4.668714199496027,EXPLORER 27 (BEACON-C),6033.988477,4377.7041229999995,-1152.29425,9203.135087895285,11125.495525879736,-2.9924129491087115,14438.641040518829
2026-07-15 18:24:00,-2268.8414842724223,-7154.509233558139,-295.79646915019015,5.219009395905656,-1.665752854405695,4.790834150628379,EXPLORER 27 (BEACON-C),5509.733152,5097.0986840000005,-298.977846,7778.574636272422,12251.60791755814,-3.181376849809851,14512.344058035304
2026-07-15 18:27:00,-1299.551392529166,-7343.484255961804,566.6681160020876,5.523967698641158,-0.42593353030267544,4.767446928235907,EXPLORER 27 (BEACON-C),4835.879451000001,5677.945483,563.400295,6135.430843529167,13021.429738961804,-3.267821002087544,14394.48348365102
2026-07-15 18:30:00,-290.26573739336004,-7306.084835450573,1411.5594406475595,5.661490823006911,0.8430977297077142,4.595510136185124,EXPLORER 27 (BEACON-C),4027.075131,6104.178079,1408.3164550000001,4317.34086839336,13410.262914450574,-3.242985647559408,14088.101154007372
2026-07-15 18:33:00,728.0161223784565,-7040.597377877057,2212.2167794241195,5.622898734374543,2.1015651920623437,4.2767234116286,EXPLORER 27 (BEACON-C),3102.313843,6363.632014000001,2209.114585,2374.2977206215432,13404.229391877057,-3.102194424119716,13612.885986440191
2026-07-15 18:36:00,1723.2267738196792,-6552.63496856438,2942.74418311725,5.405139277988763,3.308084934116992,3.817932521627651,EXPLORER 27 (BEACON-C),2084.644776,6448.57838,2939.898914,361.41800218032085,13001.213348564379,-2.8452691172501545,13006.236181261087
2026-07-15 18:39:00,2663.3055397021303,-5855.290595310913,3578.9578697468532,5.01142802555359,4.421227830062792,3.2313153415063716,EXPLORER 27 (BEACON-C),1000.68555,6356.14933,3576.479936,-1662.6199897021302,12211.439925310913,-2.4779337468530684,12324.105501811891
2026-07-15 18:42:00,3517.3656527587323,-4968.986032825269,4099.3423891157345,4.451618382053392,5.401313905914176,2.5342856775028344,EXPLORER 27 (BEACON-C),-120.06506399999999,6088.6149239999995,4097.329699,-3637.430716758732,11057.600956825268,-2.0126901157345856,11640.508802905677
2026-07-15 18:45:00,4256.897148949325,-3920.984532610673,4485.960128076174,3.7422203636556386,6.212324289777364,1.7490716378570978,EXPLORER 27 (BEACON-C),-1246.104249,5653.474257,4484.492641,-5503.001397949325,9574.458789610673,-1.4674870761746206,11043.246246158944
2026-07-15 18:48:00,4856.93651660469,-2744.559610335624,4725.2538137639895,2.9060138601897054,6.8237826677160776,0.9019564379219699,EXPLORER 27 (BEACON-C),-2344.96264,5063.328109,4724.390724999999,-7201.89915660469,7807.887719335624,-0.863088763990163,10622.168462445774
2026-07-15 18:51:00,5297.128138590586,-1477.8408971939225,4808.683178382305,1.9712419023008159,7.212440407951209,0.022207363753441872,EXPLORER 27 (BEACON-C),-3384.346761,4335.524181,4808.458284,-8681.474899590587,5813.365078193922,-0.2248943823051377,10448.120405851165
2026-07-15 18:54:00,5562.604475571069,-162.38759953233605,4733.1453872818865,0.970416226709762,7.363603673357254,-0.859242587561527,EXPLORER 27 (BEACON-C),-4333.326897,3491.5873429999997,4733.5647340000005,-9895.931372571069,3653.9749425323357,0.41934671811395674,10548.980556771454
2026-07-15 18:57:00,5644.622188318104,1158.4334488078403,4501.143603964316,-0.06118597234963916,7.271968502700464,-1.7112626483703115,EXPLORER 27 (BEACON-C),-5163.504017,2556.4514419999996,4502.188024,-10808.126205318105,1398.0179931921593,1.0444200356841975,10898.167161049889
2026-07-15 19:00:00,5540.909123042872,2441.1686084831717,4120.687562439322,-1.0872166478010274,6.941878213459421,-2.504022403744493,EXPLORER 27 (BEACON-C),-5850.077654,1557.5328459999998,4122.316176,-11390.986777042872,-883.6357624831719,1.628613560677877,11425.208731917632
2026-07-15 19:03:00,5255.700257695875,3643.9908080194236,3604.931881213589,-2.072001703842591,6.386979677506579,-3.210394820800296,EXPLORER 27 (BEACON-C),-6372.744007,523.707341,3607.084052,-11628.444264695874,-3120.2834670194234,2.1521707864112614,12039.804382278484
2026-07-15 19:06:00,4799.466424759163,4728.300647060743,2971.579308437585,-2.982190397447892,5.629321224389981,-3.807150276250272,EXPLORER 27 (BEACON-C),-6716.376628999999,-515.743022,2974.177122,-11515.843053759163,-5244.043669060743,2.5978135624150127,12653.641451790252
2026-07-15 19:09:00,4188.3645177665485,5660.123099539067,2242.094322178132,-3.788179421701624,4.697994232660831,-4.275854567817343,EXPLORER 27 (BEACON-C),-6871.460916,-1532.151241,2245.046691,-11059.82543376655,-7192.2743405390665,2.9523688218678217,13192.746398360267
2026-07-15 19:12:00,3443.4586462482007,6411.229730056194,1440.7851233447789,-4.465214599492544,3.627463165822655,-4.603421590787918,EXPLORER 27 (BEACON-C),-6834.271656999999,-2498.398404,1443.992976,-10277.7303032482,-8909.628134056195,3.2078526552211315,13601.956622625683
2026-07-15 19:15:00,2589.775679861804,6959.944368470988,593.8175379114288,-4.994116848758837,2.4557485739468095,-4.7823130848197355,EXPLORER 27 (BEACON-C),-6606.803779,-3389.712642,597.1784710000001,-9196.579458861805,-10349.657010470988,3.3609330885713007,13845.305531963582
2026-07-15 19:18:00,1655.264370688499,7291.619926584639,-271.7775847047171,-5.361625595623963,1.2226229263248323,-4.810416349476637,EXPLORER 27 (BEACON-C),-6196.485291,-4184.30284,-268.365168,-7851.749661688499,-11475.92276658464,3.4124167047171454,13904.919551692086
2026-07-15 19:21:00,669.7248062561404,7398.801185556146,-1129.0502029252527,-5.560394145171672,-0.032046466031381685,-4.690660083543395,EXPLORER 27 (BEACON-C),-5615.717523,-4863.814823,-1125.683578,-6285.4423292561405,-12262.616008556146,3.366624925252836,13779.642520104275
2026-07-15 19:24:00,-336.2342380013391,7281.109527627611,-1951.9895372827023,-5.5887017027416555,-1.2697125947890997,-4.430445078397337,EXPLORER 27 (BEACON-C),-4881.2901409999995,-5413.613795,-1948.759708,-4545.055902998661,-12694.723322627611,3.2298292827022124,13483.825267009566
2026-07-15 19:27:00,-1332.166031636963,6944.898835553994,-2716.2690842037573,-5.449962900954163,-2.45427171390322,-4.040969949300587,EXPLORER 27 (BEACON-C),-4013.7191860000003,-5822.909109,-2713.259689,-2681.5531543630373,-12767.807944553995,3.0093952037573217,13046.365627451576
2026-07-15 19:30:00,-2288.655936338717,6402.736894231476,-3399.8662094275433,-5.15211813306316,-3.552885747993593,-3.5365245178897857,EXPLORER 27 (BEACON-C),-3036.551953,-6084.747455,-3397.15247,-747.8960166612833,-12487.484349231476,2.71373942754326,12509.860957997116
2026-07-15 19:33:00,-3178.0765436562165,5672.76471008976,-3983.5562090991957,-4.70697940926668,-4.536529389458901,-2.9338084473038077,EXPLORER 27 (BEACON-C),-1975.671793,-6195.904643,-3981.204162,1202.4047506562165,-11868.669353089761,2.3520470991957154,11929.421399611061
2026-07-15 19:36:00,-3975.225818379694,4777.979128366973,-4451.289387537626,-4.129590704945853,-5.380309749033245,-2.2513141828960967,EXPLORER 27 (BEACON-C),-858.6244939999999,-6156.704753999999,-4449.355545,3116.6013243796942,-10934.683882366971,1.9338425376254236,11370.159152895276
2026-07-15 19:39:00,-4657.854973143797,3745.474123693256,-4790.4648806726545,-3.43764275741899,-6.063617907008789,-1.5087944999217369,EXPLORER 27 (BEACON-C),286.020547,-5970.792561,-4788.995752000001,4943.875520143797,-9716.266684693255,1.4691286726538237,10901.731312277707
2026-07-15 19:42:00,-5207.098061836799,2605.66511394483,-4992.116911345876,-2.6509631484473664,-6.570173604220629,-0.7268183132323969,EXPLORER 27 (BEACON-C),1429.27028,-5644.881076000001,-4991.148254,6636.368341836799,-8250.546189944831,0.9686573458766361,10588.337836471026
2026-07-15 19:45:00,-5607.817263525168,1391.5101188955305,-5051.028461254522,-1.79108537971142,-6.888018942916767,0.07359490068838039,EXPLORER 27 (BEACON-C),2542.2724169999997,-5188.489905,-5050.584448,8150.089680525167,-6580.000023895531,0.4440132545223605,10474.748794707
2026-07-15 19:48:00,-5848.877071858731,137.73258998113326,-4965.7846621676445,-0.8808865940125739,-7.009506694448063,0.8712812975502215,EXPLORER 27 (BEACON-C),3596.853253,-4613.683909,-4965.8778219999995,9445.73032485873,-4751.416498981133,-0.09315983235501335,10573.4469368047
2026-07-15 19:51:00,-5923.357732063567,-1119.9561017599483,-4738.774210833943,0.05572703904829528,-6.931315565670473,1.6452046946828842,EXPLORER 27 (BEACON-C),4566.04,-3934.81379,-4739.405599000001,10489.397732063568,-2814.857688240052,-0.6313881660580591,10860.519738259098
2026-07-15 19:54:00,-5828.713884400332,-2345.6408844823127,-4376.142390479867,0.9941155234669324,-6.654509911382714,2.37472240538542,EXPLORER 27 (BEACON-C),5424.575256,-3168.257485,-4377.300516,11253.289140400331,-822.6166005176874,-1.1581255201335807,11283.315819835676
2026-07-15 19:57:00,-5566.879031161772,-3504.0019812265823,-3887.6943534169654,1.9092131278403224,-6.184645740329957,3.0398726686670527,EXPLORER 27 (BEACON-C),6149.432592,-2332.1589169999997,-3889.3536,11716.311623161771,1171.8430642265826,-1.6592465830344736,11774.7686589296
2026-07-15 20:00:00,-5144.31066015891,-4561.135737614598,-3286.742653159858,2.7758825350356644,-5.531908997660981,3.6217085072737603,EXPLORER 27 (BEACON-C),6720.341199,-1446.154106,-3288.86252,11864.65185915891,3114.981631614598,-2.1198668401420946,12266.74687104021
2026-07-15 20:03:00,-4571.965162543389,-5485.400582748993,-2589.889075019295,3.5693456911817587,-4.711256556245881,4.10269707538214,EXPLORER 27 (BEACON-C),7120.318325,-531.071645,-2592.413778,11692.28348754339,4954.328937748993,-2.524702980705115,12698.617040867955
2026-07-15 20:06:00,-3865.1866801694973,-6248.284996533152,-1816.7280977982193,4.265715676131411,-3.74251592598077,4.467194834910233,EXPLORER 27 (BEACON-C),7336.200881,391.402918,-1819.58687,11201.387561169497,6639.687914533151,-2.8587722017807664,13021.38806235721
2026-07-15 20:09:00,-3043.490421244688,-6825.285487468522,-989.4583667934905,4.842643363627802,-2.650387705886261,4.701997164821633,EXPLORER 27 (BEACON-C),7359.162201,1299.1090940000001,-992.566691,10402.652622244688,8124.394581468522,-3.108324206509451,13199.279471098745
2026-07-15 20:12:00,-2130.2196097256824,-7196.771799412128,-132.3899253792041,5.280077636778056,-1.464287159737354,4.796946524300522,EXPLORER 27 (BEACON-C),7185.189673000001,2169.847977,-135.651334,9315.409282725683,9366.619776412128,-3.2614086207958906,13210.239467070716
2026-07-15 20:15:00,-1152.056928048802,-7348.804809693545,728.6608764271648,5.561118848991427,-0.21796035923477652,4.745566919368408,EXPLORER 27 (BEACON-C),6815.490564000001,2981.876436,725.352795,7967.547492048803,10330.681245693546,-3.3080814271647796,13046.256128927573
2026-07-15 20:18:00,-138.37678855087776,-7273.8613017862235,1567.089633565357,5.672923396992429,1.0511814607652332,4.545675838385324,EXPLORER 27 (BEACON-C),6256.785293999999,3714.454283,1563.848383,6395.162082550877,10988.315584786224,-3.2412505653569497,12713.81877952716
2026-07-15 20:21:00,879.5656167874207,-6971.410906648934,2356.3259459260007,5.607595204274823,2.303046546417784,4.199910559044703,EXPLORER 27 (BEACON-C),5521.449379,4348.430418,2353.267446,4641.883762212579,11319.841324648933,-3.058499926000877,12234.61899004396
2026-07-15 20:24:00,1869.5990371864514,-6448.286176089372,3070.737499919957,5.362981223779589,3.4961730712062713,3.716096940645666,EXPLORER 27 (BEACON-C),4627.462627999999,4866.84946,3067.974943,2757.863590813548,11315.135636089373,-2.762556919956751,11646.377706409638
2026-07-15 20:27:00,2799.728865018817,-5718.788999466127,3686.581053716152,4.9432770270449735,4.58933246584585,3.1073886879030765,EXPLORER 27 (BEACON-C),3598.128571,5255.54875,3684.2203560000003,798.3997059811832,10974.337749466127,-2.3606977161516625,11003.342069696908
2026-07-15 20:30:00,3639.314733618324,-4804.486743393787,4182.952896078854,4.359349172439635,5.543348274318677,2.39211596972681,EXPLORER 27 (BEACON-C),2461.5419380000003,5503.707184999999,4181.087443,-1177.772795618324,10308.193928393786,-1.865453078853534,10375.259722213623
2026-07-15 20:33:00,4360.274179271507,-3733.6697369239632,4542.682242346802,3.6286959631365403,6.3230109039658995,1.5933048314005442,EXPLORER 27 (BEACON-C),1249.8061089999999,5604.307548999999,4541.387727,-3110.468070271507,9337.977285923962,-1.2945153468017452,9842.399762475632
2026-07-15 20:36:00,4938.242040232475,-2540.466715634657,4753.107135151401,2.7749976071127227,6.8989365179999975,0.7378613319273284,EXPLORER 27 (BEACON-C),-1.9842819999999999,5554.473415,4752.437927,-4940.2263222324755,8094.940130634657,-0.6692081514011079,9483.348157759347
2026-07-15 20:39:00,5353.610358291053,-1263.6438393658448,4806.675073971889,1.8272478855590453,7.249203690415627,-0.14454734648049503,EXPLORER 27 (BEACON-C),-1256.951919,5355.648825,4806.661829,-6610.562277291053,6619.292664365845,-0.013244971889434964,9354.922180256039
2026-07-15 20:42:00,5592.376684456661,54.8578032442059,4701.320144095231,0.8185066515899154,7.360609146907167,-1.0228443173522588,EXPLORER 27 (BEACON-C),-2477.774464,5013.598269,4701.967193,-8070.151148456661,4958.7404657557945,0.6470489047696901,9471.876634771625
2026-07-15 20:45:00,5646.740115810634,1371.5657188317753,4440.58408494952,-0.21564158712486162,7.2294149318678675,-1.8660247556657537,EXPLORER 27 (BEACON-C),-3628.071234,4538.222849999999,4441.867597,-9274.811349810634,3166.6571311682237,1.2835120504805673,9800.502263065802
2026-07-15 20:48:00,5515.40307156724,2643.201881591228,4033.4687906815816,-1.2388008997113569,6.861510268998393,-2.644646506647997,EXPLORER 27 (BEACON-C),-4673.759161,3943.199924,4035.3388130000003,-10189.16223256724,1299.998042408772,1.8700223184187053,10271.758632718387
2026-07-15 20:51:00,5203.560584708691,3828.384150071792,3494.0297305407403,-2.21550570850999,6.271974841232017,-3.332204916853006,EXPLORER 27 (BEACON-C),-5584.297613,3245.4635049999997,3496.415332,-10787.85819770869,-582.9206450717925,2.3856014592597603,10803.596006118325
2026-07-15 20:54:00,4722.584740933255,4889.1996896321825,2840.7409032625146,-3.112846324209587,5.484096097405191,-3.9062813609490066,EXPLORER 27 (BEACON-C),-6333.74319,2464.558648,2843.555032,-11056.327930933254,-2424.6410416321824,2.8141287374855892,11319.067073589702
2026-07-15 20:57:00,4089.4364323135214,5792.561162315146,2095.679411615234,-3.901851940386284,4.527950597012387,-4.3493840266988215,EXPLORER 27 (BEACON-C),-6901.55704,1621.918336,2098.8233020000002,-10990.993472313521,-4170.6428263151465,3.1438903847661095,11755.688366794146
2026-07-15 21:00:00,3325.8565417223895,6511.2796903685185,1283.5892611173717,-4.558539774101271,3.438698952689988,-4.649438463941861,EXPLORER 27 (BEACON-C),-7273.138073,740.112178,1286.957352,-10598.994614722389,-5771.167512368518,3.3680908826281666,12068.350038127342
2026-07-15 21:03:00,2457.401518557713,7024.817225726665,430.88821222043185,-5.064583850379671,2.2547599281223203,-4.799927201696509,EXPLORER 27 (BEACON-C),-7440.076854,-157.889845,434.373168,-9897.478372557713,-7182.707070726665,3.4849557795681676,12229.119802505464
2026-07-15 21:06:00,1512.3928018753459,7319.710601990524,-435.32160914888027,-5.4076033023933565,1.016020979641478,-4.799715179926688,EXPLORER 27 (BEACON-C),-7400.145571,-1049.400601,-431.824755,-8912.538372875346,-8369.111202990523,3.4968541488802884,12226.012220016219
2026-07-15 21:09:00,520.8459618402396,7389.6859736834795,-1288.1878848025306,-5.5811101730533075,-0.23778584318702983,-4.652625134508826,EXPLORER 27 (BEACON-C),-7157.058717,-1912.61634,-1284.778442,-7677.904678840239,-9302.30231368348,3.4094428025305206,12061.635884771935
2026-07-15 21:12:00,-486.56461183794625,7235.502349892277,-2101.948816409916,-5.584184970292295,-1.4684546354144004,-4.366841440717786,EXPLORER 27 (BEACON-C),-6720.052155,-2727.117792,-2098.717927,-6233.487543162054,-9962.620141892277,3.230889409916017,11752.028653855494
2026-07-15 21:15:00,-1479.4636664463744,6864.574870034032,-2852.6568037768743,-5.420962261442009,-2.6403797674293163,-3.9542222962563067,EXPLORER 27 (BEACON-C),-6103.330637,-3474.2668009999998,-2849.686284,-4623.866970553626,-10338.841671034032,2.9705197768744256,11325.714179868495
2026-07-15 21:18:00,-2428.629196745832,6290.432350453335,-3518.775374324879,-5.100009130306911,-3.721331129752508,-3.4295909544327308,EXPLORER 27 (BEACON-C),-5325.432283,-4137.502055,-3516.137404,-2896.803086254168,-10427.934405453336,2.6379703248790065,10822.813453250339
2026-07-15 21:21:00,-3306.7305208482435,5532.060734923035,-4081.651052884526,-4.633669331815192,-4.682960238976811,-2.8100607429633864,EXPLORER 27 (BEACON-C),-4408.552864,-4702.546225,-4079.4079530000004,-1101.8223431517567,-10234.606959923036,2.243099884525691,10293.745534618125
2026-07-15 21:24:00,-4088.9498235899523,4613.1764049592875,-4525.869946939038,-4.0374294252194325,-5.501087771315527,-2.114429711705836,EXPLORER 27 (BEACON-C),-3377.862122,-5157.541021,-4524.07377,711.0877015899523,-9770.717425959287,1.7961769390376503,9796.558985865831
2026-07-15 21:27:00,-4753.4949461539845,3561.4629938830217,-4839.513424403923,-3.32934389249909,-6.155832886062045,-1.3626621446242893,EXPLORER 27 (BEACON-C),-2260.8335129999996,-5493.1280480000005,-4838.205524,2492.661433153985,-9054.591041883023,1.3079004039227584,9391.431289568434
2026-07-15 21:30:00,-5282.015934614153,2407.7942969979563,-5014.328708767163,-2.5295372725439984,-6.631645223181014,-0.5754579807557703,EXPLORER 27 (BEACON-C),-1086.598354,-5702.4928279999995,-5013.539368,4195.417580614153,-8110.287124997956,0.7893407671635941,9131.171148800835
2026-07-15 21:33:00,-5659.939380207962,1185.4555214782258,-5045.8291114669755,-1.6597846006509567,-6.917294101061676,0.22610150942334362,EXPLORER 27 (BEACON-C),114.67289699999999,-5781.386484000001,-5045.577048,5774.6122772079625,-6966.842005478226,0.2520634669754145,9048.924496585923
2026-07-15 21:36:00,-5876.733453565506,-70.63356292775741,-4933.335651642662,-0.7431578892478242,-7.00585852645583,1.02085238388913,EXPLORER 27 (BEACON-C),1312.365749,-5728.1362309999995,-4933.62736,7189.099202565507,-5657.502668072242,-0.2917083573383934,9148.250317337535
2026-07-15 21:39:00,-5926.113383276738,-1324.6964618440777,-4679.967638267209,0.1962837219960631,-6.894748012173249,1.7878169973402065,EXPLORER 27 (BEACON-C),2476.001166,-5543.652085,-4680.796566,8402.11454927674,-4218.955623155922,-0.8289277327912714,9401.867694051434
2026-07-15 21:42:00,-5806.192556028218,-2540.885597549913,-4292.584990980762,1.133789272919275,-6.5857691470192865,2.5064714361514846,EXPLORER 27 (BEACON-C),3575.810415,-5231.432818,-4293.931197,9382.002971028218,-2690.547220450087,-1.3462060192377976,9760.175505907906
2026-07-15 21:45:00,-5519.578966352493,-3684.083830171094,-3781.680160694898,2.0442294198571953,-6.085237160041174,3.1570388721145504,EXPLORER 27 (BEACON-C),4583.3167539999995,-4797.567851,-3783.510583,10102.895720352491,-1113.4840208289056,-1.8304223051022745,10164.071622701396
2026-07-15 21:48:00,-5073.410934535256,-4720.728473332595,-3161.2129441392285,2.9024610143813514,-5.4041158965512235,3.7208328151305365,EXPLORER 27 (BEACON-C),5471.9301940000005,-4250.728252999999,-3163.4811830000003,10545.341128535256,470.00022033259575,-2.2682388607718167,10555.810005357118
2026-07-15 21:51:00,-4479.32038070024,-5619.660227587244,-2448.3777337493957,3.6837727329446603,-4.558154238599283,4.180667955341066,EXPLORER 27 (BEACON-C),6217.55801,-3602.137853,-2451.023278,10696.87839070024,2017.5223745872436,-2.6455442506044164,10885.477060574529
2026-07-15 21:54:00,-3753.307110126794,-6352.992622112714,-1663.290306296634,4.364434708325805,-3.5679729318680513,4.521347046748637,EXPLORER 27 (BEACON-C),6799.2305910000005,-2865.5108259999997,-1666.238335,10552.537701126796,3487.4817961127146,-2.948028703365935,11113.89175324257
2026-07-15 21:57:00,-2915.5042602344547,-6896.988353079366,-828.5806728435257,4.922363874807225,-2.4590444187342,4.73022007753933,EXPLORER 27 (BEACON-C),7199.732949,-2056.937386,-831.7427369999999,10115.237209234456,4840.050967079365,-3.16206415647423,11213.56888602629
2026-07-15 22:00:00,-1989.814109818345,-7232.917919938998,31.119665019352688,5.337901075822654,-1.2615015990784721,4.797797144252518,EXPLORER 27 (BEACON-C),7406.221509999999,-1194.7005060000001,27.843628,9396.035619818344,6038.217413938998,-3.276037019352689,11168.955440832853
2026-07-15 22:03:00,-1003.3956901608608,-7347.864208894534,889.8030275848344,5.594676395851072,-0.009711839369815038,4.718379979526845,EXPLORER 27 (BEACON-C),7410.798676,-299.006574,886.5214560000001,8414.19436616086,7048.857634894534,-3.281571584834296,10976.569207054461
2026-07-15 22:06:00,14.008261518193494,-7235.425678230996,1720.8226637155524,5.680517159459069,1.2584376096218914,4.490660787028203,EXPLORER 27 (BEACON-C),7211.005886,608.384325,1717.648544,7196.997624481806,7843.810003230996,-3.1741197155524787,10645.287231851444
2026-07-15 22:09:00,1030.9072257863186,-6896.262527102864,2497.730274780072,5.58833126740984,2.5025757302197547,4.118223556192936,EXPLORER 27 (BEACON-C),6810.190741,1504.6346529999998,2494.777038,5779.283515213681,8400.897180102864,-2.95323678007162,10196.823039627996
2026-07-15 22:12:00,2015.0499063742918,-6338.426842491934,3195.1899263735704,5.316880760567634,3.681206376771666,3.6098755468078765,EXPLORER 27 (BEACON-C),6217.701862,2366.4097030000003,3192.567007,4202.651955625708,8704.836545491933,-2.622919373570312,9666.254167130232
2026-07-15 22:15:00,2934.5339089709078,-5577.421157158115,3789.931065827375,4.871350997073378,4.753349747463913,2.9797382397620322,EXPLORER 27 (BEACON-C),5448.870028,3170.549727,3787.73864,2514.3361190290925,8747.970884158116,-2.192425827374791,9102.136316066873
2026-07-15 22:18:00,3758.992463098912,-4635.941291995785,4261.69148668782,4.2636234664336845,5.68038257019087,2.2470398665851237,EXPLORER 27 (BEACON-C),4524.741069,3894.80926,4260.015389,765.7486059010876,8530.750551995785,-1.6760976878194924,8565.049837398456
2026-07-15 22:21:00,4460.797285694299,-3543.278732530137,4594.09275882074,3.5121773613678116,6.427951800271936,1.4355759338822425,EXPLORER 27 (BEACON-C),3471.544338,4518.6277390000005,4592.999635,-989.2529476942987,8061.906471530137,-1.0931238207394927,8122.373947630154
2026-07-15 22:24:00,5016.206040779468,-2334.3835500313853,4775.3877907999595,2.6415763619374615,6.967806856073831,0.5728378428944836,EXPLORER 27 (BEACON-C),2319.898881,5023.891384,4774.922414,-2696.307159779468,7358.274934031385,-0.46537679995981307,7836.726518212064
2026-07-15 22:27:00,5406.379063226725,-1048.6181152944448,4799.023999564998,1.6815394493760856,7.279383995191984,-0.31115166035285424,EXPLORER 27 (BEACON-C),1103.780367,5395.631404,4799.207633,-4302.598696226724,6444.249519294444,0.18363343500186602,7748.593900922917
2026-07-15 22:30:00,5618.194378770606,271.7392187385072,4663.976190548953,0.6656420761352211,7.3509876834490235,-1.1852199192506812,EXPLORER 27 (BEACON-C),-140.69471900000002,5622.614165,4664.804929999999,-5758.889097770606,5350.874946261492,0.8287394510462036,7861.085613180863
2026-07-15 22:33:00,5644.802632528621,1583.1566649490874,4374.819769787376,-0.3702608653585285,7.18044809389252,-2.0185363981771856,EXPLORER 27 (BEACON-C),-1376.604104,5697.784713,4376.264681,-7021.406736528621,4114.628048050912,1.4449112126239925,8138.201190763544
2026-07-15 22:36:00,5485.883132560517,2842.5771934681225,3941.5354548298737,-1.3897638373655428,6.775187192376089,-2.7820921281007283,EXPLORER 27 (BEACON-C),-2567.592813,5618.530002,3943.543647,-8053.475945560517,2775.952808531878,2.0081921701262218,8518.473621122135
2026-07-15 22:39:00,5147.586520023003,4009.105351499025,3379.058704686204,-2.357646230847409,6.151690367194793,-3.450043056147933,EXPLORER 27 (BEACON-C),-3679.1992099999998,5386.750084,3381.555765,-8826.785730023003,1377.6447325009754,2.4970603137962826,8933.647495174388
2026-07-15 22:42:00,4642.175502413045,5045.55071995761,2706.6078134238064,-3.2414711710892754,5.334445880764629,-4.0008105633702185,EXPLORER 27 (BEACON-C),-4680.056806,5008.737066,2709.502137,-9322.232308413044,-36.81365395761077,2.8943235761935284,9322.30544630708
2026-07-15 22:45:00,3987.399195537931,5919.741881789108,1946.841256662703,-4.012925245202416,4.354469704916109,-4.417863580318698,EXPLORER 27 (BEACON-C),-5542.9089539999995,4494.875642,1950.030269,-9530.30814953793,-1424.8662397891085,3.189012337297072,9636.235125620355
2026-07-15 22:48:00,3205.6556993734052,6605.549142865741,1124.9052592554642,-4.648813848248437,3.247569553228388,-4.690146745982123,EXPLORER 27 (BEACON-C),-6245.385926,3859.1939730000004,1128.281304,-9451.041625373406,-2746.35516986574,3.376044744535875,9841.984856789162
2026-07-15 22:51:00,2323.0092090780126,7083.583362955882,267.4355139210567,-5.131672565206077,2.052514115046649,-4.8121607344598925,EXPLORER 27 (BEACON-C),-6770.521574,3118.806314,270.890834,-9093.530783078013,-3964.777048955882,3.4553200789432594,9920.270716565732
2026-07-15 22:54:00,1368.1312012310889,7341.567697422013,-598.4273119205805,-5.450001062834195,0.8092616900657789,-4.783737098383615,EXPLORER 27 (BEACON-C),-7107.010996,2293.290385,-594.996251,-8475.142197231089,-5048.277312422013,3.4310609205804212,9864.74281766032
2026-07-15 22:57:00,371.2305298596267,7374.404676666831,-1445.958769541901,-5.598164720169873,-0.44262854767280085,-4.6095754035517125,EXPLORER 27 (BEACON-C),-7249.232059,1404.0408289999998,-1442.648104,-7620.4625888596265,-5970.363847666831,3.3106655419007893,9680.738892369867
2026-07-15 23:00:00,-636.9735818071285,7183.97986206895,-2249.672699680202,-5.576035502191564,-1.6653216267929178,-4.298622566220764,EXPLORER 27 (BEACON-C),-7197.065425,473.63320699999997,-2246.569086,-6560.091843192871,-6710.34665506895,3.1036136802022156,9384.219032755926
2026-07-15 23:03:00,-1626.1960948083324,6778.753942416586,-2986.023091765273,-5.388455482523569,-2.8237318930237416,-3.8633736521857602,EXPLORER 27 (BEACON-C),-6955.558353,-474.773784,-2983.202098,-5329.362258191668,-7253.527726416586,2.8209937652727604,9000.876319277908
2026-07-15 23:06:00,-2567.42402881458,6173.197813945845,-3633.9782231576955,-5.044605105996991,-3.88625176393706,-3.319162720741577,EXPLORER 27 (BEACON-C),-6534.4777269999995,-1417.982985,-3631.504143,-3967.0536981854193,-7591.180798945845,2.4740801576954254,8565.252307296225
2026-07-15 23:09:00,-3433.6374499395824,5387.121363782508,-4175.4704793646015,-4.55734697247071,-4.825218099801854,-2.6834954657087433,EXPLORER 27 (BEACON-C),-5947.791682,-2333.2433509999996,-4173.39708,-2514.1542320604176,-7720.364714782507,2.0733993646017552,8119.4216007564855
2026-07-15 23:12:00,-4200.414585107445,4444.938412882618,-4595.732757186599,-3.942598651073424,-5.6171691723115496,-1.9754562653955217,EXPLORER 27 (BEACON-C),-5213.116159,-3198.673292,-4594.1035329999995,-1012.7015738925547,-7643.611704882618,1.6292241865994583,7710.406411283031
2026-07-15 23:15:00,-4846.429812641961,3374.899705902088,-4883.536381639557,-3.2187685711223364,-6.2429533573097595,-1.2152038591766647,EXPLORER 27 (BEACON-C),-4351.153644999999,-3993.630588,-4882.384506,495.27616764196137,-7368.530293902088,1.1518756395562377,7385.156633491559
2026-07-15 23:18:00,-5353.857490344079,2208.3147974470135,-5031.346420657765,-2.4062702535700597,-6.687749886693049,-0.42355417548229163,EXPLORER 27 (BEACON-C),-3385.1393700000003,-4699.0402,-5030.694592,1968.7181203440791,-6907.354997447013,0.6518286577647814,7182.437227223636
2026-07-15 23:21:00,-5708.695650319387,978.7735427102454,-5035.408792117044,-1.5271138228024161,-6.9410547067762955,0.37836323762072466,EXPLORER 27 (BEACON-C),-2340.302764,-5297.691563,-5035.268883999999,3368.392886319387,-6276.465105710246,0.1399081170447971,7123.207485352344
2026-07-15 23:24:00,-5901.0220996757835,-278.6304522555481,-4895.78032028314,-0.6045606971160122,-6.9966729866861535,1.1693970228351154,EXPLORER 27 (BEACON-C),-1243.344782,-5774.517236,-4896.153017,4657.677317675783,-5495.886783744451,-0.37269671685953654,7204.077295131643
2026-07-15 23:27:00,-5925.192049528005,-1528.0781182185754,-4616.308565578363,0.3371822234032898,-6.85274587092575,1.9286406828072353,EXPLORER 27 (BEACON-C),-121.92585700000001,-6116.862276,-4617.182922,5803.2661925280045,-4588.784157781424,-0.8743564216365485,7398.299758224413
2026-07-15 23:30:00,-5779.981644848242,-2733.8121401587523,-4204.563393028197,1.273258792754061,-6.511823859878527,2.6357023547739105,EXPLORER 27 (BEACON-C),995.843657,-6314.750566,-4205.916292999999,6775.825301848242,-3580.9384258412474,-1.3528999718018895,7663.871760485788
2026-07-15 23:33:00,-5468.6762240212975,-3860.9411137184984,-3671.717358899689,2.178483238350262,-5.98098345819043,3.2710047083643725,EXPLORER 27 (BEACON-C),2081.920646,-6361.1504780000005,-3673.5128560000003,7550.596870021298,-2500.209364281502,-1.7954971003114224,7953.776661600838
2026-07-15 23:36:00,-4999.0963156996495,-4876.266742518707,-3032.3675432383975,3.0277159302236822,-5.271967968009658,3.816138000345348,EXPLORER 27 (BEACON-C),3108.863782,-6252.237093000001,-3034.556404,8107.96009769965,-1375.9703504812933,-2.1888607616024274,8223.886924222923
2026-07-15 23:39:00,-4383.548830222571,-5749.135554461496,-2304.2879058894237,3.796324380171028,-4.4013181132087125,4.254282515234381,EXPLORER 27 (BEACON-C),4050.394294,-5987.64318,-2306.808497,8433.943124222571,-238.50762553850382,-2.5205911105763334,8437.315263959308
2026-07-15 23:42:00,-3638.686257831876,-6452.309387782677,-1508.0990998510088,4.460750944957712,-3.390444501689142,4.570706874647368,EXPLORER 27 (BEACON-C),4881.988244,-5570.682365000001,-1510.878802,8520.674501831876,881.6270227826762,-2.7797021489911913,8566.164129889912
2026-07-15 23:45:00,-2785.253693426954,-6962.839381297179,-666.8424810453888,4.9991967837034395,-2.2655832428061857,4.753336039300829,EXPLORER 27 (BEACON-C),5581.493202,-5008.522594,-669.7979740000001,8366.746895426953,1954.316787297179,-2.955492954611259,8591.962316734562
2026-07-15 23:48:00,-1847.7030010952049,-7262.917044154938,194.55265869751665,5.392415311891607,-1.0575703800792868,4.793367692865963,EXPLORER 27 (BEACON-C),6129.7584019999995,-4312.287899,191.514771,7977.461403095204,2950.6291451549378,-3.037887697516652,8505.651769198708
2026-07-15 23:51:00,-853.6562311454146,-7340.664273659898,1049.9144178373379,5.624588335126984,0.19862741724955865,4.685899192188932,EXPLORER 27 (BEACON-C),6511.262226,-3497.060459,1046.895409,7364.918457145414,3843.603814659898,-3.0190088373378785,8307.546164715768
2026-07-15 23:54:00,166.79286638505397,-7190.813530124521,1872.5837103782208,5.684235897046185,1.4646769570279936,4.430511337684934,EXPLORER 27 (BEACON-C),6714.708656000001,-2581.752705,1869.6890830000002,6547.915789614946,4609.060825124521,-2.894627378220548,8007.412269669517
2026-07-15 23:57:00,1181.939532184914,-6815.221772854332,2636.266342003076,5.565089485004626,2.699965846360793,4.031742603869088,EXPLORER 27 (BEACON-C),6733.554427,-1588.8230449999999,2633.601456,5551.614894815086,5226.398727854332,-2.664886003075935,7624.675645853239
2026-07-16 00:00:00,2159.4766930315022,-6223.15936124082,3315.9554644667583,5.266841462844462,3.8630080291347806,3.4993813681441566,EXPLORER 27 (BEACON-C),6566.424094999999,-543.8177780000001,3313.620875,4406.947401968497,5679.341583240819,-2.334589466758189,7188.609856791033
2026-07-16 00:03:00,3067.6206230493617,-5431.319773625458,3888.8850192725267,4.795675711085483,4.91312104051191,2.8485070569467843,EXPLORER 27 (BEACON-C),6217.368727,525.267182,3886.972075,3149.7481039506383,5956.586955625458,-1.9129442725266017,6738.0891161829995
2026-07-16 00:06:00,3876.305441598305,-4463.508697227475,4335.463399614924,4.164489147394109,5.812284232053596,2.0992258511611386,EXPLORER 27 (BEACON-C),5695.928553000001,1588.794489,4334.049382,1819.6231114016955,6052.303186227475,-1.4140176149239778,6319.92121193075
2026-07-16 00:09:00,4558.383581324851,-3349.991504569447,4640.129069221283,3.3927330620218057,6.527047507435203,1.276072570476349,EXPLORER 27 (BEACON-C),5016.970684000001,2616.4364219999998,4639.272816,458.58710267515016,5966.427926569447,-0.8562532212836231,5984.025824380887
2026-07-16 00:12:00,5090.759613232607,-2126.504585932443,4792.068094111081,2.5058363939680697,7.030332827437129,0.4070851037530469,EXPLORER 27 (BEACON-C),4200.288119,3578.226694,4791.806320000001,-890.4714942326073,5704.731279932443,-0.2617741110807401,5773.811438452609
2026-07-16 00:15:00,5455.382174982541,-832.9653904137756,4785.738500295503,1.5342165819318396,7.302962597910344,-0.47740345015311214,EXPLORER 27 (BEACON-C),3269.9653390000003,4445.656378,4786.084094,-2185.4168359825408,5278.6217684137755,0.345593704496423,5713.133522017731
2026-07-16 00:18:00,5640.024340836393,488.0555035272025,4621.158050238873,0.5119312765159462,7.334763837586286,-1.346173079014796,EXPLORER 27 (BEACON-C),2253.532277,5192.749404,4622.1012949999995,-3386.4920638363933,4704.693900472797,0.9432447611261523,5796.764104678014
2026-07-16 00:21:00,5638.7964823597895,1793.0133650537784,4303.929346882039,-0.5249316510129544,7.125134477590239,-2.168615550122207,EXPLORER 27 (BEACON-C),1180.953219,5797.046355,4305.438195000001,-4457.8432633597895,4004.032989946222,1.5088481179618611,5992.048816713911
2026-07-16 00:24:00,5452.356132642197,3039.1170880979494,3844.9971465528315,-1.5399953538814062,6.68301368439864,-2.9161990714227497,EXPLORER 27 (BEACON-C),83.51439,6240.436354,3847.01815,-5368.841742642197,3201.319265902051,2.0210034471683684,6250.832807252796
2026-07-16 00:27:00,5087.80414895282,4185.99881354526,3260.154801178765,-2.498320216149607,6.026263418901073,-3.5637769753742883,EXPLORER 27 (BEACON-C),-1007.324995,6509.7900070000005,3262.616505,-6095.1291439528195,2323.79119345474,2.4617038212350053,6523.082925444573
2026-07-16 00:30:00,4558.282393645639,5197.225213088296,2569.336999049171,-3.3679731339835417,5.180532963058455,-4.09063787727249,EXPLORER 27 (BEACON-C),-2061.0482660000002,6597.358263,2572.153567,-6619.330659645639,1400.133049911704,2.816567950828812,6765.790336112614
2026-07-16 00:33:00,3882.3117653168683,6041.567634796197,1795.7517279184835,-4.121321914469763,4.177731096112069,-4.481227871417759,EXPLORER 27 (BEACON-C),-3049.096466,6500.923244,1798.826047,-6931.408231316868,459.3556092038025,3.074319081516478,6946.613354456404
2026-07-16 00:36:00,3082.9275643707833,6693.973713027766,964.9135859653451,-4.735975730169156,3.054263422371258,-4.725516234799171,EXPLORER 27 (BEACON-C),-3945.7317239999998,6223.713763000001,968.142668,-7028.6592883707835,-470.2599500277656,3.22908203465488,7044.374084301017
2026-07-16 00:39:00,2186.6796521837146,7136.212546176661,103.64225976023224,-5.195339022999123,1.8492007144576799,-4.819017473286086,EXPLORER 27 (BEACON-C),-4728.717775,5774.114638,106.924382,-6915.397427183714,-1362.097908176661,3.2821222397677587,7048.265251796697
2026-07-16 00:42:00,1222.5668460408397,7357.194682698839,-760.9154399047151,-5.488791815849123,0.6025288885421538,-4.7625173925738356,EXPLORER 27 (BEACON-C),-5379.802195,5165.204644,-757.675487,-6602.36904104084,-2191.9900386988384,3.2399529047150963,6956.731113184144
2026-07-16 00:45:00,220.9691993865396,7352.992899739163,-1602.1925381339872,-5.611546653434502,-0.6464021581003054,-4.561574245401176,EXPLORER 27 (BEACON-C),-5884.997031999999,4414.169499,-1599.081085,-6105.966231386539,-2938.823400739163,3.1114531339871974,6776.394047036037
2026-07-16 00:48:00,-787.3697835728901,7126.607338495827,-2395.004499518966,-5.564256615315391,-1.8601568898173548,-4.225875905542596,EXPLORER 27 (BEACON-C),-6234.678461,3541.642059,-2392.097643,-5447.3086774271105,-3584.9652794958274,2.906856518965924,6521.131522380001
2026-07-16 00:51:00,-1772.2737216535545,6687.527870398963,-3116.22885277265,-5.35245862099173,-3.0041902019462356,-3.7685313987243596,EXPLORER 27 (BEACON-C),-6423.536065,2571.010942,-3113.592037,-4651.262343346446,-4116.5169283989635,2.636815772650152,6211.276838237475
2026-07-16 00:54:00,-2704.9547403630304,6051.148078320526,-3745.3564687919297,-4.985933139612851,-4.047530477569589,-3.205363038423093,EXPLORER 27 (BEACON-C),-6450.4037419999995,1527.731236,-3743.044512,-3745.449001636969,-4523.4168423205265,2.311956791929788,5872.792649021126
2026-07-16 00:57:00,-3558.7173803286855,5238.080537207784,-4264.91951221152,-4.47804887361296,-4.963207551310917,-2.5542478355953717,EXPLORER 27 (BEACON-C),-6318.006262,438.661773,-4262.976753999999,-2759.2888816713144,-4799.418764207784,1.9427582115204132,5536.0725592295275
2026-07-16 01:00:00,-4309.547476248461,4273.41428363546,-4660.807995227128,-3.8451430822464365,-5.728480692668697,-1.8345375555684955,EXPLORER 27 (BEACON-C),-6032.653105,-668.557716,-4659.268787999999,-1723.1056287515394,-4941.971999635461,1.539207227128827,5233.754161419414
2026-07-16 01:03:00,-4936.595644789364,3185.9445876070886,-4922.4903256996995,-3.105968629984099,-6.324928255255783,-1.0665686806073553,EXPLORER 27 (BEACON-C),-5603.904116000001,-1766.0871710000001,-4921.3800599999995,-667.3084712106365,-4952.031758607089,1.110265699699994,4996.791006905593
2026-07-16 01:06:00,-5422.568716079339,2007.3941534027933,-5043.153716119501,-2.281220302977066,-6.738458593401035,-0.2712583789605462,EXPLORER 27 (BEACON-C),-5044.223757000001,-2826.425952,-5042.489324,378.34495907933797,-4833.820105402793,0.664392119500917,4848.6041456148905
2026-07-16 01:09:00,-5754.043071879625,771.6349679672524,-5019.778465607322,-1.3931370548755555,-6.959293689218444,0.5302288526049908,EXPLORER 27 (BEACON-C),-4368.637156999999,-3822.918445,-5019.568359,1385.405914879626,-4594.553412967252,0.21010660732190445,4798.882230034123
2026-07-16 01:12:00,-5921.7120182971885,-486.0879923763968,-4853.1566419529345,-0.4651643231160418,-6.9819648893483945,1.3167668565950286,EXPLORER 27 (BEACON-C),-3594.392687,-4730.237486,-4853.400421,2327.3193312971885,-4244.149493623603,-0.24377904706580011,4840.373978680088
2026-07-16 01:15:00,-5920.575653340068,-1729.9356329523268,-4547.861218036542,0.4783484934445972,-6.805345904708789,2.0675329502158357,EXPLORER 27 (BEACON-C),-2740.6296690000004,-5524.856082,-4548.549164,3179.9459843400678,-3794.920449047673,-0.6879459634583327,4951.108779979527
2026-07-16 01:18:00,-5750.076776208854,-2924.263685462888,-4112.166815763526,1.4124460306414217,-6.4327328829654675,2.7622807639776323,EXPLORER 27 (BEACON-C),-1828.0460079999998,-6185.516687,-4113.279289,3922.0307682088546,-3261.253001537112,-1.1124732364742158,5100.7938327684315
2026-07-16 01:21:00,-5414.180759903173,-4034.4295949924363,-3557.9183703093195,2.3118935915135532,-5.8719655989217605,3.3816472714301247,EXPLORER 27 (BEACON-C),-878.556939,-6693.703708999999,-3559.4252030000002,4535.623820903173,-2659.274114007563,-1.506832690680767,5257.720468864788
2026-07-16 01:24:00,-4921.391489599548,-5027.622866985413,-2900.339706542999,3.15156484678469,-5.135568128870128,3.907516004804245,EXPLORER 27 (BEACON-C),85.065298,-7034.120333,-2902.199823,5006.456787599548,-2006.4974660145872,-1.8601164570009132,5393.574427710976
2026-07-16 01:27:00,-4284.690015122392,-5873.7193413262885,-2157.77068794836,3.9069187554038844,-4.240872407591989,4.323451134956828,EXPLORER 27 (BEACON-C),1039.581743,-7195.164516,-2159.931966,5324.2717581223915,-1321.4451746737113,-2.161278051640238,5485.808215307107
2026-07-16 01:30:00,-3521.3781273797126,-6546.1522503157585,-1351.3197645415269,4.554585596548778,-3.210074819940789,4.615206850423115,EXPLORER 27 (BEACON-C),1961.716151,-7169.390798,-1353.718969,5483.094278379713,-623.2385476842419,-2.3992044584731502,5518.4014813260865
2026-07-16 01:33:00,-2652.8064085758233,-7022.783107128706,-504.41895125596915,5.07306939758859,-2.0701660118811254,4.771303382110377,EXPLORER 27 (BEACON-C),2828.629016,-6953.9380980000005,-506.982823,5481.435424575823,68.8450091287059,-2.5638717440308483,5481.86834231861
2026-07-16 01:36:00,-1703.9662624865498,-7286.744171411297,357.7289697108781,5.443557109400366,-0.8526695251897369,4.78364561980235,EXPLORER 27 (BEACON-C),3618.440658,-6550.896834,355.081717,5322.40692048655,735.8473374112973,-2.6472527108780923,5373.033941747002
2026-07-16 01:39:00,-702.9288051568097,-7327.212620036214,1208.815528092839,5.6508043919639075,0.4068719267761566,4.6481437866677515,EXPLORER 27 (BEACON-C),4310.797602,-5967.57415,1206.173039,5013.72640715681,1359.6384700362132,-2.642489092839014,5194.812435283159
2026-07-16 01:42:00,319.8791386614719,-7140.066277273196,2022.1997102511789,5.684045663450738,1.6697105401292853,4.365280151609069,EXPLORER 27 (BEACON-C),4887.46263,-5216.619585,2019.656106,4567.583491338528,1923.4466922731954,-2.5436042511789765,4956.054135931884
2026-07-16 01:45:00,1332.5602297536304,-6728.363873218394,2771.7736110367805,5.537855146242556,2.895031523542988,3.940554096770505,EXPLORER 27 (BEACON-C),5332.906562,-4315.975951,2769.426266,4000.3463322463695,2412.387922218393,-2.3473450367805526,4671.444292208875
2026-07-16 01:48:00,2302.7763439434275,-6102.591425802258,3432.8920858307893,5.212869967205463,4.041404073877256,3.3847332062860285,EXPLORER 27 (BEACON-C),5634.876019,-3288.623925,3430.8362089999996,3332.099675056573,2813.9675008022577,-2.055876830789657,4361.342174917369
2026-07-16 01:51:00,3198.889163160073,-5280.6222166208545,3983.324973842204,4.716280172217937,5.068491901931816,2.713843230867877,EXPLORER 27 (BEACON-C),5784.901008000001,-2162.092986,3981.647869,2586.0118448399276,3118.5292306208544,-1.677104842204244,4051.2571674197325
2026-07-16 01:54:00,3991.161054998975,-4287.351773670329,4404.179634809912,4.061997295839076,5.938926095737402,1.9488463897542008,EXPLORER 27 (BEACON-C),5778.700116999999,-967.730135,4402.955654,1787.5390620010244,3319.621638670329,-1.2239808099120637,3770.3030674253237
2026-07-16 01:57:00,4652.951521330151,-3153.9907695910683,4680.73492784389,3.270434530449073,6.620204938612721,1.114985040535164,EXPLORER 27 (BEACON-C),5616.4441,260.258486,4680.0211739999995,963.4925786698486,3414.2492555910685,-0.7137538438901174,3547.593048519036
2026-07-16 02:00:00,5161.83569096797,-1917.0258124172049,4803.127068830103,2.36786650577955,7.086460641631217,0.240803424974247,EXPLORER 27 (BEACON-C),5302.848056,1485.956305,4802.9604979999995,141.01236503203017,3402.982117417205,-0.16657083010341012,3405.9024951250512
2026-07-16 02:03:00,5500.569857992392,-616.8875432569857,4766.833900863963,1.3853812155882381,7.319928145041747,-0.6431010005949,EXPLORER 27 (BEACON-C),4847.073286999999,2673.0199199999997,4767.229407,-653.4965709923927,3289.9074632569855,0.3955061360366017,3354.183811528213
2026-07-16 02:06:00,5657.835884016603,703.6066235775953,4572.916809792949,0.3574842726144437,7.31196943538779,-1.5055094719235926,EXPLORER 27 (BEACON-C),4262.43457,3786.0252379999997,4573.866196000001,-1395.4013140166026,3082.4186144224045,0.9493862070521573,3383.555857826374
2026-07-16 02:09:00,5628.7110974069265,2000.9452751763827,4227.997577078049,-0.6795412953259142,7.063547341531926,-2.3160836324973215,EXPLORER 27 (BEACON-C),3565.923823,4791.795514,4229.470571999999,-2062.7872744069264,2790.8502388236175,1.4729949219499758,3470.4378059131154
2026-07-16 02:12:00,5414.831609193591,3232.6476337397407,3743.968795162509,-1.6893855861995484,6.585100353315221,-3.0468118282910828,EXPLORER 27 (BEACON-C),2777.575732,5660.6300980000005,3745.9158119999997,-2637.2558771935915,2427.98246426026,1.947016837490537,3584.7205190114933
2026-07-16 02:15:00,5024.242163213642,4358.91342643566,3137.4584215464947,-2.6374255149174615,5.895835919604788,-3.6732800515824255,EXPLORER 27 (BEACON-C),1919.7168370000002,6367.356669,3139.8138089999998,-3104.525326213642,2008.44324256434,2.3553874535050454,3697.556937702831
2026-07-16 02:18:00,4470.951492015183,5344.09987303992,2429.0887481370205,-3.4922618518762873,5.022523158775534,-4.175669555392542,EXPLORER 27 (BEACON-C),1016.1482659999999,6892.152114,2431.774923,-3454.803226015183,1548.0522409600808,2.686174862979442,3785.7810669347796
2026-07-16 02:21:00,3774.23519514247,6157.946518097019,1642.584866876885,-4.226966354083169,3.9979163263035633,-4.539418076799512,EXPLORER 27 (BEACON-C),91.311911,7221.093967,1645.5154380000001,-3682.92328414247,1063.1474489029806,2.9305711231152145,3833.3034061022067
2026-07-16 02:24:00,2957.7453253147555,6776.494983904217,803.7957032421303,-4.819966378178586,2.858969651282074,-4.75552321583998,EXPLORER 27 (BEACON-C),-830.508728,7346.429563,806.8779989999999,-3788.2540533147558,569.9345790957823,3.0822957578695878,3830.8881081874347
2026-07-16 02:27:00,2048.495113801242,7182.680497212608,-60.3088826783319,-5.255541375750639,1.6450086822991237,-4.820507375431964,EXPLORER 27 (BEACON-C),-1725.91012,7266.577802,-57.169184,-3774.405233801242,83.89730478739148,3.1396986783318965,3775.3388568980913
2026-07-16 02:30:00,1075.7879995372873,7366.6007703635905,-922.6079540116687,-5.523950571788246,0.3960047056917767,-4.736096986617599,EXPLORER 27 (BEACON-C),-2572.985818,6985.899457,-919.500368,-3648.7738175372874,-380.7013133635901,3.1075860116686727,3668.5819492868377
2026-07-16 02:33:00,70.15328422434241,7325.491603480897,-1756.7210408858962,-5.621246774311505,-0.8489368122739651,-4.508689979677931,EXPLORER 27 (BEACON-C),-3351.823736,6514.27647,-1753.726125,-3421.977020224342,-811.2151334808968,2.994915885896262,3516.81755131725
2026-07-16 02:36:00,-937.6615594960846,7063.454887619226,-2537.7905243302516,-5.548853377400345,-2.052806939822026,-4.148693127492403,EXPLORER 27 (BEACON-C),-4044.877317,5866.547323,-2534.979394,-3107.2157575039155,-1196.907564619226,2.8111303302516717,3329.7725724705424
2026-07-16 02:39:00,-1917.6069554495382,6590.992689736206,-3243.138677300896,-5.312989289920772,-3.1816204286702283,-3.669806368580043,EXPLORER 27 (BEACON-C),-4637.216265999999,5061.8523509999995,-3240.57294,-2719.6093105504615,-1529.140338736206,2.565737300895762,3120.024288461699
2026-07-16 02:42:00,-2841.1359060325403,5924.4014785417185,-3852.796063533979,-4.924021689763134,-4.205053976236032,-3.0883178327639222,EXPLORER 27 (BEACON-C),-5116.674372,4122.936325000001,-3850.5279259999998,-2275.53846596746,-1801.4651535417179,2.2681375339793703,2902.302043890418
2026-07-16 02:45:00,-3681.8908630850683,5085.075026956014,-4349.907837657072,-4.395812815537965,-5.096837174654541,-2.4224550728628214,EXPLORER 27 (BEACON-C),-5473.913458999999,3075.441082,-4347.980342,-1792.0225959149311,-2009.6339449560141,1.9274956570725408,2692.5781868366735
2026-07-16 02:48:00,-4416.2765857480435,4098.755255960379,-4721.030802045854,-3.7451085593051228,-5.834953108554344,-1.6918186437141707,EXPLORER 27 (BEACON-C),-5702.426189,1947.213414,-4719.478131,-1286.1496032519563,-2151.5418419603793,1.5526710458543675,2506.6542462890257
2026-07-16 02:51:00,-5023.929430627717,2994.7593486208225,-4956.336982988449,-2.9909969921929216,-6.4017105328119746,-0.9169063955961809,EXPLORER 27 (BEACON-C),-5798.497028,767.639601,-4955.184945,-774.5675973722828,-2227.1197476208226,1.1520379884486829,2357.9691813790173
2026-07-16 02:54:00,-5488.096708508373,1805.2005640497034,-5049.739501712183,-2.154446697277158,-6.783746322994212,-0.11872225993007461,EXPLORER 27 (BEACON-C),-5761.137496,-432.987289,-5049.005792,-273.04078749162727,-2238.1878530497033,0.7337097121826446,2254.7808486642843
2026-07-16 02:57:00,-5795.939944065061,564.2105296429459,-4998.954316582095,-1.2579193663582926,-6.9720079211506745,0.6815474771277243,EXPLORER 27 (BEACON-C),-5592.009980000001,-1624.071092,-4998.649298,203.92996406506063,-2188.2816216429455,0.30501858209481725,2197.76340375851
2026-07-16 03:00:00,-5938.773709120849,-692.8368586399264,-4805.50769970664,-0.32503912596915696,-6.961752963168738,1.4628144255325464,EXPLORER 27 (BEACON-C),-5295.346861,-2775.295114,-4805.634684000001,643.4268481208492,-2082.4582553600735,-0.1269842933606924,2179.5941159594513
2026-07-16 03:03:00,-5912.24779558037,-1930.1050320697736,-4474.694717600221,0.6197074625936704,-6.752588766451746,2.204352458283232,EXPLORER 27 (BEACON-C),-4877.869336,-3857.192082,-4475.24938,1034.37845958037,-1927.0870499302264,-0.5546623997788629,2187.145080533758
2026-07-16 03:06:00,-5716.475430326168,-3112.0855679778806,-4015.489058587962,1.5512719968542314,-6.348558904557013,2.8860743201170798,EXPLORER 27 (BEACON-C),-4348.704837,-4841.713304,-4016.458437,1367.7705933261677,-1729.6277360221193,-0.9693784120377131,2205.0871730794056
2026-07-16 03:09:00,-5356.104540430952,-4204.407886282589,-3440.3997707902845,2.4443787018434966,-5.7582683307317035,3.4888463418590034,EXPLORER 27 (BEACON-C),-3719.2968480000004,-5702.80556,-3441.761016,1636.8076924309512,-1498.3976737174107,-1.3612452097154346,2219.0846904954765
2026-07-16 03:12:00,-4840.323274222337,-5174.672686710024,-2765.2663002206777,3.2739247794885964,-4.995022939780882,3.9948621245614335,EXPLORER 27 (BEACON-C),-3003.29805,-6417.000459,-2766.985419,1837.0252242223373,-1242.3277722899757,-1.7191187793223435,2217.6660983117995
2026-07-16 03:15:00,-4182.7856421893475,-5993.308518901857,-2008.98012128454,4.015473762826041,-4.076944744688987,4.388088234385621,EXPLORER 27 (BEACON-C),-2216.434458,-6964.01564,-2011.011351,1966.3511841893474,-970.707121098143,-2.0312297154600856,2192.9006863986456
2026-07-16 03:18:00,-3401.438928820573,-6634.442896935923,-1193.119743420658,4.645860077621991,-3.027011071967584,4.654784219846664,EXPLORER 27 (BEACON-C),-1376.32584,-7327.360116000001,-1195.405622,2025.113088820573,-692.9172190640775,-2.2858785793418974,2140.3790599397985
2026-07-16 03:21:00,-2518.232219269256,-7076.76928761283,-341.4864953597244,5.143909728433109,-1.8729569872760432,4.784085770924145,EXPLORER 27 (BEACON-C),-502.246793,-7494.925644,-343.957947,2015.9854262692559,-418.1563563871696,-2.471451640275575,2058.89729840763
2026-07-16 03:24:00,-1558.6858231154265,-7304.379894260014,520.4682677812342,5.491264490158296,-0.6469767120437896,4.7686242178460265,EXPLORER 27 (BEACON-C),385.18451799999997,-7459.536586,517.891365,1943.8703411154265,-155.15669173998594,-2.576902781234253,1950.0543947510403
2026-07-16 03:27:00,-551.3053390504284,-7307.5226713772045,1366.3276806094334,5.673276115360336,0.6148355232570025,4.605139176762403,EXPLORER 27 (BEACON-C),1264.399161,-7219.425157,1363.7339069999998,1815.7045000504286,88.09751437720479,-2.5937736094335833,1817.8423284774606
2026-07-16 03:30:00,473.16789595840703,-7083.23116882206,2169.4995691826653,5.679914869200022,1.8733498657406198,4.295026187735781,EXPLORER 27 (BEACON-C),2113.357754,-6778.592516,2166.982378,1640.1898580415932,304.63865282206007,-2.5171911826651012,1668.2427327781743
2026-07-16 03:33:00,1482.6661843505822,-6635.769688192094,2904.094638276559,5.506616345264293,3.0875891426191298,3.844750561786571,EXPLORER 27 (BEACON-C),2910.117162,-6147.005424999999,2901.750897,1427.4509776494178,488.7642631920944,-2.3437412765592853,1508.8115494286094
2026-07-16 03:36:00,2444.8455142653524,-5976.835923627889,3545.861920943205,5.154976029322666,4.216223649338984,3.2660555177361665,EXPLORER 27 (BEACON-C),3633.465136,-5340.581483,3543.789807,1188.6196217346474,636.2544406278894,-2.0721139432048403,1348.1990253844267
2026-07-16 03:39:00,3328.239970764149,-5125.470371066962,4073.138098554515,4.633196642599427,5.219312288728006,2.57589971007683,EXPLORER 27 (BEACON-C),4263.596337,-4380.936815999999,4071.4308509999996,935.356366235851,744.5335550669624,-1.7072475545155612,1195.5018449056436
2026-07-16 03:42:00,4103.467558762991,-4107.6369518120955,4467.757080075771,3.9562021917687304,6.060186570029195,1.7960777081699995,EXPLORER 27 (BEACON-C),4782.8018,-3294.877016,4466.495145,679.3342412370093,812.7599358120956,-1.2619350757713619,1059.2805657891022
2026-07-16 03:45:00,4744.420984714286,-2955.46176815485,4715.860534231712,3.1453561665173333,6.707337519123156,0.9525060557491093,EXPLORER 27 (BEACON-C),5176.1330800000005,-2113.624923,4715.105605000001,431.7120952857149,841.8368451548499,-0.7549292317116851,946.0788429060221
2026-07-16 03:48:00,5229.369120167038,-1706.1445102059108,4808.550482375944,2.2277579789288655,7.136143640461103,0.0741940096641851,EXPLORER 27 (BEACON-C),5431.9971909999995,-871.802996,4808.342661999999,202.62807083296138,834.3415142059108,-0.20782037594472058,858.5941652528326
2026-07-16 03:51:00,5541.894582196619,-400.58643411949976,4742.332286989596,1.2351371505299764,7.330276655552068,-0.8080432991073357,EXPLORER 27 (BEACON-C),5542.6349359999995,393.785355,4742.688341,0.740353803380458,794.3717891194997,0.3560540104044776,794.3722139193486
2026-07-16 03:54:00,5671.600900279486,918.1938798065264,4519.310049125069,0.2024122368285922,7.282643507984114,-1.6630370398401346,EXPLORER 27 (BEACON-C),5504.4465470000005,1645.504611,4520.222915,-167.1543532794858,727.3107311934737,0.9128658749314127,746.2722766213241
2026-07-16 03:57:00,5614.538628510982,2206.764437443795,4147.11517661419,-0.833976754274435,6.995766584051233,-2.4607657592677903,EXPLORER 27 (BEACON-C),5318.144338,2846.288956,4148.555254,-296.3942905109816,639.5245185562048,1.4400773858096727,704.8710939632373
2026-07-16 04:00:00,5373.321823439267,3422.9986026472466,3638.570510118731,-1.837825009893947,6.48156353139288,-3.173779779196857,EXPLORER 27 (BEACON-C),4988.718971,3961.012126,3640.4877,-384.6028524392668,538.0135233527535,1.9171898812692234,661.3483053821981
2026-07-16 04:03:00,4956.931857706011,4527.702712445624,3011.1141825428713,-2.774860967023292,5.760554330209321,-3.778431446516334,EXPLORER 27 (BEACON-C),4525.223894999999,4957.740695,3013.440975,-431.70796270601204,430.03798255437687,2.326792457128704,609.351988153278
2026-07-16 04:06:00,4380.231250807213,5486.05673367469,2286.0264671563327,-3.6142484743335204,4.86058546514938,-4.255818192724022,EXPLORER 27 (BEACON-C),3940.397461,5808.8025290000005,2288.683013,-439.8337898072127,322.7457953253106,2.656545843667118,545.5507935033751
2026-07-16 04:09:00,3663.232606618811,6268.79240486318,1487.5166669490036,-4.3297848451187,3.8152087211204475,-4.5923819303703315,EXPLORER 27 (BEACON-C),3250.1520290000003,6491.614361,1490.415465,-413.0805776188108,222.8219561368196,2.8987980509964473,469.3544404527027
2026-07-16 04:12:00,2830.18387998147,6853.060509187739,641.7338487749234,-4.90072882816513,2.661877734952138,-4.780150430802568,EXPLORER 27 (BEACON-C),2472.97375,6989.24057,644.783807,-357.2101299814699,136.18006081226122,3.0499582250765798,382.3001283931049
2026-07-16 04:15:00,1908.5391875445657,7222.968867075747,-224.23560314736432,-5.312239907534557,1.4401261449713818,-4.816646489229997,EXPLORER 27 (BEACON-C),1629.272436,7290.67875,-221.12633,-279.26675154456575,67.70988292425318,3.10927314736432,287.3746932897453
2026-07-16 04:18:00,927.8838729915982,7369.800855089967,-1083.328220451872,-5.555454409101191,0.18986940101553237,-4.704522331995831,EXPLORER 27 (BEACON-C),740.725012,7390.889346,-1080.24914,-187.1588609915982,21.088490910033215,3.079080451872187,188.36837429081356
2026-07-16 04:21:00,-81.12531352129486,7291.947016001656,-1909.3784669539234,-5.627257807637469,-1.0500653395152357,-4.4509957607752275,EXPLORER 27 (BEACON-C),-170.352183,7290.607921,-1906.412879,-89.22686947870514,-1.3390950016564602,2.965587953923432,89.28618103774961
2026-07-16 04:24:00,-1087.7569927271463,6994.5973438794235,-2677.8802235574494,-5.529832593379804,-2.2431215813035528,-4.0671699785916795,EXPLORER 27 (BEACON-C),-1081.579388,6995.986184,-2675.102293,6.1776047271462176,1.3888401205767877,2.7779305574495083,6.9143745362393245
2026-07-16 04:27:00,-2062.1062399894718,6489.248532245189,-3366.6209613293017,-5.270066647049171,-3.355891992150452,-3.5673127033004715,EXPLORER 27 (BEACON-C),-1971.024835,6518.106676,-3364.095044,91.08140498947182,28.858143754810953,2.525917329301592,95.57716805902957
2026-07-16 04:30:00,-2975.8823974840357,5793.079760482443,-3956.187293489229,-4.858900587831092,-4.3587128780973945,-2.968155594633829,EXPLORER 27 (BEACON-C),-2817.644361,5872.4162400000005,-3953.968327,158.23803648403555,79.33647951755756,2.218966489228933,177.0267691193711
2026-07-16 04:33:00,-3803.0789806776265,4928.244301333018,-4430.349874679346,-4.310677817040707,-5.226019566538869,-2.288256267179616,EXPLORER 27 (BEACON-C),-3601.651237,5078.1190750000005,-4428.483988,201.4277436776265,149.87477366698295,1.8658866793457491,251.07581571686495
2026-07-16 04:36:00,-4520.530748298726,3921.1145399027296,-4776.341330072342,-3.6425420712723984,-5.936521232031388,-1.5474458185610012,EXPLORER 27 (BEACON-C),-4304.825645999999,4157.558986,-4774.86652,215.70510229872707,236.44444609727043,1.4748100723427342,320.0575609366209
2026-07-16 04:39:00,-5108.369106513299,2801.506944992662,-4985.043258948685,-2.8739076806791095,-6.4732571540277855,-0.7663674248093144,EXPLORER 27 (BEACON-C),-4910.775823,3135.6103709999998,-4983.989372,197.59328351329896,334.10342600733793,1.053886948685431,388.1614556303965
2026-07-16 04:42:00,-5550.389709165993,1601.902755896338,-5051.097926972591,-2.0260097948073574,-6.823592025478489,0.033902436804746076,EXPLORER 27 (BEACON-C),-5405.1644479999995,2039.088821,-5050.486614,145.2252611659933,437.18606510366203,0.6113129725908948,460.6760311814636
2026-07-16 04:45:00,-5834.345905440466,356.6707754479523,-4972.957737538836,-1.121526904379777,-6.979198207029166,0.8321686990285598,EXPLORER 27 (BEACON-C),-5775.913175,896.181568,-4972.802542,58.432730440466,539.5107925520476,0.15519553883586923,542.665922416842
2026-07-16 04:48:00,-5952.179204354339,-898.7086168186679,-4752.881651485963,-0.1842565307706968,-6.936059838551258,1.6073932794591406,EXPLORER 27 (BEACON-C),-6013.394488,-264.10482900000005,-4753.18751,-61.21528364566075,634.6037878186678,-0.3058585140370269,637.5495055405894
2026-07-16 04:51:00,-5900.193798088198,-2128.4239323986835,-4396.883028206207,0.7611830361648112,-6.694518983732014,2.3389594406952647,EXPLORER 27 (BEACON-C),-6110.619315000001,-1412.487795,-4397.646068,-210.42551691180324,715.9361373986835,-0.7630397937928137,746.2198290253839
2026-07-16 04:54:00,-5679.176984907282,-3297.125407058442,-3914.628425212367,1.6896567703126717,-6.259368446513256,3.0069528539339383,EXPLORER 27 (BEACON-C),-6063.422519999999,-2519.954427,-3915.835457,-384.24553509271755,777.1709800584417,-1.207031787633241,866.9722143237486
2026-07-16 04:57:00,-5294.461583032638,-4370.73756760689,-3319.2821917073825,2.575856026864438,-5.639980153659426,3.5924845124288463,EXPLORER 27 (BEACON-C),-5870.644111,-3558.317978,-3320.909249,-576.1825279673612,812.4195896068895,-1.6270572926173372,995.9992682865382
2026-07-16 05:00:00,-4755.920654736325,-5317.295671022837,-2627.287679615344,3.394712232545997,-4.850442555449162,4.07807513798138,EXPLORER 27 (BEACON-C),-5534.299660000001,-4500.793398,-2629.298201,-778.3790052636759,816.5022730228375,-2.010521384655931,1128.0752988533027
2026-07-16 05:03:00,-4077.8796478330396,-6107.80427098666,-1858.0730483119703,4.121907143451763,-3.909666070165544,4.448112399187741,EXPLORER 27 (BEACON-C),-5059.727608,-5322.5965719999995,-1860.4165360000002,-981.8479601669605,785.207698986661,-2.3434876880298816,1257.2120105083677
2026-07-16 05:06:00,-3278.9270935857694,-6717.107830173469,-1033.6684708307503,4.734496078412284,-2.841403343136105,4.689381059046763,EXPLORER 27 (BEACON-C),-4455.696063,-6001.565399,-1036.280175,-1176.768969414231,715.5424311734687,-2.6117041692498333,1377.2410824487256
2026-07-16 05:09:00,-2381.603066159987,-7124.752965823691,-178.22259211653528,5.2116465780585965,-1.674122725479467,4.791652301672698,EXPLORER 27 (BEACON-C),-3734.447637,-6518.793439,-181.02444599999998,-1352.8445708400131,605.9595268236908,-2.8018538834647018,1482.35732243777
2026-07-16 05:12:00,-1411.9455472851478,-7315.810435782917,682.5901787536627,5.535476826907067,-0.4406711089561635,4.7483026923618,EXPLORER 27 (BEACON-C),-2911.656847,-6859.257346,679.688169,-1499.7112997148524,456.5530897829167,-2.9020097536626963,1567.6680541311514
2026-07-16 05:15:00,-398.87940018810633,-7281.613663349644,1522.2732486789569,5.6919569733721085,0.8223315521990284,4.556916991339673,EXPLORER 27 (BEACON-C),-2006.274813,-7012.408323,1519.371267,-1607.3954128118937,269.20534034964476,-2.901981678956872,1629.7852465583162
2026-07-16 05:18:00,626.5587098676805,-7020.361251206281,2314.31437320475,5.671814370773085,2.07540712584256,4.219814685288963,EXPLORER 27 (BEACON-C),-1040.2407190000001,-6972.691545,2311.5194309999997,-1666.7994288676805,47.66970620628126,-2.7949422047504413,1667.4832978669822
2026-07-16 05:21:00,1632.1534978023342,-6537.525636322094,3033.0752760984215,5.471364056296416,3.277457062910297,3.7444305861813096,EXPLORER 27 (BEACON-C),-38.044568,-6739.953995,3030.495855,-1670.1980658023342,-202.42835867790563,-2.579421098421335,1682.422501282033
2026-07-16 05:24:00,2585.580643083821,-5846.010823254954,3654.7314440056775,5.093172577972039,4.38729920955361,3.143478285051268,EXPLORER 27 (BEACON-C),973.867938,-6319.695149,3652.472651,-1611.7127050838212,-473.6843257450464,-2.2587930056774894,1679.8808845662213
2026-07-16 05:27:00,3455.5738557425534,-4966.010487538586,4158.216828215048,4.5464606709020225,5.365436761467981,2.434834116641762,EXPLORER 27 (BEACON-C),1967.839661,-5723.114914,4156.376105,-1487.7341947425534,-757.1044264614138,-1.8407232150475465,1669.3003130161135
2026-07-16 05:30:00,4213.1341630228835,-3924.534092992351,4526.1186300654,3.847161312791425,6.175949804620046,1.641099560496989,EXPLORER 27 (BEACON-C),2915.871626,-4966.929985999999,4524.7805849999995,-1297.2625370228834,-1042.3958930076483,-1.3380450654003653,1664.1757954275317
2026-07-16 05:33:00,4832.713356347345,-2754.592054017478,4745.462607150569,3.0175752731702152,6.7883653044811405,0.7888304731758706,EXPLORER 27 (BEACON-C),3790.577478,-4072.942382,4744.691825,-1042.1358783473452,-1318.3503279825222,-0.7707821505691754,1680.5044987549245
2026-07-16 05:36:00,5293.296733742248,-1494.0590251040198,4808.330869816505,2.085604515717679,7.1793423551434215,-0.09254133354717071,EXPLORER 27 (BEACON-C),4566.174467,-3067.366023,4808.1655439999995,-727.122266742248,-1573.3069978959802,-0.16532581650517386,1733.2056218906841
2026-07-16 05:39:00,5579.311184560846,-184.26367423011746,4712.262477396522,1.0835899751307616,7.334011510955181,-0.9720303251505247,EXPLORER 27 (BEACON-C),5219.456409,-1979.9324339999998,4712.711808,-359.85477556084606,-1795.6687597698824,0.4493306034783018,1831.3716051652232
2026-07-16 05:42:00,5681.293906119486,1131.6201310983106,4460.401762670913,0.04682740055595532,7.246832213956572,-1.8185662641430884,EXPLORER 27 (BEACON-C),5730.687344,-842.814778,4461.447933,49.393437880514284,-1974.4349090983105,1.0461703290875448,1975.0529148466042
2026-07-16 05:45:00,5596.27397380231,2410.2856835679627,4061.378692053387,-0.9881246871891521,6.921878603371742,-2.6024909765651634,EXPLORER 27 (BEACON-C),6084.351428,310.567508,4062.9792390000002,488.0774541976898,-2099.7181755679626,1.6005469466131217,2155.6990930686684
2026-07-16 05:48:00,5327.84177143645,3610.003644739689,3528.9274169520972,-1.9852045339756872,6.372525083756179,-3.296957384696185,EXPLORER 27 (BEACON-C),6269.713136,1446.784146,3531.0189330000003,941.8713645635507,-2163.2194987396892,2.091516047903042,2359.373781653042
2026-07-16 05:51:00,4885.907125303306,4692.224961735798,2881.2707225922554,-2.910526484816756,5.620569422211301,-3.879116240348537,EXPLORER 27 (BEACON-C),6281.159955,2533.597582,2883.773137,1395.2528296966939,-2158.6273797357985,2.502414407744709,2570.293540706886
2026-07-16 05:54:00,4286.172480428921,5622.98325173051,2140.316468818798,-3.7338457272146375,4.694891817087535,-4.33100279879928,EXPLORER 27 (BEACON-C),6118.313171,3541.062319,2143.138418,1832.1406905710792,-2081.9209327305102,2.821949181201944,2773.290868910964
2026-07-16 05:57:00,3549.3691606044863,6374.0249932061815,1330.7248536373986,-4.429705589290712,3.6297931311706746,-4.640073735715042,EXPLORER 27 (BEACON-C),5785.915284,4442.462721,1333.769321,2236.5461233955134,-1931.5622722061817,3.044467362601381,2955.178614274834
2026-07-16 06:00:00,2700.3198001240276,6923.623818760899,478.9108188036886,-4.978208218999719,2.463177343447744,-4.799387037201254,EXPLORER 27 (BEACON-C),5293.518578,5215.047375,482.080083,2593.1987778759726,-1708.5764437608987,3.169264196311417,3105.4666976136814
2026-07-16 06:03:00,1766.8967566004503,7257.0652026881335,-387.95615451298613,-5.365397042715214,1.2347401990332318,-4.807456870823732,EXPLORER 27 (BEACON-C),4655.012444,5840.541825,-384.756971,2888.1156873995496,-1416.5233776881332,3.19918351298611,3216.793580277653
2026-07-16 06:06:00,778.944587442509,7366.815447528962,-1242.9011984697647,-5.583282469978445,-0.015698801359449264,-4.667845293347551,EXPLORER 27 (BEACON-C),3888.0332999999996,6305.437752999999,-1239.7622509999999,3109.0887125574905,-1061.3776945289628,3.138947469764844,3285.264842594464
2026-07-16 06:09:00,-232.77414015997084,7252.4105407749785,-2060.001509630882,-5.629574390153346,-1.24962338622522,-4.3885694445873655,EXPLORER 27 (BEACON-C),3013.3085770000002,6601.077918,-2057.005875,3246.0827171599713,-651.3326227749785,2.9956346308822503,3310.7848262855196
2026-07-16 06:12:00,-1237.563941583567,6920.11415644762,-2815.1263280860635,-5.507202792091697,-2.4309539962450626,-3.98140614121136,EXPLORER 27 (BEACON-C),2053.974767,6723.570928,-2812.3480269999995,3291.5387085835673,-196.5432284476201,2.778301086063948,3297.4026186848214
2026-07-16 06:15:00,-2205.682086582058,6382.399501734693,-3486.5480211088307,-5.223711384037575,-3.526878051542987,-3.461167710964974,EXPLORER 27 (BEACON-C),1034.902229,6673.570245,-3484.050965,3240.5843155820585,291.17074326530656,2.4970561088307477,3253.6400144175936
2026-07-16 06:18:00,-3109.109414181414,5657.3079493008345,-4055.4248682020116,-4.7906010327829565,-4.508401743459832,-2.8450072431704436,EXPLORER 27 (BEACON-C),-17.949033,6455.955712,-4053.2629100000004,3091.1603811814143,798.6477626991655,2.161958202011192,3192.66588059466
2026-07-16 06:21:00,-3922.2033775293185,4767.730390002388,-4506.164840660509,-4.222684137190318,-5.350671349758539,-2.1517922480479306,EXPLORER 27 (BEACON-C),-1078.1290079999999,6079.452785,-4504.382587,2844.0743695293186,1311.7223949976124,1.7822536605090136,3131.992630479832
2026-07-16 06:24:00,-4622.239576096505,3740.6471808520673,-4826.684786256844,-3.537491764276775,-6.033123909227663,-1.4015664746165135,EXPLORER 27 (BEACON-C),-2119.248346,5556.218879,-4825.318559,2502.9912300965048,1815.5716981479327,1.3662272568435583,3092.129938348759
2026-07-16 06:27:00,-5189.853590753658,2606.3514441625452,-5008.581259872129,-2.754755832241279,-6.539529085449658,-0.6151027081485768,EXPLORER 27 (BEACON-C),-3115.482469,4901.418425,-5007.659578,2074.371121753658,2295.0669808374546,0.9216818721288291,3093.5980422144944
2026-07-16 06:30:00,-5609.39714085387,1397.6698495403293,-5047.228385909553,-1.8959710525957219,-6.85797860961082,0.18646400102324182,EXPLORER 27 (BEACON-C),-4042.036704,4132.800956,-5046.771848,1567.36043685387,2735.1311064596707,0.45653790955293516,3152.389746995907
2026-07-16 06:33:00,-5869.221973362309,149.18593734815184,-4941.815310457064,-0.984026910013775,-6.9808692704572275,0.9819426809191263,EXPLORER 27 (BEACON-C),-4875.583417000001,3270.288902,-4941.835883999999,993.638556362308,3121.1029646518477,-0.02057354293538083,3275.4543649807724
2026-07-16 06:36:00,-5961.902110662811,-1103.5358517847899,-4695.331691793646,-0.04288904087271716,-6.9049120339614,1.750358089371355,EXPLORER 27 (BEACON-C),-5594.6823509999995,2335.575339,-4695.831794,367.21975966281116,3439.11119078479,-0.5001022063534037,3458.6610681837856
2026-07-16 06:39:00,-5884.400747022278,-2324.7316674727617,-4314.504896936187,0.9026980908343513,-6.631184942041878,2.471215822184829,EXPLORER 27 (BEACON-C),-6180.19433,1351.72606,-4315.476705,-295.7935829777225,3676.4577274727617,-0.9718080638131141,3688.3378654938724
2026-07-16 06:42:00,-5638.182758093029,-3479.233229118595,-3809.687643479808,1.8275195072193937,-6.165231840662173,3.1247884919626934,EXPLORER 27 (BEACON-C),-6615.694104,342.77826600000003,-3811.112106,-977.5113459069707,3822.011495118595,-1.4244625201922645,3945.0351493097
2026-07-16 06:45:00,-5229.267996227162,-4533.283303633644,-3194.690217504753,2.7062422829693964,-5.5171932836635,3.692447314135175,EXPLORER 27 (BEACON-C),-6887.8855140000005,-666.673613,-3196.536388,-1658.6175177728383,3866.6096906336443,-1.8461704952469518,4207.337160046772
2026-07-16 06:48:00,-4668.214817834657,-5455.37502759104,-2486.5475640154687,3.513843239950606,-4.701940671146497,4.157057433407531,EXPLORER 27 (BEACON-C),-6987.0152,-1651.917315,-2488.7721850000003,-2318.800382165343,3803.45771259104,-2.2246209845316116,4454.56291152532
2026-07-16 06:51:00,-3970.018223521739,-6217.112131808602,-1705.2089645783044,4.2261365337254695,-3.7391705751871167,4.503446504978539,EXPLORER 27 (BEACON-C),-6907.27247,-2588.59517,-1707.755433,-2937.254246478261,3628.5169618086015,-2.5464684216956357,4668.362061268248
2026-07-16 06:54:00,-3153.9032879096994,-6794.078448896419,-873.1372030099564,4.820415639683127,-2.653404512936394,4.7189443877598265,EXPLORER 27 (BEACON-C),-6647.158227,-3453.212975,-875.9344120000001,-3493.2549390903005,3340.865473896419,-2.797208990043714,4833.654932711897
2026-07-16 06:57:00,-2242.9930156750706,-7166.694530116228,-14.80559900935906,5.276209625765533,-1.4738319406059517,4.793977594392425,EXPLORER 27 (BEACON-C),-6209.800056,-4223.68679,-17.768345,-3966.8070403249294,2943.007740116228,-2.96274599064094,4939.317911556135
2026-07-16 07:00:00,-1263.8312165774912,-7321.027681250517,843.9144870129876,5.576134938403535,-0.2339332057110158,4.722686224067765,EXPLORER 27 (BEACON-C),-5603.182393,-4879.922805,840.883164,-4339.351176422509,2441.104876250517,-3.0313230129876274,4978.852361548057
2026-07-16 07:03:00,-245.7461611696074,-7249.5106424964815,1676.4758669184282,5.70680244871357,1.0291730677367195,4.503515096601187,EXPLORER 27 (BEACON-C),-4840.254802,-5404.4150549999995,1673.481822,-4594.508640830393,1845.095587496482,-2.9940449184282443,4951.151011832411
2026-07-16 07:06:00,779.9499579661032,-6951.515329150573,2456.4775985446695,5.659717558867614,2.2756954149245106,4.139717136849229,EXPLORER 27 (BEACON-C),-3938.880789,-5782.835561,2453.632639,-4718.830746966103,1168.6797681505732,-2.844959544669564,4861.397341587289
2026-07-16 07:09:00,1780.9175745545044,-6433.723615475585,3158.5648730851867,5.432092206705661,3.4644558481277032,3.6396987356225927,EXPLORER 27 (BEACON-C),-2921.5959780000003,-6004.584806,3155.9825929999997,-4702.513552554505,429.1388094755848,-2.5822800851869943,4722.0546902728
2026-07-16 07:12:00,2724.878031230537,-5710.239054653568,3759.371653165249,5.027475765955213,4.5544667441599405,3.0171368780666725,EXPLORER 27 (BEACON-C),-1815.154195,-6063.265422,3757.1611150000003,-4540.032226230537,-353.0263673464324,-2.210538165248636,4553.737488891142
2026-07-16 07:15:00,3580.7920808790645,-4802.393024792185,4238.459013611048,4.456111116025995,5.506724682128803,2.2908085535789233,EXPLORER 27 (BEACON-C),-649.8531459999999,-5957.041453,4236.717207000001,-4230.6452268790645,-1154.6484282078145,-1.7418066110476502,4385.38197451119
2026-07-16 07:18:00,4320.07111856687,-3738.216299637994,4579.193297474694,3.7349353279693087,6.286105850005303,1.484094990748529,EXPLORER 27 (BEACON-C),541.356451,-5688.846161,4577.999462000001,-3778.7146675668696,-1950.6298613620065,-1.1938354746935147,4252.486663137852
2026-07-16 07:21:00,4917.751609118983,-2551.5712802478724,4769.50444970999,2.88717202069136,6.863215088459115,0.6241550236346675,EXPLORER 27 (BEACON-C),1723.949281,-5266.401940000001,4768.915832000001,-3193.8023281189826,-2714.830659752128,-0.5886177099891938,4191.7393965631045
2026-07-16 07:24:00,5353.557424660019,-1280.968540264833,4802.467548432416,1.9415021770203467,7.216024552259673,-0.25920047928960865,EXPLORER 27 (BEACON-C),2863.0374309999997,-4702.035963,4802.516148,-2490.5199936600193,-3421.0674227351674,0.048599567583551107,4231.594516501086
2026-07-16 07:27:00,5612.776929349781,31.879604215992153,4676.659986372744,0.9308469831123127,7.331143433784622,-1.1348633380033206,EXPLORER 27 (BEACON-C),3924.651165,-4012.29125,4677.349366,-1688.125764349781,-4044.170854215992,0.6893796272561303,4382.360889930896
2026-07-16 07:30:00,5686.892086738048,1343.6900144281672,4396.262271741833,-0.10915704151788552,7.204588750685806,-1.9719104339935831,EXPLORER 27 (BEACON-C),4877.012966,-3217.3480440000003,4397.566049999999,-809.8791207380482,-4561.0380584281675,1.303778258166858,4632.383194477263
2026-07-16 07:33:00,5573.914805207318,2611.326833595408,3970.8903674003514,-1.1418715564016184,6.841976148154095,-2.7410924944654864,EXPLORER 27 (BEACON-C),5691.729799,-2340.284901,3972.755156,117.81499379268189,-4951.611734595408,1.8647885996488185,4953.013488814849
2026-07-16 07:36:00,5278.409192933751,3793.500454969256,3415.1694869069397,-2.131415595522862,6.258112209928493,-3.416204367120989,EXPLORER 27 (BEACON-C),6344.829776,-1406.2196270000002,3417.520573,1066.4205830662486,-5199.720081969256,2.3510860930600757,5307.951329696566
2026-07-16 07:39:00,4811.204449622849,4852.343360813309,2748.080503787318,-3.044323135048042,5.476036046182918,-3.975225554657896,EXPLORER 27 (BEACON-C),6817.575133,-441.386887,2750.8268319999997,2006.3706833771512,-5293.730247813309,2.746328212681874,5661.193407581789
2026-07-16 07:42:00,4188.828327909176,5754.772391914688,1992.1277573999735,-3.8509679764850255,4.525616840734883,-4.401148858964685,EXPLORER 27 (BEACON-C),7097.016562,527.7855969999999,1995.168049,2908.188234090824,-5226.986794914688,3.0402916000266487,5981.5515547799005
2026-07-16 07:45:00,3432.7120270053542,6473.5698468025,1172.3886641904032,-4.52665875223594,3.44185568864101,-4.682454368373571,EXPLORER 27 (BEACON-C),7176.272856,1475.550744,1175.6174620000002,3743.5608289946454,-4998.0191028025,3.2287978095969265,6244.553871774754
2026-07-16 07:48:00,2568.2312953080636,6988.144416862068,315.50975218525804,-5.0523518159036644,2.263058097135631,-4.81322855908963,EXPLORER 27 (BEACON-C),7054.543847,2377.618636,318.82309100000003,4486.312551691936,-4610.525780862068,3.3133388147419964,6433.036550935841
2026-07-16 07:51:00,1623.653955012658,7284.962907110442,-551.2895558729194,-5.414977352560595,1.0290367166440002,-4.792966493991681,EXPLORER 27 (BEACON-C),6736.8840470000005,3211.80504,-547.990132,5113.230091987342,-4073.1578671104417,3.2994238729194194,6537.258436853056
2026-07-16 07:54:00,629.0611350180868,7357.670602806511,-1401.153624400821,-5.607415955070279,-0.2205238703240887,-4.62612302945712,EXPLORER 27 (BEACON-C),6233.777695000001,3958.531918,-1397.958887,5604.716559981914,-3399.138684806511,3.194737400820941,6554.921946341596
2026-07-16 07:57:00,-384.70022739156457,7206.938660352848,-2208.429527239336,-5.6281930588293525,-1.4474495346310836,-4.321493452438915,EXPLORER 27 (BEACON-C),5560.57073,4601.178064000001,-2205.420605,5945.270957391565,-2605.7605963528476,3.0089222393362434,6491.243647863004
2026-07-16 08:00:00,-1386.9900742436432,6840.089275021972,-2949.3849859345023,-5.480974213424037,-2.6161608261475475,-3.891505090584861,EXPLORER 27 (BEACON-C),4736.808511,5126.291923999999,-2946.6326660000004,6123.798585243643,-1713.7973510219726,2.752319934501884,6359.089404015876
2026-07-16 08:03:00,-2348.2451066821804,6270.553548046102,-3602.7962031598627,-5.173945716640713,-3.694455556544884,-3.351491724002864,EXPLORER 27 (BEACON-C),3785.525701,5523.682561,-3600.360427,6133.77080768218,-746.8709870461025,2.4357761598625984,6179.074892366237
2026-07-16 08:06:00,-3240.732514826296,5517.21421676877,-4150.408005606272,-4.719155587130707,-4.654019100121892,-2.719005989348352,EXPLORER 27 (BEACON-C),2732.5266189999998,5786.414997000001,-4148.338042,5973.2591338262955,269.20078023123097,2.0699636062718128,5979.322538939148
2026-07-16 08:09:00,-4039.186291407405,4603.67774842193,-4577.2768125284265,-4.131873278285203,-5.47071318064125,-2.0132054564369417,EXPLORER 27 (BEACON-C),1605.680333,5910.734737,-4575.612053000001,5644.866624407405,1307.0569885780696,1.6647595284257477,5794.214351416739
2026-07-16 08:12:00,-4721.333491424907,3557.509923648375,-4872.011470849377,-3.4300069511529094,-6.124704016464478,-1.2543289918753981,EXPLORER 27 (BEACON-C),434.246255,5895.944254,-4870.782749,5155.579746424907,2338.434330351625,1.2287218493765977,5661.119955350809
2026-07-16 08:15:00,-5268.322818406733,2409.457890272804,-5026.928310590948,-2.633597712122683,-6.600491286234114,-0.4632635908467788,EXPLORER 27 (BEACON-C),-751.763468,5744.2512910000005,-5026.159019999999,4516.559350406733,3334.7934007271965,0.7692905909489127,5614.281430698693
2026-07-16 08:18:00,-5665.069645275673,1192.671226961035,-5038.1355144887675,-1.7643930431886778,-6.886892930566015,0.33881086735574456,EXPLORER 27 (BEACON-C),-1922.186542,5460.604152,-5037.842142,3742.883103275673,4267.932925038965,0.29337248876709054,5676.656186830905
2026-07-16 08:21:00,-5900.5305845289695,-58.07419884150833,-4905.558784441358,-0.8454877338735376,-6.977029741008009,1.1307202699758105,EXPLORER 27 (BEACON-C),-3047.284726,5052.523215,-4905.750375,2853.2458585289696,5110.597413841509,-0.19159055864201946,5853.13744006436
2026-07-16 08:24:00,-5967.917652067759,-1307.1522953825565,-4632.9160093327655,0.0989897516448898,-6.868339941480197,1.8915647596864873,EXPLORER 27 (BEACON-C),-4098.299018,4529.93372,-4633.592600999999,1869.6186340677596,5837.086015382556,-0.676591667233879,6129.196313188564
2026-07-16 08:27:00,-5864.857536855536,-2518.869412422914,-4227.643791049974,1.0441744732617464,-6.56263886672958,2.600985335301808,EXPLORER 27 (BEACON-C),-5047.997292,3904.999787,-4228.79441,816.8602448555357,6423.869199422914,-1.1506189500260007,6475.597074775716
2026-07-16 08:30:00,-5593.496051611722,-3658.261588574662,-3700.7737809266846,1.9647784524385612,-6.066223203107915,3.239455778559363,EXPLORER 27 (BEACON-C),-5871.224044,3191.95488,-3702.374667,-277.7279923882779,6850.216468574661,-1.6008860733154506,6855.844300078857
2026-07-16 08:33:00,-5160.542019412684,-4691.912958847581,-3066.7522789744817,2.8354534724396805,-5.390003614060168,3.7886233423352844,EXPLORER 27 (BEACON-C),-6545.459285,2406.9198450000004,-3068.766254,-1384.9172655873163,7098.832803847581,-2.013975025518448,7232.663898288082
2026-07-16 08:36:00,-4577.239185175931,-5588.797809045945,-2343.1929071520635,3.63123340989862,-4.549634465378123,4.231715136149438,EXPLORER 27 (BEACON-C),-7051.386466,1567.696009,-2345.569423,-2474.1472808240687,7156.493818045945,-2.376515847936389,7572.10764468959
2026-07-16 08:39:00,-3859.2498396888614,-6321.1420802755565,-1550.5498667853524,4.328079527514892,-3.565595614578775,4.554017839578654,EXPLORER 27 (BEACON-C),-7373.462015,693.5216459999999,-1553.225459,-3514.2121753111387,7014.663726275557,-2.6755922146476223,7845.712304477192
2026-07-16 08:42:00,-3026.430424119397,-6865.29112537088,-711.6988451001037,4.903541230584743,-2.4631701439865394,4.74342627912898,EXPLORER 27 (BEACON-C),-7500.473008,-195.221362,-714.5976949999999,-4474.042583880603,6670.06976337088,-2.898849899896277,8031.6185226853395
2026-07-16 08:45:00,-2102.4782560945314,-7202.559768468295,148.58543873745063,5.337529518316364,-1.272255361739892,4.791041881152817,EXPLORER 27 (BEACON-C),-7426.05691,-1077.362834,145.55177799999998,-5323.578653905469,6125.196934468295,-3.0336607374506457,8115.327249928695
2026-07-16 08:48:00,-1114.4305089813242,-7320.029203985795,1004.2613396292016,5.613181185881966,-0.026944639819839477,4.691786024831734,EXPLORER 27 (BEACON-C),-7149.150979,-1931.3665959999998,1001.1929620000001,-6034.720470018676,5388.662607985795,-3.0683776292015636,8090.460139504302
2026-07-16 08:51:00,-92.00236144964344,-7211.2444582738,1828.7606418843807,5.717770134560401,1.2351730331135744,4.444977609806495,EXPLORER 27 (BEACON-C),-6674.33652,-2735.82191,1825.765989,-6582.334158550357,4475.4225482738,-2.9946528843806846,7959.682087141564
2026-07-16 08:54:00,933.2388788429306,-6876.757919696698,2595.8253202943974,5.643600445608835,2.4740289487977853,4.0548112517551465,EXPLORER 27 (BEACON-C),-6012.0335860000005,-3470.0000980000004,2593.016858,-6945.272464842931,3406.7578216966976,-2.8084622943974864,7735.813877935371
2026-07-16 08:57:00,1928.8531910182226,-6324.460916589989,3280.416471092766,5.388797747795533,3.6484084914226855,3.5306654620777143,EXPLORER 27 (BEACON-C),-5178.5010219999995,-4114.461599,3277.905898,-7107.354213018222,2209.999317589989,-2.510573092766208,7443.0227190324595
2026-07-16 09:00:00,2862.6339213234432,-5569.6483829221515,3859.6582457880813,4.957905017731146,4.717565994896458,2.8871719052756486,EXPLORER 27 (BEACON-C),-4195.605671,-4651.687747999999,3857.551332,-7058.2395923234435,917.9606349221522,-2.1069137880813287,7117.682369212228
2026-07-16 09:03:00,3703.7964478955682,-4634.772486527029,4313.768065077785,4.362190166775769,5.643040405910555,2.143989403597623,EXPLORER 27 (BEACON-C),-3090.3374219999996,-5066.704277,4312.158886,-6794.133869895568,-431.93179047297053,-1.6091790777845745,6807.850079367246
2026-07-16 09:06:00,4424.18980361364,-3548.859721061571,4626.916316220325,3.6195880873031667,6.390550809006554,1.325250087766475,EXPLORER 27 (BEACON-C),-1894.065473,-5347.658165,4625.880190999999,-6318.25527661364,-1798.798443938429,-1.03612522032563,6569.324672744291
2026-07-16 09:09:00,4999.460386105673,-2346.5909825880913,4787.956005499862,2.7542294066420325,6.931820500953308,0.45867803594854345,EXPLORER 27 (BEACON-C),-641.553865,-5486.31,4787.542945,-5641.014251105673,-3139.719017411909,-0.4130604998617855,6455.918018383929
2026-07-16 09:12:00,5410.092218545826,-1067.0728476173329,4790.966622826905,1.7955493162003848,7.2461652684138524,-0.42558127536947027,EXPLORER 27 (BEACON-C),630.231675,-5478.4045049999995,4791.199103,-4779.860543545826,-4411.331657382667,0.23248017309470015,6504.376515948299
2026-07-16 09:15:00,5642.251567049507,247.64297681974728,4635.56697695465,0.7770170875640074,7.3216904545251555,-1.2963451624786475,EXPLORER 27 (BEACON-C),1883.464318,-5323.881093,4636.439539,-3758.7872490495065,-5571.524069819748,0.8725620453496958,6720.890030759504
2026-07-16 09:18:00,5688.375338393139,1554.2101617685355,4326.968128143181,-0.2654270292154802,7.155973254847825,-2.122885909429265,EXPLORER 27 (BEACON-C),3080.86162,-5026.908657999999,4328.4485669999995,-2607.513718393139,-6581.118819768535,1.480438856818182,7078.859717724262
2026-07-16 09:21:00,5547.461592845567,2809.7088895971806,3875.758003652248,-1.295103727750744,6.756158158802273,-2.8764079109004395,EXPLORER 27 (BEACON-C),4187.074152,-4595.740237,3877.789202,-1360.3874408455667,-7405.449126597181,2.031198347751797,7529.3648391877
2026-07-16 09:24:00,5225.044578058381,3973.3309341692257,3297.4313606053374,-2.276350253987773,6.138457238517466,-3.5313858824547575,EXPLORER 27 (BEACON-C),5169.971047,-4042.394554,3299.934656,-55.07353105838138,-8015.725488169226,2.503295394662473,8015.915073277463
2026-07-16 09:27:00,4732.862895778,5007.926113463898,2611.699609796763,-3.1761532194595445,5.32711289632183,-4.066656664502862,EXPLORER 27 (BEACON-C),6001.749449,-3382.18833,2614.580606,1268.8865532219997,-8390.114443463899,2.8809962032369185,8485.52306929327
2026-07-16 09:30:00,4088.254254682033,5881.322704032896,1841.6318119585026,-3.965531290051709,4.35293760618435,-4.466188384686916,EXPLORER 27 (BEACON-C),6659.808188,-2633.1500180000003,1844.78635,2571.5539333179668,-8514.472722032897,3.154538041497517,8894.332201875284
2026-07-16 09:33:00,3313.330353245978,6567.358427660077,1012.688627080077,-4.620576504586174,3.2515835659276133,-4.719491267999112,EXPLORER 27 (BEACON-C),7127.346192,-1815.3597069999998,1016.009021,3814.015838754022,-8382.718134660077,3.3203939199229353,9209.597774519865
2026-07-16 09:36:00,2433.998175845884,7046.587772977058,151.71391600155778,-5.123109031773019,2.06170934631278,-4.82167682923144,EXPLORER 27 (BEACON-C),7393.679444,-950.26121,155.094837,4959.681268154116,-7996.848982977058,3.3809209984422353,9409.996990905302
2026-07-16 09:39:00,1478.8981283825321,7306.661193463934,-714.0557927821278,-5.46094756032259,0.8232001569883747,-4.773209153418614,EXPLORER 27 (BEACON-C),7454.28972,-59.985953,-710.713067,5975.391591617467,-7366.647146463934,3.3427257821277863,9485.399624027108
2026-07-16 09:42:00,478.32533991203553,7342.3978438844315,-1557.914191834091,-5.627838117355047,-0.4244321186433886,-4.579417869809292,EXPLORER 27 (BEACON-C),7310.637204,833.277657,-1554.69935,6832.311864087964,-6509.120186884432,3.2148418340909757,9436.585259015656
2026-07-16 09:45:00,-536.8101295929902,7155.59283617536,-2354.504699560651,-5.623112239065063,-1.643385414784437,-4.249854632536484,EXPLORER 27 (BEACON-C),6969.783042,1707.84449,-2351.497196,7506.59317159299,-5447.74834617536,3.0075035606510028,9275.069386917843
2026-07-16 09:48:00,-1535.9429037773757,6754.611032892894,-3080.5158931796077,-5.451158795963435,-2.7986022478735184,-3.7975739509687214,EXPLORER 27 (BEACON-C),6443.874199,2543.0094219999996,-3077.784094,7979.817102777375,-4211.601610892894,2.7317991796076058,9023.030343813583
2026-07-16 09:51:00,-2489.7060450148483,6153.822339374152,-3715.2459894763374,-5.120793375821288,-3.8585052925428367,-3.2384079573165048,EXPLORER 27 (BEACON-C),5749.539983,3319.439574,-3712.847315,8239.246028014848,-2834.382765374152,2.398674476337419,8713.145615932728
2026-07-16 09:54:00,-3370.6676494609555,5372.929747718257,-4241.040512290863,-4.644598174058801,-4.7954674646696045,-2.5902872005541724,EXPLORER 27 (BEACON-C),4907.240688,4019.487068,-4239.022236,8277.908337460954,-1353.4426797182573,2.0182762908634686,8387.823174347901
2026-07-16 09:57:00,-4153.950585708553,4436.233121991255,-4643.614783425415,-4.038287989931438,-5.586069753616331,-1.8726398176554708,EXPLORER 27 (BEACON-C),3940.602694,4627.432422,-4642.0147719999995,8094.553279708553,191.199300008745,1.600011425415687,8096.811256933243
2026-07-16 10:00:00,-4817.743760308909,3371.8610768217472,-4912.276811914182,-3.3201381219123967,-6.211208454506096,-1.1058826166616877,EXPLORER 27 (BEACON-C),2875.764111,5129.673475,-4911.123859,7693.50787130891,1757.8123981782524,1.1529529141816965,7891.765906461098
2026-07-16 10:03:00,-5343.717777253764,2210.992169902984,-5040.0669680709425,-2.510490729029008,-6.656112697115087,-0.31100171035913543,EXPLORER 27 (BEACON-C),1740.74218,5514.876305,-5039.3816560000005,7084.4599572537645,3303.8841350970156,0.6853120709420182,7816.983032713478
2026-07-16 10:06:00,-5717.359121867793,987.0763994124006,-5023.829184117594,-1.6313394713390401,-6.9103257768813675,0.4907917252267869,EXPLORER 27 (BEACON-C),564.8254009999999,5774.100184000001,-5023.624592,6282.184522867793,4787.0237845876,0.2045921175940748,7898.192143486062
2026-07-16 10:09:00,-5928.235636637959,-264.9404231195905,-4864.225049382673,-0.7059788509014782,-6.967692140408399,1.2783531078788288,EXPLORER 27 (BEACON-C),-622.011062,5900.908539,-4864.5070080000005,5306.224574637959,6165.84896211959,-0.281958617327291,8134.722659050134
2026-07-16 10:12:00,-5970.202713747247,-1509.3929534355775,-4565.697740604079,0.24130515703699792,-6.82637781147203,2.030870541006025,EXPLORER 27 (BEACON-C),-1789.675108,5891.473587,-4566.464258,4180.527605747247,7400.866540435578,-0.7665173959212552,8499.978658755716
2026-07-16 10:15:00,-5841.554914936382,-2710.6803078139983,-4136.3878308661615,1.1855330009476446,-6.488936803508278,2.728133637875937,EXPLORER 27 (BEACON-C),-2908.521597,5744.677449,-4137.627057,2933.0333179363824,8455.357756813999,-1.2392261338382013,8949.623499093186
2026-07-16 10:18:00,-5545.122194055299,-3834.0656873856115,-3587.9981560960346,2.101350953685593,-5.962420406354084,3.3508317984591107,EXPLORER 27 (BEACON-C),-3949.919736,5462.209556,-3589.685441,1595.2024580552988,9296.275243385611,-1.6872849039655193,9432.147535418444
2026-07-16 10:21:00,-5088.304062225865,-4846.497710872211,-2935.6005422145363,2.9634049137267415,-5.258510673879127,3.8809043829214374,EXPLORER 27 (BEACON-C),-4886.833799999999,5048.655936,-2937.696368,201.47026222586555,9895.153646872212,-2.095825785463603,9897.204673757915
2026-07-16 10:24:00,-4483.029445783588,-5717.455017146689,-2197.3737634515705,3.74679797267445,-4.393644538583171,4.301958234593427,EXPLORER 27 (BEACON-C),-5694.423261,4511.569621000001,-2199.8232089999997,-1211.393815216412,10229.02463814669,-2.4494455484291393,10300.50610519406
2026-07-16 10:27:00,-3745.6252679760532,-6419.808630985248,-1394.2600968290758,4.427653741477877,-3.389081620296051,4.599758223107854,EXPLORER 27 (BEACON-C),-6350.661411,3861.50718,-1396.993888,-2605.036143023947,10281.315810985248,-2.733791170924178,10606.209293866046
2026-07-16 10:30:00,-2896.5736696942295,-6930.687278186973,-549.5277747093298,4.983795829461462,-2.2708583659703354,4.762783965746937,EXPLORER 27 (BEACON-C),-6836.964373,3112.011625,-552.464295,-3940.3907033057703,10042.698903186974,-2.9365202906701597,10788.07159681112
2026-07-16 10:33:00,-1960.1370909167106,-7232.319917769567,311.770981765389,5.395537962135071,-1.0695655852861934,4.782831088468319,EXPLORER 27 (BEACON-C),-7138.811756,2279.519713,308.723726,-5178.674665083289,9511.839630769568,-3.047255765389025,10830.225008466896
2026-07-16 10:36:00,-963.8329749777017,-7312.818285314134,1163.4514519911013,5.646559570722482,0.18011198155531188,4.655619386208371,EXPLORER 27 (BEACON-C),-7246.330536,1383.172845,1160.394516,-6282.497561022299,8695.991130314134,-3.056935991101227,10728.00292168169
2026-07-16 10:39:00,62.25373418639821,-7166.851748490628,1978.9543627129428,5.724819830354547,1.440144524165641,4.381354904241374,EXPLORER 27 (BEACON-C),-7154.807155,444.514041,1975.9956610000002,-7217.0608891863985,7611.365789490628,-2.958701712942684,10488.987835514354
2026-07-16 10:42:00,1086.3216301526422,-6796.159199249236,2732.196419421274,5.623441750494985,2.670223284502015,3.9651809097282813,EXPLORER 27 (BEACON-C),-6865.0881,-512.941629,2729.446899,-7951.409730152642,6283.217570249236,-2.7495204212741555,10134.285731698972
2026-07-16 10:45:00,2075.854567606893,-6209.840130450057,3398.486998851826,5.341480723144668,3.8291406391757317,3.4174470015806953,EXPLORER 27 (BEACON-C),-6383.823861999999,-1464.2683200000001,3396.055514,-8459.678429606893,4745.571810450057,-2.431484851825644,9699.825609391797
2026-07-16 10:48:00,2998.744579914002,-5424.371275520787,3955.47178844469,4.884483073620965,4.876440668187851,2.753729055563021,EXPLORER 27 (BEACON-C),-5723.514545,-2383.815379,3953.459191,-8722.259124914002,3040.555896520787,-2.0125974446900727,9237.033530986093
2026-07-16 10:51:00,3824.4893849180157,-4463.307252631574,4384.053089156947,4.26474335742702,5.774253466593477,1.9945471194826088,EXPLORER 27 (BEACON-C),-4902.321819,-3245.9996069999997,4382.547101,-8726.811203918016,1217.307645631574,-1.5059881569468416,8811.303760564746
2026-07-16 10:54:00,4525.402811266569,-3356.6433551055147,4669.229236402649,3.5011866067834507,6.489186979599789,1.1647537337996767,EXPLORER 27 (BEACON-C),-3943.625997,-4026.169308,4668.299422,-8469.028808266568,-669.5259528944853,-0.9298144026488444,8495.452596619156
2026-07-16 10:57:00,5077.76608263958,-2139.844360372868,4800.793905626149,2.618833211440902,6.994122095450798,0.29259915752306526,EXPLORER 27 (BEACON-C),-2875.3285929999997,-4701.494547,4800.486809999999,-7953.094675639581,-2561.6501866271324,-0.30709562614993047,8355.463284141772
2026-07-16 11:00:00,5462.844345450197,-852.5721188228064,4773.840980556528,1.6478465091582266,7.269746833512662,-0.5914818332651193,EXPLORER 27 (BEACON-C),-1728.9219520000001,-5251.829911000001,4774.175575,-7191.766297450196,-4399.2577921771945,0.33459444347226963,8430.597351974871
2026-07-16 11:03:00,5667.697391825305,462.8269541504691,4589.032204813045,0.6222107319349933,7.305677867068866,-1.456280471994233,EXPLORER 27 (BEACON-C),-538.370236,-5660.497172,4589.998371000001,-6206.067627825305,-6123.324126150469,0.9661661869558884,8718.392895970834
2026-07-16 11:06:00,5685.72630882715,1762.9894134176923,4252.60200923079,-0.4218677365932899,7.101052692276363,-2.27131237875983,EXPLORER 27 (BEACON-C),661.143101,-5914.936289,4254.162826000001,-5024.5832078271505,-7677.925702417692,1.56081676921076,9175.891343099796
2026-07-16 11:09:00,5516.917627251287,3005.2562240321076,3776.094811027672,-1.447707571803863,6.664529599877386,-3.008279427297697,EXPLORER 27 (BEACON-C),1834.522539,-6007.176611999999,3778.1897050000002,-3682.395088251287,-9012.432836032107,2.094893972328009,9735.706630673896
2026-07-16 11:12:00,5167.7711718001565,4149.34134316243,3175.8521660523747,-2.419901285015409,6.013697415512647,-3.6423726820931126,EXPLORER 27 (BEACON-C),2948.0405809999997,-5934.10483,3178.401875,-2219.7305908001567,-10083.44617316243,2.549708947625277,10324.877583962621
2026-07-16 11:15:00,4650.924099098158,5158.846554047189,2472.2875400273097,-3.305920353926358,5.173962271581225,-4.153313099487882,EXPLORER 27 (BEACON-C),3970.515889,-5697.515682,2475.1988709999996,-680.4082100981582,-10856.362236047189,2.911330972689939,10877.663573051363
2026-07-16 11:18:00,3984.5080126666144,6002.538392129511,1689.0023678097211,-4.077453497539717,4.177033379854955,-4.526059952950425,EXPLORER 27 (BEACON-C),4874.321409,-5303.954242,1692.1733000000002,889.8133963333858,-11306.49263412951,3.170932190279018,11341.452888441154
2026-07-16 11:21:00,3191.2952314511217,6655.328121088447,851.8063416438229,-4.711393060799387,3.0591647367661174,-4.751158420603674,EXPLORER 27 (BEACON-C),5636.178019999999,-4764.373896,855.13151,2444.8827885488777,-11419.702017088446,3.325168356177187,11678.48693391319
2026-07-16 11:24:00,2297.701814814113,7098.925305618858,-12.293507043967207,-5.190431446508663,1.859319955538672,-4.824739923036158,EXPLORER 27 (BEACON-C),6237.707711,-4093.6452400000003,-8.917821,3940.005896185887,-11192.570545618859,3.3756860439672067,11865.803524241022
2026-07-16 11:27:00,1332.717793981766,7322.165032743173,-876.0760143813195,-5.503276544856053,0.6174133838763256,-4.7482243617778,EXPLORER 27 (BEACON-C),6665.743402,-3309.961033,-872.7473190000001,5333.025608018234,-10632.126065743172,3.3286953813194486,11894.67435005459
2026-07-16 11:30:00,326.8298189605242,7321.034080005661,-1713.01372777196,-5.6445342552491,-0.6272523470118474,-4.527797187068195,EXPLORER 27 (BEACON-C),6912.413106,-2434.181344,-1709.820743,6585.583287039476,-9755.21542400566,3.1929847719600275,11770.052905337485
2026-07-16 11:33:00,-689.0099614201832,7098.439404696663,-2498.072179698057,-5.614332232844045,-1.8372758098352908,-4.173744119270555,EXPLORER 27 (BEACON-C),6975.027733,-1489.159896,-2495.0939449999996,7664.0376944201835,-8587.599300696662,2.9782346980573493,11510.18437735474
2026-07-16 11:36:00,-1684.3298235608806,6663.772027473126,-3208.382420089967,-5.417770165202747,-2.9781420434503114,-3.6997233511978225,EXPLORER 27 (BEACON-C),6855.8152359999995,-499.08706,-3205.687951,8540.14505956088,-7162.859087473126,2.6944690899672423,11146.328328445297
2026-07-16 11:39:00,-2629.9758132222923,6032.321133045323,-3823.782097929297,-5.06427959983571,-4.018911920742133,-3.1220423668855215,EXPLORER 27 (BEACON-C),6561.544273,511.128871,-3821.43039,9191.520086222292,-5521.192262045323,2.3517079292969356,10722.295044458868
2026-07-16 11:42:00,-3498.8311923046217,5224.588605719998,-4327.2308591170295,-4.56696407569107,-4.932653359944663,-2.458988266238121,EXPLORER 27 (BEACON-C),6103.076252000001,1516.428867,-4325.271171,9601.907444304623,-3708.1597387199977,1.9596881170291454,10293.059751951021
2026-07-16 11:45:00,-4266.4197826653335,4265.545410022151,-4705.112714930855,-3.941972274203398,-5.696669803084124,-1.7302406154889065,EXPLORER 27 (BEACON-C),5494.879370000001,2492.114825,-4703.585185999999,9761.299152665335,-1773.4305850221513,1.527528930855624,9921.08963375806
2026-07-16 11:48:00,-4911.402527245365,3183.860377067151,-4947.441395603139,-3.2079369550245618,-6.292588141064789,-0.9563773435895141,EXPLORER 27 (BEACON-C),4754.530218999999,3414.3093870000002,-4946.377631,9665.932746245364,230.4490099328491,1.0637646031391341,9668.679523736042
2026-07-16 11:51:00,-5415.980544956041,2011.1208782721365,-5047.985030928395,-2.3854934504763494,-6.706366228328367,-0.1584688839777693,EXPLORER 27 (BEACON-C),3902.219654,4260.372285,-5047.408214,9318.200198956041,2249.251406727864,0.5768169283946918,9585.822195889587
2026-07-16 11:54:00,-5766.2187678174,781.0548759369816,-5004.324491138211,-1.4968751904163127,-6.928271856725252,0.6422556285642987,EXPLORER 27 (BEACON-C),2960.271822,5009.283877000001,-5004.249062,8726.4905898174,4228.2290010630195,0.07542913821089314,9696.883958534905
2026-07-16 11:57:00,-5952.302531121615,-471.244230233784,-4817.856105627104,-0.5655708741786389,-6.952872868070576,1.4246937409969125,EXPLORER 27 (BEACON-C),1952.676823,5642.008014,-4818.287622999999,7904.979354121615,6113.252244233784,-0.4315173728955415,9993.025156424137
2026-07-16 12:00:00,-5968.735886677438,-1710.094231857356,-4493.744919446077,0.3839813806343581,-6.77906373629735,2.168134143447656,EXPLORER 27 (BEACON-C),904.632779,6141.843327,-4494.679484,6873.368665677439,7851.937558857356,-0.9345645539233374,10435.330426772416
2026-07-16 12:03:00,-5814.485526537939,-2900.009582334615,-4040.829718489331,1.3266934654266385,-6.4101385974362595,2.8525284311368773,EXPLORER 27 (BEACON-C),-157.90948,6494.770611,-4042.252992,5656.576046537939,9394.780193334615,-1.4232735106693326,10966.255034287988
2026-07-16 12:06:00,-5493.068584170226,-4006.5034931290743,-3471.476245589833,2.2371534786430596,-5.853905049103578,3.4587962997945856,EXPLORER 27 (BEACON-C),-1208.7097919999999,6689.799286,-3473.3616779999998,4284.3587921702265,10696.302779129075,-1.8854324101666862,11522.44014771637
2026-07-16 12:09:00,-5012.576743353259,-4996.912161840853,-2801.370793291799,3.090011275059147,-5.1228175830051015,3.969185538373706,EXPLORER 27 (BEACON-C),-2221.71917,6719.309511,-2803.6768420000003,2790.8575733532593,11716.221672840853,-2.3060487082011605,12044.033443981696
2026-07-16 12:12:00,-4385.623587288161,-5841.241704336752,-2049.2431501040915,3.8604518320078514,-4.234094847773002,4.3677007052144985,EXPLORER 27 (BEACON-C),-3171.584909,6579.382794,-2051.910949,1214.0386782881606,12420.624498336752,-2.667798895908618,12479.816102740206
2026-07-16 12:15:00,-3629.1976016943345,-6513.030921842905,-1236.5061819576724,4.5247768837620255,-3.2097720101593374,4.640604125642572,EXPLORER 27 (BEACON-C),-4034.186922,6270.108406,-1239.459522,-404.9893203056654,12783.139327842906,-2.9533400423276817,12789.553399037162
2026-07-16 12:18:00,-2764.40045395243,-6990.213440915866,-386.7996621445224,5.061103007536203,-2.0766297544898764,4.776979941643454,EXPLORER 27 (BEACON-C),-4787.2073439999995,5795.844069,-389.947667,-2022.8068900475696,12786.057509915867,-3.148004855477609,12945.077221524576
2026-07-16 12:21:00,-1816.0499293952341,-7255.951707922895,474.57119263464466,5.4501678175914225,-0.8659369224154645,4.769336913888121,EXPLORER 27 (BEACON-C),-5410.726456,5165.401642,471.330101,-3594.676526604766,12421.353349922894,-3.241091634644647,12931.03742470955
2026-07-16 12:24:00,-812.1300105343133,-7299.403928488725,1321.3063146605439,5.676215833142504,0.38705326377343474,4.614209720448964,EXPLORER 27 (BEACON-C),-5887.827378999999,4392.12533,1318.080557,-5075.697368465686,11691.529258488725,-3.225757660543877,12745.76677112287
2026-07-16 12:27:00,216.92238033025185,-7116.374918087469,2126.8857114995167,5.727913637408988,1.6439009355083734,4.3127036052316425,EXPLORER 27 (BEACON-C),-6205.184937,3493.829386,2123.787623,-6422.107317330252,10610.204304087469,-3.098088499516507,12402.415384429572
2026-07-16 12:30:00,1239.0933496857674,-6709.794943642702,2865.4327877977307,5.599222984872937,2.864095540916853,3.870916104634966,EXPLORER 27 (BEACON-C),-6353.605519999999,2492.5655669999996,2862.575008,-7592.698869685766,9202.360510642702,-2.8577797977309274,11930.319495322374
2026-07-16 12:33:00,2221.8154433901987,-6089.969047590156,3512.63746175982,5.290144334305825,4.006480813062139,3.3001652619337123,EXPLORER 27 (BEACON-C),-6328.481653,1414.199355,3510.1281830000003,-8550.297096390199,7504.168402590156,-2.5092787598196082,11376.296855631495
2026-07-16 12:36:00,3133.106381704285,-5274.544763169747,4046.6978813283226,4.807236030408608,5.030938643442498,2.616958930452962,EXPLORER 27 (BEACON-C),-6130.118818,287.782984,4044.63587,-9263.225199704284,5562.327747169747,-2.062011328322569,10804.94494753498
2026-07-16 12:39:00,3942.7740352998803,-4288.159405117334,4449.229018106219,4.1638195790495836,5.900238755086293,1.8426560064092454,EXPLORER 27 (BEACON-C),-5763.896078,-855.26787,4447.697706,-9706.67011329988,3432.891535117334,-1.5313121062190476,10295.833687721753
2026-07-16 12:42:00,4623.624037528536,-3161.7488459324763,4706.080010865949,3.3798010489469337,6.58192298874627,1.0027973471934022,EXPLORER 27 (BEACON-C),-5240.231533,-1982.170397,4705.142095,-9863.855570528536,1179.5784489324762,-0.9379158659485256,9934.135740622782
2026-07-16 12:45:00,5152.5969281464,-1931.5260553681226,4808.0015065409725,2.481071949593192,7.050067425898627,0.12611907179003032,EXPLORER 27 (BEACON-C),-4574.332252,-3059.903548,4807.695248999999,-9726.9291801464,-1128.3774926318772,-0.30625754097309255,9792.159472519603
2026-07-16 12:48:00,5511.759310657731,-637.6666761101857,4751.110278274402,1.498496480550548,7.286758882613097,-0.7567008186525553,EXPLORER 27 (BEACON-C),-3785.7252059999996,-4056.410989,4751.4479519999995,-9297.48451665773,-3418.7443128898144,0.3376737255975968,9906.110797302352
2026-07-16 12:51:00,5689.079297412334,677.2332070198194,4537.110952922509,0.4665397980615046,7.283138172784526,-1.6144760684788053,EXPLORER 27 (BEACON-C),-2897.583104,-4941.806002,4538.078603,-8586.662401412334,-5619.039209019819,0.9676500774912711,10261.791937311777
2026-07-16 12:54:00,5678.930435685232,1969.8390274533353,4173.252604581129,-0.578363673479272,7.03990073742542,-2.417013109785227,EXPLORER 27 (BEACON-C),-1935.882164,-5689.501551,4174.810616,-7614.812599685232,-7659.340578453335,1.558011418870592,10800.503296257375
2026-07-16 12:57:00,5482.289039357981,3197.7967625071547,3672.019254138509,-1.5995695656263345,6.567201283993533,-3.1365540555546287,EXPLORER 27 (BEACON-C),-928.4423449999999,-6277.198497,3674.104946,-6410.731384357981,-9474.995259507155,2.0856918614908864,11439.974492986688
2026-07-16 13:00:00,5106.614976255976,4321.382449949155,3050.575331298503,-2.5619622736273544,5.883974686662793,-3.7490412642489104,EXPLORER 27 (BEACON-C),96.095292,-6687.671547,3053.107282,-5010.519684255976,-11009.053996949155,2.531950701496953,12095.643175326937
2026-07-16 13:03:00,4565.4322518151575,5304.983253046517,2330.007000398052,-3.4335295460142583,5.016749833910484,-4.2351047337412595,EXPLORER 27 (BEACON-C),1109.288454,-6909.307626,2332.890061,-3456.1437978151575,-12214.290879046517,2.883060601948273,12693.850477344278
2026-07-16 13:06:00,3877.649618666104,6118.3293756249,1534.4151966163533,-4.186654247926193,3.9980853770621483,-4.580708734831532,EXPLORER 27 (BEACON-C),2083.847783,-6936.380108,1537.546058,-1793.8018356661037,-13054.709483624902,3.130861383646561,13177.373582386515
2026-07-16 13:09:00,3066.6796643551465,6737.422252961652,689.9242582068927,-4.799044715738139,2.8647877402945974,-4.777436331124274,EXPLORER 27 (BEACON-C),2994.47749,-6769.062266,693.197149,-72.20217435514633,-13506.484518961652,3.272890793107308,13506.677901199335
2026-07-16 13:12:00,2159.4251092115132,7145.134359132675,-176.3296291360523,-5.254272824369264,1.6560780930436556,-4.822432084583226,EXPLORER 27 (BEACON-C),3818.5637629999997,-6413.202461,-173.017832,1659.1386537884864,-13558.336820132674,3.3117971360522915,13659.474710568511
2026-07-16 13:15:00,1185.2026003144008,7331.4850957150775,-1037.1727271981106,-5.5419353428400795,0.4118574897407626,-4.718057240996648,EXPLORER 27 (BEACON-C),4536.691868,-5879.903322,-1033.918703,3351.489267685599,-13211.388417715078,3.2540241981105282,13629.867014164933
2026-07-16 13:18:00,174.66794184804223,7293.621520444184,-1866.2853646192468,-5.657491705038387,-0.8288159812134158,-4.471333265848702,EXPLORER 27 (BEACON-C),5132.989013,-5184.952451,-1863.177301,4958.321071151958,-12478.573971444184,3.1080636192468774,13427.574831870916
2026-07-16 13:21:00,-841.2054357283365,7035.549470051514,-2638.980241282547,-5.601855206923403,-2.02896875462292,-4.093257190688556,EXPLORER 27 (BEACON-C),5595.304718,-4348.15733,-2636.096653,6436.510153728337,-11383.706800051514,2.8835882825469525,13077.364099223834
2026-07-16 13:24:00,-1832.0581430825132,6567.668998502252,-3332.8517324203976,-5.380823622368611,-3.154647663948488,-3.598067279887619,EXPLORER 27 (BEACON-C),5915.251728,-3392.631911,-3330.261301,7747.309871082513,-9960.300909502252,2.5904314203976355,12618.574054018103
2026-07-16 13:27:00,-2768.965524053445,5906.168644936733,-3928.293577863471,-5.0044311273232065,-4.175564013443365,-3.002523509022362,EXPLORER 27 (BEACON-C),6088.13526,-2344.072279,-3926.05557,8857.100784053444,-8250.240923936733,2.2380078634710117,12104.326276607046
2026-07-16 13:30:00,-3625.1399753252917,5072.327598162087,-4408.892252192375,-4.486289932505182,-5.065487328846472,-2.32524846474701,EXPLORER 27 (BEACON-C),6112.800218,-1230.0505,-4407.056564,9737.940193325292,-6302.378098162088,1.8356881923746187,11599.459136991023
2026-07-16 13:33:00,-4376.518097490509,4091.7655296520793,-4761.709584863149,-3.8429713918499604,-5.802446102752207,-1.5861543676240832,EXPLORER 27 (BEACON-C),5991.424957,-79.343031,-4760.316915,10367.943054490508,-4171.108560652079,1.3926698631485124,11175.526463904615
2026-07-16 13:36:00,-5002.242851040494,2993.668854006686,-4977.470992222043,-3.093456329411822,-6.368798001713964,-0.8059637985872262,EXPLORER 27 (BEACON-C),5729.283428999999,1078.700556,-4976.553144,10731.526280040493,-1914.9682980066862,0.9178482220422666,10901.044019910007
2026-07-16 13:39:00,-5485.054327392299,1810.0111859728083,-5050.675544889053,-2.2586656183703133,-6.751228746578756,-0.005816997108102497,EXPLORER 27 (BEACON-C),5334.492987,2214.747869,-5050.255255,10819.547314392297,404.7366830271915,0.420289889052583,10827.114853348745
2026-07-16 13:42:00,-5811.6031192409855,574.7760325756682,-4979.641742338067,-1.3610662184380458,-6.94072978351751,0.793052105328551,EXPLORER 27 (BEACON-C),4817.760712,3300.039613,-4979.732311,10629.363831240986,2725.263580424332,-0.09056866193259339,10973.168961056053
2026-07-16 13:45:00,-5972.6982169115345,-676.8179477856318,-4766.499029657009,-0.42433556766742747,-6.932592185946737,1.5695957308372697,EXPLORER 27 (BEACON-C),4192.1334959999995,4306.922119,-4767.103843000001,10164.831712911535,4983.740066785632,-0.6048133429922018,11320.842246533412
2026-07-16 13:48:00,-5963.497513050894,-1909.0940617955812,-4417.130422511757,0.5269415173790823,-6.7264396329999645,2.303215850556797,EXPLORER 27 (BEACON-C),3472.751936,5209.366958,-4418.242115,9436.249449050894,7118.461019795581,-1.1116924882426247,11820.122342468485
2026-07-16 13:51:00,-5783.643960301088,-3086.704674318586,-3941.0666623551956,1.46757463794769,-6.32630787024265,2.974039578487943,EXPLORER 27 (BEACON-C),2676.603403,5983.487504,-3942.6661630000003,8460.247363301089,9070.192178318586,-1.5995006448047207,12403.393654894493
2026-07-16 13:54:00,-5437.344734057238,-4175.435855523543,-3351.3275868607584,2.372101635093382,-5.740762423605823,3.563231817481147,EXPLORER 27 (BEACON-C),1822.266024,6608.058365,-3353.383008,7259.610758057239,10783.494220523542,-2.055421139241389,12999.449995569854
2026-07-16 13:57:00,-4933.3849286780915,-5143.03444769903,-2664.202318636423,3.2151866114245156,-4.983031003983123,4.0533653535282275,EXPLORER 27 (BEACON-C),929.634012,7065.039946999999,-2666.668076,5863.018940678092,12208.07439469903,-2.465757363576813,13542.97152050522
2026-07-16 14:00:00,-4285.061925876361,-5960.057072574311,-1898.956904991566,3.9721096199225565,-4.071112636995736,4.428860636269948,EXPLORER 27 (BEACON-C),19.611909,7340.103457,-1901.7724950000002,4304.673834876361,13300.16052957431,-2.8155900084341283,13979.431135230885
2026-07-16 14:03:00,-3510.0222743698323,-6600.732798148257,-1077.4566711388657,4.61936682600025,-3.027813091796057,4.67649678216293,EXPLORER 27 (BEACON-C),-886.232197,7423.142086,-1080.5450349999999,2623.790077369832,14023.874884148256,-3.088363861134212,14267.212435312653
2026-07-16 14:06:00,-2629.9804722764284,-7043.821326335721,-223.69128749033007,5.135387015358133,-1.8806472049000469,4.785982059907399,EXPLORER 27 (BEACON-C),-1766.0621820000001,7308.749476,-226.959093,863.9182902764283,14352.570802335722,-3.2678055096699268,14378.548401242973
2026-07-16 14:09:00,-1670.2992741907597,-7273.437400616156,636.8061340841842,5.5013531952095835,-0.6615452417774331,4.750556896463563,EXPLORER 27 (BEACON-C),-2598.2251549999996,6996.640724000001,633.464299,-927.92588080924,14270.078124616157,-3.341835084184254,14300.216337202242
2026-07-16 14:12:00,-659.4148269199495,-7279.80086648894,1477.648401211933,5.702097551731091,0.5936952107848408,4.5675865937192315,EXPLORER 27 (BEACON-C),-3361.761434,6491.978808,1474.344595,-2702.3466070800505,13771.77967448894,-3.303806211933079,14034.407842962211
2026-07-16 14:15:00,371.9023988430442,-7059.862111207992,2272.385473099399,5.7270160541064765,1.8462561890729179,4.239086577031449,EXPLORER 27 (BEACON-C),-4036.96302,5805.559888000001,2269.234171,-4408.865418843045,12865.421999207992,-3.1513020993988903,13599.896596293664
2026-07-16 14:18:00,1391.4482194368484,-6617.746461249266,2995.3795309219013,5.570928534738734,3.0554646196760102,3.772112878323023,EXPLORER 27 (BEACON-C),-4605.962779,4953.818655,2992.493531,-5997.410998436849,11571.565116249265,-2.8859999219012025,13033.421126195673
2026-07-16 14:21:00,2366.629153334612,-5964.960551403787,3622.733127554257,5.234795003671412,4.180260629989282,3.1789477004017606,EXPLORER 27 (BEACON-C),-5053.330082,3958.617634,3620.218694,-7419.9592353346125,9923.578185403787,-2.5144335542568115,12390.85168090658
2026-07-16 14:24:00,3265.615895735555,-5120.310294599824,4133.227316800453,4.7261933781915735,5.180912176622336,2.4770168670927113,EXPLORER 27 (BEACON-C),-5366.640522,2846.796692,4131.178539,-8632.256417735554,7967.106986599824,-2.0487778004535357,11746.942104009659
2026-07-16 14:27:00,4058.554347686604,-4109.494548997742,4509.216732008809,4.05947108648484,6.020876690783633,1.6884939965418395,EXPLORER 27 (BEACON-C),-5536.983511,1649.469479,4507.711273,-9595.537858686605,5758.964027997742,-1.5054590088093391,11191.068570054726
2026-07-16 14:30:00,4718.768769768923,-2964.3602782444627,4737.423073187106,3.255504698867414,6.668673916953695,0.839574619622054,EXPLORER 27 (BEACON-C),-5559.365274,401.07782299999997,4736.517964,-10278.134043768923,3365.438101244463,-0.9051091871060635,10815.091948486259
2026-07-16 14:33:00,5223.883067639546,-1721.8319288394075,4809.568918582782,2.341036816545165,7.0996111128167545,-0.04056078698353288,EXPLORER 27 (BEACON-C),-5432.97427,-861.759224,4809.296503,-10656.857337639547,860.0727048394075,-0.2724155827827417,10691.507538538328
2026-07-16 14:36:00,5556.784964419268,-422.5567633420296,4722.800918393724,1.3476040262317346,7.297198356303346,-0.9210377414089961,EXPLORER 27 (BEACON-C),-5161.283095,-2101.548839,4723.166845,-10718.068059419267,-1678.9920756579704,0.3659266062759343,10848.778615603143
2026-07-16 14:39:00,5706.364831325548,890.6647894648912,4479.864957126081,0.3101175113698431,7.254111013313407,-1.7707411585410646,EXPLORER 27 (BEACON-C),-4751.970877999999,-3281.3110690000003,4480.848898,-10458.335709325547,-4171.975858464892,0.9839408739189821,11259.758849136486
2026-07-16 14:42:00,5667.975982836666,2174.572884988936,4089.0144944727535,-0.7347987886708035,6.972597642692518,-2.5598151943499743,EXPLORER 27 (BEACON-C),-4216.661472,-4365.96552,4090.57273,-9884.637454836666,-6540.538404988936,1.5582355272463246,11852.62429459371
2026-07-16 14:45:00,5443.584818192586,3387.1621606576077,3563.6548903893026,-1.7505763949179516,6.464289687598273,-3.261083815963241,EXPLORER 27 (BEACON-C),-3570.4909350000003,-5323.629269,3565.723767,-9014.075753192586,-8710.791429657607,2.068876610697316,12535.208546152766
2026-07-16 14:48:00,5041.604750616675,4489.309669770033,2921.748392104913,-2.7024277065918163,5.749435474438276,-3.8512740147681233,EXPLORER 27 (BEACON-C),-2831.535028,-6126.747458,2924.248457,-7873.139778616674,-10616.057127770033,2.5000648950872346,13216.92116811013
2026-07-16 14:51:00,4476.434087722723,5446.220114777034,2185.023691093923,-3.5588872708232477,4.855644364147351,-4.3119478647505085,EXPLORER 27 (BEACON-C),-2020.135311,-6752.994599000001,2187.86369,-6496.569398722723,-12199.214713777033,2.8399989060771986,13821.225041610762
2026-07-16 14:54:00,3767.741327105382,6228.611342460562,1378.047885449184,-4.293055064963736,3.816276515289378,-4.63008651336674,EXPLORER 27 (BEACON-C),-1158.1691680000001,-7185.904802,1381.129279,-4925.910495105382,-13414.516144460562,3.081393550816074,14290.341041793532
2026-07-16 14:57:00,2939.5585299631393,6813.59009937129,527.2254590020116,-4.883469878985991,2.6686414484742107,-4.798311986561523,EXPLORER 27 (BEACON-C),-268.310352,-7415.217264000001,530.447828,-3207.8688819631393,-14228.807363371292,3.222368997988383,14585.931308334702
2026-07-16 15:00:00,2019.2524402624053,7185.198173699786,-340.2120655177044,-5.314589129397806,1.4521710254960203,-4.814773645077125,EXPLORER 27 (BEACON-C),626.678653,-7436.944453,-336.94653600000004,-1392.5737872624054,-14622.142626699786,3.2655295177043513,14688.305804693893
2026-07-16 15:03:00,1036.4432861082807,7334.63768911593,-1197.1699854512215,-5.576897149683699,0.20671162616052488,-4.682758408075961,EXPLORER 27 (BEACON-C),1504.5865560000002,-7253.191184,-1193.953842,468.14326989171946,-14587.82887311593,3.216143451221569,14595.338971604544
2026-07-16 15:06:00,21.933790930448144,7260.207583784087,-2017.5647078787492,-5.666699832718996,-1.028957202362391,-4.410103168137437,EXPLORER 27 (BEACON-C),2344.301637,-6871.77084,-2014.48361,2322.367846069552,-14131.978423784087,3.081097878749233,14321.529809204072
2026-07-16 15:09:00,-993.301901861558,6966.998793471081,-2777.080420975331,-5.58568518113192,-2.218315627697503,-4.008493124431351,EXPLORER 27 (BEACON-C),3126.2586189999997,-6305.672639,-2774.211832,4119.560520861558,-13272.671432471081,2.868588975331022,13897.28729170473
2026-07-16 15:12:00,-1979.035124188008,6466.402704113576,-3453.7949078567026,-5.340336133917125,-3.327990287606917,-3.492722940503285,EXPLORER 27 (BEACON-C),3832.785651,-5572.430712,-3451.207957,5811.820775188008,-12038.833416113575,2.586950856702515,13368.27503592571
2026-07-16 15:15:00,-2906.586526162708,5775.486917676589,-4028.6739009158186,-4.941276191403092,-4.32835408469188,-2.879982400403291,EXPLORER 27 (BEACON-C),4448.358765999999,-4693.437806,-4026.43005,7354.945292162707,-10468.924723676588,2.2438509158187117,12794.280368804657
2026-07-16 15:18:00,-3749.5113226162007,4916.286140823708,-4485.942699248092,-4.402613743854325,-5.193883944700322,-2.1892088313759164,EXPLORER 27 (BEACON-C),4959.775891,-3693.24273,-4484.095925,8709.2872136162,-8609.528870823708,1.8467742480925153,12246.455591614282
2026-07-16 15:21:00,-4484.170473510876,3915.046279763771,-4813.349430704508,-3.741331869469603,-5.90333546263654,-1.4405287023366364,EXPLORER 27 (BEACON-C),5356.268892,-2598.859011,-4811.9456629999995,9840.439365510876,-6513.905290763771,1.4037677045089367,11801.06821494987
2026-07-16 15:24:00,-5090.198741762835,2801.448695319116,-5002.336578115068,-2.9767503370810395,-6.439796959336584,-0.6547931229453472,EXPLORER 27 (BEACON-C),5629.572343999999,-1439.1000689999998,-5001.412602,10719.771085762834,-4240.548764319115,0.9239761150674894,11528.041759442802
2026-07-16 15:27:00,-5550.883498173884,1607.8307062902645,-5048.136804207688,-2.130068164708399,-6.7906810611303685,0.146802107862478,EXPLORER 27 (BEACON-C),5773.965984,-243.94466599999998,-5047.719653,11324.849482173884,-1851.7753722902644,0.4171512076882209,11475.246751043307
2026-07-16 15:30:00,-5853.4680935106635,368.4089822699801,-4949.806436479756,-1.2239797535634152,-6.947702060929924,0.9430312669626135,EXPLORER 27 (BEACON-C),5786.301566,956.0707179999999,-4949.912951,11639.769659510664,587.6617357300199,-0.1065145202446729,11654.594975950542
2026-07-16 15:33:00,-5989.391235191875,-881.494863506522,-4710.205935772602,-0.28234585772160525,-6.9068742026749135,1.7129137648416983,EXPLORER 27 (BEACON-C),5666.021682,2130.437339,-4710.841626,11655.412917191876,3011.932202506522,-0.6356902273982996,12038.288344562989
2026-07-16 15:36:00,-5954.469732402732,-2106.2320237696895,-4335.9319106680705,0.6701075482924167,-6.668551224887544,2.435977633818836,EXPLORER 27 (BEACON-C),5415.176796,3249.246707,-4337.089812,11369.646528402733,5355.47873076969,-1.1579013319296791,12567.816674239099
2026-07-16 15:39:00,-5749.026793989842,-3270.615351975092,-3837.200297607098,1.6080942777129579,-6.237511995904141,3.0925392248624193,EXPLORER 27 (BEACON-C),5038.440427,4283.762618,-3838.86032,10787.467220989842,7554.377969975092,-1.6600223929017375,13169.589147458231
2026-07-16 15:42:00,-5377.962312167729,-4340.726621312121,-3227.675676742986,2.506110194160174,-5.62308148041742,3.664023796867321,EXPLORER 27 (BEACON-C),4543.116768,5207.00155,-3229.803872,9921.079080167729,9547.728171312121,-2.1281952570138856,13769.056898619596
2026-07-16 15:45:00,-4850.755768638627,-5284.746345328758,-2524.2377811928627,3.3388444049777313,-4.839261090362574,4.133345940890623,EXPLORER 27 (BEACON-C),3939.131765,5994.325699,-2526.7852080000002,8789.887533638626,11279.072044328757,-2.5474268071375263,14299.636202524789
2026-07-16 15:48:00,-4181.387134823413,-6073.804569297243,-1746.6735405443244,4.08168575507142,-3.9048283635430265,4.485360349936937,EXPLORER 27 (BEACON-C),3238.995074,6624.049258999999,-1749.575771,7420.382208823414,12697.853828297242,-2.9022304556756353,14707.05859078448
2026-07-16 15:51:00,-3388.157076257949,-6682.842893000132,-917.2819677534511,4.711341678542361,-2.843353961769461,4.707382304504155,EXPLORER 27 (BEACON-C),2457.716997,7078.051923,-920.459534,5845.874073257949,13760.894816000131,-3.1775662465488494,14951.136408793012
2026-07-16 15:54:00,-2493.38568775781,-7091.467886087012,-60.380354687773874,5.206572871911955,-1.6830758011631208,4.789763625639985,EXPLORER 27 (BEACON-C),1612.661291,7342.383438,-63.739256999999995,4106.0469787578095,14433.851324087012,-3.358902312226121,15006.521819523647
2026-07-16 15:57:00,-1522.9697060082906,-7284.764822644448,798.2959693201225,5.549029553660639,-0.4565678075755721,4.7264944807960285,EXPLORER 27 (BEACON-C),723.316506,7407.831794,794.863331,2246.2862120082905,14692.596616644449,-3.4326383201224644,14863.317559303385
2026-07-16 16:00:00,-505.7824173256608,-7254.029563599293,1632.3013767549814,5.724154243628284,0.7998534148006489,4.515785751286799,EXPLORER 27 (BEACON-C),-189.026447,7270.423183,1628.912721,316.75597032566077,14524.452746599294,-3.388655754981528,14527.906711426824
2026-07-16 16:03:00,527.0912299702048,-6997.367176520172,2415.2867440598143,5.7220940704843315,2.0470249446797,4.160572900420236,EXPLORER 27 (BEACON-C),-1101.701486,6931.81776,2412.063832,-1628.7927159702049,13929.18493652017,-3.222912059814462,14024.092451725359
2026-07-16 16:06:00,1543.279532640304,-6520.100519162358,3121.8851679991585,5.538545741659392,3.2441514259732673,3.6688732444965972,EXPLORER 27 (BEACON-C),-1991.20663,6399.554813,3118.9477039999997,-3534.486162640304,12919.655332162358,-2.9374639991588083,13394.405360614624
2026-07-16 16:09:00,2510.1887080557176,-5834.932504580214,3728.643707536962,5.175442434327251,4.350315019458244,3.053927191505627,EXPLORER 27 (BEACON-C),-2833.847107,5687.0999950000005,3726.103669,-5344.035815055718,11522.032499580215,-2.540038536962129,12701.021933914479
2026-07-16 16:12:00,3396.1699734609097,-4961.813585341506,4214.956231775696,4.641388033333171,5.326218098673773,2.334062752206099,EXPLORER 27 (BEACON-C),-3606.459714,4813.659222,4212.912071000001,-7002.62968746091,9775.472807341506,-2.044160775695673,12024.836602855583
2026-07-16 16:15:00,4171.735167204184,-3927.4816283788673,4563.943173247716,3.951753500882597,6.136053385369939,1.5322424162829527,EXPLORER 27 (BEACON-C),-4287.188398,3803.7403790000003,4562.474099999999,-8458.923565204184,7731.222007378868,-1.4690732477165511,11459.720056245798
2026-07-16 16:18:00,4810.753775507204,-2764.6639682634855,4763.219406929985,3.128373935546289,6.749361413290089,0.6752812483432554,EXPLORER 27 (BEACON-C),-4856.275203,2686.4562680000004,4762.381856999999,-9667.028978507205,5451.120236263486,-0.837549929985471,11098.025130760392
2026-07-16 16:21:00,5291.556642734376,-1510.9588372184692,4805.493025154897,2.198821631187689,7.14271489849864,-0.207238520974801,EXPLORER 27 (BEACON-C),-5296.816650999999,1494.5806200000002,4805.319552,-10588.373293734374,3005.5394572184696,-0.17347315489678294,11006.675995342888
2026-07-16 16:24:00,5597.871570485328,-207.44231766559406,4688.946016296063,1.1952759319790154,7.301069489605374,-1.084293244538018,EXPLORER 27 (BEACON-C),-5595.43222,263.400195,4689.443892,-11193.303790485328,470.8425126655941,0.49787570393709757,11203.202339764586
2026-07-16 16:27:00,5719.524247285242,1102.9263591272356,4417.36232271175,0.15305834334607502,7.218643092227595,-1.924887625383611,EXPLORER 27 (BEACON-C),-5742.800577999999,-970.573378,4418.512471,-11462.324825285243,-2073.4997371272357,1.1501482882504206,11648.36009415309
2026-07-16 16:30:00,5652.854074516823,2377.0076909048385,3999.9880203983103,-0.8910565746221114,6.899230097892784,-2.6995497857530144,EXPLORER 27 (BEACON-C),-5734.0286940000005,-2170.958702,4001.746029,-11386.882768516823,-4547.966392904838,1.758008601689653,12261.529292283709
2026-07-16 16:33:00,5400.816826217777,3573.187974932806,3451.130201877427,-1.900615056372758,6.355916759035771,-3.381725925755753,EXPLORER 27 (BEACON-C),-5568.82856,-3302.846631,3453.429306,-10969.645386217777,-6876.034605932806,2.2991041225727713,12946.543055473698
2026-07-16 16:36:00,4972.772008864614,4652.983197902266,2789.5227949383334,-2.841193063841351,5.61023045006504,-3.948959337176099,EXPLORER 27 (BEACON-C),-5251.490902,-4334.046278,2792.278559,-10224.262910864614,-8987.029475902265,2.7557640616664685,13612.577216142925
2026-07-16 16:39:00,4383.978864805314,5582.446467195471,2037.5060916487826,-3.6819015450094175,4.690817516081877,-4.383765281042169,EXPLORER 27 (BEACON-C),-4790.665522,-5236.162199,2040.621684,-9174.644386805314,-10818.608666195472,3.1155923512174013,14185.076764104371
2026-07-16 16:42:00,3654.847601119738,6333.305794286857,1220.0796151572265,-4.3965794003389345,3.6317911686476188,-4.674151690862135,EXPLORER 27 (BEACON-C),-4198.972044,-5985.447865,1223.450534,-7853.819645119738,-12318.753659286856,3.3709188427735626,14609.386917299298
2026-07-16 16:45:00,2810.0085450105553,6883.786888768836,363.89344021537727,-4.964609106887637,2.470914837304096,-4.8137788099606675,EXPLORER 27 (BEACON-C),-3492.477364,-6563.403826000001,367.41196399999995,-6302.485909010555,-13447.190714768836,3.518523784622687,14850.867958898949
2026-07-16 16:48:00,1877.2696328933134,7219.105848712197,-503.75914006370175,-5.371338538966198,1.2477849184180825,-4.801790934084509,EXPLORER 27 (BEACON-C),-2690.084207,-6957.113915,-500.19957500000004,-4567.353839893313,-14176.219763712197,3.5595650637017116,14893.82222796942
2026-07-16 16:51:00,886.5316387930042,7331.644686353856,-1355.8935776327974,-5.608137319183194,0.0021528411106471936,-4.64238385584645,EXPLORER 27 (BEACON-C),-1812.8745549999999,-7159.335107,-1352.394763,-2699.406193793004,-14490.979793353856,3.498814632797348,14740.261239617892
2026-07-16 16:54:00,-131.27787933505604,7220.8448029519395,-2166.6899994383975,-5.67215002533258,-1.227513070218949,-4.344188595714465,EXPLORER 27 (BEACON-C),-883.446582,-7168.372571000001,-2163.346563,-752.168702664944,-14389.21737395194,3.3434364383974753,14408.863437852282
2026-07-16 16:57:00,-1145.2043843000847,6892.867679672881,-2912.227656182359,-5.565828016853645,-2.4051712368278864,-3.919555052438724,EXPLORER 27 (BEACON-C),74.723039,-6987.781303999999,-2909.125802,1219.9274233000847,-13880.64898367288,3.1018541823591477,13934.1540377433
2026-07-16 17:00:00,-2125.1680177877965,6360.077794958073,-3571.0870475894158,-5.2963263217467444,-3.498044872358377,-3.383810606513368,EXPLORER 27 (BEACON-C),1037.8678810000001,-6625.940769000001,-3568.303713,3163.0358987877967,-12986.018563958074,2.783334589415972,13365.682997416761
2026-07-16 17:03:00,-3042.7504395327946,5640.401187798905,-4124.821047056564,-4.87484451480107,-4.477178616472753,-2.754552379016984,EXPLORER 27 (BEACON-C),1982.459929,-6095.547961,-4122.423283,5025.210368532795,-11735.949148798905,2.397764056563574,12766.567566126603
2026-07-16 17:06:00,-3871.8630855816486,4756.606122096731,-4558.30507143279,-4.315974869590228,-5.317761818357502,-2.051012027713987,EXPLORER 27 (BEACON-C),2885.674968,-5413.066937,-4556.34971,6757.5380535816485,-10169.67305909673,1.9553614327896867,12210.101330372336
2026-07-16 17:09:00,-4589.302618286656,3735.542205043491,-4859.981388668281,-3.6371015076221935,-5.999278723868757,-1.2935122364607037,EXPLORER 27 (BEACON-C),3725.80104,-4598.164155,-4858.515529,8315.103658286656,-8333.706360043492,1.4658596682811549,11772.493902832399
2026-07-16 17:12:00,-5175.205198822302,2607.3631123046616,-5022.0143533945875,-2.8578742963027297,-6.505547922233418,-0.5030168583368141,EXPLORER 27 (BEACON-C),4482.598859,-3673.1470550000004,-5021.075752999999,9657.8040578223,-6280.510167304662,0.9386003945883203,11520.329338255779
2026-07-16 17:15:00,-5613.413639340775,1404.7473631264577,-5040.372349064178,-1.999763227271691,-6.8247079090973966,0.2992367421959308,EXPLORER 27 (BEACON-C),5137.62294,-2662.418452,-5039.988299,10751.036579340776,-4067.1658151264573,0.38405006417815457,11494.634637323237
2026-07-16 17:18:00,-5891.77103268976,162.12244554486557,-4914.849241857462,-1.085684188955411,-6.949195067274324,1.092043917805136,EXPLORER 27 (BEACON-C),5674.517047,-1591.952029,-4915.034691,11566.28807968976,-1754.0744745448656,-0.18544914253743627,11698.538252235392
2026-07-16 17:21:00,-6002.351765088762,-1085.109351651732,-4649.0339337679425,-0.13967584323780774,-6.875746856973581,1.8545037675697424,EXPLORER 27 (BEACON-C),6079.296977,-488.783757,-4649.790508,12081.64874208876,596.325594651732,-0.7565742320575737,12096.356522294482
2026-07-16 17:24:00,-5941.636528369902,-2301.34947075612,-4250.231766303525,0.8134003390088392,-6.605448021916235,2.566283267782311,EXPLORER 27 (BEACON-C),6340.627274,619.490172,-4251.547079,12282.263802369904,2920.83964275612,-1.3153126964753028,12624.78950556203
2026-07-16 17:27:00,-5710.632640453924,-3451.593832309686,-3729.336602273658,1.748169142828262,-6.14382207433504,3.2079019166420606,EXPLORER 27 (BEACON-C),6450.093744,1705.216606,-3731.1830720000003,12160.726384453923,5156.810438309686,-1.846469726342093,13208.934987487219
2026-07-16 17:30:00,-5314.935185990376,-4502.2427473988455,-3100.6478657385287,2.6390931167259817,-5.500954790456889,3.7610607175260933,EXPLORER 27 (BEACON-C),6402.4727680000005,2741.199122,-3102.9820720000002,11717.407953990376,7243.4418693988455,-2.334206261471536,13775.525569796459
2026-07-16 17:33:00,-4764.718734669698,-5421.933377384778,-2381.6230923559897,3.4608976089213845,-4.691621431456488,4.209033105313995,EXPLORER 27 (BEACON-C),6195.991822,3701.232875,-2384.3861009999996,10960.7105566697,9123.166252384779,-2.763008644009915,14260.762462433762
2026-07-16 17:36:00,-4074.644271473526,-6182.391980395336,-1592.5540935888366,4.18909450455615,-3.735375619808667,4.537126522653387,EXPLORER 27 (BEACON-C),5832.566734,4560.666093000001,-1595.671658,9907.211005473526,10743.058073395336,-3.1175644111633574,14613.9021617954
2026-07-16 17:39:00,-3263.6621686945705,-6759.294703879774,-756.1541587245974,4.800619868866156,-2.6565463998645504,4.733211790027193,EXPLORER 27 (BEACON-C),5317.996537,5296.985797,-759.53677,8581.65870569457,12056.280500879773,-3.38261127540261,14798.607268894471
2026-07-16 17:42:00,-2354.6903301513025,-7133.1153656158685,102.95469721891794,5.274586456273594,-1.4840826797851627,4.7883034839343255,EXPLORER 27 (BEACON-C),4662.09443,5890.421367999999,99.410641,7016.784760151302,13023.536733615867,-3.5440562189179445,14793.50499315385
2026-07-16 17:45:00,-1374.1478651769594,-7289.927393652118,958.8611640715399,5.593133799362247,-0.25118311321605447,4.697159074379426,EXPLORER 27 (BEACON-C),3878.727034,6324.551978,955.271062,5252.874899176959,13614.479371652118,-3.5901020715398317,14592.695301292948
2026-07-16 17:48:00,-351.32952021345966,-7222.116210684508,1785.0903068915159,5.742337465159108,1.0053432493367294,4.458849134440536,EXPLORER 27 (BEACON-C),2985.732319,6586.893557,1781.5780490000002,3337.0618392134597,13809.009767684507,-3.5122578915156737,14206.503609920928
2026-07-16 17:51:00,682.3849866758933,-6928.949625762378,2555.4251403626167,5.713117261994441,2.2460228122842762,4.077237840872668,EXPLORER 27 (BEACON-C),2004.688249,6669.432511,2552.118882,1322.3032623241068,13598.382136762379,-3.306258362616518,13662.521494450264
2026-07-16 17:54:00,1694.4797637592453,-6416.949262493178,3244.8018290694567,5.502064981608373,3.429979088870793,3.561305102603964,EXPLORER 27 (BEACON-C),960.511939,6569.065662,3241.828033,-733.9678247592453,12986.014924493178,-2.9737960694569665,13006.740607485199
2026-07-16 17:57:00,2652.3868760347723,-5700.007628978275,3830.243533044722,5.112099666706132,4.516482437943527,2.925241885021134,EXPLORER 27 (BEACON-C),-119.119845,6287.907169,3827.7196120000003,-2771.5067210347725,11987.914797978276,-2.5239210447216465,12304.119516588942
2026-07-16 18:00:00,3524.6658386178538,-4799.2044607415055,4291.786253671828,4.5528563673659415,5.466718008427065,2.1882608272641737,EXPLORER 27 (BEACON-C),-1204.52861,5833.42285,4289.8137019999995,-4729.194448617854,10632.627310741505,-1.9725516718281142,11636.926035380828
2026-07-16 18:03:00,4282.222327683032,-3742.292737991268,4613.341453134975,3.840725807675797,6.245660798754939,1.3740857465241014,EXPLORER 27 (BEACON-C),-2264.952861,5218.355713000001,4612.001625,-6547.175188683032,8960.64845099127,-1.3398281349755052,11097.69009337972
2026-07-16 18:06:00,4899.497391404081,-2562.8482517570246,4783.436606027052,2.998488198636279,6.823913800619875,0.5101146639239337,EXPLORER 27 (BEACON-C),-3269.58576,4460.421172,4782.785604000001,-8169.083151404081,7023.269423757025,-0.6510020270516179,10773.125514772304
2026-07-16 18:09:00,5355.551872068135,-1299.1044066713844,4795.777492488309,2.0545227739908034,7.179347691183792,-0.3737120576661241,EXPLORER 27 (BEACON-C),-4188.680958999999,3581.778001,4795.84187,-9544.232831068133,4880.8824076713845,0.06437751169141848,10719.859766587402
2026-07-16 18:12:00,5634.971873317812,7.477257893745357,4649.5853581262245,1.0416208885756502,7.298383789410438,-1.246269391457225,EXPLORER 27 (BEACON-C),-4994.66996,2608.283642,4650.362792999999,-10629.641833317812,2600.8063841062544,0.7774348737748369,10943.193316241512
2026-07-16 18:15:00,5728.530555750103,1313.8243946690106,4349.677432142602,-0.004522088587572208,7.1767880857129,-2.0767302959183316,EXPLORER 27 (BEACON-C),-5663.217758999999,1568.564434,4351.139475,-11391.748314750103,254.74003933098925,1.4620428573980462,11394.596275946747
2026-07-16 18:18:00,5633.5587272078865,2576.963169773263,3906.2791478287163,-1.0470201734738405,6.819891080186919,-2.8360523285718275,EXPLORER 27 (BEACON-C),-6174.144086,492.95775199999997,3908.3727599999997,-11807.702813207887,-2084.005417773263,2.0936121712834392,11990.201361510059
2026-07-16 18:21:00,5353.999812281294,3755.7138270136224,3334.578421111922,-2.049572960054552,6.242209719342797,-3.498342977922249,EXPLORER 27 (BEACON-C),-6512.1549270000005,-587.606282,3337.22789,-11866.154739281294,-4343.320109013623,2.6494688880779904,12636.062079841782
2026-07-16 18:24:00,4900.151015173006,4812.268135017335,2654.0536956555734,-2.9781549087613035,5.466514301158288,-4.041991771778366,EXPLORER 27 (BEACON-C),-6667.346175,-1642.716429,2657.1644810000003,-11567.497190173006,-6454.984564017335,3.1107853444268585,13246.653412969932
2026-07-16 18:27:00,4288.118345852934,5713.557143745388,1887.6252437309124,-3.8024819988594687,4.522443569238763,-4.450486318710194,EXPLORER 27 (BEACON-C),-6635.4570619999995,-2643.52046,1891.08969,-10923.575407852933,-8357.077603745389,3.4644462690876026,13753.736138535598
2026-07-16 18:30:00,3539.035082042305,6432.340083714389,1060.690938418016,-4.4971526844908185,3.4448149240458283,-4.712869285806332,EXPLORER 27 (BEACON-C),-6417.872735,-3563.636806,1064.394168,-9956.907817042305,-9995.97688971439,3.703229581984033,14108.847613135938
2026-07-16 18:33:00,2678.108227234926,6947.973796732392,200.11189544570814,-5.042405132328764,2.271796762201593,-4.82383660553047,EXPLORER 27 (BEACON-C),-6021.394422,-4379.894383000001,203.93683199999998,-8699.502649234926,-11327.868179732392,3.8249365542918383,14282.925417139824
2026-07-16 18:36:00,1733.563914411831,7246.852299700446,-666.7900880108875,-5.424481455489076,1.0431046425198092,-4.783516183915785,EXPLORER 27 (BEACON-C),-5457.817258,-5072.877173999999,-662.957868,-7191.381172411831,-12319.729473700445,3.8322200108875677,14265.052126017381
2026-07-16 18:39:00,735.5604524224668,7322.533452939384,-1513.1712092396851,-5.635633362023028,-0.2016440770050884,-4.5969948290316145,EXPLORER 27 (BEACON-C),-4743.362937,-5627.270525999999,-1509.4399939999998,-5478.923389422467,-12949.803978939384,3.731215239685298,14061.153527434442
2026-07-16 18:42:00,-284.87168335471523,7175.590726228237,-2313.502276338887,-5.673835681881982,-1.4243236395822598,-4.273675749922531,EXPLORER 27 (BEACON-C),-3898.016509,-6032.020633,-2309.972124,-3613.144825645285,-13207.611359228238,3.530152338887092,13692.911516893608
2026-07-16 18:45:00,-1296.8176217020632,6813.240860434091,-3044.280417941798,-5.542291405767173,-2.5893938981228217,-3.826549814699271,EXPLORER 27 (BEACON-C),-2944.815899,-6280.332793,-3041.041522,-1647.998277297937,-13093.57365343409,3.2388959417980914,13196.877654594182
2026-07-16 18:48:00,-2270.364101061997,6248.802686569201,-3684.6073830106857,-5.248814454169912,-3.6646902029327837,-3.2714534768247736,EXPLORER 27 (BEACON-C),-1909.133487,-6369.541732,-3681.738951,361.23061406199713,-12618.3444185692,2.868432010685865,12623.514235349612
2026-07-16 18:51:00,-3177.3691915549293,5501.039752007457,-4216.637585871037,-4.805167306013488,-4.621938080649185,-2.626368966147408,EXPLORER 27 (BEACON-C),-817.977274,-6300.887446000001,-4214.207464,2359.3919175549295,-11801.927198007457,2.430121871037045,12035.456855191827
2026-07-16 18:54:00,-3992.1136789868515,4593.431766947692,-4625.907160566786,-4.226414032741393,-5.4370436022442306,-1.910802212303693,EXPLORER 27 (BEACON-C),300.66980099999995,-6079.227973,-4623.971518,4292.7834799868515,-10672.659739947692,1.9356425667856456,11503.636802223049
2026-07-16 18:57:00,-4691.841040769821,3553.4094602184655,-4901.559728454719,-3.5303293897819836,-6.090220751502339,-1.1452544545872294,EXPLORER 27 (BEACON-C),1418.4640319999999,-5712.716988,-4900.1625460000005,6110.305072769821,-9266.126448218465,1.397182454718859,11099.411218114643
2026-07-16 19:00:00,-5257.198250188233,2411.57620593727,-5036.485755543399,-2.7368847652371655,-6.566017771011856,-0.35078683274428624,EXPLORER 27 (BEACON-C),2507.269155,-5212.467216,-5035.658238,7764.467405188233,-7624.04342193727,0.8275175433991535,10881.773424888093
2026-07-16 19:03:00,-5672.591583211041,1200.9292596254118,-5027.390958950227,-1.867814165225863,-6.853297939984449,0.4513354809761433,EXPLORER 27 (BEACON-C),3539.685874,-4592.213656000001,-5027.151749,9212.277457211041,-5793.142915625413,0.23920995022763236,10882.39683372744
2026-07-16 19:06:00,-5926.470748051796,-43.91537801049429,-4874.805969881126,-0.9462491268655788,-6.945219039285965,1.2399416645481947,EXPLORER 27 (BEACON-C),4489.553368,-3867.981705,-4875.161633000001,10416.024116051796,-3824.066326989506,-0.35566311887487245,11095.811902960679
2026-07-16 19:09:00,-6011.551670240217,-1287.4969984513273,-4583.045082598355,0.0035991956710407437,-6.839241900237993,1.9942230122994018,EXPLORER 27 (BEACON-C),5332.430733,-3057.7618780000003,-4583.989238,11343.982403240218,-1770.264879548673,-0.9441554016448208,11481.279345099858
2026-07-16 19:12:00,-5924.98377600788,-2494.2896501393902,-4160.117026542523,0.9567396404814206,-6.537183299794104,2.6939984457738815,EXPLORER 27 (BEACON-C),6046.068636,-2181.1898939999996,-4161.628787,11971.05241200788,313.0997561393906,-1.5117604574770667,11975.146328699033
2026-07-16 19:15:00,-5668.462193707134,-3629.494898623632,-3617.5858092591166,1.887715004040526,-6.045312903085737,3.320004722054086,EXPLORER 27 (BEACON-C),6610.881359,-1259.223765,-3619.628983,12279.343552707134,2370.2711336236316,-2.0431737408835033,12506.01725198149
2026-07-16 19:18:00,-5248.279464306321,-4659.8544121575,-2970.375248061246,2.7709635831148876,-5.374478504216204,3.854234217067697,EXPLORER 27 (BEACON-C),7010.42142,-313.80602000000005,-2972.897848,12258.70088430632,4346.0483921575,-2.522599938753956,13006.301947954991
2026-07-16 19:21:00,-4675.305654606553,-5554.484914716109,-2236.5072797382654,3.5812586948836733,-4.540228993411702,4.280336467843361,EXPLORER 27 (BEACON-C),7231.852034,632.4983860000001,-2239.441427,11907.157688606552,6186.98330071611,-2.934147261734779,13418.613013046554
2026-07-16 19:24:00,-3964.8808025545104,-6285.731520039556,-1436.7619712819176,4.294250049199851,-3.5628910507484908,4.584090303404437,EXPLORER 27 (BEACON-C),7266.409104,1556.898024,-1440.0246280000001,11231.28990655451,7842.629544039556,-3.262656718082553,13698.493412599948
2026-07-16 19:27:00,-3136.600096170916,-6830.026665263447,-594.2468402181108,4.887120223089696,-2.4675447585369406,4.753941426715495,EXPLORER 27 (BEACON-C),7109.835115,2436.813401,-597.7411609999999,10246.435211170916,9266.840066263447,-3.494320781889087,13815.34551000106
2026-07-16 19:30:00,-2213.970892036172,-7168.731354264983,266.1348854836765,5.339354601685008,-1.2838368889193383,4.7815861025778625,EXPLORER 27 (BEACON-C),6762.758838000001,3250.362219,262.517993,8976.729730036172,10419.093573264983,-3.6168924836765086,13752.78883050555
2026-07-16 19:33:00,-1223.9224300798396,-7288.924148182398,1118.3226901928383,5.633604387521268,-0.045570710691419915,4.662566097957897,EXPLORER 27 (BEACON-C),6230.986012,3976.88804,1114.70264,7454.90844207984,11265.812188182397,-3.6200501928383346,13509.041314762337
2026-07-16 19:36:00,-196.15457936226824,-7184.092714085915,1935.8418668142883,5.7566009127191675,1.209980065339722,4.3968248889264245,EXPLORER 27 (BEACON-C),5525.667762,4597.521583,1932.344351,5721.822341362268,11781.614297085915,-3.497515814288363,13097.545517539862
2026-07-16 19:39:00,837.6785121903367,-6854.674585504031,2692.6390036573016,5.700057882228186,2.4430665655255677,3.9891628071868825,EXPLORER 27 (BEACON-C),4663.308008,5095.760314,2689.3908500000002,3825.6294958096632,11950.43489950403,-3.2481536573013727,12547.842279730607
2026-07-16 19:42:00,1844.940641386218,-6308.390126839557,3363.9854488517567,5.461479741511057,3.612773180693623,3.4495221417454274,EXPLORER 27 (BEACON-C),3665.571286,5458.039398,3361.109635,1820.630644613782,11766.429524839557,-2.8758138517569023,11906.450687649452
2026-07-16 19:45:00,2793.116268217937,-5560.313379080332,3927.4117268494138,5.044783131867037,4.678605079856535,2.793035054333491,EXPLORER 27 (BEACON-C),2558.8628139999996,5674.258427,3925.021961,-234.25345421793736,11234.571806080332,-2.389765849413834,11237.014018758227
2026-07-16 19:48:00,3651.001178796037,-4632.636693422926,4363.62463965115,4.4606382317103845,5.602278459564475,2.0397794851546394,EXPLORER 27 (BEACON-C),1373.672994,5738.228456,4361.818961,-2277.328184796037,10370.865149422927,-1.8056786511497194,10617.959826127468
2026-07-16 19:51:00,4389.922744778498,-3554.10293046443,4657.35095047848,3.7264503499205635,6.349596886793345,1.2142113763138935,EXPLORER 27 (BEACON-C),143.688247,5648.001856,4656.2065,-4246.234497778498,9202.10478646443,-1.1444504784794844,10134.556784633587
2026-07-16 19:54:00,4984.919612325441,-2359.1032694371897,4798.048926156617,2.865929950467346,6.892266170827898,0.34427375393057336,EXPLORER 27 (BEACON-C),-1095.3035120000002,5406.049531000001,4797.618314,-6080.223124325442,7765.15280043719,-0.43061215661691676,9862.388728961469
2026-07-16 19:57:00,5415.80513097674,-1086.4668069704796,4780.432769950669,1.9082391208327179,7.209485598082791,-0.5397794397074098,EXPLORER 27 (BEACON-C),-2306.665423,5019.260107,4780.740656000001,-7722.47055397674,6105.7269139704795,0.30788604933150054,9844.615416552093
2026-07-16 20:00:00,5668.041163857572,222.0033205441828,4604.76534923243,0.8867494033337441,7.289160000483016,-1.4067699510916858,EXPLORER 27 (BEACON-C),-3454.2519350000002,4498.7525080000005,4605.8049280000005,-9122.293098857572,4276.749187455817,1.0395787675706742,10075.059110228212
2026-07-16 20:03:00,5733.359572453882,1523.1674099010427,4276.8908440933355,-0.16250712366213277,7.12860654246097,-2.2260872025667906,EXPLORER 27 (BEACON-C),-4503.7623969999995,3859.5049249999997,4278.624207000001,-10237.121969453881,2336.337515098957,1.7333629066652065,10500.34009956254
2026-07-16 20:06:00,5610.086879181119,2774.2622566759005,3807.9993214750557,-1.202572484246066,6.734679694796295,-2.9691627804580865,EXPLORER 27 (BEACON-C),-5424.028507,3119.813307,3810.362013,-11034.115386181118,345.5510503240994,2.362691524944239,11039.525056190154
2026-07-16 20:09:00,5303.151422121774,3934.5835616634786,3214.1373508514585,-2.197338031629399,6.123300856216716,-3.610803110012397,EXPLORER 27 (BEACON-C),-6188.150722,2300.6092439999998,3217.043357,-11491.302144121775,-1633.9743176634788,2.9060061485415645,11606.890431254758
2026-07-16 20:12:00,4823.7787769919,4967.034604973385,2515.4997542277524,-3.1132109771983614,5.31844549547464,-4.130272103685025,EXPLORER 27 (BEACON-C),-6774.412332000001,1424.685659,2518.845814,-11598.191108991901,-3542.3489459733855,3.346059772247372,12127.088861381924
2026-07-16 20:15:00,4188.906777073098,5839.452557205262,1735.5545319915454,-3.920539946312261,4.3506991809078706,-4.5120469068349385,EXPLORER 27 (BEACON-C),-7166.929869,515.883581,1739.225381,-11355.836646073098,-5323.568976205262,3.6708490084545247,12541.747328496307
2026-07-16 20:18:00,3420.372557293924,6525.647443709376,900.0635577829178,-4.5947023750635365,3.2555343395169776,-4.746210919591222,EXPLORER 27 (BEACON-C),-7356.020352,-401.711737,903.937993,-10776.392909293923,-6927.359180709375,3.8744352170822367,12810.89241096369
2026-07-16 20:21:00,2543.9378564984095,7006.117933489462,36.06450087826597,-5.1168028922629665,2.071475737932421,-4.828491495208512,EXPLORER 27 (BEACON-C),-7338.287624,-1304.5210530000002,40.020917999999995,-9882.22548049841,-8310.638986489463,3.9564171217340274,12912.208039851554
2026-07-16 20:24:00,1588.223872400481,7268.438209009821,-829.1252556239473,-5.4739805163690445,0.8383135861745318,-4.759987427520925,EXPLORER 27 (BEACON-C),-7116.452816,-2170.13131,-825.204262,-8704.676688400481,-9438.569519009821,3.920993623947311,12839.704287441944
2026-07-16 20:27:00,583.6234850870409,7307.3367668619085,-1668.8326814611662,-5.659364943195692,-0.40450674839735,-4.5466576959993095,EXPLORER 27 (BEACON-C),-6698.9727,-2977.8426179999997,-1665.056605,-7282.596185087041,-10285.179384861909,3.7760764611662125,12602.425815397057
2026-07-16 20:30:00,-438.7516457588808,7124.507814465823,-2457.8455249202907,-5.67175220391288,-1.619232069782263,-4.1986551891243815,EXPLORER 27 (BEACON-C),-6099.49717,-3709.092876,-2454.313761,-5660.745524241119,-10833.600690465822,3.531763920290814,12223.377449953585
2026-07-16 20:33:00,-1448.046106371072,6728.207375553022,-3173.1008389484246,-5.515084858906121,-2.7708455088992183,-3.729587812307828,EXPLORER 27 (BEACON-C),-5336.218642,-4347.761691,-3169.901693,-3888.172535628928,-11075.969066553022,3.199145948424757,11738.61093420313
2026-07-16 20:36:00,-2414.5307151881493,6132.689430153622,-3794.239377528024,-5.197822437683367,-3.827808932711781,-3.1557775316871024,EXPLORER 27 (BEACON-C),-4431.163059,-4880.365622,-3791.4495159999997,-2016.6323438118511,-11013.055052153622,2.7898615280241756,11196.168781114451
2026-07-16 20:39:00,-3310.3550538171435,5357.533832680554,-4304.030753114129,-4.732277256501755,-4.762536956863007,-2.495569729478952,EXPLORER 27 (BEACON-C),-3409.462534,-5296.162988,-4301.714652,-99.1074801828563,-10653.696820680554,2.3161011141291965,10654.158042939456
2026-07-16 20:42:00,-4110.182117884764,4426.909500750646,-4688.681731880915,-4.133973323222635,-5.551655991533029,-1.7687249126552576,EXPLORER 27 (BEACON-C),-2298.638338,-5587.189219999999,-4686.891297,1811.5437798847638,-10014.098720750644,1.7904348809151998,10176.633395236164
2026-07-16 20:45:00,-4791.713089492967,3368.8056745976405,-4938.043883716202,-3.421065892090441,-6.176110425447955,-0.9959055894934193,EXPLORER 27 (BEACON-C),-1127.911141,-5748.243326999999,-4936.818296,3663.801948492967,-9117.04900159764,1.2255877162015167,9825.682099344484
2026-07-16 20:48:00,-5336.114992749643,2214.252833463783,-5045.7374689128455,-2.6138395559098404,-6.6211773443616915,-0.1982550472321762,EXPLORER 27 (BEACON-C),72.45394999999999,-5776.843336,-5045.1029610000005,5408.568942749643,-7991.096169463783,0.6345079128450379,9649.364559425405
2026-07-16 20:51:00,-5728.365455385896,996.5445474943829,-5009.206642059272,-1.7342855744766337,-6.876443699539874,0.6029472729306288,EXPLORER 27 (BEACON-C),1271.767777,-5673.165116,-5009.176099,7000.133232385896,-6669.709663494383,0.03054305927162204,9668.861994433297
2026-07-16 20:54:00,-5957.527565648016,-249.53693743976558,-4829.717544685221,-0.8057453917986346,-6.93578805529585,1.386577025814626,EXPLORER 27 (BEACON-C),2439.5090490000002,-5439.97485,-4830.289940000001,8397.036614648016,-5190.437912560234,-0.5723953147798966,9871.720719282855
2026-07-16 20:57:00,-6016.964546188474,-1488.494726590222,-4512.30634002765,0.14740279062582537,-6.797394878280534,2.1319302330899883,EXPLORER 27 (BEACON-C),3545.8981120000003,-5082.560833,-4513.4666179999995,9562.862658188475,-3594.0661064097776,-1.1602779723498315,10215.950995519901
2026-07-16 21:00:00,-5904.499289580588,-2684.8978244973882,-4065.679312347472,1.1000440920019703,-6.4638140776998005,2.8189908962072336,EXPLORER 27 (BEACON-C),4562.464403,-4608.663681,-4067.398729,10466.963692580588,-1923.7658565026118,-1.7194166525277979,10642.283916943727
2026-07-16 21:03:00,-5622.518275017009,-3804.1760165278233,-3502.0623141388915,2.026646661374178,-5.9420629469235475,3.428727351980878,EXPLORER 27 (BEACON-C),5462.615025,-4028.4006630000003,-3504.298094,11085.133300017009,-224.22464647217703,-2.2357798611087674,11087.40104668101
2026-07-16 21:06:00,-5178.013538895399,-4813.435124809703,-2836.9925474563443,2.901634026105034,-5.2437523080053055,3.9434392148320403,EXPLORER 27 (BEACON-C),6222.209852,-3354.178116,-2839.68692,11400.223390895399,1459.2570088097027,-2.694372543655845,11493.238518351658
2026-07-16 21:09:00,-4582.550746915828,-5682.294276263119,-2089.042350805157,3.699839703828012,-4.385204056473908,4.347169588526906,EXPLORER 27 (BEACON-C),6820.146650000001,-2600.580899,-2092.12207,11402.697396915828,3081.713377263119,-3.07971919484271,11811.793883653057
2026-07-16 21:12:00,-3852.1466276743085,-6383.739917254845,-1279.4627931919354,4.397066552267751,-3.3875142668488665,4.626187429704699,EXPLORER 27 (BEACON-C),7238.950943,-1784.22316,-1282.839324,11091.097570674308,4599.516757254845,-3.376530808064672,12006.99842273022
2026-07-16 21:15:00,-3007.0357960074048,-6894.982217125085,-431.734940045134,4.970762050506629,-2.276505847527551,4.769532594405323,EXPLORER 27 (BEACON-C),7465.356174,-923.5462249999999,-435.30581900000004,10472.391970007404,5971.435992125085,-3.570878954866032,12055.250065125108
2026-07-16 21:18:00,-2071.3061220934273,-7198.288830375367,428.980877509598,5.400805191910566,-1.082509242745353,4.769601649178495,EXPLORER 27 (BEACON-C),7490.853055,-38.548508999999996,425.329357,9562.159177093426,7159.740321375367,-3.651520509597958,11945.575872732228
2026-07-16 21:21:00,-1072.3840923612431,-7281.759751925224,1276.5022305694117,5.670381424441927,0.16008896410570472,4.622737028628789,EXPLORER 27 (BEACON-C),7312.175595,849.565519,1272.891685,8384.559687361243,8131.325270925224,-3.61054556941167,11679.867501326791
2026-07-16 21:24:00,-40.357700588853554,-7139.9966780780305,2084.3845502496833,5.766900523706868,1.4135793900881668,4.32976736470338,EXPLORER 27 (BEACON-C),6931.684990000001,1718.824073,2080.940524,6972.042690588854,8858.82075107803,-3.4440262496832474,11273.335630612662
2026-07-16 21:27:00,992.8654407879434,-6774.612742110914,2826.769605683344,5.682890954391162,2.637974356235342,3.8964353004639776,EXPLORER 27 (BEACON-C),6357.608783,2547.014978,2823.617211,5364.743342212057,9321.627720110915,-3.152394683343573,10755.148739917131
2026-07-16 21:30:00,1994.5532240020232,-6194.525744005492,3479.2959569755935,5.416786693301541,3.792361935085813,3.333643734636332,EXPLORER 27 (BEACON-C),5604.092184,3312.2922790000002,3476.554373,3609.538959997977,9506.818023005493,-2.741583975593585,10168.990507546363
2026-07-16 21:33:00,2932.2694249223664,-5415.981809175145,4020.032369184507,4.973512701225369,4.836529084677159,2.6574549353120513,EXPLORER 27 (BEACON-C),4691.024687,3993.8438029999998,4017.809024,1758.7552620776337,9409.825612175144,-2.2233451845067975,9572.776142096758
2026-07-16 21:36:00,3775.0742385998437,-4462.267835406646,4430.3844088950655,4.364776978072452,5.732771141279417,1.8887910586441985,EXPLORER 27 (BEACON-C),3643.615726,4572.590795,4428.769464999999,-131.45851259984374,9034.858630406645,-1.6149438950660624,9035.815094390333
2026-07-16 21:39:00,4494.744509880591,-3363.0900196035473,4695.917401897475,3.6089928169013983,6.447765740493454,1.052809350337874,EXPLORER 27 (BEACON-C),2491.710036,5031.885141,4694.979171,-2003.0344738805911,8394.975160603546,-0.9382308974754778,8630.628941796875
2026-07-16 21:42:00,5066.942180342093,-2153.620750071129,4807.037327001208,2.730784633354807,6.9543604698179555,0.17795858308965337,EXPLORER 27 (BEACON-C),1268.852236,5358.156156999999,4806.81925,-3798.089944342093,7511.776907071128,-0.21807700120825757,8417.379614492695
2026-07-16 21:45:00,5472.25503031695,-873.2445249530098,4759.476080878358,1.7600719725048382,7.233111947185777,-0.7052391152775029,EXPLORER 27 (BEACON-C),11.140737999999999,5541.463321,4759.993896,-5461.11429231695,6414.70784595301,0.517815121642343,8424.50273492816
2026-07-16 21:48:00,5697.037343725679,435.93821219678273,4554.538953326689,0.7307737081463804,7.273424060091952,-1.5656006802201932,EXPLORER 27 (BEACON-C),-1244.0740079999998,5575.918257,4555.779601,-6941.111351725679,5139.980044803217,1.2406476733112868,8637.037871703296
2026-07-16 21:51:00,5733.989964842456,1730.7661642890828,4199.0891839653505,-0.32077916266881934,7.074165772980836,-2.372779839229327,EXPLORER 27 (BEACON-C),-2459.574099,5459.939653,4201.0105650000005,-8193.564063842456,3729.173488710918,1.9213810346500395,9002.290301301106
2026-07-16 21:54:00,5582.438417626123,2968.7312826377047,3705.26531330282,-1.3575962710211167,6.643701006856646,-3.098725825489868,EXPLORER 27 (BEACON-C),-3599.655633,5196.325032,3707.797831,-9182.094050626123,2227.593749362295,2.532517697180083,9448.440690420166
2026-07-16 21:57:00,5248.292206392836,4109.645397794737,3089.9491783877156,-2.3437988142657464,5.99932731162705,-3.7189801626396917,EXPLORER 27 (BEACON-C),-4631.424932,4792.1349869999995,3092.9998250000003,-9879.717138392836,682.4895892052627,3.0506466122847087,9903.262698750925
2026-07-16 22:00:00,4743.69503580756,5117.157864933398,2374.0229258558397,-3.2462602650429924,5.166186041304753,-4.213707459658146,EXPLORER 27 (BEACON-C),-5525.935136,4258.39743,2377.481819,-10269.63017180756,-858.7604349333978,3.4588931441603563,10305.473560892238
2026-07-16 22:03:00,4086.4008647152505,5960.0387655214845,1581.4694633376478,-4.0359884528264605,4.175763137950724,-4.568389601862959,EXPLORER 27 (BEACON-C),-6259.097594,3609.656377,1585.2164420000001,-10345.49845871525,-2350.3823885214847,3.746978662352376,10609.130490827261
2026-07-16 22:06:00,3298.9309267224626,6613.167009190751,738.3801040715063,-4.689158002938936,3.064136705189546,-4.774154793255057,EXPLORER 27 (BEACON-C),-6812.328928,2863.4048629999998,742.29091,-10111.259854722462,-3749.762146190751,3.910805928493801,10784.169291008473
2026-07-16 22:09:00,2407.5794347771207,7058.19232435113,-128.06529755666773,-5.187749553013572,1.8701397234230805,-4.8277558469994135,EXPLORER 27 (BEACON-C),-7172.920679,2039.445666,-124.11350999999999,-9580.500113777121,-5018.7466583511305,3.951787556667739,10815.44340595516
2026-07-16 22:12:00,1441.3394118600459,7283.869970422273,-990.5862965672885,-5.519800602233239,0.6335934742656653,-4.731248390277491,EXPLORER 27 (BEACON-C),-7334.144825,1159.223522,-986.710283,-8775.484236860046,-6124.646448422272,3.87601356728851,10701.421995839239
2026-07-16 22:15:00,430.8154158062063,7286.092734138249,-1822.7100656877315,-5.679313878429228,-0.6062653439580998,-4.4914438165734385,EXPLORER 27 (BEACON-C),-7295.124007,245.166612,-1819.017243,-7725.9394228062065,-7040.926122138249,3.69282268773145,10452.980161619904
2026-07-16 22:18:00,-592.8212431906793,7067.663334734755,-2599.56683027971,-5.665896985844838,-1.8120847273458662,-4.119221684167996,EXPLORER 27 (BEACON-C),-7060.510969,-679.9308619999999,-2596.152555,-6467.68972580932,-7747.594196734755,3.4142752797097273,10092.385143458072
2026-07-16 22:21:00,-1598.7941241436124,6637.860451417806,-3298.5548366613853,-5.484219696111041,-2.949391614401844,-3.6287828600991827,EXPLORER 27 (BEACON-C),-6640.027287,-1593.465794,-3295.501077,-5041.233162856388,-8231.326245417806,3.0537596613853566,9652.397261107475
2026-07-16 22:24:00,-2557.5753036276683,6011.853581981054,-3899.8708235018266,-5.143373809568555,-3.987287620527781,-3.0369113892332074,EXPLORER 27 (BEACON-C),-6047.906476,-2473.5134040000003,-3897.246545,-3490.331172372332,-8485.366985981054,2.624278501826666,9175.176917446817
2026-07-16 22:27:00,-3441.6206796119845,5210.017442776437,-4386.912522550871,-4.656208538924378,-4.898883746577286,-2.3622941474261148,EXPLORER 27 (BEACON-C),-5302.285279,-3299.24156,-4384.773998,-1860.6645993880152,-8509.259002776436,2.1385245508708977,8710.313777415533
2026-07-16 22:30:00,-4225.988055459402,4257.187813083141,-4746.566572279812,-4.03869620252537,-5.66152972263515,-1.6249268986209617,EXPLORER 27 (BEACON-C),-4424.5787470000005,-4051.2595380000002,-4744.957511,-198.59069154059853,-8308.447351083141,1.6090612798125221,8310.820551399556
2026-07-16 22:33:00,-4888.846991828628,3181.8898169556924,-4969.398478272739,-3.3093626938092657,-6.256900629709101,-0.8456165037396975,EXPLORER 27 (BEACON-C),-3438.860985,-4711.912728,-4968.350115,1449.9860068286284,-7893.802544955693,1.0483632727391523,8025.86936959563
2026-07-16 22:36:00,-5411.89363381052,2015.5584756254332,-5049.761430139016,-2.4887977484483943,-6.671001423810535,-0.04557356351001294,EXPLORER 27 (BEACON-C),-2371.264881,-5265.535782,-5049.292464,3040.6287528105204,-7281.094257625433,0.4689661390157198,7890.485220870346
2026-07-16 22:39:00,-5780.684718882001,791.7612970919963,-4985.838620689989,-1.5992433026786346,-6.894141612956907,0.7539215499572746,EXPLORER 27 (BEACON-C),-1249.4056229999999,-5698.677532,-4985.955115000001,4531.2790958820015,-6490.438829091996,-0.11649431001205812,7915.698734321135
2026-07-16 22:42:00,-5984.903372875564,-454.57545720619225,-4779.6299687692135,-0.6642450426613764,-6.9209200177772505,1.5318035418850195,EXPLORER 27 (BEACON-C),-101.825515,-6000.308883000001,-4780.325156000001,5883.0778578755635,-5545.733425793808,-0.6951872307872691,8084.909696160975
2026-07-16 22:45:00,-6018.565768530054,-1687.940918671375,-4436.889508245867,0.29165727968671135,-6.750245112149954,2.267485737333562,EXPLORER 27 (BEACON-C),1042.546415,-6162.021909,-4438.143419,7061.112183530054,-4474.080990328625,-1.2539107541333578,8359.228884814
2026-07-16 22:48:00,-5880.172870738159,-2873.021391146786,-3967.0147535046844,1.2432312266452188,-6.385401094517932,2.9411304994541783,EXPLORER 27 (BEACON-C),2154.929443,-6178.225068,-3968.793614,8035.102313738159,-3305.203676853214,-1.7788604953157119,8688.339525022546
2026-07-16 22:51:00,-5572.805878896155,-3975.4974484007457,-3382.884578755157,2.164877963771156,-5.834154305167702,3.533952281102699,EXPLORER 27 (BEACON-C),3207.230975,-6046.334791,-3385.140329,8780.036853896156,-2070.8373425992545,-2.255750244843057,9020.943384352184
2026-07-16 22:54:00,-5104.158125574971,-4962.861832765485,-2700.637998819836,3.031016167328201,-5.1088793771109335,4.028574035307303,EXPLORER 27 (BEACON-C),4172.601356,-5766.958796,-2703.308986,9276.75948157497,-804.096963234515,-2.6709871801640475,9311.543671134588
2026-07-16 22:57:00,-4486.490653636171,-5805.2588262927875,-1939.3831524451473,3.8165523004964794,-4.226670148365252,4.409450087973013,EXPLORER 27 (BEACON-C),5026.010119,-5344.058978,-1942.3951299999999,9512.500772636171,461.19984829278746,-3.011977554852592,9523.674990332138
2026-07-16 23:00:00,-3736.4941008953024,-6476.338499076565,-1120.8242296490773,4.497458231577216,-3.2093877525879893,4.66335834100122,EXPLORER 27 (BEACON-C),5744.840427,-4785.077851,-1124.090334,9481.334527895302,1691.2606480765653,-3.26610435092266,9630.995674229618
2026-07-16 23:03:00,-2875.036605508687,-6954.109869187865,-268.7945369127644,5.051465231053123,-2.0835888136664895,4.779951961853629,EXPLORER 27 (BEACON-C),6309.495541,-4101.010874,-272.21559499999995,9184.532146508687,2853.0989951878655,-3.421058087235565,9617.474529741783
2026-07-16 23:06:00,-1926.7770153950585,-7221.766201271821,591.3131869563995,5.458867259736108,-0.8802721712297182,4.752346062419627,EXPLORER 27 (BEACON-C),6704.005536000001,-3306.400701,587.846879,8630.78255139506,3915.365500271821,-3.4663079563995325,9477.368119128594
2026-07-16 23:09:00,-919.6255288578311,-7268.444512061794,1433.2223850647513,5.703406770913464,0.36561476991168934,4.577699435434545,EXPLORER 27 (BEACON-C),6916.610744,-2419.227097,1429.8276429999999,7836.236272857831,4849.217415061794,-3.3947420647514264,9215.28729811855
2026-07-16 23:12:00,115.95939490659141,-7089.8713808284465,2230.5488779670004,5.773194577295511,1.6159571285910732,4.257737106828838,EXPLORER 27 (BEACON-C),6940.289324,-1460.668449,2227.345338,6824.329929093409,5629.202931828447,-3.2035399670003244,8846.43515160171
2026-07-16 23:15:00,1147.838261768084,-6688.840279930905,2957.661350550774,5.661594361314826,2.8305659295139756,3.7991488533680196,EXPLORER 27 (BEACON-C),6773.1896480000005,-454.71578600000004,2954.766724,5625.351386231916,6234.124493930905,-2.8946265507738644,8396.95747299422
2026-07-16 23:18:00,2143.2079785606593,-6075.463841045488,3590.5974642905326,5.367985765285091,3.9685764633361313,3.2137948216670105,EXPLORER 27 (BEACON-C),6418.924882,572.371715,3588.122813,4275.716903439341,6647.835556045488,-2.47465129053262,7904.143137777715
2026-07-16 23:21:00,3069.738904982341,-5267.149434415418,4107.994658109433,4.898311732554027,4.990104739860056,2.5186545558804516,EXPLORER 27 (BEACON-C),5886.687822,1592.766582,4106.038924,2816.948917017659,6859.916016415418,-1.955734109432342,7415.770545146043
2026-07-16 23:24:00,3896.783914309892,-4288.259045108453,4491.984467667497,4.2653194743789555,5.858073052269515,1.7354716009375637,EXPLORER 27 (BEACON-C),5191.152934000001,2577.911682,4490.629116,1294.3690196901084,6866.170727108453,-1.3553516674965067,6987.1090910270395
2026-07-16 23:27:00,4596.59698468016,-3169.434379967338,4728.992983702143,3.488422227929379,6.540077716413617,0.8900721106440459,EXPLORER 27 (BEACON-C),4352.142506,3499.467076,4728.297094,-244.4544786801598,6668.901455967338,-0.6958897021431767,6673.380335767814
2026-07-16 23:30:00,5145.488673541777,-1946.5937916073976,4810.389505290931,2.5931406221506363,7.010145572106023,0.011370110408151368,EXPLORER 27 (BEACON-C),3394.052369,4330.318740000001,4810.3860669999995,-1751.4363045417767,6276.912531607399,-0.0034382909316263977,6516.683209910451
2026-07-16 23:33:00,5524.842494280623,-659.6361379816559,4732.9314039288765,1.6101249799837238,7.250217297779015,-0.8698902283477102,EXPLORER 27 (BEACON-C),2345.048404,5045.593828,4733.627270999999,-3179.794090280623,5705.229965981656,0.6958670711228478,6531.518958523324
2026-07-16 23:36:00,5721.920987735768,649.085481946112,4498.965622456929,0.5738076641700396,7.251209041351,-1.7225696025227883,EXPLORER 27 (BEACON-C),1236.06896,5623.616114,4500.341075,-4485.8520277357675,4974.530632053888,1.375452543071333,6698.419613300832
2026-07-16 23:39:00,5730.403296310572,1936.4338695205524,4116.3650260659715,-0.479219775032972,7.013539728563008,-2.5166334109240895,EXPLORER 27 (BEACON-C),99.69257,6046.74086,4118.373605,-5630.710726310572,4110.306990479447,2.0085789340282645,6971.336376460576
2026-07-16 23:42:00,5550.61620329715,3160.2001544035156,3598.1990635696943,-1.5119742719299807,6.547065864786057,-3.2245910786805823,EXPLORER 27 (BEACON-C),-1031.066077,6302.017928,3600.7701239999997,-6581.682280297149,3141.8177735964846,2.5710604303053515,7293.117794991109
2026-07-16 23:45:00,5189.445626168262,4280.752072561375,2962.160284602589,-2.488844570023397,5.870430863549911,-3.8227538274419937,EXPLORER 27 (BEACON-C),-2123.958145,6381.640762,2965.2031549999997,-7313.403771168261,2100.888689438625,3.042870397410752,7609.179802357778
2026-07-16 23:48:00,4659.942255580379,5262.518407692229,2229.788248851828,-3.377203114220568,5.009901245056199,-4.292211393699731,EXPLORER 27 (BEACON-C),-3148.625886,6283.158441,2233.1959509999997,-7808.568141580379,1020.6400333077709,3.4077021481716656,7874.98914994354
2026-07-16 23:51:00,3980.659749727482,6075.227529624111,1425.5474449890305,-4.148742400999035,3.997816108906376,-4.619463611046407,EXPLORER 27 (BEACON-C),-4077.586801,6009.449922000001,1429.202153,-8058.246550727482,-65.77760762411071,3.6547080109694434,8058.515838717869
2026-07-16 23:54:00,3174.7831674189547,6694.843830922613,575.8239154379228,-4.780451215823094,2.8708098073477224,-4.796685654493851,EXPLORER 27 (BEACON-C),-4887.032838,5568.482366,579.604822,-8061.816005418955,-1126.3614649226129,3.7809065620772344,8140.1217282142825
2026-07-16 23:57:00,2269.116645085949,7104.175883202637,-292.09449473177193,-5.255194533359945,1.6679759118351503,-4.821648195426148,EXPLORER 27 (BEACON-C),-5557.41679,4972.882873,-288.304166,-7826.533435085949,-2131.2930102026376,3.790328731771922,8111.538070702053
2026-07-17 00:00:00,1293.0017116117033,7293.159627934078,-1150.9963647873822,-5.561908843534223,0.4291241935775219,-4.697348376051706,EXPLORER 27 (BEACON-C),-6073.813002000001,4239.368587,-1147.305047,-7366.814713611704,-3053.7910409340784,3.691317787382104,7974.685722472213
2026-07-17 00:03:00,277.23180091539047,7258.844699760888,-1974.637873696923,-5.695464129708535,-0.8067527202918852,-4.4314294062781565,EXPLORER 27 (BEACON-C),-6426.066731,3388.0874240000003,-1971.1428389999999,-6703.29853191539,-3870.7572757608878,3.495034696923085,7740.606262503113
2026-07-17 00:06:00,-746.9834465054432,7005.129250623567,-2738.5165209434504,-5.656269405135347,-2.0027312818718963,-4.035474072187933,EXPLORER 27 (BEACON-C),-6608.76084,2441.914888,-2735.302472,-5861.777393494556,-4563.214362623567,3.214048943450507,7428.5509933127905
2026-07-17 00:09:00,-1748.965794752907,6542.297377370304,-3420.5122314928335,-5.449709035927087,-3.1249014685612466,-3.5242520390830285,EXPLORER 27 (BEACON-C),-6621.034206,1425.7460560000002,-3417.650736,-4872.0684112470935,-5116.551321370304,2.8614954928334555,7065.136673571464
2026-07-17 00:12:00,-2699.405451006137,5886.4140715398,-4001.393934318178,-5.085493731347514,-4.143016762605499,-2.9149861628072107,EXPLORER 27 (BEACON-C),-6466.291057,365.813071,-3998.943312,-3766.8856059938635,-5520.6010005398,2.4506223181779205,6683.297732508596
2026-07-17 00:15:00,-3571.0791422194334,5058.627250250724,-4465.199673125009,-4.576996806382244,-5.030890983488427,-2.226683474741199,EXPLORER 27 (BEACON-C),-6151.8389369999995,-710.954111,-4463.205529,-2580.759794780566,-5769.581361250724,1.9941441250093703,6320.4742052363745
2026-07-17 00:18:00,-4339.451821800415,4084.4171215996175,-4799.504534159717,-3.9406275093506737,-5.766599569186193,-1.4795560571440298,EXPLORER 27 (BEACON-C),-5688.486166000001,-1777.517212,-4798.00093,-1349.0343441995856,-5861.934333599617,1.503604159716815,6015.161681458734
2026-07-17 00:21:00,-4983.171894315673,2992.822060860715,-4995.593348102762,-3.1952727884126677,-6.332548240044524,-0.6945385724105062,EXPLORER 27 (BEACON-C),-5090.121854,-2807.2679700000003,-4994.603556,-106.94995968432704,-5800.090030860715,0.9897921027622942,5801.076076009927
2026-07-17 00:24:00,-5484.473533733357,1815.6591045154837,-5048.554829500317,-2.36181970544821,-6.715468717560924,0.10710560780913139,EXPLORER 27 (BEACON-C),-4373.296932,-3774.520714,-5048.09158,1111.1766017333566,-5590.179818515484,0.4632495003170334,5699.545951931399
2026-07-17 00:27:00,-5829.500219368557,586.7473683269951,-4957.311312673594,-1.4627544637757754,-6.906391967456165,0.9041083364284351,EXPLORER 27 (BEACON-C),-3556.8150210000003,-4654.9706129999995,-4957.376849,2272.6851983685565,-5241.717981326995,-0.06553632640589058,5713.204478306836
2026-07-17 00:30:00,-6008.561666009371,-658.8650630850343,-4724.59428465825,-0.5218213837216485,-6.900636635244002,1.6754758846649098,EXPLORER 27 (BEACON-C),-2661.334877,-5426.128607,-4725.180176,3347.2267890093713,-4767.263543914965,-0.5858913417496296,5825.0089456988235
2026-07-17 00:33:00,-6016.332541755696,-1885.6755395907255,-4356.871175456389,0.4362838039257512,-6.6978356779635115,2.400751518799423,EXPLORER 27 (BEACON-C),-1708.981449,-6067.74348,-4357.958019000001,4307.351092755696,-4182.067940409274,-1.0868435436113941,6003.57950523616
2026-07-17 00:36:00,-5851.99635699203,-3058.5100003870657,-3864.2239094862766,1.3862174792547564,-6.302008783485397,3.0602894052449705,EXPLORER 27 (BEACON-C),-722.958267,-6562.218835,-3865.780898,5129.03808999203,-3503.708834612934,-1.5569885137233541,6211.522337603484
2026-07-17 00:39:00,-5519.332218892388,-4143.322366186592,-3260.175030627933,2.302321831808077,-5.721672676666719,3.635564869265689,EXPLORER 27 (BEACON-C),272.847946,-6895.028815000001,-3262.159553,5792.180164892387,-2751.7064488134083,-1.984522372066749,6412.584766016208
2026-07-17 00:42:00,-5026.7363044451,-5108.015026827772,-2561.453225640075,3.1590210571159743,-4.969966325746502,4.109540531115621,EXPLORER 27 (BEACON-C),1254.28075,-7055.131401,-2563.810588,6281.0170544451,-1947.1163741722276,-2.3573623599249913,6575.898643528282
2026-07-17 00:45:00,-4387.164471877865,-5923.280068873279,-1787.6872265102677,3.9313078314185326,-4.06475397365544,4.467099767440424,EXPLORER 27 (BEACON-C),2197.3547999999996,-7035.371144000001,-1790.350445,6584.519271877865,-1112.091075126722,-2.663218489732344,6677.772659640357
2026-07-17 00:48:00,-3617.978050240773,-6563.453270170126,-961.0158364487138,4.5953394349676175,-3.0286567703281446,4.695548289232094,EXPLORER 27 (BEACON-C),3078.730368,-6832.857216,-963.906494,6696.7084182407725,-269.4039458298739,-2.8906575512861536,6702.12581804211
2026-07-17 00:51:00,-2740.67226649417,-7007.363260782005,-105.60267668687239,5.129150305600535,-1.8889550159168258,4.785171579346414,EXPLORER 27 (BEACON-C),3876.2275809999996,-6449.2962769999995,-108.632782,6616.899847494169,558.066983782006,-3.0301053131276205,6640.39242301945
2026-07-17 00:54:00,-1780.4668006165416,-7239.147338006389,752.9523718921786,5.513471087458533,-0.6772995654012371,4.729821117154338,EXPLORER 27 (BEACON-C),4569.376113,-5891.245207000001,749.879539,6349.842913616541,1347.9021310063881,-3.0728328921785533,6491.329187822764
2026-07-17 00:57:00,-765.7413701852269,-7248.994381613874,1588.3068772559507,5.732624146489933,0.5708250422466659,4.527487007196178,EXPLORER 27 (BEACON-C),5139.984659,-5170.25256,1585.295709,5905.726029185226,2078.741821613874,-3.011168255950679,6260.892632832537
2026-07-17 01:00:00,272.69342057542127,-7033.765743821004,2374.167605542221,5.775443794832295,1.8169297671480227,4.18080083731249,EXPLORER 27 (BEACON-C),5572.7129780000005,-4302.856287,2371.327747,5300.019557424579,2730.909456821005,-2.839858542221009,5962.221216562999
2026-07-17 01:03:00,1302.488386626148,-6597.438812721421,3085.161974562857,5.636148933790115,3.0206628389984127,3.697402959609105,EXPLORER 27 (BEACON-C),5855.622783,-3310.404604,3082.6033930000003,4553.134396373852,3287.034208721421,-2.5585815628564887,5615.659646656584
2026-07-17 01:06:00,2290.7948618430273,-5951.317132730361,3697.7584449343813,5.315080210606499,4.141250968559297,3.0901057851338445,EXPLORER 27 (BEACON-C),5980.675034,-2218.670557,3695.585553,3689.8801721569725,3732.646575730361,-2.1728919343813686,5248.6065641890245
2026-07-17 01:09:00,3205.417377024652,-5113.957085943328,4191.193063909267,4.8192071120997495,5.139186679087004,2.3767915565091613,EXPLORER 27 (BEACON-C),5944.133256,-1057.243336,4189.49912,2738.715878975348,4056.713749943328,-1.6939439092666362,4894.639310937727
2026-07-17 01:12:00,4016.029849905051,-4110.774909484535,4548.349726917235,4.162316116147341,5.978066667679944,1.5800006586934776,EXPLORER 27 (BEACON-C),5746.833712000001,141.300626,4547.211548,1730.8038620949496,4252.075535484535,-1.1381789172346544,4590.841934107526
2026-07-17 01:15:00,4695.39089626713,-2973.31874303346,4756.536385171314,3.3648109112549305,6.62644955797413,0.726194233048292,EXPLORER 27 (BEACON-C),5394.290029,1342.424527,4756.010174,698.8991327328695,4315.74327003346,-0.5262111713136619,4371.967548767037
2026-07-17 01:18:00,5220.484594509168,-1738.2166406664214,4808.099918547519,2.4530891720365045,7.059577344831646,-0.15529009621784418,EXPLORER 27 (BEACON-C),4896.608068,2510.814813,4808.217996,-323.8765265091688,4249.031453666421,0.1180774524809749,4261.357097523336
2026-07-17 01:21:00,5573.51083708367,-445.8400876943487,4700.829444961355,1.4585040654734094,7.260799439640615,-1.0335329083343872,EXPLORER 27 (BEACON-C),4268.201155000001,3611.660918,4701.597919,-1305.309682083669,4057.501005694349,0.7684740386448539,4262.293791833731
2026-07-17 01:24:00,5742.655404594392,861.2501062040933,4438.111217902864,0.4159666632615049,7.222555085376246,-1.877487283772887,EXPLORER 27 (BEACON-C),3527.310887,4611.958626000001,4439.509787999999,-2215.344517594392,3750.7085197959073,1.3985700971352344,4356.095463612276
2026-07-17 01:27:00,5722.584068140537,2139.986391807752,4028.816767657555,-0.6377098078840634,6.946808870156321,-2.657477076601555,EXPLORER 27 (BEACON-C),2695.353724,5481.757884,4030.800883,-3027.230344140537,3341.7714921922475,1.9841153424449658,4509.053581321442
2026-07-17 01:30:00,5514.626092612008,3348.5025282944903,3486.927515172266,-1.6655893087489433,6.444890715565526,-3.346613281266091,EXPLORER 27 (BEACON-C),1796.131443,6195.273816,3489.430992,-3718.4946496120074,2846.7712877055096,2.5034768277341755,4683.088242932631
2026-07-17 01:33:00,5126.6380559004565,4447.760978291642,2830.9210481434325,-2.6323653805412737,5.736757702326665,-3.9220097842737296,EXPLORER 27 (BEACON-C),854.957248,6731.79582,2833.860375,-4271.680807900457,2284.0348417083587,2.9393268565677317,4843.973650048604
2026-07-17 01:36:00,4572.565608852533,5403.0020561463125,2082.963629637555,-3.505941296960435,4.849759466550331,-4.365703961345165,EXPLORER 27 (BEACON-C),-102.249685,7076.345296,2086.241789,-4674.815293852533,1673.343239853688,3.278159362444967,4965.278076435436
2026-07-17 01:39:00,3871.7449804744374,6184.936363234786,1267.967561683609,-4.258718553841879,3.817040396921147,-4.665224805067574,EXPLORER 27 (BEACON-C),-1049.8449890000002,7220.052957999999,1271.477335,-4921.589969474438,1035.1165947652134,3.509773316391147,5029.266995387942
2026-07-17 01:42:00,3048.0042970362692,6770.62888180989,412.5788174224248,-4.86851581936979,2.675741696002997,-4.813794755207922,EXPLORER 27 (BEACON-C),-1963.263552,7160.255915,416.20772999999997,-5011.267849036269,389.6270331901096,3.6289125775751927,5026.393125172724
2026-07-17 01:45:00,2128.6348093177025,7144.053379243835,-455.8407343645591,-5.319089525469431,1.465170526138958,-4.810193154449217,EXPLORER 27 (BEACON-C),-2819.7114279999996,6900.340690999999,-452.202829,-4948.346237317703,-243.71268824383515,3.637905364559117,4954.345526216631
2026-07-17 01:48:00,1143.30317998017,7296.324808901472,-1310.180303709211,-5.600274625587449,0.2250836248967077,-4.658342147917417,EXPLORER 27 (BEACON-C),-3598.7230090000003,6449.36959,-1306.6346299999998,-4742.02618898017,-846.9552189014721,3.5456737092113144,4817.069450568499
2026-07-17 01:51:00,122.96902994218536,7225.641154274404,-2124.453223398305,-5.707801799979923,-1.0058045476960935,-4.366695397377347,EXPLORER 27 (BEACON-C),-4282.572574,5821.53602,-2121.089831,-4405.541603942185,-1404.105134274404,3.3633923983052227,4623.88574302714
2026-07-17 01:54:00,-901.1407634082196,6936.982109415912,-2874.5483087012003,-5.642870812357783,-2.191024795218524,-3.9475151090442844,EXPLORER 27 (BEACON-C),-4856.541936,5035.502829,-2871.445582,-3955.40117259178,-1901.4792804159124,3.1027267012004813,4388.7163860181745
2026-07-17 01:57:00,-1898.4651126702624,6441.619380073272,-3538.8468600440247,-5.411567786008669,-3.2972480889249822,-3.4161155489175643,EXPLORER 27 (BEACON-C),-5309.06149,4113.679693,-3536.071069,-3410.5963773297376,-2327.9396870732717,2.7757910440245723,4129.343596834908
2026-07-17 02:00:00,-2839.928922599334,5756.493068637141,-4098.705431600172,-5.024208983124795,-4.294890819824905,-2.7901353192323017,EXPLORER 27 (BEACON-C),-5631.746781999999,3081.479585,-4096.310921,-2791.8178594006654,-2675.013483637141,2.394510600171998,3866.5164982694746
2026-07-17 02:03:00,-3698.643973967385,4903.502442142026,-4538.813851471942,-4.494679192678385,-5.158475240481283,-2.0888806094814516,EXPLORER 27 (BEACON-C),-5819.356110999999,1966.5859639999999,-4536.843411999999,-2120.712137032614,-2936.916478142026,1.970439471942882,3622.55465802399
2026-07-17 02:06:00,-4450.494463644764,3908.7496360608593,-4847.44357482161,-3.8398134661214978,-5.866804335714383,-1.3327612683635865,EXPLORER 27 (BEACON-C),-5869.692808,798.248962,-4845.929088000001,-1419.1983443552353,-3110.500674060859,1.5144868216093528,3418.9677795533603
2026-07-17 02:09:00,-5074.617904070697,2801.763650502699,-5016.603559142587,-3.078850495227366,-6.4030141101984706,-0.5428235669400513,EXPLORER 27 (BEACON-C),-5783.472507,-393.37863,-5015.566559999999,-708.8546029293038,-3195.142280502699,1.0369991425877743,3272.829069187279
2026-07-17 02:12:00,-5553.795249706524,1614.72105216655,-5042.120108234248,-2.232967086388462,-6.754561843475585,0.2596306182978687,EXPLORER 27 (BEACON-C),-5564.173634,-1577.865951,-5041.572965,-10.378384293475392,-3192.58700316655,0.5471432342474145,3192.603918906045
2026-07-17 02:15:00,-5874.764231486679,381.67028239042463,-4923.6543088307935,-1.3248874519345855,-6.913198894274732,1.0533583583554096,EXPLORER 27 (BEACON-C),-5217.881041000001,-2725.095077,-4923.600971,656.8831904866784,-3106.7653593904247,0.05333783079368004,3175.4506022133605
2026-07-17 02:18:00,-6028.4675986417415,-862.2409070745118,-4664.666532589046,-0.378548974279836,-6.874963403469321,1.817449967913164,EXPLORER 27 (BEACON-C),-4753.130167,-3805.825924,-4665.10239,1275.3374316417412,-2943.585016925488,-0.4358574109537585,3207.9866749078715
2026-07-17 02:21:00,-6010.2439487071215,-2081.5402578088897,-4272.332653413511,0.5812023060220662,-6.640213385668558,2.5315913712019493,EXPLORER 27 (BEACON-C),-4180.753324,-4792.2472450000005,-4273.24395,1829.4906247071212,-2710.706987191111,-0.9112965864887883,3270.3163679924655
2026-07-17 02:24:00,-5819.963670393378,-3241.2156723766934,-3757.4116861834095,1.5289181970828218,-6.213705245140359,3.176342150552659,EXPLORER 27 (BEACON-C),-3513.724093,-5658.523593999999,-3758.774571,2306.2395773933786,-2417.307921623306,-1.3628848165903946,3340.975970241839
2026-07-17 02:27:00,-5462.106773056486,-4307.516962472733,-3134.059958174952,2.438890283597246,-5.604707322281407,3.7334534829806687,EXPLORER 27 (BEACON-C),-2766.9930090000003,-6381.3452800000005,-3135.839377,2695.113764056486,-2073.8283175272672,-1.7794188250477418,3400.647770369059
2026-07-17 02:30:00,-4945.773559214568,-5248.778844152758,-2419.5831132935427,3.2855591178385954,-4.827123153678835,4.186244205392043,EXPLORER 27 (BEACON-C),-1957.3042919999998,-6940.483989,-2421.7320440000003,2988.4692672145684,-1691.705144847242,-2.148930706457577,3434.0674827515822
2026-07-17 02:33:00,-4284.613783779406,-6036.26373942812,-1634.1146614277277,4.044017386451093,-3.8995853390841666,4.5200447272143,EXPLORER 27 (BEACON-C),-1102.9813000000001,-7319.350876,-1636.573981,3181.6324837794054,-1283.0871365718804,-2.4593195722723067,3430.6127601536864
2026-07-17 02:36:00,-3496.6557950212077,-6645.014988765623,-800.208886035863,4.690624719062831,-2.845469259633394,4.72270744626006,EXPLORER 27 (BEACON-C),-223.66720999999998,-7505.545154,-802.907308,3272.9885850212077,-860.5301652343778,-2.698421964136969,3384.2242426350135
2026-07-17 02:39:00,-2604.014927077562,-7054.701216179583,57.662814182229155,5.203738568972244,-1.6927678956932157,4.7851689665528605,EXPLORER 27 (BEACON-C),659.9908399999999,-7491.372055,54.808622,3264.005767077562,-436.670838820417,-2.8541921822291556,3293.0871861225783
2026-07-17 02:42:00,-1632.4609240758475,-7250.421604741445,913.719234778938,5.564548309209946,-0.4737666182764158,4.702034483054159,EXPLORER 27 (BEACON-C),1526.722743,-7274.303045,910.8028390000001,3159.1836670758476,-23.881440258554903,-2.9163957789379538,3159.27527621003
2026-07-17 02:45:00,-610.828165924168,-7223.430957712765,1741.5807616921397,5.75797923446691,0.7755377789556539,4.472139572353788,EXPLORER 27 (BEACON-C),2355.087857,-6857.345422,1738.702577,2965.916022924168,366.0855357127648,-2.878184692139712,2988.425130138538
2026-07-17 02:48:00,429.73957795240864,-6971.734294711782,2515.0759300739423,5.773611439650591,2.0163145787462096,4.099031427790625,EXPLORER 27 (BEACON-C),3124.000196,-6249.276302,2512.341563,2694.2606180475914,722.457992711782,-2.734367073942394,2789.443189233045
2026-07-17 02:51:00,1456.7062193847796,-6500.495308356999,3209.122743257273,5.606538537009676,3.2080886619309985,3.5913029936184526,EXPLORER 27 (BEACON-C),3813.311469,-5464.693462,3206.6414929999996,2356.6052496152206,1035.8018463569988,-2.4812502572735866,2574.1950050517585
2026-07-17 02:54:00,2437.2034044970537,-5822.2032075597745,3800.6519138346234,5.2580766726357755,4.310222957300297,2.962712313752286,EXPLORER 27 (BEACON-C),4404.429918,-4523.853785,3798.531267,1967.226513502946,1298.3494225597742,-2.120646834623585,2357.052370150747
2026-07-17 02:57:00,3339.1977128043322,-4956.549760244419,4269.527477261762,4.736229292636833,5.283634075497003,2.232028001841268,EXPLORER 27 (BEACON-C),4880.952303,-3452.2742289999997,4267.865085,1541.7545901956678,1504.2755312444197,-1.6623922617618518,2154.032231383301
2026-07-17 03:00:00,4132.712534361693,-3929.983261530105,4599.411212207248,4.055820833140901,6.092640098688534,1.422561037816269,EXPLORER 27 (BEACON-C),5229.2756739999995,-2280.077519,4598.28788,1096.563139638307,1649.9057425301053,-1.1233322072484953,1981.0706550556158
2026-07-17 03:03:00,4791.038432627823,-2774.9279902516264,4778.512873074107,3.238234478028708,6.706804507423774,0.5613721586735626,EXPLORER 27 (BEACON-C),5439.148406,-1041.0863100000001,4777.98804,648.1099733721776,1733.8416802516263,-0.5248330741069367,1851.014258511269
2026-07-17 03:06:00,5291.857458339864,-1528.684470716522,4800.1697994624365,2.310724361544213,7.102618701041869,-0.3218201473907412,EXPLORER 27 (BEACON-C),5504.116218,228.30477,4800.278298,212.2587596601361,1756.9892407165219,0.10849853756371886,1769.7641042856565
2026-07-17 03:09:00,5618.205838379891,-232.0544544462885,4663.207599477408,1.305317339320827,7.264863380890029,-1.1959685585466744,EXPLORER 27 (BEACON-C),5421.826384999999,1490.42214,4663.957702,-196.37945337989186,1722.4765944462883,0.7501025225919875,1733.635218487114
2026-07-17 03:12:00,5759.206695670717,1072.238706166365,4372.047922117292,0.2573675262773066,7.187509322390534,-2.0301671026438473,EXPLORER 27 (BEACON-C),5194.167326000001,2707.70208,4373.421334,-565.039369670716,1635.463373833635,1.3734118827078419,1730.3213061999136
2026-07-17 03:15:00,5710.519759047458,2341.2424496321714,3936.5484950911714,-0.7961294969587694,6.874060027437258,-2.795144184666835,EXPLORER 27 (BEACON-C),4827.227397,3844.0939049999997,3938.501561,-883.2923620474585,1502.8514553678283,1.9530659088286484,1743.207305003918
2026-07-17 03:18:00,5474.476957138532,3533.475977914227,3371.58244158925,-1.8183243969259726,6.337297412340367,-3.4646524864256274,EXPLORER 27 (BEACON-C),4331.072596,4866.389903,3374.048757,-1143.4043611385323,1332.9139250857734,2.4663154107502123,1756.1432593811599
2026-07-17 03:21:00,5059.898783802464,4610.534292108798,2696.3856450567973,-2.7742522468505144,5.598458202147872,-4.016639827443938,EXPLORER 27 (BEACON-C),3719.357831,5745.4034950000005,2699.281121,-1340.5409528024643,1134.8692028912028,2.895475943202655,1756.4129746709316
2026-07-17 03:24:00,4481.612960545807,5538.500049817161,1933.7196252472565,-3.6323780981807623,4.685931872597535,-4.434111782639302,EXPLORER 27 (BEACON-C),3008.799335,6456.92581,1936.9475249999998,-1472.813625545807,918.4257601828385,3.2278997527432693,1735.712035994918
2026-07-17 03:27:00,3759.720483532696,6289.088574708976,1108.910352373111,-4.3658356156473,3.633619693994643,-4.705635720007896,EXPLORER 27 (BEACON-C),2218.5505630000002,6982.417042,1112.366478,-1541.1699205326959,693.328467291024,3.4561256268889338,1689.947050151343
2026-07-17 03:30:00,2918.6713356605715,6840.479055704578,248.8289043156014,-4.953287815817218,2.4791204564126756,-4.825479799867836,EXPLORER 27 (BEACON-C),1369.521811,7309.4124249999995,252.405641,-1549.1495246605714,468.93336929542147,3.576736684398611,1618.5720705733618
2026-07-17 03:33:00,1986.2208450758465,7177.81539714128,-619.122514256485,-5.379388513694392,1.2619086205334096,-4.793421323218439,EXPLORER 27 (BEACON-C),483.690743,7431.646731,-615.53228,-1502.5301020758466,253.83133385871952,3.5902342564850187,1523.824118287464
2026-07-17 03:36:00,992.3374097908119,7293.388651772354,-1467.9648315536565,-5.634869592120334,0.021647481979892143,-4.614289803922605,EXPLORER 27 (BEACON-C),-416.55649,7348.929238,-1464.4627050000001,-1408.893899790812,55.54058622764569,3.5021265536563533,1409.9925682345531
2026-07-17 03:39:00,-31.87571902321093,7186.535636209719,-2271.9960000217284,-5.716315127127122,-1.2032594310828466,-4.297327297068083,EXPLORER 27 (BEACON-C),-1309.026405,7066.814115,-2268.673651,-1277.1506859767892,-119.72152120971896,3.3223490217283143,1282.7541289486362
2026-07-17 03:42:00,-1055.1952815482387,6863.302926358752,-3007.5194235508197,-5.625704521270667,-2.3768218041114286,-3.855451320690709,EXPLORER 27 (BEACON-C),-2172.245583,6596.11262,-3004.4569079999997,-1117.0503014517612,-267.1903063587524,3.0625155508200805,1148.5649371224308
2026-07-17 03:45:00,-2047.1959884567007,6335.931496070812,-3653.436683384195,-5.369812634081983,-3.466308305942656,-3.304496560629681,EXPLORER 27 (BEACON-C),-2985.903923,5952.297224999999,-3650.702389,-938.7079345432992,-383.63427107081225,2.734294384194982,1014.0785554780063
2026-07-17 03:48:00,-2979.0537044855946,5622.215849579625,-4191.706627594653,-4.959547958818466,-4.4428082405405105,-2.662494538121813,EXPLORER 27 (BEACON-C),-3731.214203,5154.847016,-4189.357592,-752.1604985144054,-467.36883357962506,2.3490355946523778,885.5419584047065
2026-07-17 03:51:00,-3824.229206121152,4744.784588426077,-4607.681629821519,-4.409294313556616,-5.281557133350601,-1.9490299613633908,EXPLORER 27 (BEACON-C),-4391.197682,4226.571924,-4605.7643339999995,-566.968475878848,-518.212664426077,1.917295821519474,768.1154172617713
2026-07-17 03:54:00,-4559.037785094184,3730.3392226256583,-4890.336791510231,-3.7363016863269367,-5.9620868491517784,-1.1846922830719273,EXPLORER 27 (BEACON-C),-4950.90844,3192.942237,-4888.887426,-391.8706549058161,-537.3969856256581,1.4493655102305638,665.1016696688102
2026-07-17 03:57:00,-5163.116131295959,2608.876767077902,-5032.409420924241,-2.9601514715248105,-6.468263056827918,-0.39062353996061033,EXPLORER 27 (BEACON-C),-5397.611852,2081.441011,-5031.454151999999,-234.49572070404065,-527.4357560779022,0.9552689242418637,577.2154124386262
2026-07-17 04:00:00,-5619.800580640948,1412.9108798737038,-5030.464951832191,-2.1023028619570554,-6.788267311293479,0.4118498922530098,EXPLORER 27 (BEACON-C),-5720.932092,920.943756,-5030.020452,-101.13151135905173,-491.9671238737038,0.44449983219146816,502.25434905277933
2026-07-17 04:03:00,-5916.430506216307,176.69709437238012,-4884.902346464527,-1.1857119547515653,-6.9145703500733315,1.201523152474985,EXPLORER 27 (BEACON-C),-5912.979672,-258.874071,-4884.975737,3.450834216306248,-435.57116537238016,-0.07339053547275398,435.58484104340965
2026-07-17 04:06:00,-6044.588030979,-1064.5392913102432,-4599.907704212156,-0.23450363690067574,-6.843929585985571,1.9575830577915945,EXPLORER 27 (BEACON-C),-5968.469725999999,-1428.1079639999998,-4600.496749,76.11830497900064,-363.56867268975657,-0.5890447878437044,371.45191221479746
2026-07-17 04:09:00,-6000.281000573628,-2275.3785654399403,-4183.359910910973,0.7263315309842656,-6.577428756655897,2.659871002275716,EXPLORER 27 (BEACON-C),-5884.835607,-2557.184279,-4184.452822,115.44539357362828,-281.80571356005976,-1.0929110890274387,304.53783598612654
2026-07-17 04:12:00,-5784.07086631601,-3420.992912576303,-3646.6872485059307,1.671247653195289,-6.120562218460994,3.289165777907763,EXPLORER 27 (BEACON-C),-5662.338552,-3617.417854,-3648.2614759999997,121.73231431601016,-196.42494142369696,-1.574227494068964,231.09303787487357
2026-07-17 04:15:00,-5401.141328979918,-4467.950559734329,-3004.6694017655545,2.5744944639309355,-5.483351024765454,3.8275096169209037,EXPLORER 27 (BEACON-C),-5304.169966,-4581.57702,-3006.689931,96.97136297991801,-113.62646026567108,-2.0205292344453483,149.3937758043366
2026-07-17 04:18:00,-4861.297815480959,-5385.0411688553395,-2275.1756782334664,3.410540190774302,-4.680463189423303,4.258594333372354,EXPLORER 27 (BEACON-C),-4816.53745,-5424.462703,-2277.5935090000003,44.76036548095908,-39.421534144660654,-2.4178307665338252,59.69416703433659
2026-07-17 04:21:00,-4178.8826847621285,-6144.119893275813,-1478.8279399255982,4.154591863870729,-3.7312970747237997,4.568215483041614,EXPLORER 27 (BEACON-C),-4208.721319,-6123.50283,-1481.579274,-29.8386342378717,20.617063275813052,-2.7513340744017114,36.37275395800176
2026-07-17 04:24:00,-3372.5871608423167,-6720.959238781117,-638.576195278617,4.78322893127173,-2.659975731983369,4.744791007903873,EXPLORER 27 (BEACON-C),-3493.0846699999997,-6659.357102,-641.582765,-120.497509157683,61.602136781117224,-3.0065697213830163,135.36436913270387
2026-07-17 04:27:00,-2465.139140606251,-7096.087795265577,220.82351787845823,5.275152165555065,-1.4951928425495147,4.779927195329654,EXPLORER 27 (BEACON-C),-2685.0159240000003,-7016.5189040000005,217.65351199999998,-219.87678339374906,79.5688912655769,-3.170005878458255,233.8526400750787
2026-07-17 04:30:00,-1482.847030554019,-7255.583882654967,1073.4350240327171,5.612032014938814,-0.26984966164334334,4.6689997765420745,EXPLORER 27 (BEACON-C),-1802.781802,-7183.89045,1070.205678,-319.9347714459809,71.69343265496718,-3.2293460327171033,327.88509411353755
2026-07-17 04:33:00,-454.98434637122534,-7191.7814737138115,1892.8706313913522,5.779419787352738,0.9795708288646945,4.41170311059785,EXPLORER 27 (BEACON-C),-867.271703,-7155.300286999999,1889.695658,-412.28735662877466,36.48118671381235,-3.1749733913520686,413.9104031985984
2026-07-17 04:36:00,586.9916135018763,-6903.837123595367,2653.1116955510256,5.76766341607831,2.2139298299695374,4.012507862888643,EXPLORER 27 (BEACON-C),98.382151,-6929.927535,2650.109534,-488.60946250187624,-26.090411404632505,-3.002161551025438,489.31475492530757
2026-07-17 04:39:00,1610.3812300670343,-6398.102006858522,3329.3986453545713,5.572750154901321,3.3926692136555228,3.4809601203967775,EXPLORER 27 (BEACON-C),1069.320037,-6512.590517,3326.6874190000003,-541.0611930670343,-114.48851014147749,-2.711226354570954,553.0480850214415
2026-07-17 04:42:00,2582.3227977265037,-5688.2444074220375,3899.15559935307,5.19698524706516,4.475333448189516,2.831755257551509,EXPLORER 27 (BEACON-C),2019.604089,-5913.853419,3896.849055,-562.7187087265038,-225.60901157796252,-2.3065443530699667,606.2648690158962
2026-07-17 04:45:00,3470.973082484499,-4795.076462940805,4342.903350889306,4.649412327307994,5.4233108294887575,2.0845301837166543,EXPLORER 27 (BEACON-C),2922.986068,-5149.915736999999,4341.105568,-547.987014484499,-354.8392740591944,-1.7977828893062906,652.8429447285217
2026-07-17 04:48:00,4246.733400077556,-3746.0549934292594,4645.106165742754,3.9458910912222933,6.201687244370649,1.2633385624250992,EXPLORER 27 (BEACON-C),3753.762392,-4242.26158,4643.9035650000005,-492.97100807755623,-496.2065865707409,-1.2026007427530203,699.4589606329557
2026-07-17 04:51:00,4883.453338400639,-2574.448943298586,4794.8943472950405,3.108771791257992,6.781072408214016,0.39580392109597073,EXPLORER 27 (BEACON-C),4487.6780499999995,-3217.0636329999998,4794.347788,-395.7752884006395,-642.6146897014137,-0.5465592950404243,754.7132018559876
2026-07-17 04:54:00,5359.536880041863,-1318.1931592847577,4786.607160857476,2.166143030817287,7.139239642114046,-0.48801812105376163,EXPLORER 27 (BEACON-C),5102.832622000001,-2104.3505959999998,4786.747114,-256.704258041862,-786.157436715242,0.13995314252406388,827.0070199136068
2026-07-17 04:57:00,5658.875817273207,-18.476732752857433,4620.109905663636,1.1506750128460712,7.262421324502089,-1.3570001428971314,EXPLORER 27 (BEACON-C),5580.5332659999995,-936.9667959999999,4620.9364510000005,-78.34255127320739,-918.4900632471425,0.8265453363646884,921.8254904269724
2026-07-17 05:00:00,5771.5438117141775,1281.8597622589698,4300.854141858546,0.09812839838359609,7.146125781930995,-2.1804255165835507,EXPLORER 27 (BEACON-C),5906.032776999999,250.623956,4302.338215,134.4889652858219,-1031.23580625897,1.4840731414533366,1039.9696016554176
2026-07-17 05:03:00,5694.200862239501,2540.0238066249785,3839.6698422600884,-0.954358579150177,6.79538624837893,-2.9294725007470297,EXPLORER 27 (BEACON-C),6069.10191,1423.6139660000001,3841.755826,374.90104776049975,-1116.4098406249784,2.085983739911626,1177.678257922924
2026-07-17 05:06:00,5430.180700417638,3714.9621554476794,3252.300268739735,-1.9700628558179534,6.224413014789117,-3.5785742350945093,EXPLORER 27 (BEACON-C),6064.403995,2548.1320180000002,3254.9099730000003,634.2232945823616,-1166.8301374476791,2.6097042602650617,1328.0581943587415
2026-07-17 05:09:00,4989.2600096394835,4768.9390980787675,2558.7118442438655,-2.914397188118026,5.455686688192661,-4.106541980831342,EXPLORER 27 (BEACON-C),5891.6480329999995,3592.4496150000004,2561.749537,902.388023360516,-1176.489483078767,3.0376927561346747,1482.7140237000272
2026-07-17 05:12:00,4387.134849439336,5668.909123410576,1782.2292236757155,-3.756418395882078,4.5185921893605,-4.497368093827326,EXPLORER 27 (BEACON-C),5555.519983,4528.043173999999,1785.587828,1168.3851335606641,-1140.8659494105768,3.3586043242844426,1633.006495722866
2026-07-17 05:15:00,3644.652532614399,6387.6133009414225,948.5575867812341,-4.47001429035253,3.447738837068346,-4.74066554883758,EXPLORER 27 (BEACON-C),5065.409678999999,5330.45687,952.124897,1420.7571463856002,-1057.1564309414225,3.567310218765897,1770.9159534514215
2026-07-17 05:18:00,2786.863266266209,6904.357158858738,84.75832213248992,-5.0347054401385805,2.281133984932549,-4.831744885007857,EXPLORER 27 (BEACON-C),4434.964569,5979.933569,88.42227,1648.1013027337908,-924.4235898587385,3.6639478675100747,1889.6587792705093
2026-07-17 05:21:00,1841.9632215064328,7205.458290793686,-781.7593885139081,-5.4360477912963105,1.0583738879372968,-4.771369185032568,EXPLORER 27 (BEACON-C),3681.512065,6461.799583,-778.107671,1839.5488434935671,-743.6587077936856,3.6517175139081246,1984.1828434689924
2026-07-17 05:24:00,840.1991326716383,7284.379728629679,-1624.1787226288889,-5.665667647420343,-0.1810108425312824,-4.5652566482850645,EXPLORER 27 (BEACON-C),2825.402054,6766.614301,-1620.641721,1985.2029213283618,-517.7654276296798,3.537001628888902,2051.615019266463
2026-07-17 05:27:00,-187.2045244534942,7141.586630608183,-2417.109012640138,-5.720994477308322,-1.3989590238494243,-4.223415043182054,EXPLORER 27 (BEACON-C),1889.313923,6890.116179,-2413.779725,2076.518447453494,-251.4704516081838,3.3292876401383182,2091.692457031598
2026-07-17 05:30:00,-1209.0487120658042,6784.177066245219,-3137.2907436948353,-5.604775798956458,-2.5599823962689605,-3.7593928537617165,EXPLORER 27 (BEACON-C),897.565645,6833.000731,-3134.2504219999996,2106.614357065804,48.82366475478102,3.0403216948357112,2107.1822520114074
2026-07-17 05:33:00,-2195.062290654735,6225.342442726675,-3764.1638903718963,-5.32446203951123,-3.631962806790531,-3.18952106977472,EXPLORER 27 (BEACON-C),-124.546078,6600.57339,-3761.481198,2070.516212654735,375.230947273325,2.682692371896337,2104.244008544662
2026-07-17 05:36:00,-3116.688044360511,5483.7106626124005,-4280.303502737911,-4.891540662306525,-4.586671479127187,-2.5322015723666014,EXPLORER 27 (BEACON-C),-1151.356995,6202.318556,-4278.035031,1965.3310493605109,718.6078933875997,2.2684717379106587,2092.5889668024815
2026-07-17 05:39:00,-3947.749409618848,4582.617505764768,-4671.734559320307,-4.32088226889773,-5.400061321476293,-1.8072773215456905,EXPLORER 27 (BEACON-C),-2157.389791,5651.4211589999995,-4669.925896,1790.359618618848,1068.8036532352316,1.8086633203074598,2085.1215994308363
2026-07-17 05:42:00,-4665.00438933362,3549.341268480667,-4928.142452117464,-3.630141182629265,-6.052393948360527,-1.035499601492519,EXPLORER 27 (BEACON-C),-3117.851753,4964.269401,-4926.829025999999,1547.1526363336197,1414.9281325193324,1.3134261174645872,2096.5935765896265
2026-07-17 05:45:00,-5248.5987328814335,2414.3243958011003,-5042.996496077674,-2.839232724980615,-6.528263843238309,-0.23809071111992272,EXPLORER 27 (BEACON-C),-4009.0821060000003,4159.9590419999995,-5042.203968000001,1239.5166268814332,1745.6346461988992,0.7925280776735235,2140.9442810185965
2026-07-17 05:48:00,-5682.43261316784,1210.3952483367316,-5013.602279328542,-1.9698913281964303,-6.816575504127955,0.5636122367325276,EXPLORER 27 (BEACON-C),-4808.959735,3259.810582,-5013.346359,873.4728781678396,2049.4153336632685,0.25592032854183344,2227.792212986694
2026-07-17 05:51:00,-5954.454319254954,-28.00573319592628,-4841.095278893131,-1.0452989656071519,-6.91051809776638,1.3484551753229763,EXPLORER 27 (BEACON-C),-5497.282980000001,2286.903186,-4841.381292,457.1713392549527,2314.9089191959265,-0.28601310686917714,2359.620524451446
2026-07-17 05:54:00,-6056.89157993539,-1265.5977909293792,-4530.383692308172,-0.08976246408216829,-6.807568193818232,2.0957338837657318,EXPLORER 27 (BEACON-C),-6056.132883,1265.622161,-4531.20625,0.7586969353897075,2531.219951929379,-0.8225576918284787,2531.220199284836
2026-07-17 05:57:00,-5986.426687347673,-2467.0358971131445,-4090.0435032115793,0.8715890291313161,-6.509536000135497,2.7854581483550453,EXPLORER 27 (BEACON-C),-6470.2275899999995,221.214029,-4091.385684,-483.80090265232684,2688.2499261131447,-1.3421807884205919,2731.437859462266
2026-07-17 06:00:00,-5744.316182240795,-3597.698825689733,-3532.1639288463844,1.8131190627479346,-6.022655050079144,3.398639954077456,EXPLORER 27 (BEACON-C),-6727.273792,-820.659479,-3533.9966839999997,-982.9576097592053,2777.039346689733,-1.8327551536153806,2945.871102855304
2026-07-17 06:03:00,-5336.450028281014,-4624.495717664925,-2872.137040619287,2.709044676750527,-5.3577000459187465,3.917628015293783,EXPLORER 27 (BEACON-C),-6818.31486,-1834.380605,-2874.418724,-1481.8648317189864,2790.1151126649247,-2.2816833807132753,3159.2199871939583
2026-07-17 06:06:00,-4773.339477840626,-5516.693730141455,-2128.381933121522,3.533873586533947,-4.530103029911081,4.326504082992936,EXPLORER 27 (BEACON-C),-6738.067924,-2794.855873,-2131.057051,-1964.7284461593736,2721.8378571414546,-2.6751178784779768,3356.8685324230196
2026-07-17 06:09:00,-4070.0178099664695,-6246.762991009085,-1321.9917829726342,4.262942038981174,-3.560024950939963,4.611547080369888,EXPLORER 27 (BEACON-C),-6485.23827,-3678.022594,-1324.9895,-2415.2204600335303,2568.7403970090854,-2.997717027365752,3525.865295795962
2026-07-17 06:12:00,-3245.83449218157,-6791.226497992077,-476.2919499721171,4.873067294944064,-2.472329160898145,4.7617592942812275,EXPLORER 27 (BEACON-C),-6062.793495,-4461.384932,-479.525813,-2816.95900281843,2329.8415659920774,-3.233863027882933,3655.6025774219906
2026-07-17 06:15:00,-2324.1218616337082,-7131.49233942445,383.70061691981334,5.3433141873883905,-1.2963970552919075,4.7694349671841,EXPLORER 27 (BEACON-C),-5478.172232,-5124.577028,380.331104,-3154.0503703662916,2006.91531142445,-3.36951291981336,3738.4159960677134
2026-07-17 06:18:00,-1331.7149407640554,-7254.634588269256,1231.921636970957,5.655856855892288,-0.06572599881141927,4.630736605736366,EXPLORER 27 (BEACON-C),-4743.396941999999,-5649.941979,1228.5284120000001,-3411.682001235944,1604.6926092692556,-3.393224970956908,3770.2286352125084
2026-07-17 06:21:00,-298.3101808073353,-7154.078785091393,2042.0048253002803,5.796895732630794,1.1827420832901896,4.346229756085947,EXPLORER 27 (BEACON-C),-3875.056875,-6023.105726,2038.7085730000001,-3576.746694192665,1130.9730590913932,-3.29625230028023,3751.2968211123907
2026-07-17 06:24:00,744.3418788691042,-6830.139832676169,2788.115596554263,5.7575683674236675,2.40959498906325,3.921315194166174,EXPLORER 27 (BEACON-C),-2894.130498,-6233.51716,2785.042105,-3638.472376869104,596.6226726761688,-3.0734915542630006,3687.0651332924804
2026-07-17 06:27:00,1763.4020312570667,-6290.356331813063,3445.848583284527,5.534773972142109,3.5742327611306632,3.366491195554432,EXPLORER 27 (BEACON-C),-1825.623698,-6274.920705,3443.122812,-3589.025729257067,15.4356268130623,-2.725771284527127,3589.059956823434
2026-07-17 06:30:00,2726.041982534997,-5549.567701048856,3993.152110758619,5.131819540532289,4.636427177224194,2.6973804733044187,EXPLORER 27 (BEACON-C),-698.009224,-6145.725353,3990.8905,-3424.0512065349967,-596.1576519511436,-2.261610758619099,3475.562648814849
2026-07-17 06:33:00,3600.6370517621435,-4629.690047223528,4411.231834435871,4.558793899093671,5.55808575072547,1.9344684158614796,EXPLORER 27 (BEACON-C),457.53830200000004,-5849.232474,4409.535729,-3143.0987497621436,-1219.542426776472,-1.696105435870777,3371.4027285742422
2026-07-17 06:36:00,4357.994922314692,-3559.163865593417,4685.378140304158,3.8325878892785497,6.305107935548899,1.1025218273664008,EXPLORER 27 (BEACON-C),1608.096257,-5393.683201999999,4684.328252,-2749.898665314692,-1834.5193364065822,-1.0498883041573208,3305.6625610329047
2026-07-17 06:39:00,4972.551010756805,-2372.0701518336273,4805.659387439242,2.976504929698789,6.849189797560919,0.22968886956835985,EXPLORER 27 (BEACON-C),2720.096925,-4792.102819,4805.311074,-2252.4540857568054,-2420.0326671663724,-0.34831343924179237,3306.0713301314545
2026-07-17 06:42:00,5423.454661181152,-1106.9390645431972,4767.4267911937295,2.0194447151300126,7.169417289208878,-0.6536823522473787,EXPLORER 27 (BEACON-C),3760.526668,-4061.934153,4767.805144,-1662.927993181152,-2954.995088456803,0.37835280627041357,3390.7706537688696
2026-07-17 06:45:00,5695.471704785152,194.69639189061235,4571.586988101069,0.9946893071938169,7.253492633511523,-1.5164324702968484,EXPLORER 27 (BEACON-C),4698.154581000001,-3224.4683059999998,4572.68333,-997.3171237851511,-3419.164697890612,1.0963418989304046,3561.647073849688
2026-07-17 06:48:00,5779.638607403289,1489.9238252287591,4224.614402675775,-0.06163135847240216,7.098465292342011,-2.328082322226054,EXPLORER 27 (BEACON-C),5504.720239,-2304.096054,4226.387282,-274.9183684032887,-3794.0198792287592,1.7728793242249594,3803.967678144707
2026-07-17 06:51:00,5673.620919906813,2736.1554592875345,3738.2958416249376,-1.1122764065071131,6.710886639652578,-3.0603044272580133,EXPLORER 27 (BEACON-C),6156.006168999999,-1327.415741,3740.676136,482.38524909318676,-4063.5712002875343,2.3802943750624763,4092.103627005343
2026-07-17 06:54:00,5381.752272064549,3892.8069463612082,3129.2218910601364,-2.1206884189608086,6.106369582698919,-3.688249721580628,EXPLORER 27 (BEACON-C),6632.720209,-322.252637,3132.117718,1250.9679369354508,-4215.059583361208,2.895826939863582,4396.777963047413
2026-07-17 06:57:00,4914.756839906775,4922.847501772501,2418.0607990850403,-3.052693339156714,5.308601199938487,-4.191620601754381,EXPLORER 27 (BEACON-C),6921.1388640000005,683.343417,2421.3638020000003,2006.3820240932255,-4239.504084772501,3.3030029149599613,4690.306452806193
2026-07-17 07:00:00,4289.184467366779,5794.131577345336,1628.6676224708651,-3.877968739387966,4.347916454083129,-4.555412787794522,EXPLORER 27 (BEACON-C),7013.483938,1662.063984,1632.259648,2724.299470633221,-4132.067593345337,3.592025529134844,4949.323499662815
2026-07-17 07:03:00,3526.6097156214646,6480.445533426387,787.0920421349317,-4.571177337368579,3.2595835663976094,-4.770290122643586,EXPLORER 27 (BEACON-C),6908.026382,2588.215239,790.852123,3381.4166663785354,-3892.2302944263865,3.7600808650682893,5155.914029027361
2026-07-17 07:06:00,2652.6609937770572,6962.231894174403,-79.44894652381923,-5.112709193718563,2.0819697695590214,-4.832600430170817,EXPLORER 27 (BEACON-C),6608.933909,3438.457564,-75.63873699999999,3956.272915222943,-3523.7743301744035,3.810209523819239,5298.027503460068
2026-07-17 07:09:00,1695.9519141603535,7226.984130907908,-943.5721665223111,-5.489025975151582,0.8547484737874834,-4.744078999888305,EXPLORER 27 (BEACON-C),6125.897150000001,4192.382112,-939.823028,4429.9452358396475,-3034.602018907908,3.7491385223111138,5369.659045203708
2026-07-17 07:12:00,686.9841727095036,7269.331962772104,-1778.652984411687,-5.692644957160261,-0.3827204241182481,-4.511313058409305,EXPLORER 27 (BEACON-C),5473.58617,4832.91549,-1775.0664339999998,4786.601997290496,-2436.4164727721036,3.586550411687085,5371.005192010568
2026-07-17 07:15:00,-342.91876701528605,7090.857463864692,-2559.6381459432478,-5.721832337743958,-1.5927481347459833,-4.145052857733905,EXPLORER 27 (BEACON-C),4670.988956,5346.561007,-2556.304313,5013.907723015286,-1744.2964568646921,3.333832943247671,5308.65820135231
2026-07-17 07:18:00,-1362.602433623582,6699.694122519238,-3263.7269205642965,-5.580091856101194,-2.7403702801960015,-3.659453325639948,EXPLORER 27 (BEACON-C),3740.683946,5723.491343000001,-3260.72313,5103.286379623582,-976.2027795192371,3.0037905642966507,5195.816852233189
2026-07-17 07:21:00,-2341.967888237247,6109.964487727831,-3870.914996016166,-5.275536225513496,-3.7940961739150887,-3.071317750221729,EXPLORER 27 (BEACON-C),2708.09154,5957.521623,-3868.305343,5050.059428237247,-152.44286472783097,2.609653016165794,5052.360425189715
2026-07-17 07:24:00,-3252.740493069274,5341.108592742772,-4364.406778442456,-4.820218704481395,-4.726387010487643,-2.3993961098749415,EXPLORER 27 (BEACON-C),1600.735298,6045.991073,-4362.242708,4853.475791069274,704.882480257228,2.16407044245625,4904.395095082571
2026-07-17 07:27:00,-4069.119736682556,4417.147121255729,-4730.909218811917,-4.22948464583633,-5.513916505651317,-1.6637697338577921,EXPLORER 27 (BEACON-C),447.535092,5989.581243,-4729.230875,4516.6548286825555,1572.4341217442707,1.6783438119164202,4782.54354141445
2026-07-17 07:30:00,-4768.317721368211,3365.9125468840452,-4960.824021585512,-3.521382375662415,-6.137676471834225,-0.8853343533421029,EXPLORER 27 (BEACON-C),-721.856611,5792.095401,-4959.661655,4046.461110368211,2426.1828541159543,1.1623665855122454,4718.072923389872
2026-07-17 07:33:00,-5330.998957098122,2218.2701936122894,-5048.355605724198,-2.7161526264105516,-6.582989162033863,-0.08537735380874985,EXPLORER 27 (BEACON-C),-1877.6733980000001,5460.219114,-5047.730552,3453.3255590981225,3241.948920387711,0.6250537241976417,4736.632834642724
2026-07-17 07:36:00,-5741.6357687319305,1007.3407886269349,-4991.550228597545,-1.835798120324841,-6.839480659307115,0.714766951190672,EXPLORER 27 (BEACON-C),-2990.613094,5003.2753569999995,-4991.474968,2751.0226747319307,3995.9345683730644,0.07526059754491143,4851.352268932057
2026-07-17 07:39:00,-5988.792520368876,-232.27245583740148,-4792.278041026884,-0.9037207950354218,-6.9010576867707725,1.494007912357555,EXPLORER 27 (BEACON-C),-4032.383984,4432.982409,-4792.7552510000005,1956.4085363688755,4665.254864837401,-0.4772099731162598,5058.867219328395
2026-07-17 07:42:00,-6065.3486699615505,-1465.2553758526517,-4456.165236509249,0.05559617677874601,-6.765915964397982,2.2317627498933104,EXPLORER 27 (BEACON-C),-4976.230565999999,3763.217228,-4457.186245,1089.1181039615512,5228.472603852651,-1.0210084907512282,5340.70267437468
2026-07-17 07:45:00,-5968.6660286532515,-2656.359747554725,-3992.4784974104573,1.016891161455667,-6.436592988180833,2.9082226894408922,EXPLORER 27 (BEACON-C),-5797.449648,3009.7816749999997,-3994.021691,171.2163806532517,5666.141422554725,-1.543193589542625,5668.727904110492
2026-07-17 07:48:00,-5700.700086440236,-3771.193228014412,-3413.959131418205,1.954444602221007,-5.9200626614613565,3.5046470890237913,EXPLORER 27 (BEACON-C),-6473.9057649999995,2190.164605,-3415.9892259999997,-773.2056785597633,5961.357833014412,-2.030094581794856,6011.292569479825
2026-07-17 07:51:00,-5268.049410412137,-4777.0283385104685,-2736.6000755610785,2.842450421017284,-5.227854080886719,4.003706792950025,EXPLORER 27 (BEACON-C),-6986.549011,1323.289379,-2739.0678080000002,-1718.499600587863,6100.317717510468,-2.4677324389217574,6337.753799375309
2026-07-17 07:54:00,-4681.931465684268,-5643.632197873292,-1979.3557479355409,3.6554681390818766,-4.376162476511494,4.3898906343078155,EXPLORER 27 (BEACON-C),-7319.932443,429.236808,-1982.19785,-2638.0009773157317,6072.869005873292,-2.842102064459141,6621.087161211471
2026-07-17 07:57:00,-3958.068358746856,-6344.11198058044,-1163.7729900316683,4.368978636201376,-3.385907591108366,4.649979206133374,EXPLORER 27 (BEACON-C),-7462.721031,-471.068692,-1166.9125419999998,-3504.652672253144,5873.04328858044,-3.1395519683314888,6839.242478480889
2026-07-17 08:00:00,-3116.4626624123016,-6855.762202114516,-313.531526212856,4.960055497598257,-2.282684867489397,4.773577846178269,EXPLORER 27 (BEACON-C),-7408.172777,-1356.2209169999999,-316.877576,-4291.710114587699,5499.5412851145165,-3.3460497871439543,6975.940169638969
2026-07-17 08:03:00,-2181.042438850121,-7160.889512508615,546.1150881223276,5.408148774581814,-1.096549398650722,4.753686685107874,EXPLORER 27 (BEACON-C),-7154.565282,-2204.746629,542.667375,-4973.522843149878,4956.142883508614,-3.4477131223276274,7021.345571883819
2026-07-17 08:06:00,-1179.1566254484949,-7247.579686097205,1389.0018238586722,5.695959151403226,0.13842626641595995,4.587270608155273,EXPLORER 27 (BEACON-C),-6705.539350999999,-2995.5760649999997,1385.568536,-5526.382725551504,4252.003621097205,-3.4332878586722018,6972.836769247028
2026-07-17 08:09:00,-140.90773224533768,-7110.361349057971,2188.8136354339235,5.810359278603424,1.3848696701254168,4.275777792054642,EXPLORER 27 (BEACON-C),-6070.321321,-3708.567665,2185.518085,-5929.413588754663,3401.793684057971,-3.295550433923381,6835.945921089327
2026-07-17 08:12:00,901.6813945381801,-6750.713479346466,2919.9313799844113,5.74329777271743,2.603130934810417,3.8255444845528648,EXPLORER 27 (BEACON-C),-5263.780517,-4325.075193,2916.899631,-6165.46191153818,2425.638286346466,-3.031748984411024,6625.454767057108
2026-07-17 08:15:00,1915.6564577126094,-6177.360795253385,3558.335559979804,5.492603453638234,3.7526102350790675,3.2480186555710304,EXPLORER 27 (BEACON-C),-4306.284536,-4828.5357300000005,3555.691167,-6221.940993712609,1348.8250652533843,-2.644392979804252,6366.465721160484
2026-07-17 08:18:00,2868.249741447326,-5406.304551410193,4082.52910023285,5.062596725580024,4.7933527992815685,2.559738660655386,EXPLORER 27 (BEACON-C),-3223.323496,-5205.05016,4080.38696,-6091.573237447326,201.25439141019342,-2.1421402328501244,6094.897244909972
2026-07-17 08:21:00,3728.083680736926,-4460.547047130679,4474.429902318002,4.4644153457531255,5.687832733982196,1.7820168205273805,EXPLORER 27 (BEACON-C),-2044.888091,-5443.921274,4472.8886569999995,-5772.971771736926,-983.3742268693213,-1.5412453180024386,5856.127587645214
2026-07-17 08:24:00,4466.400719521768,-3369.4863118730636,4720.177084891063,3.71597575112362,6.402808070316669,0.9403019446822775,EXPLORER 27 (BEACON-C),-804.6065159999999,-5538.113891,4719.311073,-5271.007235521768,-2168.6275791269363,-0.8660118910629535,5699.6897813696305
2026-07-17 08:27:00,5058.248595252712,-2167.981679091996,4810.793290306105,2.8415191466574186,6.911099988978112,0.06322738882833048,EXPLORER 27 (BEACON-C),461.34107400000005,-5484.602017,4810.648139000001,-4596.907521252712,-3316.6203379080043,-0.14515130610379856,5668.46798049029
2026-07-17 08:30:00,5483.5448756287515,-895.1188016021715,4742.650240609802,1.870731573682222,7.193135903667501,-0.8186117232399266,EXPLORER 27 (BEACON-C),1715.4860879999999,-5284.563856,4743.2408159999995,-3768.058787628752,-4389.445054397828,0.5905753901979551,5784.936928038464
2026-07-17 08:33:00,5727.947114644788,407.2692644852431,4517.695992217895,0.8374743582872315,7.238103784961721,-1.674072476188961,EXPLORER 27 (BEACON-C),2920.4402919999998,-4943.4044460000005,4519.005949,-2807.506822644788,-5350.673710485244,1.3099567821054734,6042.499932251694
2026-07-17 08:36:00,5783.465893610794,1696.243723580295,4143.419234914448,-0.22179127579517052,7.044595369753886,-2.472960909839175,EXPLORER 27 (BEACON-C),4040.2933390000003,-4470.599337000001,4145.401624,-1743.1725546107941,-6166.843060580295,1.9823890855523132,6408.479368683506
2026-07-17 08:39:00,5648.776555052664,2929.4658192973475,3632.54676806291,-1.2697620615063245,6.620666198205401,-3.1874872143623416,EXPLORER 27 (BEACON-C),5041.952839,-3879.361997,3635.126338,-606.8237160526642,-6808.827816297347,2.5795699370901275,6835.815818798041
2026-07-17 08:42:00,5329.2096791111835,4066.860617266506,3002.492482145242,-2.270085344140134,5.983303963235567,-3.793555948691173,EXPLORER 27 (BEACON-C),5896.3466339999995,-3186.155149,3005.5713610000003,567.136954888816,-7253.015766266506,3.0788788547583863,7275.155772270864
2026-07-17 08:45:00,4836.427280395025,5072.136737108386,2274.59683561301,-3.189035046505998,5.1573632511949175,-4.2717864734861415,EXPLORER 27 (BEACON-C),6579.416382,-2410.074778,2278.061262,1742.989101604975,-7482.211515108386,3.4644263869899987,7682.545943070204
2026-07-17 08:48:00,4187.817636129457,5914.07534026876,1473.2120059094245,-3.9969374253406076,4.17408276668633,-4.608192443348065,EXPLORER 27 (BEACON-C),7072.845,-1572.150486,1476.939189,2885.027363870543,-7486.225826268759,3.7271830905754086,8022.903084549193
2026-07-17 08:51:00,3405.662899898774,6567.526136523841,624.6972804416345,-4.669249624791968,3.0693402867232384,-4.794491881820499,EXPLORER 27 (BEACON-C),7364.49655,-694.6128199999999,628.562711,3958.833650101226,-7262.138956523841,3.865430558365574,8271.096725017087
2026-07-17 08:54:00,2516.1473028035384,7014.077838390911,-243.60929539555306,-5.187241875551152,1.8818146755547418,-4.82806310064299,EXPLORER 27 (BEACON-C),7448.568942,199.829651,-239.72562,4932.421639196462,-6814.248187390911,3.8836753955530696,8412.061380488638
2026-07-17 08:57:00,1548.2783589351786,7242.400646588704,-1104.3831084415424,-5.538284018495076,0.6512127963774439,-4.711598691010035,EXPLORER 27 (BEACON-C),7325.481084,1088.664309,-1100.5925770000001,5777.202725064822,-6153.736337588704,3.790531441542271,8440.649063145835
2026-07-17 09:00:00,532.7893994472646,7248.284541563644,-1931.2210302973401,-5.71577994799394,-0.5833129462858871,-4.452534348100824,EXPLORER 27 (BEACON-C),7001.536427,1950.1695670000001,-1927.624028,6468.747027552736,-5298.114974563644,3.5970022973401683,8361.502456412567
2026-07-17 09:03:00,-498.91917570756556,7034.416195118272,-2699.4325071819844,-5.718823309043544,-1.784474827798034,-4.062339098647753,EXPLORER 27 (BEACON-C),6488.416354,2763.913848,-2696.116632,6987.335529707566,-4270.502347118272,3.315875181984211,8189.02064330556
2026-07-17 09:06:00,-1515.7575369310225,6609.947794113411,-3386.6964988365507,-5.551661837485349,-2.9178528487837965,-3.555749674260739,EXPLORER 27 (BEACON-C),5802.557855,3511.154697,-3383.735898,7318.3153919310225,-3098.793097113411,2.9606008365508387,7947.343430332525
2026-07-17 09:09:00,-2487.8166936389002,5989.913317330982,-3973.5809348869493,-5.223057172060459,-3.9525969184913246,-2.950017808730012,EXPLORER 27 (BEACON-C),4964.4628569999995,4175.141911,-3971.036654,7452.279550638899,-1814.7714063309822,2.544280886949309,7670.063378582506
2026-07-17 09:12:00,-3387.119946872182,5194.543426097705,-4443.931985127524,-4.745615301217277,-4.861865340716656,-2.26421963665416,EXPLORER 27 (BEACON-C),3997.9819700000003,4741.3356459999995,-4441.852636,7385.101916872182,-453.20778009770584,2.079349127524438,7398.9953330315775
2026-07-17 09:15:00,-4188.255963317787,4248.521336300823,-4785.147259108289,-4.135144522768148,-5.623055423242493,-1.5186553674944325,EXPLORER 27 (BEACON-C),2929.604019,5197.5558710000005,-4783.569599,7117.8599823177865,949.0345346991771,1.5776601082889101,7180.849515547869
2026-07-17 09:18:00,-4868.902111778447,3180.2110827201313,-4988.350184040589,-3.4100771034631947,-6.217889243714299,-0.7343481791519174,EXPLORER 27 (BEACON-C),1787.769412,5534.082122000001,-4987.300295,6656.6715237784465,2353.8710392798694,1.0498890405888233,7060.593866475422
2026-07-17 09:21:00,-5410.251189394552,2020.8783575980988,-5048.482830787708,-2.5909709226584448,-6.6324156167930255,0.06736431729360931,EXPLORER 27 (BEACON-C),602.215084,5743.718023,-5047.977366,6012.466273394552,3722.8396654019016,0.5054647877077514,7071.724409116307
2026-07-17 09:24:00,-5797.355851745987,803.9139740563498,-4964.332137672125,-1.7000902261388149,-6.856980848591163,0.8651639367612793,EXPLORER 27 (BEACON-C),-596.646808,5821.835053000001,-4964.379134,5200.7090437459865,5017.921078943651,-0.04699632787469454,7226.818561055547
2026-07-17 09:27:00,-6019.403583673735,-435.93817163491116,-4738.500610986549,-0.7610510809697474,-6.886208432659791,1.6380359871971613,EXPLORER 27 (BEACON-C),-1778.322649,5766.405857,-4739.09951,4241.080934673735,6202.3440286349105,-0.5988990134510459,7513.710089075583
2026-07-17 09:30:00,-6069.93158453977,-1663.3525314094725,-4377.3278650298125,0.20149264023020255,-6.719013339594633,2.3655316465045084,EXPLORER 27 (BEACON-C),-2912.811904,5578.0324519999995,-4378.468082,3157.1196805397694,7241.384983409472,-1.1402169701877938,7899.687490989405
2026-07-17 09:33:00,-5946.986124858439,-2843.199787824063,-3890.7643937299717,1.162153107480659,-6.358661229347319,3.0280367647222977,EXPLORER 27 (BEACON-C),-3971.171924,5259.971632,-3892.422754,1975.814200858439,8103.1714198240625,-1.6583602700284246,8340.577411997696
2026-07-17 09:36:00,-5653.225326445868,-3941.3387581538686,-3292.1942324572915,2.0951354317313093,-5.812867513926856,3.607072455067389,EXPLORER 27 (BEACON-C),-4926.083847,4818.155646,-3294.3327799999997,727.1414794458678,8759.49440415387,-2.1385475427082383,8789.623514173929
2026-07-17 09:39:00,-5195.958455675604,-4925.427770285066,-2598.1991076759728,2.974620430022019,-5.093916209509626,4.085647556065106,EXPLORER 27 (BEACON-C),-5752.427649,4261.2007,-2600.764045,-556.4691933243967,9186.628470285066,-2.5649373240271416,9203.467128918031
2026-07-17 09:42:00,-4587.10924756619,-5765.756275424279,-1828.2537071355937,3.7752322633411484,-4.218764467348157,4.448675297497414,EXPLORER 27 (BEACON-C),-6427.869042,3600.391849,-1831.1758,-1840.7597944338104,9366.148124424279,-2.922092864406295,9545.320101918382
2026-07-17 09:45:00,-3843.0861170699436,-6436.090375987634,-1004.3402756986229,4.472612404618338,-3.2090863800125864,4.68345629783392,EXPLORER 27 (BEACON-C),-6933.454547,2849.6280159999997,-1007.536341,-3090.3684299300567,9285.718391987633,-3.1960653013770752,9786.467866540981
2026-07-17 09:48:00,-2984.539081149305,-6914.516804674225,-150.4713087852368,5.04410978213222,-2.091200401457248,4.7802175171597145,EXPLORER 27 (BEACON-C),-7254.201141,2025.309032,-153.845842,-4269.662059850694,8939.825836674225,-3.374533214763204,9907.093997882068
2026-07-17 09:51:00,-2035.98260485026,-7184.259336776585,707.8878986481608,5.469581217927229,-0.8958202555953263,4.732682519497469,EXPLORER 27 (BEACON-C),-7379.6587309999995,1146.146996,704.441651,-5343.6761261497395,8330.406332776585,-3.4462476481608064,9896.997326814319
2026-07-17 09:54:00,-1025.266176012953,-7234.430695518265,1544.4993928249387,5.7322769968035026,0.3424284043724427,4.538633480933604,EXPLORER 27 (BEACON-C),-7304.415548000001,232.885616,1541.097901,-6279.149371987048,7467.316311518264,-3.401491824938603,9756.461515433692
2026-07-17 09:57:00,17.119191370668577,-7060.673197861106,2333.129513402638,5.819765020103374,1.585772150210584,4.200411636653774,EXPLORER 27 (BEACON-C),-7028.511934,-692.084556,2329.895588,-7045.631125370669,6368.588641861106,-3.233925402638306,9497.360143866703
2026-07-17 10:00:00,1058.8999168806001,-6665.634512687557,3048.406044500641,5.724826041989966,2.7943601658588464,3.72529274320676,EXPLORER 27 (BEACON-C),-6557.721154,-1605.2223359999998,3045.463862,-7616.6210708806,5060.412176687557,-2.942182500641138,9144.435280091817
2026-07-17 10:03:00,2067.031648980126,-6059.222896080452,3666.726861624062,5.446235421257249,3.927635440382083,3.125670398326673,EXPLORER 27 (BEACON-C),-5903.655183,-2482.441378,3664.1958130000003,-7970.686831980126,3576.7815180804523,-2.5310486240618957,8736.430678932355
2026-07-17 10:06:00,3008.8347926223046,-5258.59077720685,4167.179419118885,4.9893375917669065,4.945963085472552,2.4189851891301797,EXPLORER 27 (BEACON-C),-5083.656758,-3299.813102,4165.168285,-8092.491550622304,1958.7776752068503,-2.011134118884911,8326.177605746983
2026-07-17 10:09:00,3853.207624396137,-4287.807505909429,4532.420474300629,4.366321680099594,5.812430928467424,1.6273531074017207,EXPLORER 27 (BEACON-C),-4120.447969,-4034.3406609999997,4531.021658,-7973.655593396137,253.46684490942926,-1.3988163006297327,7977.683305337013
2026-07-17 10:12:00,4571.85565439937,-3177.201241225611,4749.459421900529,3.596122712285641,6.494699740947383,0.7768722844559474,EXPLORER 27 (BEACON-C),-3041.525517,-4664.766847,4748.742832000001,-7613.38117139937,-1487.565605774389,-0.716589900528561,7757.346505474823
2026-07-17 10:15:00,5140.4650815198065,-1962.374885610142,4810.288098138427,2.7039028236492424,6.966753144601634,-0.10337938402552796,EXPLORER 27 (BEACON-C),-1878.3111529999999,-5172.370218,4810.294925,-7018.776234519806,-3209.995332389858,0.006826861573244969,7717.984831824387
2026-07-17 10:18:00,5539.743954258979,-682.9290188614899,4712.305797487381,1.7201083137134026,7.210386896283285,-0.9826059534748502,EXPLORER 27 (BEACON-C),-665.0890330000001,-5541.701322,4713.044709,-6204.832987258979,-4858.77230313851,0.7389115126188699,7880.838866485808
2026-07-17 10:21:00,5756.258412261838,619.0474799394752,4458.500509584929,0.6791461180071028,7.216288312673849,-1.8297295006522207,EXPLORER 27 (BEACON-C),562.225103,-5761.210502,4459.948437,-5194.033309261838,-6380.257981939475,1.447927415070808,8227.130485796228
2026-07-17 10:24:00,5783.003487271457,1900.6347670033088,4057.365051444778,-0.38222989127905893,6.984590096783144,-2.614888511278218,EXPLORER 27 (BEACON-C),1767.412149,-5823.717252,4059.4693930000003,-4015.591338271457,-7724.352019003309,2.104341555222163,8705.779249311036
2026-07-17 10:27:00,5619.667500590787,3119.7868901059755,3522.547975827731,-1.4266944733710425,6.5248356343984835,-3.3108731619014033,EXPLORER 27 (BEACON-C),2915.29142,-5726.692491000001,3525.230989,-2704.3760805907873,-8846.479381105975,2.6830131722690567,9250.613743107235
2026-07-17 10:30:00,5272.573994538659,4236.977956793079,2872.2613002709027,-2.418138523086651,5.855357572373816,-3.894375872140064,EXPLORER 27 (BEACON-C),3972.99665,-5472.334929,2875.4248420000004,-1299.5773445386585,-9709.312885793079,3.1635417290976875,9795.900570986925
2026-07-17 10:33:00,4754.312226126209,5216.689265402881,2128.4872375843756,-3.3233179629316503,5.002137587382549,-4.346956886357305,EXPLORER 27 (BEACON-C),4911.107071,-5067.441411000001,2132.018283,156.7948448737916,-10284.130676402881,3.5310454156242486,10285.32648295578
2026-07-17 10:36:00,4083.0927821648197,6028.654023541302,1316.0413211397624,-4.113234571317358,3.9972710417851043,-4.655660343441646,EXPLORER 27 (BEACON-C),5704.574417999999,-4523.088997000001,1319.8184820000001,1621.4816358351795,-10551.743020541304,3.7771608602377,10675.6029213266
2026-07-17 10:39:00,3281.8851957019715,6648.801858046361,461.5574266183071,-4.764158179975719,2.877195831664778,-4.813259837488013,EXPLORER 27 (BEACON-C),6333.404955,-3854.158994,465.457278,3051.5197592980285,-10502.96085204636,3.8998513816928835,10937.274555840935
2026-07-17 10:42:00,2377.4068140676845,7059.8754123911085,-407.5397050544429,-5.258248610996234,1.6808547364517117,-4.818155722335271,EXPLORER 27 (BEACON-C),6783.0785829999995,-3078.7455520000003,-403.636392,4405.671768932315,-10138.62096439111,3.90331305444289,11054.482983433052
2026-07-17 10:45:00,1399.035405092846,7251.721161162116,-1264.0161170478968,-5.583785221780011,0.44794537387832906,-4.673981725748753,EXPLORER 27 (BEACON-C),7044.713855000001,-2217.4951779999997,-1260.2197549999999,5645.678449907155,-9469.216339162116,3.7963620478969915,11024.507138641873
2026-07-17 10:48:00,377.71268024067933,7221.281824782866,-2081.718847881034,-5.735053306009957,-0.7826228333067495,-4.389000627354965,EXPLORER 27 (BEACON-C),7115.002506,-1292.9202129999999,-2078.128793,6737.289825759321,-8514.202037782867,3.5900548810341206,10857.381057371065
2026-07-17 10:51:00,-655.1058745042141,6972.335504419234,-2836.344568209279,-5.7119640971591785,-1.9739905153523485,-3.9753761099851332,EXPLORER 27 (BEACON-C),6995.955576,-328.725841,-2833.047958,7651.061450504214,-7301.061345419234,3.296610209278697,10575.644139087011
2026-07-17 10:54:00,-1668.414869779938,6515.03576022446,-3506.0720314280784,-5.519496812751835,-3.0923012368753664,-3.448402007892817,EXPLORER 27 (BEACON-C),6694.508081,650.822849,-3503.143286,8362.922950779937,-5864.21291122446,2.9287454280784004,10214.082529841007
2026-07-17 10:57:00,-2632.5127064032577,5865.307903517675,-4072.057149593599,-5.167048609496074,-4.107357509005319,-2.8257548404621544,EXPLORER 27 (BEACON-C),6222.027989,1621.476089,-4069.5579199999997,8854.540695403259,-4243.831814517675,2.499229593599466,9819.01245760557
2026-07-17 11:00:00,-3519.7356904639933,5044.151513956257,-4518.7995255236965,-4.667765272248091,-4.993021014124171,-2.126815301306047,EXPLORER 27 (BEACON-C),5593.770622,2559.510506,-4516.779379,9113.506312463993,-2484.641007956257,2.0201465236968943,9446.133723737501
2026-07-17 11:03:00,-4305.074532736318,4076.889890676525,-4834.395442796296,-4.037906474192272,-5.727414840883091,-1.3720833911620813,EXPLORER 27 (BEACON-C),4828.311022,3442.1777859999997,-4832.892876,9133.385554736318,-634.7121046765251,1.502566796296378,9155.413338839264
2026-07-17 11:06:00,-4966.682821524729,2992.3960186001723,-5010.694860697008,-3.2962786314325134,-6.292991058283356,-0.5826931127740157,EXPLORER 27 (BEACON-C),3946.977863,4248.0983289999995,-5009.7379009999995,8913.66068452473,1255.7023103998272,0.9569596970086423,9001.674066914287
2026-07-17 11:09:00,-5486.290999271432,1822.3134942197635,-5043.379509244889,-2.463748749559847,-6.676523702844697,0.21998225789916004,EXPLORER 27 (BEACON-C),2973.303533,4957.610629,-5042.98582,8459.594532271432,3135.2971347802363,0.393689244889174,9021.90821992715
2026-07-17 11:12:00,-5849.540098789312,600.280992959455,-4931.976522093844,-1.5628359988519622,-6.869077957804786,1.0146538052813532,EXPLORER 27 (BEACON-C),1932.494851,5553.089519,-4932.153789,7782.034949789311,4952.808526040545,-0.17726690615563712,9224.444714278783
2026-07-17 11:15:00,-6046.247658792509,-638.8389446869955,-4679.817967768338,-0.6173647977497501,-6.865993396200187,1.7803952710114619,EXPLORER 27 (BEACON-C),850.922775,6019.243697,-4680.563865,6897.170433792509,6658.082641686995,-0.7458972316617292,9586.50223035899
2026-07-17 11:18:00,-6070.6145182747705,-1859.7313778120617,-4293.9518323847515,0.3478460015888294,-6.666904442796394,2.4969043623182694,EXPLORER 27 (BEACON-C),-244.37373300000002,6343.402008,-4295.253477,5826.24078527477,8203.133385812062,-1.3016446152487333,10061.634098281567
2026-07-17 11:21:00,-5921.376208376972,-3027.4079801551393,-3785.005042738084,1.3072888757360999,-6.275805840760594,3.1447748885197737,EXPLORER 27 (BEACON-C),-1326.1795390000002,6515.794037,-3786.837571,4595.196669376972,9543.20201715514,-1.8325282619161953,10591.909201302991
2026-07-17 11:24:00,-5601.896977196706,-4108.000985976591,-3166.9944763156864,2.23510172047961,-5.701155571405773,3.7058043061371455,EXPLORER 27 (BEACON-C),-2367.599954,6529.82475,-3169.3183799999997,3234.297023196706,10637.825735976592,-2.3239036843133363,11118.633864994086
2026-07-17 11:27:00,-5120.198627311666,-5069.576907792244,-2457.078012878492,3.1054627142058893,-4.955992844594726,4.163355522240627,EXPLORER 27 (BEACON-C),-3342.570239,6382.339676,-2459.836464,1777.6283883116662,11451.916583792245,-2.7584511215081875,11589.062245847157
2026-07-17 11:30:00,-4488.910873996532,-5882.969789731972,-1675.234962929952,3.89307401641207,-4.058035005800688,4.502783629258541,EXPLORER 27 (BEACON-C),-4226.385911,6073.87261,-1678.353021,262.52496299653194,11956.842399731973,-3.118058070047937,11959.724463820674
2026-07-17 11:33:00,-3725.125477712698,-6522.626332406972,-843.864102863698,4.57375419693258,-3.02970536792834,4.711927649642162,EXPLORER 27 (BEACON-C),-4996.258263000001,5608.8596019999995,-847.2503710000001,-1271.1327852873028,12131.485934406972,-3.3862681363020783,12197.899040464237
2026-07-17 11:36:00,-2850.13369880799,-6967.445832528433,12.711493273033742,5.125147040908688,-1.8980354175865375,4.781654561131487,EXPLORER 27 (BEACON-C),-5631.891229,4995.7958260000005,9.161731,-2781.7575301920097,11963.241658528434,-3.5497622730337426,12282.399543165102
2026-07-17 11:39:00,-1889.0264626623496,-7201.5872236805535,868.8402039126067,5.527538063544595,-0.694381375442424,4.706428467883934,EXPLORER 27 (BEACON-C),-6116.066693,4247.308515,865.2414620000001,-4227.04023033765,11448.895738680552,-3.5987419126066698,12204.306440556713
2026-07-17 11:42:00,-870.1397716420489,-7215.20469179939,1698.239415385231,5.764750372268226,0.5461012375348165,4.4848630033180195,EXPLORER 27 (BEACON-C),-6435.218567,3380.116898,1694.713092,-5565.078795357951,10595.32158979939,-3.5263233852310805,11967.913520107355
2026-07-17 11:45:00,175.6650895171323,-7005.063905728151,2474.7872760177393,5.82507004385563,1.7852687156622777,4.120201819854729,EXPLORER 27 (BEACON-C),-6579.965794,2414.850571,2471.458573,-6755.630883517132,9419.91447672815,-3.3287030177393717,11591.95188324498
2026-07-17 11:48:00,1215.8860085662486,-6574.984703426359,3173.390037348872,5.702130609862083,2.9831070101252184,3.620662850751855,EXPLORER 27 (BEACON-C),-6545.571244,1375.704762,3170.3833640000003,-7761.457252566248,7950.68946542636,-3.0066733488715727,11110.971636141438
2026-07-17 11:51:00,2217.414134938486,-5936.055012137466,3770.894236034358,5.395670127607385,4.099145264310739,2.999579653990951,EXPLORER 27 (BEACON-C),-6332.28756,289.916373,3768.3278689999997,-8549.701694938485,6225.971385137466,-2.5663670343583362,10576.394723497431
2026-07-17 11:54:00,3147.6858862699837,-5106.56640862436,4247.001268133014,4.912066592742282,5.094115115956355,2.2752799162297483,EXPLORER 27 (BEACON-C),-5945.549639999999,-812.941667,4244.981005,-9093.235526269982,4293.62474162436,-2.020263133013941,10055.950966446211
2026-07-17 11:57:00,3975.904234594287,-4111.634799699639,4585.132528565549,4.264561605471337,5.931764900273511,1.4706583451204176,EXPLORER 27 (BEACON-C),-5395.981297,-1901.8349269999999,4583.745114,-9371.885531594287,2209.7998726996393,-1.3874145655490793,9628.886530622784
2026-07-17 12:00:00,4674.265935569507,-2982.4898361257906,4773.188115676688,3.473100301591243,6.580701351918563,0.6124282104683048,EXPLORER 27 (BEACON-C),-4699.189666,-2945.283093,4772.495939,-9373.455601569507,37.20674312579058,-0.6921766766872679,9373.52947055896
2026-07-17 12:03:00,5219.121398631054,-1755.4422114317456,4804.142617566021,2.563747418909618,7.016106337125556,-0.2699298450583076,EXPLORER 27 (BEACON-C),-3875.335926,-3912.470477,4804.180159,-9094.457324631054,-2157.028265568254,0.03754143397873122,9346.760132227913
2026-07-17 12:06:00,5591.990768449329,-470.5661747673572,4676.42845555966,1.5676821099885194,7.221168825402954,-1.1454658887753486,EXPLORER 27 (BEACON-C),-2948.487328,-4774.390057,4677.200279,-8540.47809644933,-4303.823882232642,0.7718234403400857,9563.611594001413
2026-07-17 12:09:00,5780.364781750343,829.8381000912223,4394.07049416367,0.5198222517030588,7.188086738936967,-1.983215562533098,EXPLORER 27 (BEACON-C),-1945.778463,-5504.949768,4395.550176,-7726.143244750343,-6334.787868091223,1.4796818363292914,9991.137520901984
2026-07-17 12:12:00,5778.232258743776,2102.91494550478,3966.554017313805,-0.5428248638938952,6.918529991205103,-2.7536964409673876,EXPLORER 27 (BEACON-C),-896.427814,-6081.974091,3968.685681,-6674.660072743775,-8184.88903650478,2.13166368619477,10561.415632885875
2026-07-17 12:15:00,5586.296625634434,3306.9544375841288,3408.4297289057076,-1.5829525352339593,6.423511187098256,-3.4303198119290372,EXPLORER 27 (BEACON-C),169.337888,-6488.037314,3411.132189,-5416.958737634434,-9794.99175158413,2.7024600942922916,11193.092185903131
2026-07-17 12:18:00,5211.869362977959,4403.018409256791,2738.6814891666327,-2.5647335905563615,5.722676171012038,-3.9905985339974386,EXPLORER 27 (BEACON-C),1221.3833430000002,-6711.0725410000005,2741.853384,-3990.4860199779587,-11114.090950256792,3.1718948333673325,11808.768199398964
2026-07-17 12:21:00,4668.45544867875,5356.392866520487,1979.9020288440986,-3.4554391401486373,4.843091940630686,-4.417055707397166,EXPLORER 27 (BEACON-C),2230.717886,-6744.728558,1983.427926,-2437.7375626787502,-12101.121424520486,3.5258971559014753,12344.21794150745
2026-07-17 12:24:00,3975.0709089900843,6137.786967720865,1157.3360536439804,-4.226772186972662,3.8176627616377448,-4.697776482486235,EXPLORER 27 (BEACON-C),3170.4447200000004,-6588.464532999999,1161.0931950000002,-804.6261889900838,-12726.251500720864,3.7571413560197016,12751.663212291951
2026-07-17 12:27:00,3155.3519179265263,6724.2253322699835,297.8569478014613,-4.855832237419846,2.68333723178106,-4.82658952341253,EXPLORER 27 (BEACON-C),4016.5550709999998,-6247.394598,301.721657,861.2031530734735,-12971.619930269982,3.864709198538719,13000.1772842611
2026-07-17 12:30:00,2236.525939560326,7099.610844800273,-571.0579506699486,-5.325676878120857,1.4792749507449587,-4.80290718917638,EXPLORER 27 (BEACON-C),4748.53741,-5731.917611999999,-567.2045159999999,2512.0114704396738,-12831.528456800272,3.8534346699486832,13075.103785984049
2026-07-17 12:33:00,1248.3172674255022,7254.964522445036,-1422.296925694656,-5.625495241714627,0.24512265825607885,-4.63128699125288,EXPLORER 27 (BEACON-C),5349.790545,-5057.176487,-1418.564915,4101.473277574498,-12312.141009445037,3.7320106946560827,12977.323037168326
2026-07-17 12:36:00,221.85283201596206,7188.373248709164,-2229.985162627955,-5.750447974132816,-0.9804873757562762,-4.320796659101437,EXPLORER 27 (BEACON-C),5807.846106,-4242.399608,-2226.473632,5585.993273984038,-11430.772856709164,3.511530627954926,12722.65307589267
2026-07-17 12:39:00,-811.3784295156914,6904.692577895113,-2970.2303025657807,-5.701253505050972,-2.161150044352543,-3.884270070978282,EXPLORER 27 (BEACON-C),6114.422567,-3310.1764,-2967.026145,6925.800996515691,-10214.868977895112,3.2041575657808608,12341.405023153862
2026-07-17 12:42:00,-1820.4750826131353,6415.0595532237185,-3621.7301894528573,-5.483609767511795,-3.263590372970547,-3.3375334551168803,EXPLORER 27 (BEACON-C),6265.339908,-2285.710184,-3618.908148,8085.814990613135,-8700.769737223718,2.82204145285732,11877.870433984795
2026-07-17 12:45:00,-2775.9600574649,5736.270370226681,-4166.2436743471235,-5.107536012898827,-4.258274395160528,-2.6986646855714786,EXPLORER 27 (BEACON-C),6260.328265,-1196.0842679999998,-4163.866313,9036.2883224649,-6932.35463822668,2.377361347123042,11389.11994531208
2026-07-17 12:48:00,-3650.497440783837,4890.071636574682,-4588.934733292672,-4.586705040937209,-5.119772616835437,-1.987327780980881,EXPLORER 27 (BEACON-C),6102.765237,-69.56398200000001,-4587.052675,9753.262677783838,-4959.635618574682,1.8820582926718998,10941.851848431746
2026-07-17 12:51:00,-4419.492599716539,3902.4042269046895,-4878.605679615398,-3.9378165763407367,-5.826935544872394,-1.2242038486698743,EXPLORER 27 (BEACON-C),5799.369535,1065.054942,-4877.258193,10218.862134716539,-2837.3492849046897,1.3474866153983385,10605.45595948674
2026-07-17 12:54:00,-5061.5860877848345,2802.627481614782,-5027.837223557874,-3.180041662770192,-6.362944663050803,-0.43052146504686384,EXPLORER 27 (BEACON-C),5359.873649,2179.047578,-5027.052527,10421.459736784835,-623.5799036147819,0.7846965578737581,10440.09940361529
2026-07-17 12:57:00,-5559.0551882378695,1622.740489364611,-5033.052229337435,-2.334548644851185,-6.7152977872360475,0.37232470511135674,EXPLORER 27 (BEACON-C),4796.693128,3244.315011,-5032.847589,10355.74831623787,1621.5745216353891,0.20464033743519394,10481.938139502552
2026-07-17 13:00:00,-5898.137228813141,396.6076224479608,-4894.517048304967,-1.424105169261083,-6.8757776659043675,1.1630879881111185,EXPLORER 27 (BEACON-C),4124.601542,4233.903457,-4894.898694,10022.738770813141,3837.2958345520397,-0.3816456950335123,10732.200703280048
2026-07-17 13:03:00,-6069.286622839613,-840.8119274838311,-4616.290044953553,-0.47273826375106476,-6.840439361743605,1.9209429921176373,EXPLORER 27 (BEACON-C),3360.41428,5122.497902,-4617.252667999999,9429.700902839613,5963.309829483831,-0.9626230464464243,11157.07507217173
2026-07-17 13:06:00,-6067.373629503604,-2054.2357883722125,-4206.122053108441,0.49457405782333447,-6.609637054971019,2.6257465969650666,EXPLORER 27 (BEACON-C),2522.678767,5886.90128,-4207.648182,8590.052396503605,7941.1370683722125,-1.526128891558983,11698.31870152382
2026-07-17 13:09:00,-5891.827695062601,-3208.8386913292,-3675.3085584935225,1.4522113169538662,-6.188095518575096,3.258314066594702,EXPLORER 27 (BEACON-C),1631.364625,6506.507019999999,-3677.367603,7523.1923200626015,9715.345711329199,-2.059044506477676,12287.651086149697
2026-07-17 13:12:00,-5546.722488741752,-4271.048519776486,-3038.4888674382114,2.374252675448221,-5.585016260802289,3.8007339970138894,EXPLORER 27 (BEACON-C),707.545745,6963.769991,-3041.036138,6254.268233741753,11234.818510776486,-2.5472705617885367,12858.344551234599
2026-07-17 13:15:00,-5040.79391253921,-5209.362291333379,-2313.3838124458293,3.234884607521446,-4.814193677018988,4.236739639843475,EXPLORER 27 (BEACON-C),-226.936941,7244.675266,-2316.359079,4813.8569715392105,12454.03755733338,-2.975266554170503,13352.014053097688
2026-07-17 13:18:00,-4387.37700853914,-5995.1807784110715,-1520.4610847318604,4.008901162381435,-3.8941030851406495,4.552145547337373,EXPLORER 27 (BEACON-C),-1149.841389,7339.195748,-1523.78655,3237.5356195391396,13334.376526411072,-3.3254652681396237,13721.779960872662
2026-07-17 13:21:00,-3604.2434581235902,-6603.652717655873,-682.516512501444,4.672315051747667,-2.847911170364364,4.73534751525292,EXPLORER 27 (BEACON-C),-2038.926686,7241.725166,-686.096164,1565.3167721235902,13845.377883655874,-3.579651498556018,13933.582387606695
2026-07-17 13:24:00,-2713.3190082616325,-7014.509936915319,175.83903376214244,5.203084912604804,-1.703351547796264,4.777870715070448,EXPLORER 27 (BEACON-C),-2872.398746,6951.467554999999,172.116391,-159.07973773836738,13965.977491915317,-3.722642762142442,13966.883959055192
2026-07-17 13:27:00,-1740.2604689497225,-7212.863999395578,1028.7935471311962,5.581947219400964,-0.4924057179017559,4.6749364082017095,EXPLORER 27 (BEACON-C),-3629.4034589999997,6472.753957999999,1025.048945,-1889.1429900502771,13685.617957395578,-3.7446021311961886,13815.390480717131
2026-07-17 13:30:00,-713.875642848641,-7189.924301186099,1850.048432300118,5.793321252391276,0.7492653216645015,4.426003051221302,EXPLORER 27 (BEACON-C),-4290.560451,5815.246217,1846.408212,-3576.6848081513594,13005.1705181861,-3.640220300118017,13488.037206175015
2026-07-17 13:33:00,334.6228250425486,-6943.588549426274,2613.624309700846,5.8262340332700795,1.98317938989046,4.03522495128263,EXPLORER 27 (BEACON-C),-4838.522315,4993.989861,2610.216046,-5173.1451400425485,11937.578410426275,-3.408263700845964,13010.273654358036
2026-07-17 13:36:00,1372.5271123384186,-6478.851067373358,3294.737448283917,5.6751920272214464,3.16919783394173,3.51176347485244,EXPLORER 27 (BEACON-C),-5258.538062,4029.2805639999997,3291.6853020000003,-6631.065174338419,10508.131631373359,-3.0521462839164997,12425.452307428895
2026-07-17 13:39:00,2366.689924224715,-5807.974286033424,3870.7140663823475,5.340911326649077,4.26697988222371,2.869884846356242,EXPLORER 27 (BEACON-C),-5538.992427,2946.316975,3868.1328080000003,-7905.682351224716,8754.291261033424,-2.581258382347187,11795.653249581686
2026-07-17 13:42:00,3284.6919032618875,-4950.375537540048,4321.8983412577845,4.830811889114302,5.237670467824226,2.128786996844642,EXPLORER 27 (BEACON-C),-5671.888585,1774.619091,4319.888025,-8956.580488261887,6724.994628540047,-2.010316257784325,11200.262980750831
2026-07-17 13:45:00,4096.069663424297,-3932.195456751793,4632.501207059264,4.159187526243163,6.045724787645631,1.3121167257069433,EXPLORER 27 (BEACON-C),-5653.23331,547.209884,4631.141885,-9749.302973424295,4479.405340751793,-1.3593220592638318,10729.118441052458
2026-07-17 13:48:00,4773.53921971122,-2785.535348001227,4791.332732283214,3.3469835174597997,6.660737728799103,0.4471668111064112,EXPLORER 27 (BEACON-C),-5483.291181,-700.417472,4790.678969,-10256.83040071122,2085.1178760012267,-0.6537632832141753,10466.627291213736
2026-07-17 13:51:00,5294.140509995734,-1547.3769571142125,4792.362429181028,2.4211474107385045,7.059123601199982,-0.4362222109072705,EXPLORER 27 (BEACON-C),-5166.679977,-1931.5080759999998,4792.4395159999995,-10460.820486995734,-384.1311188857874,0.07708681897111092,10467.870938428143
2026-07-17 13:54:00,5640.226712234151,-258.22631531283406,4635.059871593791,1.4135625197123844,7.225487383834947,-1.306993789250892,EXPLORER 27 (BEACON-C),-4712.287758,-3109.372447,4635.862868,-10352.514470234151,-2851.146131687166,0.8029964062088766,10737.950957489302
2026-07-17 13:57:00,5800.228290866684,1039.4498679896378,4324.482169640261,0.3596220321818835,7.153546495244832,-2.1343456290488736,EXPLORER 27 (BEACON-C),-4133.002902,-4198.757995,4325.977406,-9933.231192866684,-5238.207862989638,1.4952363597385556,11229.77763727127
2026-07-17 14:00:00,5769.13617655948,2302.9051239311684,3871.093911548012,-0.7034530911197107,6.846501864879867,-2.889220329422648,EXPLORER 27 (BEACON-C),-3445.2650860000003,-5167.17825,3873.2217570000003,-9214.40126255948,-7470.083373931168,2.127845451988378,11862.01250921052
2026-07-17 14:03:00,5548.669958904467,3490.80815448561,3290.327025061358,-1.7384152219411872,6.316814431130717,-3.5456901314987546,EXPLORER 27 (BEACON-C),-2668.464764,-5986.115734,3293.0056860000004,-8217.134722904468,-9476.92388848561,2.678660938642224,12543.261004130303
2026-07-17 14:06:00,5147.12300353685,4564.846201002165,2601.909874368785,-2.709757032621181,5.585409636260463,-4.082119185011241,EXPLORER 27 (BEACON-C),-1824.229226,-6632.027190000001,2605.039746,-6971.352229536849,-11196.873391002166,3.1298716312148827,13189.758733142056
2026-07-17 14:09:00,4578.9035808879125,5491.140722096315,1829.0137533272539,-3.5852971196361936,4.6803967832085,-4.482013438523504,EXPLORER 27 (BEACON-C),-935.640624,-7087.094764,1832.4825190000001,-5514.544204887912,-12578.235486096315,3.468765672746258,13733.980404955104
2026-07-17 14:12:00,3863.815567460528,6241.399281076261,997.2780023857247,-4.337464242601101,3.6354407305518754,-4.734507562912013,EXPLORER 27 (BEACON-C),-26.436411,-7339.692650999999,1000.9671940000001,-3890.2519784605283,-13581.09193207626,3.689191614275387,14127.283253816273
2026-07-17 14:15:00,3026.140546147155,6793.755075489204,133.78043415841103,-4.94420328395325,2.487951486724798,-4.834482938733241,EXPLORER 27 (BEACON-C),879.7603379999999,-7384.562552,137.571701,-2146.380208147155,-14178.317627489203,3.791266841588964,14339.862381403844
2026-07-17 14:18:00,2093.592836493091,7133.276129058924,-733.9828067913356,-5.389476531653809,1.2772590845879879,-4.782352363398413,EXPLORER 27 (BEACON-C),1760.138242,-7222.7156239999995,-730.203211,-333.454594493091,-14355.991753058923,3.7795957913356233,14359.864395802235
2026-07-17 14:21:00,1096.2194775504495,7252.155027692392,-1579.0532822530886,-5.663382098567163,0.042918876159645444,-4.5835786652996084,EXPLORER 27 (BEACON-C),2593.29315,-6861.100682,-1575.391588,1497.0736724495505,-14113.255709692392,3.6616942530886263,14192.435651286612
2026-07-17 14:24:00,65.30957239322062,7149.613226177065,-2375.861596859423,-5.761949148569099,-1.1767468488970916,-4.248011713254637,EXPLORER 27 (BEACON-C),3359.706988,-6312.090775000001,-2372.414347,3294.3974156067793,-13461.704001177066,3.4472498594232093,13858.95164977477
2026-07-17 14:27:00,-967.6358966592074,6831.568990143112,-3100.9493175493226,-5.686692424149649,-2.3458117759364137,-3.789130844171776,EXPLORER 27 (BEACON-C),4042.108032,-5592.843344999999,-3097.802134,5009.743928659207,-12424.412335143112,3.1471835493225626,13396.401233508885
2026-07-17 14:30:00,-1971.8386746299832,6310.124429905636,-3733.55186713247,-5.444015594849713,-3.431599025234682,-3.2232700152192337,EXPLORER 27 (BEACON-C),4625.718621,-4724.583781,-3730.7796000000003,6597.557295629983,-11034.708210905635,2.772267132469551,12856.615233194689
2026-07-17 14:33:00,-2918.0630540881302,5602.925858825416,-4256.045213628245,-5.044546597211262,-4.405248027313988,-2.568885286985941,EXPLORER 27 (BEACON-C),5098.404202,-3731.8591239999996,-4253.712133999999,8016.46725608813,-9334.784982825415,2.3330796282452866,12304.550515430321
2026-07-17 14:36:00,-3779.315391645991,4732.444866917497,-4654.2679270014805,-4.502472634914793,-5.242042777178254,-1.8459031488233997,EXPLORER 27 (BEACON-C),5450.744804999999,-2641.7969270000003,-4652.427581,9230.06019664599,-7374.2417939174975,1.8403460014806114,11814.12106996291
2026-07-17 14:39:00,-4531.428075906443,3725.2173550294056,-4917.73505744135,-3.8349224135510407,-5.921562329446119,-1.0751675359569077,EXPLORER 27 (BEACON-C),5676.0502910000005,-1483.391208,-4916.429725,10207.478366906444,-5208.608563029406,1.3053324413504015,11459.590720336353
2026-07-17 14:42:00,-5153.53917084554,2611.066450770272,-5039.761704948444,-3.061422349274608,-6.4277167405723175,-0.27798570853888543,EXPLORER 27 (BEACON-C),5770.339466,-286.824996,-5039.0222539999995,10923.87863684554,-2897.8914467702716,0.7394509484447553,11301.721101521767
2026-07-17 14:45:00,-5628.48183882877,1422.3243792802816,-5017.512818765302,-2.2034345609221577,-6.748726087957989,0.5242402878106831,EXPLORER 27 (BEACON-C),5732.297127000001,917.170022,-5017.35875,11360.778965828771,-505.1543572802816,0.15406876530141744,11372.004205892375
2026-07-17 14:48:00,-5943.097494322224,193.0591031599652,-4851.992503088411,-1.283968857100445,-6.87708942349605,1.3103188448284384,EXPLORER 27 (BEACON-C),5563.219572,2097.9193179999997,-4852.431314,11506.317066322223,1904.8602148400346,-0.438810911589826,11662.925236036346
2026-07-17 14:51:00,-6088.484133174838,-1041.6954821844158,-4547.981680455294,-0.3272491474904322,-6.809576814932162,2.059537845834251,EXPLORER 27 (BEACON-C),5266.957416,3225.384889,-4549.008075,11355.441549174837,4267.0803711844155,-1.0263945447059086,12130.706027447837
2026-07-17 14:54:00,-6060.18709334454,-2246.711506451644,-4113.928031457301,0.6415933306549436,-6.547262589622957,2.751926073935695,EXPLORER 27 (BEACON-C),4849.858207,4270.730552,-4115.523424999999,10910.04530034454,6517.442058451644,-1.59539354269873,12708.506678053285
2026-07-17 14:57:00,-5858.334235594729,-3387.348804518101,-3561.787227616659,1.596832140093924,-6.09560250669589,3.368533912767405,EXPLORER 27 (BEACON-C),4320.7057589999995,5206.883167999999,-3563.919039,10179.039994594728,8594.2319725181,-2.131811383340846,13321.924896711856
2026-07-17 15:00:00,-5487.71173339048,-4430.353111514456,-2906.810058260455,2.512496573394429,-5.464542429870311,3.891756102427073,EXPLORER 27 (BEACON-C),3690.6499160000003,6009.096558,-2909.4305830000003,9178.361649390481,10439.449669514455,-2.6205247395450897,13900.519372903926
2026-07-17 15:03:00,-4957.770862412584,-5344.6742030124715,-2167.266539547816,3.362792817381942,-4.668631617551368,4.3057127064047584,EXPLORER 27 (BEACON-C),2973.1165419999998,6655.52157,-2170.312148,7930.887404412584,12000.19577301247,-3.045608452183842,14384.146929443796
2026-07-17 15:06:00,-4282.550957071401,-6102.301573820293,-1364.0959048738866,4.122621240722217,-3.7271006092225636,4.596695442973756,EXPLORER 27 (BEACON-C),2183.685144,7127.780335,-1367.487103,6466.236101071401,13230.081908820293,-3.391198126113295,14725.735571750492
2026-07-17 15:09:00,-3480.4997158098563,-6679.107179863665,-520.4709502045722,4.768206279143755,-2.6638528634407197,4.753675207222701,EXPLORER 27 (BEACON-C),1339.9180139999999,7411.534344,-524.112486,4820.417729809857,14090.641523863665,-3.641535795427785,14892.36780719168
2026-07-17 15:12:00,-2574.1700434893833,-7055.674939907651,338.73301888895554,5.277841881703231,-1.507312268816842,4.768853276637163,EXPLORER 27 (BEACON-C),461.12600799999996,7497.024694,334.951945,3035.296051489383,14552.69963390765,-3.781073888955518,14865.87041015233
2026-07-17 15:15:00,-1589.7734137947443,-7218.085924988278,1187.5700602864317,5.632738063536549,-0.29006729320842123,4.638224145332617,EXPLORER 27 (BEACON-C),-431.939822,7379.55902,1183.7732290000001,1157.8335917947443,14597.644944988278,-3.7968312864315976,14643.491079047988
2026-07-17 15:18:00,-556.5740314110121,-7158.617689998451,1999.7546594968687,5.817933716288093,0.9517411298355926,4.362103603629503,EXPLORER 27 (BEACON-C),-1317.4818089999999,7059.9151919999995,1996.07323,-760.9077775889878,14218.53288199845,-3.681429496868759,14238.878871434707
2026-07-17 15:21:00,493.88368368488136,-6876.30766243511,2749.480773364162,5.823219372441767,2.179325228933727,3.9455636788687665,EXPLORER 27 (BEACON-C),-2173.1433119999997,6544.619304999999,2746.047387,-2667.026995684881,13420.926967435109,-3.4333863641618336,13683.359435792103
2026-07-17 15:24:00,1528.7096280716214,-6377.325782416986,3412.30620024015,5.643994050769668,3.3524612505204616,3.3987089761428724,EXPLORER 27 (BEACON-C),-2976.5854929999996,5846.051227,3409.249256,-4505.295121071621,12223.377009416985,-3.0569442401497327,13027.226834104162
2026-07-17 15:27:00,2514.74459545718,-5675.1025048462725,3966.067539944475,5.281966340935895,4.430982960330531,2.736729444742795,EXPLORER 27 (BEACON-C),-3706.136411,4982.340746,3963.5049929999996,-6220.88100645718,10657.443250846272,-2.5625469444753435,12340.197069259279
2026-07-17 15:30:00,3419.741955840811,-4790.166162363164,4391.779963055592,4.745605386929536,5.376495397694076,1.979674684228276,EXPLORER 27 (BEACON-C),-4341.48942,3977.027508,4389.812916,-7761.231375840811,8767.193670363165,-1.9670470555920474,11708.98805158951
2026-07-17 15:33:00,4213.600967814645,-3749.658972476408,4674.467912896994,4.050255553279688,6.154206448713596,1.1519153223384169,EXPLORER 27 (BEACON-C),-4864.42063,2858.468389,4673.1753739999995,-9078.021597814644,6608.127361476409,-1.2925388969943015,11228.438227400065
2026-07-17 15:36:00,4869.58471400203,-2586.522890014495,4803.869490360358,3.217850798852408,6.734740217748089,0.28128662600330245,EXPLORER 27 (BEACON-C),-5259.48302,1658.991865,4803.305505,-10129.06773400203,4245.514755014495,-0.5639853603579468,10982.82336255693
2026-07-17 15:39:00,5365.4475076263925,-1338.3730638699599,4774.95988769742,2.2762002356796573,7.0957759741574575,-0.6020548075399731,EXPLORER 27 (BEACON-C),-5514.628653,413.826884,4775.150809000001,-10880.076160626391,1752.19994786996,0.1909213025810459,11020.265965701425
2026-07-17 15:42:00,5684.395782961344,-46.104852625180555,4588.248313695596,1.2578613929464055,7.223355374564062,-1.466993615343614,EXPLORER 27 (BEACON-C),-5621.716244,-840.1418140000001,4589.19043,-11306.112026961344,-794.0369613748195,0.9421163044034984,11333.960682383386
2026-07-17 15:45:00,5815.813953730962,1247.693419119732,4249.81792798839,0.19866623030583744,7.112721832227911,-2.282937880330255,EXPLORER 27 (BEACON-C),-5576.868189,-2065.72665,4251.477324,-11392.682142730962,-3313.420069119732,1.6593960116106246,11864.736057466322
2026-07-17 15:48:00,5755.702349458205,2500.4292315931366,3771.0979813427207,-0.8639908281374699,6.76859867323327,-3.0213003488566046,EXPLORER 27 (BEACON-C),-5380.6491129999995,-3226.821608,3773.4128769999998,-11136.351462458206,-5727.250839593136,2.3148956572790667,12522.768521128115
2026-07-17 15:51:00,5506.79670920198,3671.1918184625583,3168.37941390534,-1.892961708242967,6.204872077553918,-3.656852685353591,EXPLORER 27 (BEACON-C),-5038.049231999999,-4289.732099000001,3171.264416,-10544.84594120198,-7960.923917462559,2.8850020946601944,13212.49763922584
2026-07-17 15:54:00,5078.36520974099,4722.330459247336,2462.1067555321383,-2.853096293939078,5.443711728446603,-4.1688393956283765,EXPLORER 27 (BEACON-C),-4558.276063,-5224.367351,2465.458466,-9636.641272740992,-9946.697810247337,3.3517104678617216,13849.247762309597
2026-07-17 15:57:00,4485.706098954863,5620.831490754001,1675.9972530990933,-3.7127920213571723,4.514225079870901,-4.541767263294245,EXPLORER 27 (BEACON-C),-3954.373782,-6005.227076,1679.699945,-8440.079880954863,-11626.058566754,3.702691900906757,14366.634954101828
2026-07-17 16:00:00,3749.3928238660524,6339.421870195274,836.0500549828238,-4.445226735046304,3.4507888312322494,-4.765826981180567,EXPLORER 27 (BEACON-C),-3242.701958,-6612.134134999999,839.981,-6992.0947818660525,-12951.556005195274,3.9309450171762137,14718.430889420142
2026-07-17 16:03:00,2894.330683004883,6857.3554742585775,-30.48761850372117,-5.029205101198433,2.2912253418788806,-4.836948481814152,EXPLORER 27 (BEACON-C),-2442.316918,-7030.691079,-26.452623,-5336.647601004883,-13888.046553258577,4.03499550372117,14878.093324212527
2026-07-17 16:06:00,1948.6973600495567,7160.868974178795,-896.1342489382947,-5.449599824615489,1.0749894807012716,-4.756531969100123,EXPLORER 27 (BEACON-C),-1574.300997,-7252.464879,-892.115726,-3522.998357049557,-14413.333853178796,4.018522938294723,14837.645579251797
2026-07-17 16:09:00,942.8388344007026,7243.3223434464835,-1734.1151288344295,-5.6974161818114375,-0.1584941230617519,-4.530926082690454,EXPLORER 27 (BEACON-C),-661.0808079999999,-7274.923645999999,-1730.226236,-1603.9196424007025,-14518.245989446483,3.888892834429498,14606.575230109389
2026-07-17 16:12:00,-91.81652978110786,7105.0610428361,-2519.192823931226,-5.769544274388641,-1.3712446238969562,-4.170739418435459,EXPLORER 27 (BEACON-C),274.229256,-7101.164014000001,-2515.5371600000003,366.0457857811079,-14206.225056836101,3.6556639312257175,14210.940617940982
2026-07-17 16:15:00,-1123.7768698599587,6753.050584063665,-3228.364981239374,-5.668283825696701,-2.5278376584993936,-3.6900718229478318,EXPLORER 27 (BEACON-C),1208.430155,-6739.478683,-3225.035073,2332.2070248599584,-13492.529267063666,3.329908239374163,13692.609200501729
2026-07-17 16:18:00,-2122.406040477554,6200.339241246402,-3841.422281678234,-5.400731087271993,-3.596209842031539,-3.1057404091758896,EXPLORER 27 (BEACON-C),2118.772859,-6202.81562,-3838.498571,4241.178899477554,-12403.154861246403,2.923710678233874,13108.236247394922
2026-07-17 16:21:00,-3058.7262254959724,5465.402392965446,-4341.371215994078,-4.978109313147546,-4.548182871663748,-2.436556549485956,EXPLORER 27 (BEACON-C),2983.419992,-5508.174429,-4338.9217659999995,6042.146217495972,-10973.576821965446,2.44944999407835,12527.04774402107
2026-07-17 16:24:00,-3906.1002591824613,4571.414434444717,-4714.734459475881,-4.415107687580189,-5.359758163028931,-1.702688742966431,EXPLORER 27 (BEACON-C),3781.8390600000002,-4675.97698,-4712.815702,7687.939319182462,-9247.391414444717,1.9187574758807386,12025.749981976502
2026-07-17 16:27:00,-4640.799676106545,3545.4837178503153,-4951.745868921974,-3.729273085297995,-6.011243983105844,-0.9251258795014996,EXPLORER 27 (BEACON-C),4495.1355140000005,-3729.4372030000004,-4950.403269,9135.935190106546,-7274.920920850316,1.3425999219734877,11678.603855128715
2026-07-17 16:30:00,-5242.470402036482,2417.874625189393,-5046.458002909585,-2.940478302430298,-6.487277889111057,-0.12523836332128424,EXPLORER 27 (BEACON-C),5106.335139999999,-2693.9489360000002,-5045.72529,10348.80554203648,-5111.823561189393,0.732712909584734,11542.465802612724
2026-07-17 16:33:00,-5694.510364666248,1221.2302224330674,-4996.778329879244,-2.07047187729524,-6.776800652490185,0.6755781365019516,EXPLORER 27 (BEACON-C),5600.630735999999,-1596.5016910000002,-4996.675923000001,11295.141100666247,-2817.7319134330673,0.10240687924306258,11641.298279419965
2026-07-17 16:36:00,-5984.3727334901105,-10.199984946803987,-4804.446759063095,-1.1424995814654635,-6.8730264308081015,1.4561997718535526,EXPLORER 27 (BEACON-C),5965.607696,-465.122375,-4804.981006,11949.980429490111,-454.922390053196,-0.5342469369052196,11958.636499684577
2026-07-17 16:39:00,-6103.805680860931,-1241.3293007061677,-4474.962562312942,-0.18097647211279463,-6.773439919677348,2.196040104596404,EXPLORER 27 (BEACON-C),6191.457008,671.664671,-4476.125315,12295.26268886093,1912.9939717061677,-1.1627526870579459,12443.19218994361
2026-07-17 16:42:00,-6049.035155099853,-2437.0062610833834,-4017.4637870951237,0.7888190719883267,-6.479836066563857,2.875312653935658,EXPLORER 27 (BEACON-C),6271.179875,1785.366071,-4019.2313169999998,12320.215030099853,4222.372332083383,-1.767529904876028,13023.67573393946
2026-07-17 16:45:00,-5820.891766750586,-3562.797829529377,-3444.5574142903024,1.7410619313019218,-5.998402563657247,3.475316765772042,EXPLORER 27 (BEACON-C),6200.787612,2848.045303,-3446.88958,12021.679378750585,6410.843132529377,-2.3321657096976196,13624.231728592003
2026-07-17 16:48:00,-5424.877052176961,-4585.789760089959,-2772.094233026183,2.6497407962414017,-5.339830302467712,3.9787685358891873,EXPLORER 27 (BEACON-C),5979.494707999999,3832.857635,-2774.934552,11404.37176017696,8418.647395089958,-2.840318973817375,14175.095318007161
2026-07-17 16:51:00,-4871.158630366229,-5475.406760525774,-2018.8791018269446,3.489093478221802,-4.51942273530466,4.3701914858819375,EXPLORER 27 (BEACON-C),5609.895031999999,4714.601437,-2022.1548070000001,10481.053662366228,10190.008197525774,-3.275705173055485,14618.097128877183
2026-07-17 16:54:00,-4174.478695078094,-6204.248883957174,-1206.3053606731967,4.234141638255592,-3.5571623091823077,4.6363722910102245,EXPLORER 27 (BEACON-C),5098.106472,5470.286150000001,-1209.927103,9272.585167078094,11674.535033957174,-3.6217423268033144,14908.910659629952
2026-07-17 16:57:00,-3353.9565611523685,-6748.932211207825,-357.90208962266087,4.861339549438875,-2.477681874946151,4.766875192509348,EXPLORER 27 (BEACON-C),4453.86745,6079.713744,-361.764515,7807.824011152368,12828.645955207825,-3.86242537733915,15017.865619039456
2026-07-17 17:00:00,-2432.764375103354,-7090.911876153243,501.2148991335793,5.349337380497355,-1.3100827655734653,4.75459517639034,EXPLORER 27 (BEACON-C),3690.562628,6526.0645,497.23150799999996,6123.3270031033535,13616.976376153243,-3.983391133579346,14930.41175195966
2026-07-17 17:03:00,-1437.6563969971253,-7217.254711126853,1344.9926662700998,5.679841553818123,-0.08754099852703624,4.596315450672095,EXPLORER 27 (BEACON-C),2825.1517089999998,6796.467595,1341.019832,4262.808105997125,14013.722306126852,-3.9728342700998382,14647.728888984948
2026-07-17 17:06:00,-398.337146642156,-7121.318547672817,2147.1881937873754,5.8385340580182525,1.1533492391088564,4.293220740664565,EXPLORER 27 (BEACON-C),1877.976035,6882.5280250000005,2143.3655559999997,2276.313181642156,14003.846572672817,-3.8226377873756974,14187.6472730484
2026-07-17 17:09:00,653.3374371878533,-6803.2871827213075,2882.1997994797625,5.815991249133518,2.373528523823052,3.8513066382103474,EXPLORER 27 (BEACON-C),872.42331,6780.774023,2878.669444,219.0858728121467,13584.061205721307,-3.53035547976242,13585.82827522335
2026-07-17 17:12:00,1684.3189931240565,-6270.50609911163,3525.9582364720595,5.60852373020662,3.5327283274231855,3.281619304499243,EXPLORER 27 (BEACON-C),-165.562245,6492.988402,3522.8569989999996,-1849.8812381240566,12763.494501111629,-3.1012374720598928,12896.854736436479
2026-07-17 17:15:00,2661.463391177891,-5537.565973839973,4056.8408115849315,5.218846125280907,4.591001855136448,2.6002618066171914,EXPLORER 27 (BEACON-C),-1208.130817,6026.383663,4054.292607,-3869.5942081778912,11563.949636839972,-2.548204584931682,12194.207519666123
2026-07-17 17:18:00,3552.725490309882,-4626.090027718141,4456.561219140689,4.656482771599275,5.510461018644121,1.8281151228039547,EXPLORER 27 (BEACON-C),-2226.3307179999997,5393.582136,4454.671148,-5779.056208309881,10019.67216371814,-1.890071140688633,11566.819982154217
2026-07-17 17:21:00,4328.396215242128,-3564.1976205515,4710.980399635076,3.9378255041858927,6.2571116014044765,0.9902438407949061,EXPLORER 27 (BEACON-C),-3191.035511,4612.371178,4709.829062,-7519.431726242128,8176.568798551501,-1.1513376350758335,11108.471187730602
2026-07-17 17:24:00,4962.313278721802,-2385.639227482132,4810.781302947803,3.0857839908036535,6.802646775408728,0.11498736887445613,EXPLORER 27 (BEACON-C),-4073.9530010000003,3705.229746,4810.4188619999995,-9036.266279721802,6090.868973482132,-0.36244094780340674,10897.375521726688
2026-07-17 17:27:00,5432.9697056231635,-1128.6248931677642,4751.954112662383,2.129006221538018,7.126041525956396,-0.7672263598276332,EXPLORER 27 (BEACON-C),-4848.670124,2698.628224,4752.398813,-10281.639829623164,3827.2531171677642,0.44470033761717787,10970.869801739615
2026-07-17 17:30:00,5724.444660299017,165.60365500420934,4536.048600304651,1.1006927786255334,7.214792675294563,-1.6252713114432462,EXPLORER 27 (BEACON-C),-5491.66866,1622.1203529999998,4537.288235999999,-11216.113320299017,1456.5166979957905,1.2396356953486247,11310.289140513882
2026-07-17 17:33:00,5827.089791199797,1454.3814892100863,4170.1662194346845,0.03707700238588036,7.065673718960396,-2.428813968350075,EXPLORER 27 (BEACON-C),-5983.241363,507.276025,4172.158965,-11810.331154199797,-947.1054642100863,1.99274556531509,11848.246060207975
2026-07-17 17:36:00,5737.9210656116975,2695.31444669076,3666.6847888992615,-1.0243138087528656,6.68491935562624,-3.1497814304102425,EXPLORER 27 (BEACON-C),-6308.249454,-613.48014,3669.360324,-12046.170519611696,-3308.7945866907603,2.6755351007386707,12492.33176644633
2026-07-17 17:39:00,5460.689282877403,3847.953443462386,3042.7308092847193,-2.0464714871866416,6.087815767181262,-3.7636817982399307,EXPLORER 27 (BEACON-C),-6456.676616000001,-1708.055341,3045.993609,-11917.365898877404,-5556.008784462386,3.262799715280835,13148.872735965286
2026-07-17 17:42:00,5005.629346569717,4875.345323315938,2319.4356950595807,-2.9946398838091417,5.297739854365909,-4.2506671555946145,EXPLORER 27 (BEACON-C),-6423.947222,-2745.8294640000004,2323.170701,-11429.576568569717,-7621.174787315938,3.7350059404193416,13737.45025926891
2026-07-17 17:45:00,4388.9153019665455,5745.3693753167,1521.0294447861413,-3.837825630254747,4.3447520396410475,-4.596261082290164,EXPLORER 27 (BEACON-C),-6210.997402,-3698.682714,1525.1091270000002,-10599.912703966545,-9444.0520893167,4.0796822138588595,14196.77026091658
2026-07-17 17:48:00,3631.8712259138188,6431.791462748133,673.8359632617013,-4.549977750869593,3.2638917835722077,-4.791714803466063,EXPLORER 27 (BEACON-C),-5824.106851,-4541.854232,678.1264540000001,-9455.978076913818,-10973.645694748133,4.290490738298786,14485.732278115931
2026-07-17 17:51:00,2760.004010983215,6914.996766472213,-194.76302404097166,-5.110773805316712,2.0933450698451956,-4.834000875559534,EXPLORER 27 (BEACON-C),-5274.522312,-5254.594230000001,-190.395959,-8034.526322983214,-12169.590996472212,4.367065040971653,14582.612157202317
2026-07-17 17:54:00,1801.9310149984715,7182.392749378724,-1057.3336517530618,-5.506001427665592,0.8726468737557351,-4.725492479483695,EXPLORER 27 (BEACON-C),-4577.917766,-5820.596749,-1053.0194099999999,-6379.848780998471,-13002.989498378724,4.314241753061879,14483.791802426495
2026-07-17 17:57:00,788.2733539088457,7228.501420523959,-1887.3147771635122,-5.727570254206773,-0.35894701216324937,-4.473403597598987,EXPLORER 27 (BEACON-C),-3753.7401889999996,-6228.217133,-1883.174291,-4542.013542908845,-13456.718553523959,4.140486163512151,14202.576470357377
2026-07-17 18:00:00,-249.42410450140835,7054.780749848632,-2659.8267175312612,-5.7732230403359015,-1.5638272719458162,-4.0890776117050605,EXPLORER 27 (BEACON-C),-2824.492129,-6470.496289,-2655.969813,-2575.068024498592,-13525.277038848631,3.8569045312610797,13768.228251453185
2026-07-17 18:03:00,-1279.699529791418,6669.227348349287,-3352.3445444450304,-5.646032752039608,-2.7070932943646193,-3.587209778702063,EXPLORER 27 (BEACON-C),-1814.9959580000002,-6545.0262410000005,-3348.8680980000004,-535.2964282085823,-13214.253589349288,3.4764464450299783,13225.091768126347
2026-07-17 18:06:00,-2272.077517504531,6085.816300881085,-3945.2310681278595,-5.353774929159317,-3.757309387131707,-2.9850759314295554,EXPLORER 27 (BEACON-C),-751.673253,-6453.694531,-3942.218292,1520.404264504531,-12539.510831881085,3.0127761278595244,12631.348704996099
2026-07-17 18:09:00,-3197.8543691966693,5323.83074298224,-4422.135943046149,-4.908254843896587,-4.686987421384125,-2.3018202001778363,EXPLORER 27 (BEACON-C),338.13649200000003,-6202.344521,-4419.656045,3535.9908611966694,-11526.17526398224,2.4798980461491738,12056.365693541182
2026-07-17 18:12:00,-4030.7633281549565,4407.125589025725,-4770.2747625896045,-4.324651440413896,-5.472849476350394,-1.5578330370558768,EXPLORER 27 (BEACON-C),1426.804685,-5800.386252,-4768.38258,5457.568013154956,-10207.511841025726,1.89218258960409,11574.901735360327
2026-07-17 18:15:00,-4747.526965518475,3363.3590567279157,-4980.60563379437,-3.6209192138431536,-6.0959332731445945,-0.7742308161022914,EXPLORER 27 (BEACON-C),2486.9872480000004,-5260.385238,-4979.341261,7234.514213518475,-8623.744294727916,1.2643727943705017,11256.427637802843
2026-07-17 18:18:00,-5328.309232715108,2223.2142931075773,-5047.921082481359,-2.8172686046698674,-6.541602602258518,0.02756811631442588,EXPLORER 27 (BEACON-C),3492.148247,-4597.648771,-5047.310337,8820.457479715107,-6820.863064107578,0.6107454813591175,11150.096119037686
2026-07-17 18:21:00,-5757.0815615415795,1019.6229723365587,-4970.871020889436,-1.9357274127183268,-6.799517335716653,0.8261879926947147,EXPLORER 27 (BEACON-C),4417.04344,-3829.81914,-4970.926306,10174.125001541579,-4849.442112336559,-0.055285110564000206,11270.75455996417
2026-07-17 18:24:00,-6021.91642316497,-213.00584572044636,-4751.928736240256,-0.9997712701767717,-6.863605615114621,1.6005853110631652,EXPLORER 27 (BEACON-C),5238.171716,-2976.4789,-4752.648472,11260.088139164971,-2763.4730542795537,-0.7197357597442533,11594.238601198114
2026-07-17 18:27:00,-6115.218644762935,-1439.5545236430082,-4397.3071705163875,-0.034000618085551215,-6.7320664943547515,2.3303117283920676,EXPLORER 27 (BEACON-C),5934.205723,-2058.769582,-4398.674378,12049.424367762935,-619.2150583569917,-1.3672074836122192,12065.324560582345
2026-07-17 18:30:00,-6033.900183924052,-2624.9698812076667,-3916.827776759742,0.9361652717898755,-6.407416084409007,2.9957784486199284,EXPLORER 27 (BEACON-C),6486.413619,-1099.0172109999999,-3918.809376,12520.31380292405,1525.9526702076669,-1.9815992402582197,12612.961317713614
2026-07-17 18:33:00,-5779.498562453333,-3735.0480113907142,-3323.7394611920167,1.8848101759023868,-5.896574927545536,3.5785478062706826,EXPLORER 27 (BEACON-C),6879.077014,-120.35386100000001,-3326.285837,12658.575576453333,3614.694150390714,-2.5463758079831678,13164.556806428367
2026-07-17 18:36:00,-5358.233300526443,-4737.236812521485,-2634.480987570623,2.785891869902246,-5.2109794311009585,4.061672668108073,EXPLORER 27 (BEACON-C),7099.903573,853.673429,-2637.525629,12458.136873526442,5590.910241521486,-3.044641429377407,13655.162428843914
2026-07-17 18:39:00,-4780.989009319517,-5601.458008323342,-1868.3771400897658,3.6136922086823513,-4.366686192735645,4.430096824579226,EXPLORER 27 (BEACON-C),7140.430709,1799.515336,-1871.837013,11921.419718319517,7400.973344323342,-3.459872910234253,14031.915995844709
2026-07-17 18:42:00,-4063.2088928497938,-6300.943870058282,-1047.2573329466538,4.34336966464119,-3.384425656102658,4.671119757415254,EXPLORER 27 (BEACON-C),6996.408525999999,2694.063791,-1051.0338729999999,11059.617418849793,8995.007661058282,-3.776540053346025,14255.711646076381
2026-07-17 18:45:00,-3224.6789674981737,-6813.075207609684,-194.98565292045188,4.95162698507213,-2.289551871058178,4.774917183941226,EXPLORER 27 (BEACON-C),6668.1417,3515.131836,-198.96602299999998,9892.820667498174,10328.207043609684,-3.980370079548095,14301.7403604699
2026-07-17 18:48:00,-2289.182102669501,-7120.19702978224,663.1060632039773,5.41749189346365,-1.111829790396808,4.7350950443268625,EXPLORER 27 (BEACON-C),6160.762127,4241.967718999999,659.0477099999999,8449.944229669502,11362.16474878224,-4.05835320397739,14159.81503174478
2026-07-17 18:51:00,-1284.002800812875,-7210.377527243525,1500.885281960025,5.723190339037458,0.11499754918795055,4.549240094473585,EXPLORER 27 (BEACON-C),5484.404197,4855.795417,1496.884603,6768.406997812875,12066.172944243524,-4.00067896002497,13834.879067554904
2026-07-17 18:54:00,-239.26911797444734,-7078.066063703177,2292.1812180852758,5.855070897111099,1.3539105195610621,4.219416633129775,EXPLORER 27 (BEACON-C),4654.24816,5340.370705,2288.3788590000004,4893.517277974447,12418.436768703177,-3.802359085275384,13347.812464447052
2026-07-17 18:57:00,812.8724099985612,-6724.598394125895,3011.6276930222944,5.804517756512662,2.5656130036262446,3.7525483925596106,EXPLORER 27 (BEACON-C),3690.39488,5682.529251,3008.1638900000003,2877.5224700014387,12407.127645125895,-3.463803022294087,12736.442359063294
2026-07-17 19:00:00,1839.2397658959335,-6158.494244955666,3635.5597038273745,5.568771492837073,3.709832792616375,3.160619885710971,EXPLORER 27 (BEACON-C),2617.5414849999997,5872.69488,3632.568824,778.3017191040663,12031.189124955665,-2.990879827374556,12056.337514841478
2026-07-17 19:03:00,2806.7313144360396,-5395.495384334228,4142.925161684521,5.151565326643108,4.746887809197237,2.460635011080965,EXPLORER 27 (BEACON-C),1464.441885,5905.314589,4140.528723,-1342.2894294360397,11300.809973334228,-2.3964386845209447,11380.248358832265
2026-07-17 19:06:00,3683.5323915866984,-4458.302459179571,4516.163079563092,4.563483537105662,5.639443471135717,1.6742841330904934,EXPLORER 27 (BEACON-C),263.14536,5779.184945,4514.462860000001,-3420.3870315866984,10237.48740417957,-1.7002195630911956,10793.757394314936
2026-07-17 19:09:00,4440.354590411781,-3375.986260363879,4741.992852223044,3.821960898245062,6.354347955233259,0.8272943649974612,EXPLORER 27 (BEACON-C),-951.97261,5497.632797,4741.065678999999,-5392.327200411781,8873.61905736388,-0.9271732230445195,10383.559537613408
2026-07-17 19:12:00,5051.637529862124,-2183.0725662416885,4812.057810166404,2.950868304484776,6.864402048988312,-0.05153035295933087,EXPLORER 27 (BEACON-C),-2145.355378,5068.520989,4811.9515010000005,-7196.992907862124,7251.593555241689,-0.10630916640366195,10216.766416902276
2026-07-17 19:15:00,5496.636732710583,-918.3270061453239,4723.370969705372,1.9796685152694118,7.1499053782448705,-0.9315362813759208,EXPLORER 27 (BEACON-C),-3281.5279870000004,4504.065557,4724.099261,-8778.164719710583,5422.392563145324,0.7282912946284341,10317.87369013759
2026-07-17 19:18:00,5760.322783446024,376.7057213285783,4478.522029958708,0.9421728262581243,7.199826191868746,-1.781635086522568,EXPLORER 27 (BEACON-C),-4326.412181,3820.463517,4480.062864,-10086.734964446023,3443.7577956714217,1.540834041292328,10658.40946728897
2026-07-17 19:21:00,5834.026888765592,1659.329118352937,4085.621433992091,-0.12502222550164008,7.012469731835066,-2.5717992697458283,EXPLORER 27 (BEACON-C),-5248.6198859999995,3037.3388309999996,4087.920328,-11082.646774765592,1378.0097126470625,2.2988940079089843,11167.988878365051
2026-07-17 19:24:00,5715.785828942013,2887.3913752914605,3557.9780511667673,-1.1842973678591604,6.595568666954521,-3.274513472600995,EXPLORER 27 (BEACON-C),-6020.639806,2177.03165,3560.9529479999997,-11736.425634942014,-710.3597252914606,2.9748968332323784,11757.90400002702
2026-07-17 19:27:00,5410.363298255694,4020.9454242624142,2913.529296352971,-2.1988244884463666,5.965781857851054,-3.8660577065464024,EXPLORER 27 (BEACON-C),-6619.836558,1263.777264,2917.07465,-12030.199856255695,-2757.168160262414,3.54535364702906,12342.110735808194
2026-07-17 19:30:00,4928.951844569114,5023.770048158975,2174.0633034101484,-3.1342774808227465,5.147654827307984,-4.327516962044193,EXPLORER 27 (BEACON-C),-7029.207589,322.83063,2178.0552599999996,-11958.159433569113,-4700.939418158975,3.99195658985127,12848.985344671239
2026-07-17 19:33:00,4288.586288851896,5864.664181996083,1364.2890947737837,-3.960301480379382,4.172154867576319,-4.6454455372158,EXPLORER 27 (BEACON-C),-7237.864313,-620.410473,1368.592246,-11526.450601851895,-6485.074654996083,4.303151226216187,13225.553874031702
2026-07-17 19:36:00,3511.321766635419,6518.450622495856,510.8201195288651,-4.651637526715427,3.0749349063572997,-4.812157731253861,EXPLORER 27 (BEACON-C),-7241.225361,-1541.2327460000001,515.294456,-10752.547127635418,-8059.6833684958565,4.474336471134848,13437.849000197772
2026-07-17 19:39:00,2623.2442476341266,6966.655015436897,-358.8621188909346,-5.188847884031624,1.8944962571576256,-4.825661084546527,EXPLORER 27 (BEACON-C),-7040.933996000001,-2416.341026,-354.355119,-9664.178243634127,-9382.996041436898,4.506999890934594,13469.854347816821
2026-07-17 19:42:00,1653.3869062078193,7197.856422815154,-1217.403983502165,-5.558638446230763,0.6704102124361202,-4.68928599816656,EXPLORER 27 (BEACON-C),-6644.535564,-3224.4670389999997,-1212.9960959999999,-8297.922470207819,-10422.323461815153,4.407887502165067,13322.1756141313
2026-07-17 19:45:00,632.6222179179649,7207.732404374481,-2038.4870794549827,-5.753819454399556,-0.5582731235595293,-4.411090442262338,EXPLORER 27 (BEACON-C),-6064.964282,-3946.837947,-2034.299687,-6697.586499917965,-11154.570351374481,4.187392454982728,13010.846328425432
2026-07-17 19:48:00,-407.41103125485006,6998.841053260146,-2797.6144960153697,-5.7729773729647835,-1.754344661327797,-4.003128186648399,EXPLORER 27 (BEACON-C),-5319.893911,-4567.502735,-2793.756587,-4912.48287974515,-11566.343788260147,3.8579090153698417,12566.336441281335
2026-07-17 19:51:00,-1435.3016931497102,6580.193292845909,-3472.759257544611,-5.619946307959767,-2.883448000198398,-3.4806647079299022,EXPLORER 27 (BEACON-C),-4431.007644,-5073.527152,-3469.3261979999997,-2995.70595085029,-11653.720444845909,3.4330595446112966,12032.600140305387
2026-07-17 19:54:00,-2420.7534336397844,5966.671252451366,-4044.872369176274,-5.303167689752204,-3.9147881698444427,-2.861410302594982,EXPLORER 27 (BEACON-C),-3423.234866,-5455.076696,-4041.944984,-1002.4814323602154,-11421.747948451366,2.927385176273674,11465.657582091135
2026-07-17 19:57:00,-3335.352598055025,5178.3442899575475,-4498.258533606477,-4.8350156026109925,-4.821574203946645,-2.1648196504192394,EXPLORER 27 (BEACON-C),-2323.991187,-5705.411754,-4495.902575,1011.3614110550247,-10883.756043957546,2.3559586064766336,10930.64513552126
2026-07-17 20:00:00,-4153.216499131519,4239.725465108949,-4820.834387519608,-4.23114674607885,-5.581251445093198,-1.4114855123318597,EXPLORER 27 (BEACON-C),-1162.445419,-5820.8192070000005,-4819.100489,2990.7710801315197,-10060.54467210895,1.7338985196074646,10495.678813666837
2026-07-17 20:03:00,-4851.530407987556,3179.000278005757,-5004.287116926684,-3.5099129524103896,-6.175586928538478,-0.6226346739648417,EXPLORER 27 (BEACON-C),31.173261,-5800.502362,-5003.210803,4882.703668987556,-8979.502640005758,1.0763139266837243,10221.167445036139
2026-07-17 20:06:00,-5410.986284279971,2027.248201749668,-5044.15117290206,-2.691853820733399,-6.590669247602217,0.18028145424216732,EXPLORER 27 (BEACON-C),1226.223971,-5646.447696,-5043.752733,6637.2102552799715,-7673.695897749668,0.3984399020600904,10145.844906299724
2026-07-17 20:09:00,-5816.137659495467,817.6673513779533,-4939.818333103668,-1.7992694367412865,-6.816875777256308,0.9759203178980151,EXPLORER 27 (BEACON-C),2392.262249,-5363.282125,-4940.102559999999,8208.399908495467,-6180.949476377953,-0.28422689633134723,10275.308538827932
2026-07-17 20:12:00,-6055.68373271985,-415.1955888325105,-4694.492359642173,-0.8558592679471296,-6.848847607598393,1.7433312584549339,EXPLORER 27 (BEACON-C),3499.616668,-4958.129522,-4695.448749,9555.30040071985,-4542.93393316749,-0.9563893578269926,10580.265373978205
2026-07-17 20:15:00,-6122.692346215116,-1636.213857915684,-4315.094714872833,0.11359667598679657,-6.685497987162192,2.4622164755050195,EXPLORER 27 (BEACON-C),4519.945809999999,-4440.46816,-4316.698047,10642.638156215115,-2804.2543020843164,-1.6033321271670502,11005.8889548077
2026-07-17 20:18:00,-6014.7667266667295,-2810.4544084569134,-3812.1228119149787,1.0835446685210783,-6.330064791712124,3.1131979346692975,EXPLORER 27 (BEACON-C),5426.783791,-3821.9871150000004,-3814.332844,11441.550517666728,-1011.532706543087,-2.2100320850213393,11486.177847698858
2026-07-17 20:21:00,-5734.155284487756,-3903.964437187719,-3199.4575863749315,2.027985283507989,-5.7902022788642755,3.6781151739264892,EXPLORER 27 (BEACON-C),6196.081878999999,-3116.438158,-3202.218015,11930.237163487756,787.526279187719,-2.760428625068471,11956.201906853274
2026-07-17 20:24:00,-5287.797892986542,-4884.576062971687,-2494.1132050814726,2.920855506618035,-5.078092646635454,4.140373444835798,EXPLORER 27 (BEACON-C),6806.7529620000005,-2339.474208,-2497.351087,12094.550854986543,2545.101854971687,-3.237881918527364,12359.438268785332
2026-07-17 20:27:00,-4687.296467196336,-5722.730006050167,-1715.9188831567476,3.7364941724498815,-4.210544177095351,4.485353765521659,EXPLORER 27 (BEACON-C),7241.217525999999,-1508.460787,-1719.544507,11928.513993196335,4214.269219050167,-3.6256238432524697,12651.068108332305
2026-07-17 20:30:00,-3948.792938448002,-6392.312220790437,-887.121481072201,4.450212631360516,-3.209030769603616,4.700886303967575,EXPLORER 27 (BEACON-C),7485.941665,-642.248487,-891.0292169999999,11434.734603448003,5750.063733790437,-3.9077359277988535,12799.078234948924
2026-07-17 20:33:00,-3092.734578423701,-6871.488524257858,-31.898228421515437,5.038981255502327,-2.0996186387763216,4.777776227335154,EXPLORER 27 (BEACON-C),7531.951973,239.106676,-35.968633000000004,10624.686551423702,7110.595200257859,-4.070404578484567,12784.543206001816
2026-07-17 20:36:00,-2143.505843703746,-7143.51196637758,824.2280338951185,5.482227063863608,-0.9127215181486384,4.7103572704743515,EXPLORER 27 (BEACON-C),7375.3016339999995,1114.6866049999999,820.125375,9518.807477703745,8258.19857137758,-4.102658895118566,12601.80765897105
2026-07-17 20:39:00,-1128.908259064614,-7197.467005066986,1655.0730219831728,5.762718871165466,0.3173721836794237,4.497033870736946,EXPLORER 27 (BEACON-C),7017.45504,1963.125144,1651.0759240000002,8146.363299064614,9160.592149066986,-3.99709798317258,12258.862080090748
2026-07-17 20:42:00,-79.4759438419934,-7028.904898448033,2434.5682058280863,5.867495288977188,1.55324632537901,4.140759523381201,EXPLORER 27 (BEACON-C),6465.553205,2763.0949769999997,2430.81756,6545.029148841993,9791.999875448033,-3.7506458280863626,11777.974451802389
2026-07-17 20:45:00,972.3755495132951,-6640.317861393187,3137.6141279639414,5.788769993415423,2.7554040388110193,3.649389363390284,EXPLORER 27 (BEACON-C),5732.51854,3493.861266,3134.248387,4760.142990486705,10134.179127393187,-3.3657409639413345,11196.452974231779
2026-07-17 20:48:00,1993.3557125547354,-6041.397322439179,3740.9811318555116,5.524731225374634,3.8836112387562514,3.035841498600873,EXPLORER 27 (BEACON-C),4836.961755,4135.887858,3738.1300109999997,2843.606042445265,10177.28518043918,-2.8511208555119083,10567.082714614677
2026-07-17 20:51:00,2950.4332279127875,-5249.02567588907,4224.217148226779,5.0801423400381704,4.898496142800539,2.318006683418225,EXPLORER 27 (BEACON-C),3802.858595,4671.47336,4221.9955549999995,852.4253670872126,9920.49903588907,-2.2215932267790777,9957.054537512899
2026-07-17 20:54:00,3812.053089503976,-4286.962193273612,4570.512514867938,4.466651010323277,5.763324087586294,1.5183609890477565,EXPLORER 27 (BEACON-C),2658.9770989999997,5085.386728,4569.014564,-1153.0759905039763,9372.348921273613,-1.497950867938016,9443.013861359741
2026-07-17 20:57:00,4549.376502752727,-3185.2021410671723,4767.465959461592,3.702728945941914,6.445829334685303,0.663261097056296,EXPLORER 27 (BEACON-C),1438.054216,5365.461448,4766.760183,-3111.322286752727,8550.663589067171,-0.705776461591995,9099.130435572606
2026-07-17 21:00:00,5137.471941578699,-1979.0123392877642,4807.695402667255,2.8131922717611615,6.919957446331226,-0.21806532185711414,EXPLORER 27 (BEACON-C),175.744336,5503.1067060000005,4807.820733,-4961.7276055787,7482.1190452877645,0.12533033274485206,8977.79740557378
2026-07-17 21:03:00,5556.380623668061,-707.6739431650215,4689.243042326625,1.8282930057735263,7.167359712474868,-1.094784964063365,EXPLORER 27 (BEACON-C),-1090.616489,5493.700505,4690.206256,-6646.997112668061,6201.374448165021,0.9632136733753214,9090.633453723241
2026-07-17 21:06:00,5791.982426390957,587.0091482219119,4415.736301934224,0.7824196834493209,7.1784898006310245,-1.9358956912115193,EXPLORER 27 (BEACON-C),-2323.369641,5336.828195,4417.510341,-8115.352067390957,4749.819046778088,1.7740390657763783,9403.17623476542
2026-07-17 21:09:00,5836.599451855462,1862.3538510651344,3996.283774775623,-0.28750687604521086,6.953183933240528,-2.711723131988928,EXPLORER 27 (BEACON-C),-3485.934933,5036.346506,3998.8078509999996,-9322.534384855462,3173.9926549348656,2.5240762243765857,9848.039556244363
2026-07-17 21:12:00,5689.293392448903,3076.494224571128,3445.1064727813687,-1.3438165651918215,6.500657000861606,-3.395351540567594,EXPLORER 27 (BEACON-C),-4544.171033,4600.265456,3448.289415,-10233.464425448903,1523.771231428872,3.182942218631524,10346.288370414759
2026-07-17 21:15:00,5355.8375969638355,4190.024673988391,2780.9269336449674,-2.3499011963886076,5.838911205913589,-3.96386669903819,EXPLORER 27 (BEACON-C),-5467.614106999999,4040.450494,2784.65374,-10823.451703963834,-149.57417998839128,3.7268063550327497,10824.48581284314
2026-07-17 21:18:00,4848.372191055081,5167.4891000440475,2026.159021483162,-3.2719000358855044,4.993620624433361,-4.399309896003558,EXPLORER 27 (BEACON-C),-6230.5165130000005,3372.164304,2030.297971,-11078.888704055082,-1795.3247960440476,4.138949516838011,11223.412278404148
2026-07-17 21:21:00,4184.776932814976,5978.631371554262,1205.9565935544817,-4.080124936499342,3.996612517072799,-4.689278023835081,EXPLORER 27 (BEACON-C),-6812.629207,2613.48553,1210.3664720000002,-10997.406139814975,-3365.145841554262,4.409878445518416,11500.746401255788
2026-07-17 21:24:00,3387.817846270685,6599.347756640097,347.18733389906663,-4.750128506812381,2.88410388234823,-4.8271490571271745,EXPLORER 27 (BEACON-C),-7199.69925,1784.648922,351.724206,-10587.517096270685,-4814.698834640097,4.536872100933351,11630.858253599225
2026-07-17 21:27:00,2484.137099283635,7012.312077121022,-522.6019723520341,-5.263368230956246,1.6948635965252588,-4.811956224343404,EXPLORER 27 (BEACON-C),-7383.681479,907.351635,-518.078456,-9867.818578283635,-6104.960442121022,4.5235163520341075,11603.63761740181
2026-07-17 21:30:00,1503.1596880799207,7207.274494629978,-1376.1699967432767,-5.607470435485374,0.46845648834137177,-4.647970134969165,EXPLORER 27 (BEACON-C),-7362.684303999999,4.067284,-1371.791796,-8865.843992079921,-7203.207210629978,4.378200743276693,11423.195830406352
2026-07-17 21:33:00,475.98572234737634,7181.060541049369,-2187.4695946605657,-5.77614129813928,-0.756308579589849,-4.344070582402705,EXPLORER 27 (BEACON-C),-7140.68882,-902.596426,-2183.356378,-7616.674542347377,-8083.656967049369,4.11321666056574,11106.721296742784
2026-07-17 21:36:00,-565.6744902612317,6937.315200271026,-2932.410861723022,-5.768801430189605,-1.9426500475418678,-3.9129969401272984,EXPLORER 27 (BEACON-C),-6727.0932379999995,-1790.4724879999999,-2928.6671979999996,-6161.418747738768,-8727.787688271026,3.7436637230225642,10683.50939212112
2026-07-17 21:39:00,-1590.4808624841933,6486.04632198881,-3589.484482211012,-5.590033652103174,-3.0567748613511743,-3.3705596794552903,EXPLORER 27 (BEACON-C),-6136.1331390000005,-2638.329051,-3586.1992659999996,-4545.652276515807,-9124.37537298881,3.285216211012539,10193.978191012751
2026-07-17 21:42:00,-2568.3341558813436,5843.022936016617,-4140.244919999844,-5.248931816718069,-4.068540670245391,-2.7348795232591847,EXPLORER 27 (BEACON-C),-5386.227553999999,-3426.278552,-4137.491481999999,-2817.8933981186556,-9269.301488016617,2.753437999844209,9688.161892760081
2026-07-17 21:45:00,-3471.126388101785,5029.078889603224,-4569.663063124305,-4.758425730694273,-4.95185978481095,-2.025699859279546,EXPLORER 27 (BEACON-C),-4499.295282,-4136.108129,-4567.499312,-1028.1688938982152,-9165.187018603225,2.163751124305236,9222.677975630066
2026-07-17 21:48:00,-4273.372336555127,4069.362946233618,-4866.364040512946,-4.134638072261069,-5.68490281265768,-1.2637965312504422,EXPLORER 27 (BEACON-C),-3500.071363,-4751.543132,-4864.832687,773.3009735551268,-8820.906078233618,1.5313535129462252,8854.737759062302
2026-07-17 21:51:00,-4952.73141523206,2992.565320138937,-5022.7683421168595,-3.396307993824488,-6.250165621337322,-0.4704900550568878,EXPLORER 27 (BEACON-C),-2415.443603,-5258.457418,-5021.897075,2537.2878122320594,-8251.022738138938,0.8712671168595989,8632.334934795654
2026-07-17 21:54:00,-5490.433399214171,1830.1394281119212,-5035.153760749615,-2.5642960090040554,-6.6344600445396935,0.3327496640801692,EXPLORER 27 (BEACON-C),-1273.8191610000001,-5645.045477,-5034.9554419999995,4216.614238214171,-7475.184905111921,0.19831874961528229,8582.437010479827
2026-07-17 21:57:00,-5871.62237586103,615.5277256979059,-4903.652864209637,-1.6611676806671174,-6.8288793782383115,1.1246264022893544,EXPLORER 27 (BEACON-C),-104.522346,-5901.969672,-4904.125634,5767.100029861031,-6517.497397697906,-0.4727697903626904,8702.713100345969
2026-07-17 22:00:00,-6085.6315786933765,-616.6073506441237,-4632.196512986869,-0.7108403432256793,-6.828776719631764,1.8842947729065815,EXPLORER 27 (BEACON-C),1062.7806659999999,-6022.492902,-4633.323682,7148.412244693376,-5405.8855513558765,-1.1271690131316063,8962.332145426792
2026-07-17 22:03:00,-6126.198104182538,-1831.151693151029,-4228.409068901709,0.26173231458688206,-6.633779450571494,2.591620013597443,EXPLORER 27 (BEACON-C),2198.6385139999998,-6002.603995,-4230.158716,8324.836618182539,-4171.452301848972,-1.749647098290552,9311.494084587013
2026-07-17 22:06:00,-5991.621561788427,-2993.314208469119,-3703.4559723715456,1.2308687622702348,-6.247847856630249,3.227448068184739,EXPLORER 27 (BEACON-C),3274.362998,-5841.138785,-3705.7806060000003,9265.984559788427,-2847.824576530881,-2.3246336284546487,9693.739221005088
2026-07-17 22:09:00,-5684.865032765854,-4069.4151410908653,-3071.839776104018,2.170494616340618,-5.679370701227781,3.773910084438276,EXPLORER 27 (BEACON-C),4262.580224,-5539.894761,-3074.676951,9947.445256765855,-1470.4796199091343,-2.837174895982116,10055.545012503451
2026-07-17 22:12:00,-5213.590846905694,-5027.692849500386,-2351.1369278900706,3.054536650838057,-4.941276005086873,4.214779503978519,EXPLORER 27 (BEACON-C),5137.792042,-5103.7309589999995,-2354.4099389999997,10351.382888905693,-76.03810949961371,-3.2730111099290298,10351.66267898194
2026-07-17 22:15:00,-4590.118180743979,-5839.128914132847,-1561.6649989630487,3.857404142724896,-4.051121828282752,4.535891661053813,EXPLORER 27 (BEACON-C),5876.948046,-4540.641820000001,-1565.2826189999998,10467.06622674398,1298.4870941328463,-3.617620036951166,10547.300944594725
2026-07-17 22:18:00,-3831.2849583119537,-6478.284222907641,-726.0690747152487,4.554577934137276,-3.0311203223426144,4.725625289840048,EXPLORER 27 (BEACON-C),6460.026119,-3861.790963,-729.9256260000001,10291.311077311953,2616.4932599076415,-3.85655128475139,10618.716285038114
2026-07-17 22:21:00,-2958.1937120670627,-6924.1295268340655,131.18291438762108,5.123315675008416,-1.9080399641342998,4.775432783986109,EXPLORER 27 (BEACON-C),6870.613796,-3081.4848739999998,127.206198,9828.807508067062,3842.6446528340657,-3.9767163876210816,10553.264460481549
2026-07-17 22:24:00,-1995.8207192715313,-7160.843559897466,984.40266562205,5.543465802409833,-0.7129273974172006,4.680392059271849,EXPLORER 27 (BEACON-C),7096.4717869999995,-2217.064429,980.434624,9092.292506271531,4943.779130897466,-3.968041622050009,10349.432393134082
2026-07-17 22:27:00,-972.4706225785833,-7178.541236450779,1807.3824028958013,5.798363518562566,0.5194063629910982,4.43973861442318,EXPLORER 27 (BEACON-C),7130.0532060000005,-1288.693221,1803.5577649999998,8102.523828578584,5889.84801545078,-3.8246378958015157,10017.04630445763
2026-07-17 22:30:00,80.93456320353027,-6973.885147765453,2574.1861243436047,5.87576083498565,1.7511786877802291,4.057323697364085,EXPLORER 27 (BEACON-C),6968.943794,-319.02368800000005,2570.640711,6888.00923079647,6654.861459765453,-3.5454133436046504,9577.675332885572
2026-07-17 22:33:00,1131.7324998775287,-6550.5273588630525,3260.01234103096,5.768722162906427,2.9427288446130015,3.5419357514869363,EXPLORER 27 (BEACON-C),6616.183244,667.2719989999999,3256.878128,5484.450744122471,7217.799357863052,-3.1342130309603817,9065.088932733375
2026-07-17 22:36:00,2146.5498968615307,-5919.3272009627235,3842.0976074442087,5.476400352722946,4.05390332532663,2.90742014267435,EXPLORER 27 (BEACON-C),6080.426042,1644.108026,3839.496864,3933.8761451384694,7563.435226962723,-2.600743444208547,8525.311766828041
2026-07-17 22:39:00,3092.45395548009,-5098.295892980294,4300.618752760883,5.004599360283534,5.045686441196209,2.172538810913837,EXPLORER 27 (BEACON-C),5375.90643,2584.719272,4298.657896,2283.45247451991,7683.015164980294,-1.9608567608829617,8015.165692215445
2026-07-17 22:42:00,3938.178666723044,-4112.231202980085,4619.542604600358,4.366032370304016,5.881989550254113,1.360528188170896,EXPLORER 27 (BEACON-C),4522.177223000001,3462.503036,4618.306244,583.9985562769566,7574.734238980085,-1.2363606003573295,7597.21360983738
2026-07-17 22:45:00,4655.363694582812,-2992.024702533192,4787.366977808645,3.5802005329680786,6.531475793926787,0.4983400922557462,EXPLORER 27 (BEACON-C),3543.608722,4251.931699,4786.912268,-1111.7549725828121,7243.956401533192,-0.45470980864502053,7328.772316912112
2026-07-17 22:48:00,5219.732948325523,-1773.6489919930666,4797.6972357726,2.6728476942114288,6.969271195813199,-0.38441599544103955,EXPLORER 27 (BEACON-C),2468.649171,4929.491189,4798.052006,-2751.0837773255225,6703.140180993067,0.35477022739996755,7245.726351565407
2026-07-17 22:51:00,5612.135909495658,-496.8600038340085,4649.609594240725,1.674988241625,7.178403767017728,-1.2567740667405163,EXPLORER 27 (BEACON-C),1328.867554,5474.586001000001,4650.7710130000005,-4283.268355495658,5971.446004834009,1.1614187592758753,7348.779255273087
2026-07-17 22:54:00,5819.378771077642,796.3232393307778,4347.765427870425,0.6215533893401705,7.150824279830986,-2.0878666907807903,EXPLORER 27 (BEACON-C),157.83042600000002,5870.352538,4349.698648,-5661.548345077642,5074.029298669222,1.9332201295746927,7602.559222047871
2026-07-17 22:57:00,5834.784858410374,2063.2759320294867,3902.259123298641,-0.450251341920031,6.887896740283268,-2.8484191124301885,EXPLORER 27 (BEACON-C),-1010.129379,6104.329366,3904.898633,-6844.914237410374,4041.053433970513,2.6395097013587474,7948.771649803482
2026-07-17 23:00:00,5658.443788461516,3262.4609700875494,3328.203572488455,-1.502746310160753,6.400300204952847,-3.5121560557414284,EXPLORER 27 (BEACON-C),-2141.179299,6168.93637,3331.4568820000004,-7799.623087461516,2906.475399912451,3.253309511545467,8323.56474959988
2026-07-17 23:03:00,5297.134252125487,4355.052754431892,2645.079550516114,-2.4995827676301627,5.707348942446475,-4.057001246462116,EXPLORER 27 (BEACON-C),-3203.2090200000002,6061.734272,2648.831504,-8500.343272125487,1706.6815175681077,3.7519534838861546,8669.983369276584
2026-07-17 23:06:00,4763.932918390875,5306.392244371501,1875.8949004288459,-3.4073998734505353,4.835804142022982,-4.465973687295677,EXPLORER 27 (BEACON-C),-4166.933355,5785.451773,1880.013295,-8930.866273390875,479.0595286284988,4.118394571154113,8943.706579843405
2026-07-17 23:09:00,4077.547853254093,6087.192102491327,1046.2137295641533,-4.19720327309805,3.8183054432018526,-4.727722693902086,EXPLORER 27 (BEACON-C),-5006.818606,5347.792478,1050.557768,-9084.366459254092,-739.3996244913269,4.344038435846642,9114.408628177067
2026-07-17 23:12:00,3261.4352321547044,6674.437115644466,183.12261298133362,-4.845375397580293,2.6915845271531142,-4.836688611038137,EXPLORER 27 (BEACON-C),-5701.789932,4761.04424,187.551364,-8963.225164154705,-1913.3928756444657,4.428751018666389,9165.178517286977
2026-07-17 23:15:00,2342.7702132779614,7051.955560757573,-685.8005939512515,-5.334278177241907,1.4946306849278312,-4.792919463393884,EXPLORER 27 (BEACON-C),-6235.6947740000005,4041.532725,-681.421866,-8578.464987277963,-3010.422835757573,4.378727951251449,9091.354484413367
2026-07-17 23:18:00,1351.3455129706447,7210.666924536613,-1533.4584149484167,-5.652459413251046,0.2669605719074127,-4.601607876589286,EXPLORER 27 (BEACON-C),-6597.526676,3208.969681,-1529.253514,-7948.872188970645,-4001.697243536613,4.204900948416707,8899.335232853715
2026-07-17 23:21:00,318.46522462216325,7148.5360790183895,-2334.102749981165,-5.7945156782061344,-0.9528924154956924,-4.272432569752768,EXPLORER 27 (BEACON-C),-6781.433077,2285.744281,-2330.181521,-7099.898301622163,-4862.79179801839,3.921228981164859,8605.539805281765
2026-07-17 23:24:00,-724.1110142908973,6870.280862640058,-3064.074135214535,-5.760691594343649,-2.128600156566295,-3.818793418015584,EXPLORER 27 (BEACON-C),-6786.541131,1296.200982,-3060.530891,-6062.430116709103,-5574.079880640058,3.543244214535207,8235.498648552946
2026-07-17 23:27:00,-1745.1342766007174,6386.888106510775,-3702.3997980189065,-5.556305988579258,-3.2269507803070616,-3.2570206820197525,EXPLORER 27 (BEACON-C),-6616.644656,265.93978999999996,-3699.312536,-4871.510379399283,-6120.948316510775,3.0872620189065856,7822.891485964625
2026-07-17 23:30:00,-2714.720139437976,5714.993253678738,-4231.252128111102,-5.191091630323205,-4.218465359736295,-2.60562172899179,EXPLORER 27 (BEACON-C),-6279.7959009999995,-778.838462,-4228.682837,-3565.0757615620237,-6493.831715678738,2.5692911111018475,7408.07816768215
2026-07-17 23:33:00,-3605.081627116647,4876.172736081541,-4636.278598360576,-4.678521096870109,-5.077764767711995,-1.8846071985720065,EXPLORER 27 (BEACON-C),-5787.839730000001,-1811.930898,-4634.274416,-2182.758102883354,-6688.103634081541,2.0041823605761238,7035.280177268321
2026-07-17 23:36:00,-4391.144117710177,3896.188529987402,-4906.819614203672,-4.035171506209017,-5.783746325091531,-1.1149172126380829,EXPLORER 27 (BEACON-C),-5155.920769,-2807.6708110000004,-4905.413724999999,-764.7766512898233,-6703.859340987403,1.405889203672814,6747.341355424859
2026-07-17 23:39:00,-5051.052397073096,2804.213021574889,-5036.032601685647,-3.280159579517857,-6.319633946699499,-0.31794971866134086,EXPLORER 27 (BEACON-C),-4401.988346,-3741.409078,-5035.24475,649.0640510730955,-6545.622099574889,0.7878516856471833,6577.724031422181
2026-07-17 23:42:00,-5566.583693145082,1632.0512506921102,-5020.939579047516,-2.4346587327095044,-6.672961041318467,0.4848211600393872,EXPLORER 27 (BEACON-C),-3546.313111,-4589.949574,-5020.776457000001,2020.2705821450822,-6222.000824692111,0.16312204751557147,6541.772505533874
2026-07-17 23:45:00,-5923.480969241868,413.36798113625025,-4862.412337609354,-1.521493347734938,-6.835535277548867,1.2721584731423243,EXPLORER 27 (BEACON-C),-2611.021048,-5331.949807,-4862.867758,3312.4599212418675,-5745.31778813625,-0.4554203906463954,6631.822330545069
2026-07-17 23:48:00,-6111.718680163605,-817.0804138760134,-4565.104988442594,-0.5647926935951457,-6.803420918447954,2.023334485068097,EXPLORER 27 (BEACON-C),-1619.6447150000001,-5948.298296,-4566.159931,4492.073965163605,-5131.217882123987,-1.0549425574063207,6819.686691867409
2026-07-17 23:51:00,-6125.709290836505,-2024.2142167284785,-4137.338699759945,0.410321848660332,-6.576959514805114,2.718390031122551,EXPLORER 27 (BEACON-C),-596.686241,-6422.478185,-4138.96117,5529.0230498365045,-4398.263968271522,-1.6224702400550086,7065.042423979391
2026-07-17 23:54:00,-5964.453753255325,-3173.4060806219413,-3590.93851590112,1.3780478306513355,-6.160834435037722,3.33840839931939,EXPLORER 27 (BEACON-C),432.8159,-6740.923283,-3593.083275,6397.269653255325,-3567.5172023780588,-2.1447590988800584,7324.769116205402
2026-07-17 23:57:00,-5631.63339502478,-4231.271207491254,-2941.0176736662456,2.3122445208422833,-5.564169639777055,3.8658269464202153,EXPLORER 27 (BEACON-C),1443.726086,-6893.368574,-2943.625932,7075.35948102478,-2662.097366508746,-2.608258333754293,7559.595291912893
2026-07-18 00:00:00,-5135.634824922053,-5166.476148464455,-2205.7012253240077,3.1868395286969324,-4.800638731385852,4.284803291799775,EXPLORER 27 (BEACON-C),2411.26611,-6873.191363,-2208.700386,7546.900934922052,-1706.7152145355449,-2.9991606759922433,7737.48018026665
2026-07-18 00:03:00,-4489.494067499374,-5950.565076424,-1405.7784419649963,3.9763265703383674,-3.888547163011978,4.581644283445688,EXPLORER 27 (BEACON-C),3311.492481,-6677.733881,-1409.082797,7800.986548499374,-727.1688045760002,-3.3043550350037094,7834.805455081758
2026-07-18 00:06:00,-3710.7418353859703,-6558.794828250183,-564.2728223481323,4.656373138729008,-2.850839440423508,4.745295069819592,EXPLORER 27 (BEACON-C),4121.803815,-6308.59195,-567.78538,7832.5456503859705,250.20287825018295,-3.5125576518677235,7836.541659668895
2026-07-18 00:09:00,-2821.129362384107,-6970.960638339639,294.08001235351554,5.204544303296354,-1.7149755062105554,4.767872808254068,EXPLORER 27 (BEACON-C),4821.475728,-5771.841492,290.466829,7642.605090384108,1199.1191463396399,-3.6131833535155238,7736.1044686442365
2026-07-18 00:12:00,-1846.2143360935772,-7172.184014453649,1143.4523434159885,5.601132397837104,-0.5126179979124913,4.6452154774795344,EXPLORER 27 (BEACON-C),5392.210991000001,-5078.177396,1139.8556910000002,7238.425327093578,2094.006618453649,-3.596652415988274,7535.229118609868
2026-07-18 00:15:00,-814.7899208735353,-7153.623765431111,1957.6415475337571,5.830062679947795,0.7209233459878321,4.377402210781462,EXPLORER 27 (BEACON-C),5818.692613,-4242.936877,1954.185757,6633.482533873535,2910.6868884311107,-3.455790533757181,7243.97685199078
2026-07-18 00:18:00,241.85283509459433,-6913.062301472425,2710.8746368199795,5.879823791979055,1.9475305093897468,3.9691894477093714,EXPLORER 27 (BEACON-C),6089.118624,-3285.9749589999997,2707.686736,5847.265788905405,3627.0873424724255,-3.1879008199794043,6880.864041582196
2026-07-18 00:21:00,1290.827679301663,-6455.313792872058,3378.6793224054336,5.744351668901848,3.1274166840483497,3.4302994485389484,EXPLORER 27 (BEACON-C),6195.689529,-2231.3625129999996,3375.883142,4904.861849698337,4223.951279872059,-2.7961804054334607,6472.977830796569
2026-07-18 00:24:00,2298.7047730394315,-5792.400402729807,3938.7889446892773,5.423779913510224,4.220551978269263,2.775496896389461,EXPLORER 27 (BEACON-C),6135.011102,-1106.885614,3936.499116,3836.306328960569,4685.514788729807,-2.2898286892773285,6055.68330812833
2026-07-18 00:27:00,3232.6783861201184,-4943.449036312764,4372.037519986827,4.924962429367347,5.188322737046142,2.0243975501399207,EXPLORER 27 (BEACON-C),5908.373850999999,56.660115,4370.353434000001,2675.695464879881,5000.109151312764,-1.684085986826176,5671.017596689859
2026-07-18 00:30:00,4061.8009681088947,-3934.274518996632,4663.1926380346895,4.261678662392074,5.995332042096556,1.2009712146941867,EXPLORER 27 (BEACON-C),5521.875372,1226.369987,4662.193029,1460.0744038911057,5160.644505996632,-0.9996090346894562,5363.214519426704
2026-07-18 00:33:00,4758.219349793092,-2796.635373471879,4801.669786388689,3.4544501986097065,6.611213722595399,0.3327289894122162,EXPLORER 27 (BEACON-C),4986.356752000001,2368.2979619999996,4801.4080300000005,228.13740220690852,5164.933335471878,-0.26175638868880924,5169.969352198404
2026-07-18 00:36:00,5298.33904650568,-1567.17376623506,4782.07323424835,2.5299295865874516,7.012308395902494,-0.5503807939563211,EXPLORER 27 (BEACON-C),4317.1373140000005,3448.644194,4782.573569,-981.2017325056795,5015.81796023506,0.5003347516503709,5110.889051860117
2026-07-18 00:39:00,5663.839706140447,-286.0790278681339,4604.516522316103,1.5198653438366148,7.183043823246875,-1.4173068024995576,EXPLORER 27 (BEACON-C),3533.546518,4435.00096,4605.772393,-2130.2931881404465,4721.079987868135,1.2558706838972284,5179.454304895232
2026-07-18 00:42:00,5842.46997832242,1004.4590109153131,4274.689634524558,0.4596957641487873,7.116877230187117,-2.2373647334472575,EXPLORER 27 (BEACON-C),2658.266258,5297.584269999999,4276.664977,-3184.2037203224195,4293.125259084686,1.9753424754426305,5345.0988507869515
2026-07-18 00:45:00,5828.563708627262,2261.9184971839054,3803.6588969896798,-0.6131291094677745,6.816694783836804,-2.981725209717118,EXPLORER 27 (BEACON-C),1716.516245,6010.371159,3806.289892,-4112.047463627262,3748.452661816095,2.630995010320021,5564.156595849394
2026-07-18 00:48:00,5623.240355746696,3445.1335168080072,3207.4075033759823,-1.6609614874870349,6.294619388447123,-3.624792975566136,EXPLORER 27 (BEACON-C),735.132992,6552.070646,3210.60634,-4888.107363746696,3106.937129191993,3.198836624017531,5791.948045072763
2026-07-18 00:51:00,5234.278573401464,4515.8959989898585,2506.146540321304,-2.647751147837422,5.571244244732959,-4.1453601198267345,EXPLORER 27 (BEACON-C),-258.402622,6906.871646,2509.805954,-5492.681195401464,2390.975647010141,3.659413678695728,5990.519564296646
2026-07-18 00:54:00,4675.679589354155,5440.374625546089,1723.4453792733366,-3.5406707907644788,4.674374949165201,-4.5274427678416815,EXPLORER 27 (BEACON-C),-1236.929805,7064.923637,1727.442717,-5912.609394354155,1624.5490114539107,3.997337726663318,6131.731021459583
2026-07-18 00:57:00,3966.9623852201084,6190.2732662815415,885.2434628871987,-4.311445750625367,3.637415357621092,-4.7607504462597925,EXPLORER 27 (BEACON-C),-2174.5041069999997,7022.534169,889.44612,-6141.466492220108,832.260902718458,4.202657112801262,6197.603290594107
2026-07-18 01:00:00,3132.252016694704,6743.678785633732,18.810940274965343,-4.937305219282636,2.497562562358604,-4.8407826973745625,EXPLORER 27 (BEACON-C),-3047.1782059999996,6782.097107,23.084678,-6179.430222694704,38.418321366267264,4.273737725034657,6179.551125235834
2026-07-18 01:03:00,2199.2331288239784,7085.578782995372,-848.2771376482366,-5.401523520581447,1.293979827849512,-4.768589917860477,EXPLORER 27 (BEACON-C),-3833.636283,6351.782147,-844.059435,-6032.869411823978,-733.7966359953725,4.217702648236582,6077.334006958574
2026-07-18 01:06:00,1198.0419786056927,7208.059054178512,-1689.0981149293038,-5.693569870901611,0.06609505545087122,-4.550267452564976,EXPLORER 27 (BEACON-C),-4515.664908,5745.027814,-1685.051551,-5713.7068866056925,-1463.0312401785122,4.046563929303829,5898.044012252131
2026-07-18 01:09:00,160.16309038463362,7110.214167072198,-2478.229997540503,-5.808924863146317,-1.147866695123301,-4.196269392053043,EXPLORER 27 (BEACON-C),-5078.455803000001,4979.889312,-2474.4560610000003,-5238.618893384634,-2130.3248550721974,3.7739365405027456,5655.212298478444
2026-07-18 01:12:00,-882.6165410655257,6797.82001744286,-3192.4663843904905,-5.7486464648344935,-2.312055261393691,-3.7206307602097137,EXPLORER 27 (BEACON-C),-5510.75487,4078.302901,-3189.051642,-4628.138328934474,-2719.5171164428602,3.4147423904905736,5368.002365763606
2026-07-18 01:15:00,-1899.1589615220153,6282.823953633386,-3811.389103917969,-5.518776558798096,-3.3938565194004466,-3.140176472453469,EXPLORER 27 (BEACON-C),-5804.882804999999,3065.314775,-3808.4049670000004,-3905.723843477984,-3217.509178633386,2.984136917968499,5060.341190194162
2026-07-18 01:18:00,-2859.811977534966,5582.707034583811,-4317.802148267642,-5.129673318237488,-4.364464717143783,-2.4737770466839635,EXPLORER 27 (BEACON-C),-5956.654947,1968.312109,-4315.305157,-3096.842969465034,-3614.394925583811,2.496991267642443,4759.652643899175
2026-07-18 01:21:00,-3737.1246640208733,4719.7662258634955,-4698.03924739731,-4.595339297006218,-5.199213791767313,-1.7416893194763017,EXPLORER 27 (BEACON-C),-5965.228827999999,816.282367,-4696.0716840000005,-2228.104163979126,-3903.4838588634957,1.9675633973092772,4494.623262661142
2026-07-18 01:24:00,-4506.445882608196,3720.3541934856808,-4942.162214524207,-3.932794759910388,-5.8777287162070015,-0.9649993083447015,EXPLORER 27 (BEACON-C),-5832.904881,-360.882824,-4940.752856,-1326.458998391804,-4081.2370174856806,1.409358524207164,4291.385679894252
2026-07-18 01:27:00,-5146.416812652525,2614.1029894682665,-5044.068461894996,-3.1615245088334003,-6.383960401688016,-0.16516646607979654,EXPLORER 27 (BEACON-C),-5564.903239,-1533.035565,-5043.234084,-418.4864263474756,-4147.138554468266,0.8343778949965781,4168.199824286342
2026-07-18 01:30:00,-5639.37160789279,1433.1470222348357,-5001.524592357567,-2.3030070708950428,-6.706162091366409,0.6363448671005311,EXPLORER 27 (BEACON-C),-5169.130537999999,-2670.3744580000002,-5001.271154,470.2410698927906,-4103.521480234836,0.2534383575666652,4130.377133724428
2026-07-18 01:33:00,-5971.66029437791,211.351400312295,-4816.139567819792,-1.3803191224332843,-6.836854327560142,1.4183698030573868,EXPLORER 27 (BEACON-C),-4655.9476859999995,-3744.008163,-4816.462525999999,1315.7126083779103,-3955.359563312295,-0.32295818020702427,4168.449237694112
2026-07-18 01:36:00,-6133.905614795861,-1016.4553260598173,-4493.286432449472,-0.41779594957993627,-6.7728118021663875,2.160310606431883,EXPLORER 27 (BEACON-C),-4037.9432349999997,-4726.4919,-4494.170613,2095.962379795861,-3710.0365739401827,-0.8841805505280718,4261.153653562446
2026-07-18 01:39:00,-6121.201387461563,-2215.2495274332236,-4041.976594202351,0.5592794812549541,-6.5150903602664965,2.8423963490507065,EXPLORER 27 (BEACON-C),-3329.710626,-5592.347672,-4043.395645,2791.490761461563,-3377.098144566776,-1.4190507976491062,4381.462605462562
2026-07-18 01:42:00,-5933.254704303834,-3350.589366161747,-3474.6857838320825,1.524990947604515,-6.069097136977009,3.4459611871034017,EXPLORER 27 (BEACON-C),-2547.6244840000004,-6318.577085,-3476.6013629999998,3385.6302203038335,-2967.987718838253,-1.915579167917258,4502.38234241083
2026-07-18 01:45:00,-5574.4684958400685,-4389.406872157069,-2807.126464181405,2.4531403626423445,-5.444691857217857,3.9537634779978443,EXPLORER 27 (BEACON-C),-1709.607515,-6885.172145,-2809.487535,3864.860980840069,-2495.7652728429302,-2.3610708185951808,4600.652157358151
2026-07-18 01:48:00,-5053.955176136535,-5300.818666458045,-2057.9580576761623,3.3176677011134696,-4.656293160032152,4.350361178029363,EXPLORER 27 (BEACON-C),-834.877554,-7275.62454,-2060.700662,4219.077622136535,-1974.8058735419545,-2.742604323837895,4658.377586850121
2026-07-18 01:51:00,-4385.4668157740425,-6056.953099783302,-1248.4242969440368,4.093165655490523,-3.722950995245633,4.622549933268205,EXPLORER 27 (BEACON-C),56.337044999999996,-7477.426753,-1251.471466,4441.803860774043,-1420.473653216698,-3.047169055963195,4663.408219565304
2026-07-18 01:54:00,-3587.2232246100734,-6633.783716987707,-401.90669666115105,4.7555060700431655,-2.668335599675766,4.759859088901586,EXPLORER 27 (BEACON-C),943.1244129999999,-7482.549833,-405.168378,4530.347637610073,-848.7661160122934,-3.261681338848973,4609.171755950837
2026-07-18 01:57:00,-2681.61719726193,-7011.949381391205,456.6149984321537,5.282582048763705,-1.520586667066163,4.755087819974246,EXPLORER 27 (BEACON-C),1804.266618,-7287.876505,453.240703,4485.88381526193,-275.9271236087952,-3.3742954321537013,4494.363221574511
2026-07-18 02:00:00,-1694.77676507591,-7177.530880851379,1301.2001831550554,5.655152629206324,-0.3119648542179426,4.604849495366633,EXPLORER 27 (BEACON-C),2618.674056,-6895.563152,1297.823986,4313.4508210759095,281.96772885137943,-3.3761971550552516,4322.658346973685
2026-07-18 02:03:00,-655.9683200707707,-7122.743574455988,2105.680389249921,5.857756898914895,0.9217463715364417,4.310078596596552,EXPLORER 27 (BEACON-C),3365.8797250000002,-6313.292052,2102.419776,4021.848045070771,809.4515224559882,-3.2606132499208798,4102.497299992368
2026-07-18 02:06:00,403.16761063143963,-6846.497195607574,2844.476302622304,5.879643180999221,2.142125759835337,3.8764430277579978,EXPLORER 27 (BEACON-C),4026.580992,-5554.369121000001,2841.454283,3623.4133813685603,1292.1280746075736,-3.0220196223040148,3846.9115698274654
2026-07-18 02:09:00,1449.5443608363237,-6354.769117929168,3493.4760030518228,5.715639210628753,3.3092990701970777,3.3145979392491016,EXPLORER 27 (BEACON-C),4583.210653,-4637.636525000001,3490.816378,3133.666292163676,1717.132592929167,-2.659625051822786,3573.2920180063516
2026-07-18 02:12:00,2449.702281585343,-5660.737982750614,4030.939849689142,5.366874632167075,4.383403586713268,2.6402177661829964,EXPLORER 27 (BEACON-C),5020.518857,-3587.1724019999997,4028.7593199999997,2570.816575414657,2073.565580750614,-2.1805296891425314,3302.8437499842616
2026-07-18 02:15:00,3370.991580052371,-4784.631908997317,4438.386690682392,4.841261479275673,5.326273687695254,1.8737530259881483,EXPLORER 27 (BEACON-C),5326.1374129999995,-2431.75188,4436.787091,1955.1458329476286,2352.880028997317,-1.5995996823921814,3059.1897975879224
2026-07-18 02:18:00,4182.812711481746,-3753.260046937206,4701.408206940306,4.153644806976155,6.103249390343188,1.0398782962061366,EXPLORER 27 (BEACON-C),5491.089184,-1204.061264,4700.470469,1308.2764725182542,2549.198782937206,-0.9377379403058512,2865.3102175551226
2026-07-18 02:21:00,4857.848202875634,-2599.21736704279,4810.35493307098,3.3255561084563094,6.684975942418445,0.1666267370870398,EXPLORER 27 (BEACON-C),5510.201525,60.319328,4810.134318,652.3533221243661,2659.53669504279,-0.22061507097987487,2738.3754924839714
2026-07-18 02:24:00,5373.210895471507,-1359.7784837487231,4760.840087663116,2.3845361147043094,7.0490410542522515,-0.71575838887924,EXPLORER 27 (BEACON-C),5382.38743,1324.123368,4761.362762,9.176534528492994,2683.901851748723,0.5226743368839379,2683.9175903508362
2026-07-18 02:27:00,5711.431801632057,-75.52417709098268,4554.016300156448,1.363037913693709,7.181293180587158,-1.5761882239809855,EXPLORER 27 (BEACON-C),5110.769325,2549.73768,4555.277858,-600.6624766320565,2625.2618570909826,1.2615578435525094,2693.101710047124
2026-07-18 02:30:00,5861.217256344012,1211.2293995889345,4196.595257801711,0.296970294939305,7.0767029847549905,-2.3842098134789205,EXPLORER 27 (BEACON-C),4702.627066,3700.600954,4198.560735,-1158.5901903440117,2489.3715544110655,1.9654771982886814,2745.7796394053466
2026-07-18 02:33:00,5817.919871753655,2458.1077598704887,3700.599899175103,-0.7760128846191388,6.73967075822038,-3.1114840871173084,EXPLORER 27 (BEACON-C),4169.1655709999995,4742.575925,3703.205688,-1648.7543007536551,2284.4681651295114,2.6057888248969903,2817.302314605103
2026-07-18 02:36:00,5583.689763388473,3624.3578537386165,3082.860867199249,-1.8183370834654171,6.183740722667764,-3.7331339629732443,EXPLORER 27 (BEACON-C),3525.112298,5645.211251,3086.0194589999996,-2058.577465388473,2020.8533972613832,3.1585918007508553,2884.7182897000994
2026-07-18 02:39:00,5167.299108827042,4672.425628146284,2364.2906496591304,-2.794289187591379,5.430750103488686,-4.228848497231369,EXPLORER 27 (BEACON-C),2788.169512,6382.813035,2367.8958709999997,-2379.129596827042,1710.3874068537161,3.6052213408693206,2930.1357848473676
2026-07-18 02:42:00,4583.660779620261,5569.33683885013,1568.9870607513647,-3.671608154933016,4.509505040452026,-4.583658313391291,EXPLORER 27 (BEACON-C),1978.3617199999999,6935.2672410000005,1572.920156,-2605.299059620261,1365.9304021498701,3.9330952486352544,2941.6601643993067
2026-07-18 02:45:00,3853.0865464580934,6287.807514717688,723.2296991883916,-4.422763688899166,3.454124985569847,-4.788338907316201,EXPLORER 27 (BEACON-C),1117.319589,7288.576117,727.3646339999999,-2735.766957458093,1000.7686022823118,4.134934811608332,2913.069813533397
2026-07-18 02:48:00,3000.3485734372853,6807.038673546058,-145.56294147301244,-5.0258473547370475,2.302223393248287,-4.8394440231606275,EXPLORER 27 (BEACON-C),227.550461,7435.096847,-141.35463000000001,-2772.7981124372855,628.0581734539419,4.208311473012429,2843.04135591861
2026-07-18 02:51:00,2053.6172264387387,7113.180715811219,-1009.8521026708942,-5.465052551624332,1.0930918498621334,-4.73901253982261,EXPLORER 27 (BEACON-C),-668.259992,7373.502656000001,-1005.6950509999999,-2721.877218438739,260.3219401887818,4.157051670894248,2734.300712408577
2026-07-18 02:54:00,1043.3480745427337,7199.481524492314,-1842.9203048924708,-5.730768782354034,-0.13396989654773822,-4.494022196933289,EXPLORER 27 (BEACON-C),-1547.882825,7108.506657,-1838.929025,-2591.230899542734,-90.97486749231393,3.991279892470857,2592.830486471391
2026-07-18 02:57:00,1.1826395389337967,7066.154748555617,-2619.6979661042765,-5.819353494912222,-1.3410766193458916,-4.11567832089395,EXPLORER 27 (BEACON-C),-2390.097583,6650.393407,-2615.9736239999997,-2391.280222538934,-415.76134155561704,3.7243421042767295,2427.15728096926
2026-07-18 03:00:00,-1041.086466242623,6720.018825405711,-3317.4535484597086,-5.732666850482611,-2.4928792519728264,-3.618625545195411,EXPLORER 27 (BEACON-C),-3175.146639,6014.410849000001,-3314.08321,-2134.060172757377,-705.6079764057104,3.370338459708819,2247.689212613243
2026-07-18 03:03:00,-2052.4517820665774,6173.962675904742,-3916.340714608424,-5.477460633591241,-3.5573767380473393,-3.020158424589003,EXPLORER 27 (BEACON-C),-3885.090389,5220.079632,-3913.397112,-1832.6386069334226,-953.8830439047424,2.943602608424044,2066.0265704651933
2026-07-18 03:06:00,-3003.510451879057,5446.291899473643,-4399.807952455879,-5.0647049310038215,-4.506445240551344,-2.3394874523333438,EXPLORER 27 (BEACON-C),-4504.073201,4290.466216,-4397.350068,-1500.562749120943,-1155.825683473643,2.457884455879139,1894.1033804475178
2026-07-18 03:09:00,-3867.1623590469903,4560.001821793124,-4754.88420499304,-4.5089196547050046,-5.316135525562093,-1.5970950208177996,EXPLORER 27 (BEACON-C),-5018.513591,3251.453482,-4752.957711,-1151.3512319530096,-1308.548339793124,1.9264939930399123,1742.960736297338
2026-07-18 03:12:00,-4619.1924848013605,3542.013259454691,-4972.358183251014,-3.8275571758470135,-5.966800690784823,-0.814195081361535,EXPLORER 27 (BEACON-C),-5417.23621,2131.034329,-4970.995953,-798.0437251986395,-1410.9789304546907,1.3622302510148074,1621.029668200814
2026-07-18 03:15:00,-5238.749222640933,2422.395469278279,-5046.869764225643,-3.040461148526614,-6.443117362950968,-0.01229302641388523,EXPLORER 27 (BEACON-C),-5691.562955,958.638005,-5046.092809999999,-452.8137323590672,-1463.757464278279,0.7769542256437489,1532.1967217368647
2026-07-18 03:18:00,-5708.732965492071,1233.590043519495,-4976.929977879757,-2.1694076290444073,-6.734056828978481,0.7871703306043144,EXPLORER 27 (BEACON-C),-5835.37644,-235.506307,-4976.747869,-126.64347450792866,-1469.096350519495,0.18210887975692458,1474.544909424187
2026-07-18 03:21:00,-6016.108857862098,9.640540855085906,-4764.882421945904,-1.2377191788015458,-6.832851069350111,1.5631148180698888,EXPLORER 27 (BEACON-C),-5845.169123,-1420.9721140000001,-4765.293965,170.9397348620987,-1430.612654855086,-0.41154305409600056,1440.789065253456
2026-07-18 03:24:00,-6152.154875497607,-1214.5740167199785,-4416.814287611836,-0.26993117674524936,-6.736984574129522,2.295085038602294,EXPLORER 27 (BEACON-C),-5720.085092,-2567.713836,-4417.807786,432.0697834976063,-1353.1398192800214,-0.993498388163971,1420.448047403313
2026-07-18 03:27:00,-6112.652040605587,-2404.107747695208,-3942.420180566184,0.7085180755664373,-6.448227688838158,2.96351103290646,EXPLORER 27 (BEACON-C),-5461.957962,-3646.629138,-3943.972616,650.6940786055866,-1242.5213903047916,-1.5524354338158446,1402.592100132145
2026-07-18 03:30:00,-5898.0182109712905,-3524.726054641661,-3354.817102645366,1.6716060051792665,-5.972711991354135,3.549991514374765,EXPLORER 27 (BEACON-C),-5075.344155000001,-4630.116150000001,-3356.892715,822.6740559712898,-1105.3900953583397,-2.075612354633904,1377.9274920877438
2026-07-18 03:33:00,-5513.381044818635,-4543.699621357437,-2670.30475541935,2.5930865649747066,-5.3210333873577635,4.0376208229983215,EXPLORER 27 (BEACON-C),-4567.545491999999,-5492.633940000001,-2672.853556,945.8355528186357,-948.934318642564,-2.548800580650095,1339.808841013434
2026-07-18 03:36:00,-4968.5799758236635,-5430.6169297136275,-1908.0621363261241,3.4469241205556247,-4.508354672532958,4.411373569693067,EXPLORER 27 (BEACON-C),-3948.611291,-6211.270188,-1911.0188030000002,1019.9686848236634,-780.6532582863729,-2.956666673876043,1284.431535572007
2026-07-18 03:39:00,-4278.081912545453,-6158.211930464097,-1089.7696193246086,4.207825423066201,-3.554466852876928,4.658551545293006,EXPLORER 27 (BEACON-C),-3231.306675,-6766.314902,-1093.053359,1046.775237545453,-608.1029715359027,-3.2837396753914163,1210.5942362639062
2026-07-18 03:42:00,-3460.791565697573,-6703.195356956536,-239.14575705336412,4.851884904460081,-2.4837585178806756,4.7692859729839014,EXPLORER 27 (BEACON-C),-2431.029979,-7141.831977,-242.66088,1029.761586697573,-438.63662004346406,-3.51512294663587,1119.2959242177144
2026-07-18 03:45:00,-2539.7355533177306,-7047.068415899693,618.609693619428,5.357344774323959,-1.325036457613812,4.737074971418343,EXPLORER 27 (BEACON-C),-1565.660382,-7326.210443,614.9729629999999,974.0751713177306,-279.14202710030713,-3.636730619428022,1013.2896606997099
2026-07-18 03:48:00,-1541.600516182476,-7176.887067803524,1457.4702327978605,5.705453879763179,-0.11114030606175963,4.559322020934278,EXPLORER 27 (BEACON-C),-655.318781,-7312.669822,1453.833718,886.281735182476,-135.78275419647616,-3.6365147978604,896.6300768405644
2026-07-18 03:51:00,-496.1100769935272,-7085.935064739173,2251.3308757577,5.881388978782293,1.1216988400898764,4.237827753179057,EXPLORER 27 (BEACON-C),277.97262800000004,-7099.6888260000005,2247.824118,774.0827049935272,-13.75376126082756,-3.506757757700143,774.2128244022357
2026-07-18 03:54:00,564.7660015886084,-6774.255958517389,2974.836775614777,5.875180894993171,2.3347896721823953,3.7791765964451023,EXPLORER 27 (BEACON-C),1210.743778,-6691.319758000001,2971.591889,645.9777764113916,82.9362005173889,-3.2448866147769877,651.2881315230679
2026-07-18 03:57:00,1607.7647565999391,-6248.990246713701,3604.2674383837343,5.682568874681587,3.4882099674440834,3.194954193955335,EXPLORER 27 (BEACON-C),2118.646604,-6097.344042999999,3601.415144,510.8818474000609,151.64620371370165,-2.852294383734261,532.9211655460197
2026-07-18 04:00:00,2599.423947961075,-5524.465403076358,4118.440079984316,5.305692987324632,4.542308196458978,2.5017335263804457,EXPLORER 27 (BEACON-C),2977.13166,-5333.2291940000005,4116.104657,377.7077120389249,191.23620907635723,-2.33542298431621,423.3672845132123
2026-07-18 04:03:00,3507.2788769641147,-4621.994957778351,4499.585327728025,4.753530370088765,5.459412746931156,1.7207791227017715,EXPLORER 27 (BEACON-C),3762.207927,-4419.860113,4497.876216,254.9290500358852,202.13484477835118,-1.7091117280251638,325.3463340636649
2026-07-18 04:06:00,4301.107599515227,-3569.3583808311587,4734.141290164165,4.0419896028185205,6.205645202403271,0.8774401541427616,EXPLORER 27 (BEACON-C),4451.256576000001,-3383.030437,4733.143878999999,150.1489764847738,186.3279438311588,-0.9974111641658965,239.29858466109454
2026-07-18 04:09:00,4954.156648149024,-2399.9554742242212,4813.409671502547,3.19360002133528,6.752701794451499,0.00023331610315366135,EXPLORER 27 (BEACON-C),5023.859902,-2252.690549,4813.178411999999,69.70325385097658,147.26492522422132,-0.23125950254780037,162.92806780805662
2026-07-18 04:12:00,5444.2714176906275,-1151.65532906932,4734.0212363092005,2.23676852779363,7.079448116199574,-0.8803479922074202,EXPLORER 27 (BEACON-C),5462.597452999999,-1061.969253,4734.577382,18.326035309371946,89.68607606932005,0.5561456907998945,91.54094771686387
2026-07-18 04:15:00,5754.854741452922,134.61228105451525,4498.167912399864,1.2046219357820185,7.1731721205433425,-1.733225506123787,EXPLORER 27 (BEACON-C),5753.75255,153.9914,4499.499282,-1.102191452921943,19.37911894548475,1.3313696001359858,19.45604333142549
2026-07-18 04:18:00,5875.584926762241,1416.449466648722,4113.574628221207,0.1335020177754188,7.030362508264493,-2.528225528569012,EXPLORER 27 (BEACON-C),5887.876799,1359.319942,4115.636687,12.29187223775898,-57.12952464872183,2.062058778793471,58.47328275465218
2026-07-18 04:21:00,5802.840529823662,2651.6731918032524,3593.2041617691457,-0.9387747208664555,6.656923261818408,-3.2375432873209613,EXPLORER 27 (BEACON-C),5860.178207999999,2518.7444109999997,3595.9233369999997,57.33767817633725,-132.92878080325272,2.7191752308540345,144.79317669844986
2026-07-18 04:24:00,5539.80203139547,3799.9842018533923,2954.7105231756327,-1.9747483125241163,6.067795234874423,-3.8370565452617225,EXPLORER 27 (BEACON-C),5670.703057,3598.885559,2957.9886749999996,130.90102560452942,-201.09864285339245,3.278151824366887,239.97185030994274
2026-07-18 04:27:00,5096.227643461821,4824.517857296441,2219.6777641074937,-2.9390807570186404,5.286023086434009,-4.307378059086181,EXPLORER 27 (BEACON-C),5324.302101,4569.434271,2223.398405,228.07445753817956,-255.08358629644135,3.7206408925062533,342.1979505313261
2026-07-18 04:30:00,4487.928057355044,5693.184994335369,1412.6984856884696,-3.8001089976735347,4.341368588193661,-4.634568273765949,EXPLORER 27 (BEACON-C),4830.392073,5404.145525999999,1416.733951,342.4640156449559,-289.03946833536975,4.035465311530288,448.15365807671634
2026-07-18 04:33:00,3735.9890020565135,6379.733279457909,560.3570641968075,-4.531070537585062,3.268617825411556,-4.810472401137974,EXPLORER 27 (BEACON-C),4202.535862,6081.6008059999995,564.575529,466.5468599434862,-298.1324734579093,4.2184648031924326,553.6846933937705
2026-07-18 04:36:00,2865.8075113375676,6864.488485161051,-309.8147455971276,-5.110933595032884,2.105751891562383,-4.832691617740373,EXPLORER 27 (BEACON-C),3457.880335,6585.709772,-305.544404,592.0728236624323,-278.7787131610512,4.27034159712764,654.4356616571971
2026-07-18 04:39:00,1906.0156761053552,7134.765928379769,-1170.3475307156702,-5.524816077833908,0.8921459118480127,-4.704237999241747,EXPLORER 27 (BEACON-C),2616.501119,6905.950007,-1166.15155,710.4854428946448,-228.81592137976895,4.195980715670203,746.4341208011854
2026-07-18 04:42:00,887.36412770847,7184.970188314073,-1994.7586979799457,-5.764025611236,-0.3330666898508572,-4.432950405985626,EXPLORER 27 (BEACON-C),1700.701658,7037.369233,-1990.754073,813.3375302915299,-147.60095531407296,4.004624979945675,826.6317301020947
2026-07-18 04:45:00,-158.37190842949408,7016.422452156243,-2758.3566078187737,-5.825788585509483,-1.5323706273451487,-4.0307607577230495,EXPLORER 27 (BEACON-C),734.30889,6980.384668,-2754.647306,892.6807984294941,-36.037784156243106,3.709301818773838,893.415630427179
2026-07-18 04:48:00,-1199.4156969672129,6636.967507039551,-3438.905556719041,-5.712755761630189,-2.6709396986876737,-3.5128976344462908,EXPLORER 27 (BEACON-C),-258.001053,6740.425125,-3435.580347,941.4146439672129,103.45761796044917,3.3252097190411405,947.0882047674546
2026-07-18 04:51:00,-2204.909494003227,6060.416458898989,-4017.1474517990555,-5.432375505684503,-3.717400024635978,-2.8971003791239327,EXPLORER 27 (BEACON-C),-1251.3255530000001,6327.462376,-4014.279751,953.5839410032268,267.0459171010116,2.8677007990554557,990.2747487881526
2026-07-18 04:54:00,-3145.716583866833,5305.878124877988,-4477.187395017522,-4.99621637815349,-4.644317455147712,-2.202896630309356,EXPLORER 27 (BEACON-C),-2221.094616,5755.475069,-4474.836184000001,924.6219678668331,449.59694412201225,2.351211017521564,1028.138475021257
2026-07-18 04:57:00,-3995.1021347554474,4397.023917410695,-4806.7577933507155,-4.419303222598749,-5.4284626584641,-1.4509741189673395,EXPLORER 27 (BEACON-C),-3143.5633650000004,5041.881958,-4804.968683,851.538769755447,644.8580405893053,1.7891103507154185,1068.158869188074
2026-07-18 05:00:00,-4729.299643113945,3361.3202630220217,-4997.379116220965,-3.7195097332812224,-6.050916906012124,-0.6626571853820159,EXPLORER 27 (BEACON-C),-3996.243137,4206.972014999999,-4996.185168,733.0565061139455,845.6517519779777,1.193948220965467,1119.1515323189092
2026-07-18 05:03:00,-5327.975342435837,2229.2512152862173,-5044.4356225442325,-2.9170294423603984,-6.497081063399957,0.14051805665634687,EXPLORER 27 (BEACON-C),-4758.2815820000005,3273.348645,-5043.857664,569.6937604358363,1044.0974297137827,0.5779585442323878,1189.4077338955428
2026-07-18 05:06:00,-5774.605023162869,1033.543438227289,-4947.1821025767995,-2.0339285492289756,-6.756642644411719,0.9371478253306679,EXPLORER 27 (BEACON-C),-5410.803818,2265.39646,-4947.22879,363.8012051628684,1231.853021772711,-0.04668742320063757,1284.4505386772314
2026-07-18 05:09:00,-6056.776874660883,-191.60288518435937,-4708.693777231763,-1.0937691875888391,-6.82354370740959,1.706249205693703,EXPLORER 27 (BEACON-C),-5937.227252999999,1208.770525,-4709.361749,119.54962166088353,1400.3734101843593,-0.6679717682363844,1405.4672696925088
2026-07-18 05:12:00,-6166.430927611145,-1411.2799132501223,-4335.766730661164,-0.12128087595611992,-6.695978016501893,2.427521482787384,EXPLORER 27 (BEACON-C),-6323.559416,129.904204,-4337.04012,-157.12848838885475,1541.1841172501222,-1.273389338835841,1549.173801304364
2026-07-18 05:15:00,-6100.041118381143,-2590.641134347904,-3838.7712467861775,0.8579491654954552,-6.376430693966637,3.0816085050793367,EXPLORER 27 (BEACON-C),-6558.686986,-944.471887,-3840.6213190000003,-458.64586761885676,1646.1692473479038,-1.8500722138228411,1708.868820467216
2026-07-18 05:18:00,-5858.740515276221,-3695.680888625828,-3231.4556815679794,1.817799738415463,-5.871758408766093,3.6503874027426204,EXPLORER 27 (BEACON-C),-6634.658588,-1987.811574,-3233.8404640000003,-775.918072723779,1707.869314625828,-2.384782432020984,1875.8657037770927
2026-07-18 05:21:00,-5448.384383868469,-4694.030288816566,-2530.6944546912378,2.7319866505572405,-5.1932934860781295,4.117303666564227,EXPLORER 27 (BEACON-C),-6546.957539,-2974.243626,-2533.557434,-1098.5731551315312,1719.7866628165661,-2.8629793087620783,2040.7198091428208
2026-07-18 05:24:00,-4879.540063576423,-5555.771370819741,-1756.1707801143739,3.5745111914457204,-4.356941631589842,4.467765023444114,EXPLORER 27 (BEACON-C),-6294.757332,-3879.077652,-1759.439222,-1415.2172684235775,1676.6937188197408,-3.268441885626089,2194.1176874284165
2026-07-18 05:27:00,-4167.387669070963,-6254.264927241319,-929.9832720481443,4.320209801543238,-3.383230890555317,4.689596791687298,EXPLORER 27 (BEACON-C),-5881.146951000001,-4679.330546,-933.567483,-1713.7592819290376,1574.934381241319,-3.5842109518557663,2327.531316262373
2026-07-18 05:30:00,-3331.5120930293488,-6766.979059007789,-76.16596930059744,4.945418265310363,-2.2972600429072294,4.773549615398773,EXPLORER 27 (BEACON-C),-5313.306308,-5354.2731969999995,-79.960151,-1981.7942149706514,1412.7058620077896,-3.7941816994025572,2433.7749606027837
2026-07-18 05:33:00,-2395.5654273860446,-7076.2955719935735,779.8860007441543,5.428749405596537,-1.128489359649625,4.713837108547235,EXPLORER 27 (BEACON-C),-4602.607133,-5885.989937,776.001542,-2207.041705613956,1190.3056349935732,-3.884458744154358,2507.5636949111677
2026-07-18 05:36:00,-1386.7805096070886,-7170.260847737188,1612.0876743547174,5.751965252157693,0.08968266467700732,4.508666926947821,EXPLORER 27 (BEACON-C),-3764.6103470000003,-6259.934480000001,1608.2439920000002,-2377.829837392912,910.326367737187,-3.8436823547172025,2546.1311052826063
2026-07-18 05:39:00,-335.3214893898325,-7043.238030694443,2394.4271723243814,5.900904097563004,1.3206044974553337,4.160715690921037,EXPLORER 27 (BEACON-C),-2818.931303,-6465.457473,2390.763436,-2483.6098136101673,577.7805576944429,-3.6637363243812615,2549.933626993904
2026-07-18 05:42:00,726.5335626003072,-6696.409950759397,3101.805000229542,5.866401805263418,2.5253489399641156,3.6774881539419564,EXPLORER 27 (BEACON-C),-1788.949112,-6496.275456,3098.46308,-2515.4826746003073,200.13449475939706,-3.341920229542211,2523.4337856654247
2026-07-18 05:45:00,1765.3701053660086,-6138.0789539948855,3710.9229879408376,5.645128224452374,3.6639859912771833,3.0714965518284014,EXPLORER 27 (BEACON-C),-701.342357,-6350.848036,3708.039829,-2466.7124623660084,-212.7690820051148,-2.883158940837802,2475.8734553394593
2026-07-18 05:48:00,2747.750984056269,-5383.712401420854,4201.184598348507,5.240247276326313,4.69711969983621,2.3601995501630055,EXPLORER 27 (BEACON-C),414.56088,-6032.626141,4198.885051,-2333.190104056269,-648.9137395791458,-2.299547348507076,2421.7494484357176
2026-07-18 05:51:00,3641.4260062512035,-4455.692109482532,4555.558434998417,4.661806923143471,5.587618330924033,1.5656532671601797,EXPLORER 27 (BEACON-C),1527.613796,-5550.130486999999,4553.948668,-2113.8122102512034,-1094.4383775174674,-1.609766998417399,2380.3361136066337
2026-07-18 05:54:00,4416.580432707171,-3382.742613080674,4761.350329873578,3.926775724762349,6.302428993893383,0.713849748470858,EXPLORER 27 (BEACON-C),2605.8353700000002,-4916.832984000001,4760.5117470000005,-1810.7450627071707,-1534.0903709193267,-0.838582873577252,2373.232321431475
2026-07-18 05:57:00,5047.052849003959,-2199.0358552591015,4810.827988991228,3.058667250421105,6.814337216721629,-0.16625054113602042,EXPLORER 27 (BEACON-C),3617.508568,-4150.825397,4810.810622000001,-1429.5442810039585,-1951.7895417408981,-0.017366991227390827,2419.313800833179
2026-07-18 06:00:00,5511.445897932148,-942.9966323172632,4701.6468476671635,2.0867310852790215,7.103515482590813,-1.0439496459380087,EXPLORER 27 (BEACON-C),4532.336058,-3274.2761570000002,4702.463758000001,-979.1098399321481,-2331.2795246827372,0.816910332837324,2528.541272789396
2026-07-18 06:03:00,5794.0539119874475,344.13918818320286,4437.036779815672,1.0447356762845048,7.158707859749539,-1.8882282258168448,EXPLORER 27 (BEACON-C),5322.591208,-2312.69112,4438.662737,-471.46270398744764,-2656.8303081832028,1.6259571843274898,2698.3378238220607
2026-07-18 06:06:00,5885.540487922248,1619.9365985953195,4025.725948033054,-0.030582603486829747,6.9779232861358045,-2.669239330899387,EXPLORER 27 (BEACON-C),5964.193695,-1294.0075379999998,4028.1012370000003,78.65320707775209,-2913.9441365953194,2.3752889669463,2915.0064151180754
2026-07-18 06:09:00,5783.3162182397555,2842.447698513138,3481.5987809761227,-1.101286148987949,6.568556629013506,-3.359755438252685,EXPLORER 27 (BEACON-C),6437.6333159999995,-247.57134200000002,3484.633741,654.317097760244,-3090.0190405131384,3.0349600238773746,3158.537279523145
2026-07-18 06:12:00,5491.590547965019,3971.867155194214,2823.1073915529087,-2.130070743891319,5.946918595876646,-3.9364442621427678,EXPLORER 27 (BEACON-C),6728.682323,796.9335990000001,2826.688499,1237.0917750349809,-3174.933556194214,3.581107447091199,3407.434807951252
2026-07-18 06:15:00,5021.099194808041,4972.053996884208,2072.4766907726544,-3.082010859034605,5.137223098699859,-4.380867071669897,EXPLORER 27 (BEACON-C),6828.858906,1810.54103,2076.473597,1807.7597111919595,-3161.5129668842073,3.9969062273457894,3641.8642737539258
2026-07-18 06:18:00,4388.535959971041,5811.830772691112,1254.7599063440764,-3.926072107555536,4.17014169474077,-4.680127391700957,EXPLORER 27 (BEACON-C),6735.621185999999,2765.977742,1259.0335730000002,2347.0852260289585,-3045.8530306911116,4.273666655923762,3845.263060837363
2026-07-18 06:21:00,3615.74102677421,6465.994783847068,396.81067910775784,-4.636281943653188,3.081077911230713,-4.827141909417179,EXPLORER 27 (BEACON-C),6452.29656,3638.506908,401.220857,2836.55553322579,-2827.487875847068,4.410177892242189,4005.0910639840704
2026-07-18 06:24:00,2728.713627233236,6916.005696201142,-473.76085429944567,-5.192498182288741,1.9083321835813842,-4.820550744313717,EXPLORER 27 (BEACON-C),5987.771769999999,4406.599128,-469.349965,3259.0581427667635,-2509.4065682011424,4.410889299445671,4113.222673088559
2026-07-18 06:27:00,1756.523384147181,7150.344523131022,-1329.5871993358253,-5.580767444862662,0.6913193350176233,-4.664322560101633,EXPLORER 27 (BEACON-C),5355.9891,5052.412545,-1325.3024950000001,3599.465715852819,-2097.9319781310214,4.284704335825154,4166.232156656159
2026-07-18 06:30:00,730.1917470423707,7164.566018468446,-2144.4496811608697,-5.793312316323511,-0.5310304355102289,-4.367135192516033,EXPLORER 27 (BEACON-C),4575.299843999999,5562.083165,-2140.406186,3845.1080969576287,-1602.4828534684457,4.043495160869497,4165.67208536661
2026-07-18 06:33:00,-318.3954897603662,6961.0864794991785,-2894.059339837586,-5.828219512745728,-1.721600490728442,-3.941622078387047,EXPLORER 27 (BEACON-C),3667.731269,5925.837564,-2890.357589,3986.126758760366,-1035.248915499178,3.701750837585678,4118.368676661538
2026-07-18 06:36:00,-1357.498706027007,6548.760216773017,-3556.6964421504185,-5.68891840209648,-2.8461079095735977,-3.4035700168878207,EXPLORER 27 (BEACON-C),2658.2179029999998,6137.958338,-3553.421009,4015.7166090270066,-410.80187877301705,3.275433150418394,4036.675463309024
2026-07-18 06:39:00,-2356.4287968355907,5942.300727932845,-4113.706730390811,-5.383540482559468,-3.87381892332931,-2.771138494564985,EXPLORER 27 (BEACON-C),1573.83401,6196.633202999999,-4110.92625,3930.2628068355907,254.33247506715452,2.780480390810226,3938.48428583131
2026-07-18 06:42:00,-3286.3316864548683,5161.598507170605,-4549.863272909164,-4.92423942502448,-4.777995917212272,-2.0641498342434246,EXPLORER 27 (BEACON-C),443.056425,6103.7208980000005,-4547.631559,3729.3881114548685,942.122390829395,2.2317139091637728,3846.5484873728005
2026-07-18 06:45:00,-4120.852027888528,4230.978701660834,-4853.609498330797,-4.326532784330146,-5.536131889341129,-1.3034773193805922,EXPLORER 27 (BEACON-C),-704.925424,5864.4642189999995,-4851.967069,3415.926603888528,1633.4855173391652,1.6424293307964035,3786.400955536051
2026-07-18 06:48:00,-4836.683994332983,3178.4308192309063,-5017.2018772664,-3.6087050549655504,-6.130035951338151,-0.5105385457151954,EXPLORER 27 (BEACON-C),-1840.845994,5487.175918999999,-5016.177304,2995.838000332983,2308.745099769093,1.0245732663997842,3782.2414399000636
2026-07-18 06:51:00,-5414.022096321736,2034.831362119424,-5036.770416187913,-2.7912909207188035,-6.545831567972961,0.2931145371437824,EXPLORER 27 (BEACON-C),-2935.9485950000003,4982.915940000001,-5036.380966,2478.073501321736,2948.084577880577,0.3894501879130985,3851.2402038774103
2026-07-18 06:54:00,-5836.926529200017,833.1700289207037,-4912.312496338245,-1.896639519662577,-6.773920658430257,1.0861284641418092,EXPLORER 27 (BEACON-C),-3962.5259309999997,4365.172221,-4912.563845,1874.4005982000176,3532.002192079296,-0.25134866175449133,3998.5518816893805
2026-07-18 06:57:00,-6093.6163253851055,-392.21813069804153,-4647.6314746962435,-0.9485463221457526,-6.808954083824325,1.8476300229476599,EXPLORER 27 (BEACON-C),-4894.427433,3649.5510019999997,-4648.516758999999,1199.1888923851056,4041.769132698041,-0.885284303755725,4215.916567649174
2026-07-18 07:00:00,-6176.700266570366,-1606.4180554535942,-4250.226606486254,0.028071018338964217,-6.649834463073691,2.5574855495316005,EXPLORER 27 (BEACON-C),-5707.544906,2853.476504,-4251.725202,469.1553605703657,4459.894559453594,-1.4985955137453857,4484.5031474606185
2026-07-18 07:03:00,-6083.3507668232805,-2774.704187851532,-3731.1358544443287,1.0074829688276055,-6.299762029448832,3.196565657368801,EXPLORER 27 (BEACON-C),-6380.286988,1995.89481,-3733.212759,-296.9362211767193,4770.598997851532,-2.0769045556712626,4779.83161118478
2026-07-18 07:06:00,-5815.420357940252,-3863.3214665645137,-3104.7285061930884,1.9634777533881247,-5.766319142371134,3.747039927472777,EXPLORER 27 (BEACON-C),-6894.048124,1096.973395,-3107.333873,-1078.627766059748,4960.294861564514,-2.605366806911661,5076.216086743605
2026-07-18 07:09:00,-5379.494533388406,-4840.283150477542,-2388.4406418036247,2.8697432870467585,-5.0615745795975995,4.1927203500659616,EXPLORER 27 (BEACON-C),-7233.6731629999995,177.78764999999999,-2391.509457,-1854.1786296115934,5018.070800477542,-3.0688151963754535,5349.674977672977
2026-07-18 07:12:00,-4786.8690797082145,-5676.186412713992,-1602.443767980681,3.700330834273014,-4.20217531190086,4.519464356211631,EXPLORER 27 (BEACON-C),-7387.913915,-740.01727,-1605.895949,-2601.0448352917856,4936.169142713991,-3.452181019318914,5579.535102339051
2026-07-18 07:15:00,-4053.4352441523765,-6345.039931110964,-769.235759180207,4.4302227053884975,-3.209381798711489,4.715638182235716,EXPLORER 27 (BEACON-C),-7349.864162999999,-1634.599528,-772.9757539999999,-3296.4289188476228,4710.440403110964,-3.739994819792969,5749.322255347698
2026-07-18 07:18:00,-3199.452842579868,-6825.089028231593,86.85597740843663,5.036015321382,-2.108994036840838,4.7726292590098645,EXPLORER 27 (BEACON-C),-7117.352468,-2484.333794,82.93956,-3917.899625420132,4340.755234231593,-3.9164174084366294,5847.401886026091
2026-07-18 07:21:00,-2249.1904644735428,-7099.613878124042,940.2661000317781,5.496714041373142,-0.931111184006867,4.685382826286458,EXPLORER 27 (BEACON-C),-6693.2698470000005,-3268.267813,936.2986080000001,-4444.079382526457,3831.3460651240416,-3.967492031778079,5867.628990480843
2026-07-18 07:24:00,-1230.4140431421633,-7157.665857122734,1764.8790263776393,5.794617684843156,0.29033060007925443,4.452924070550026,EXPLORER 27 (BEACON-C),-6085.800803,-3966.622818,1760.9960409999999,-4855.386759857836,3191.0430391227346,-3.882985377639443,5810.124899080215
2026-07-18 07:27:00,-173.71084231279974,-6994.69762842989,2534.8058639858905,5.916249922826403,1.5182876204091982,4.078814425287444,EXPLORER 27 (BEACON-C),-5308.518110999999,-4561.328587,2531.148996,-5134.8072686872,2433.36904142989,-3.6568679858905853,5682.212944886507
2026-07-18 07:30:00,888.3543647376523,-6613.035698871811,3225.2334049313818,5.853273866430923,2.713631914403172,3.5714814680334896,EXPLORER 27 (BEACON-C),-4380.304687,-5036.574923,3221.945226,-5268.659051737652,1576.4607758718112,-3.2881789313819354,5499.455208785696
2026-07-18 07:33:00,1922.2407634858039,-6022.141774543108,3813.316490794531,5.603308386695531,3.8364666063253816,2.9443585946849358,EXPLORER 27 (BEACON-C),-3325.0715809999997,-5379.355310999999,3810.534197,-5247.312344485804,642.7864635431088,-2.7822937945311423,5286.53658073659
2026-07-18 07:36:00,2894.5643923537828,-5238.612854299411,4279.073720666409,5.1705536756282475,4.8476960216088125,2.2157756317514625,EXPLORER 27 (BEACON-C),-2171.250183,-5579.971402,4276.921103,-5065.814575353783,-341.35854770058904,-2.152617666409242,5077.303182174362
2026-07-18 07:39:00,3773.3191990821274,-4285.880602964718,4606.237068865834,4.566132949125836,5.710773977959649,1.4085562047682352,EXPLORER 27 (BEACON-C),-951.052821,-5632.46496,4604.815351,-4724.372020082127,-1346.5843570352827,-1.4217178658336707,4912.5331994836115
2026-07-18 07:42:00,4529.12722322355,-3193.588141202312,4783.000299277287,3.8080697157351304,6.393516308468523,0.5493020170177807,EXPLORER 27 (BEACON-C),300.491566,-5534.944265,4782.381622999999,-4228.63565722355,-2341.3561237976883,-0.6186762772877046,4833.560634019989
2026-07-18 07:45:00,5136.446846994445,-1996.645829492197,4802.610625151683,2.9208466184736572,6.869834812082553,-0.3326236340219145,EXPLORER 27 (BEACON-C),1546.6986100000001,-5289.766071,4802.8341550000005,-3589.7482369944446,-3293.1202415078033,0.22352984831741196,4871.44058569934
2026-07-18 07:48:00,5574.662081266287,-733.994652245724,4663.753783426466,1.9345309780753572,7.121236016836362,-1.2063645111163368,EXPLORER 27 (BEACON-C),2750.527302,-4903.548589999999,4664.8234,-2824.134779266287,-4169.5539377542755,1.0696165735344039,5035.962513302024
2026-07-18 07:51:00,5828.977621878202,552.8667074543209,4370.694675313117,0.8834995767046043,7.1379344921029935,-2.0410086378565944,EXPLORER 27 (BEACON-C),3875.9486540000003,-4387.006135,4372.577974999999,-1953.0289678782015,-4939.872842454321,1.8832996868823102,5311.936501484824
2026-07-18 07:54:00,5891.054675414384,1821.5107036584682,3933.153160144807,-0.19515580167663113,6.9194592033737194,-2.807082771452584,EXPLORER 27 (BEACON-C),4889.303315,-3754.604344,3935.7822459999998,-1001.7513604143842,-5576.115047658468,2.6290858551928977,5665.383634398266
2026-07-18 07:57:00,5759.340863099625,3030.2677890725204,3365.9157462661315,-1.263418308331165,6.474680753785786,-3.477978449520424,EXPLORER 27 (BEACON-C),5760.565604,-3024.051638,3369.192097,1.2247409003757639,-6054.31942707252,3.2763507338686395,6054.320437463822
2026-07-18 08:00:00,5439.072083363653,4139.865814923252,2688.2062523210093,-2.2841804280819984,5.821250901939517,-4.0311868026853865,EXPLORER 27 (BEACON-C),6464.4361,-2215.653227,2692.0080580000003,1025.3640166363466,-6355.519041923252,3.801805678991059,6437.702083242754
2026-07-18 08:03:00,4941.952005018721,5114.920544711226,1922.8589380704295,-3.222965740928573,4.984513140662373,-4.449240458945904,EXPLORER 27 (BEACON-C),6981.190474999999,-1351.569382,1927.048377,2039.2384699812783,-6466.489926711226,4.189438929570542,6780.413192505888
2026-07-18 08:06:00,4285.541968060205,5925.191473128534,1095.3530590638702,-4.049398119602543,3.9960021454261088,-4.720297210429012,EXPLORER 27 (BEACON-C),7297.246172,-455.03221399999995,1099.7847160000001,3011.7042039397948,-6380.223687128534,4.431656936129912,7055.326792531148
2026-07-18 08:09:00,3492.416465093026,6546.5420471260995,232.77593723014388,-4.738315815749611,2.89168957893703,-4.838345021599275,EXPLORER 27 (BEACON-C),7405.432839,450.432703,237.304953,3913.016373906974,-6096.109344126099,4.52901576985613,7243.9123952453665
2026-07-18 08:12:00,2589.1538566135196,6961.57351666784,-637.2185285880566,-5.270477849437962,1.710147443907138,-4.803052803706,EXPLORER 27 (BEACON-C),7304.974956,1341.734155,-632.730098,4715.8210993864805,-5619.8393616678395,4.488430588056644,7336.319461308854
2026-07-18 08:15:00,1605.2369388707682,7159.932066217261,-1487.3968113176752,-5.632862555509657,0.4907874319014408,-4.619327951137224,EXPLORER 27 (BEACON-C),7001.219968,2196.8571009999996,-1483.076023,5395.983029129232,-4963.074965217262,4.320788317675124,7331.354897304364
2026-07-18 08:18:00,571.9337672844541,7138.315011583103,-2291.8324793463207,-5.818603355344402,-0.7276990775181018,-4.296664336955286,EXPLORER 27 (BEACON-C),6505.16186,2995.396078,-2287.792477,5933.228092715546,-4142.918933583103,4.040002346320762,7236.503935744751
2026-07-18 08:21:00,-478.78225238588857,6900.220489774914,-3026.66318081364,-5.82663801518285,-1.9086214006303555,-3.8483714765157306,EXPLORER 27 (BEACON-C),5832.818171,3718.971699,-3023.0011630000004,6311.6004233858885,-3181.248790774914,3.6620178136395225,7068.002347457607
2026-07-18 08:24:00,-1515.229586574572,6455.494915309147,-3670.704449800803,-5.661162161063155,-3.018258981402139,-3.2907686536826453,EXPLORER 27 (BEACON-C),5004.513687,4351.532775000001,-3667.501273,6519.7432735745715,-2103.962140309146,3.2031768008032486,6850.818878171917
2026-07-18 08:27:00,-2506.9063872081383,5819.734013983929,-4205.920639597529,-5.330976879752788,-4.026529955970967,-2.642411099407801,EXPLORER 27 (BEACON-C),4044.1211940000003,4879.555434000001,-4203.241063,6551.027581208138,-940.1785799839281,2.6795765975284667,6618.149689463142
2026-07-18 08:30:00,-3425.257416818957,5013.588226525695,-4617.763381187823,-4.848807690226453,-4.907399214562261,-1.9233937495142597,EXPLORER 27 (BEACON-C),2978.298949,5292.157176,-4615.656672,6403.556365818957,278.56894947430465,2.1067091878230713,6409.613032629606
2026-07-18 08:33:00,-4244.320742067826,4062.0140240907513,-4895.394001152379,-4.230652857184318,-5.639083912866353,-1.154756089772044,EXPLORER 27 (BEACON-C),1835.7504199999998,5581.147435,-4893.895280000001,6080.071162067827,1519.1334109092486,1.4987211523784936,6266.97964749485
2026-07-18 08:36:00,-4941.263146813693,2993.501491416697,-5031.808607896768,-3.495197414248904,-6.204120326854487,-0.3579922415497285,EXPLORER 27 (BEACON-C),646.520171,5741.032315,-5030.940558,5587.783317813693,2747.5308235833036,0.8680498967678432,6226.736608118893
2026-07-18 08:39:00,-5496.817672596166,1839.2972972918642,-5023.883778994477,-2.6633087101102473,-6.589352748584709,0.44534457817527984,EXPLORER 27 (BEACON-C),-558.6675359999999,5768.990979,-5023.658012,4938.150136596166,3929.693681708136,0.2257669944774534,6310.928557240393
2026-07-18 08:42:00,-5895.637779736874,632.6322142115218,-4872.357821204903,-1.7576117835702754,-6.785895696328431,1.2339643062333145,EXPLORER 27 (BEACON-C),-1749.030585,5664.837124,-4872.775527,4146.607194736875,5032.204909788477,-0.41770579509648087,6520.539675212551
2026-07-18 08:45:00,-6126.581014253264,-592.0455316098721,-4581.758268863432,-0.8021292629343909,-6.789107651914216,1.9871158043990784,EXPLORER 27 (BEACON-C),-2894.318311,5430.9736459999995,-4582.80947,3232.2627032532637,6023.019177609872,-1.0512011365681246,6835.516315664986
2026-07-18 08:48:00,-6182.931475942645,-1799.835208673791,-4160.2813582433655,0.17803914189871498,-6.598599771213588,2.684844868674905,EXPLORER 27 (BEACON-C),-3965.377524,5072.345347,-4161.942893,2217.553951942645,6872.180555673791,-1.6615347566348646,7221.108909319615
2026-07-18 08:51:00,-6062.565466205291,-2956.15375992551,-3619.62424886017,1.1570284031454063,-6.218287776831334,3.3082619637149335,EXPLORER 27 (BEACON-C),-4934.706694,4596.390072,-3621.857698,1127.8587722052907,7552.54383192551,-2.233449139829645,7636.294175284996
2026-07-18 08:54:00,-5768.05903053213,-4027.5183437824176,-2974.766228137506,2.108544558510562,-5.656480246695657,3.839843332195856,EXPLORER 27 (BEACON-C),-5777.007932,4012.983573,-2977.516576,-8.9489014678702,8040.5019167824175,-2.7503478624939817,8040.507367139998
2026-07-18 08:57:00,-5306.730237274786,-4982.346016929258,-2243.691438158937,3.006258336061519,-4.925982209976479,4.263782985120333,EXPLORER 27 (BEACON-C),-6469.742562,3334.369499,-2246.88703,-1163.012324725214,8316.715515929258,-3.195591841062651,8397.640433608029
2026-07-18 09:00:00,-4690.603499818945,-5791.7705497899005,-1447.0431879958494,3.8242845533551404,-4.044179827574111,4.566404753926254,EXPLORER 27 (BEACON-C),-6993.6902549999995,2575.061116,-1450.5967819999998,-2303.0867551810543,8366.831665789901,-3.5535940041504546,8678.023585678098
2026-07-18 09:03:00,-3936.2786648813435,-6430.46933148769,-607.6990563225046,4.5377681209278355,-3.033060708713076,4.736633161348698,EXPLORER 27 (BEACON-C),-7333.503012,1751.7000679999999,-611.5091600000001,-3397.2243471186566,8182.1693994876905,-3.8101036774954764,8859.40426120507
2026-07-18 09:06:00,-3064.684655737965,-6877.4844109590495,249.7428559247193,5.123585888363743,-1.9191162561286232,4.766509573608907,EXPLORER 27 (BEACON-C),-7478.238343999999,882.857279,245.791036,-4413.5536882620345,7760.341689959049,-3.9518199247193024,8927.618659024845
2026-07-18 09:09:00,-2100.6969421981917,-7117.011584225115,1099.5726461281572,5.561158066150246,-0.7330689250941776,4.651726517579396,EXPLORER 27 (BEACON-C),-7421.847346,-11.238902,1095.606237,-5321.150403801808,7105.772682225115,-3.9664091281572382,8877.311685625229
2026-07-18 09:12:00,-1072.6007557096355,-7139.121091257131,1915.6723466931205,5.833344069447562,0.49062973517877745,4.392139305250258,EXPLORER 27 (BEACON-C),-7163.58819,-909.058361,1911.8279639999998,-6090.987434290365,6230.062730257131,-3.8443826931206786,8712.85397139768
2026-07-18 09:15:00,-11.388350543904107,-6940.364338262538,2672.3061565624757,5.92737672623248,1.7145732039937522,3.9922019440726846,EXPLORER 27 (BEACON-C),-6708.3292280000005,-1788.216492,2668.725164,-6696.940877456096,5152.147846262538,-3.5809925624757852,8449.476751219443
2026-07-18 09:18:00,1050.1110728096867,-6524.2148230260445,3344.978092811173,5.835768219670336,2.89946880156077,3.4612659911698644,EXPLORER 27 (BEACON-C),-6066.70142,-2626.014209,3341.800396,-7116.812492809687,3898.2006140260446,-3.177696811173064,8114.49309462779
2026-07-18 09:21:00,2078.2562990571932,-5901.289895145704,3911.3264363699086,5.557104135001747,4.005494322257618,2.8136790115095796,EXPLORER 27 (BEACON-C),-5255.060555999999,-3400.0634720000003,3908.683994,-7333.316855057193,2501.2264231457034,-2.642442369908622,7748.140209044352
2026-07-18 09:24:00,3039.7450726429847,-5089.304634892475,4352.013257603915,5.0966322969049145,4.993899300521494,2.068625800047091,EXPLORER 27 (BEACON-C),-4295.224424,-4088.978479,4350.0236540000005,-7334.969496642985,1000.3261558924755,-1.9896036039144747,7402.866599727984
2026-07-18 09:27:00,3902.8453021947244,-4112.72081672469,4651.558442110974,4.466554270892704,5.828768501690208,1.2496717682279463,EXPLORER 27 (BEACON-C),-3213.966051,-4673.102543,4650.31777,-7116.811353194724,-560.38172627531,-1.2406721109746286,7138.839755546548
2026-07-18 09:30:00,4638.645309461166,-3002.072471619917,4799.062761673341,3.685941972931478,6.478828829201614,0.3839936098675154,EXPLORER 27 (BEACON-C),-2042.260178,-5135.232726,4798.637943,-6680.905487461167,-2133.160254380083,-0.4248186733411785,7013.192638429842
2026-07-18 09:33:00,5222.25067060741,-1792.9736638931745,4788.765081242129,2.780230407153497,6.9191539061136895,-0.49868457931220933,EXPLORER 27 (BEACON-C),-814.301498,-5461.29955,4789.187703,-6036.55216860741,-3668.3258861068252,0.4226217578707292,7063.750920694288
2026-07-18 09:36:00,5633.850269722635,-524.8413598225809,4620.385557078962,1.780278244412324,7.132609541152074,-1.3673951559363757,EXPLORER 27 (BEACON-C),433.672593,-5640.95762,4621.650626000001,-5200.177676722635,-5116.1162601774195,1.265068921038619,7294.963677602211
2026-07-18 09:39:00,5859.577181136212,760.6065335852256,4299.219630972767,0.7210361431121797,7.110892920070775,-2.1913819466796487,EXPLORER 27 (BEACON-C),1664.696261,-5668.037813,4301.286486999999,-4194.880920136212,-6428.644346585225,2.066856027232461,7676.229435139289
2026-07-18 09:42:00,5892.101519653694,2020.994403886078,3835.965809125643,-0.3600886337281911,6.855050413613402,-2.941591736984884,EXPLORER 27 (BEACON-C),2842.44579,-5540.828755,3838.761415,-3049.6557296536935,-7561.823158886078,2.7956058743570793,8153.623573055579
2026-07-18 09:45:00,5730.911815180197,3214.9737398250536,3246.2917629363683,-1.4250420793788174,6.375410905381685,-3.592075699101839,EXPLORER 27 (BEACON-C),3932.5867590000003,-5262.166137,3249.7150819999997,-1798.3250561801965,-8477.139876825055,3.423319063631425,8665.78820523883
2026-07-18 09:48:00,5382.2668003772305,4303.843916179224,2550.1655394143513,-2.4369540229664826,5.690936451477372,-4.121180130957748,EXPLORER 27 (BEACON-C),4904.011863,-4839.321868,2554.093182,-478.2549373772308,-9143.165784179224,3.927642585648755,9155.666211067748
2026-07-18 09:51:00,4858.827529889046,5253.009270371739,1770.998493104692,-3.361833004098652,4.828059063744733,-4.512429862626775,EXPLORER 27 (BEACON-C),5729.897346,-4283.7046789999995,1775.292082,871.069816110954,-9536.713949371739,4.293588895307948,9576.413421087598
2026-07-18 09:54:00,4179.006476557969,6033.1900532929685,934.6609366311892,-4.1699896020941605,3.8191291626834625,-4.755046070162411,EXPLORER 27 (BEACON-C),6388.522125,-3610.396627,939.174857,2209.5156484420313,-9643.586680292969,4.513920368810773,9893.469757193947
2026-07-18 09:57:00,3366.0916890302133,6621.330881164807,68.43828218182206,-4.837092385441507,2.700637236288911,-4.844085875481827,EXPLORER 27 (BEACON-C),6863.814176,-2837.5646110000002,73.027442,3497.7224869697866,-9458.895492164807,4.589159818177933,10084.87915584206
2026-07-18 10:00:00,2447.2172227352225,7001.180848608277,-800.00611511592,-5.3448118570674135,1.5113796952369338,-4.7802352307666265,EXPLORER 27 (BEACON-C),7145.620097,-1985.794036,-795.4793860000001,4698.402874264777,-8986.974884608277,4.52672911591992,10141.041743171949
2026-07-18 10:03:00,1452.2545550657503,7163.549512616002,-1643.6041798273145,-5.68105988632287,0.2907233445145089,-4.569321231578524,EXPLORER 27 (BEACON-C),7229.712902,-1077.389556,-1639.265856,5777.45834693425,-8240.939068616002,4.338323827314525,10064.3986658049
2026-07-18 10:06:00,412.6941919255633,7106.268087870491,-2436.7493146257943,-5.839875687249157,-0.9229135130728494,-4.221630135770021,EXPLORER 27 (BEACON-C),7117.57479,-135.68552499999998,-2432.711193,6704.880598074436,-7241.953612870491,4.038121625794247,9869.211329778547
2026-07-18 10:09:00,-639.425612558236,6833.902481625866,-3156.028882214272,-5.821038186387319,-2.0932920479200665,-3.751121806052245,EXPLORER 27 (BEACON-C),6816.0031770000005,815.602302,-3152.387224,7455.4287895582365,-6018.300179625866,3.6416582142719562,9581.407451409896
2026-07-18 10:12:00,-1672.5021074545575,6357.273240393683,-3780.812139965353,-5.6294966049576765,-3.187271844856304,-3.1746223235381126,EXPLORER 27 (BEACON-C),6336.591520999999,1752.961663,-3777.6469389999997,8009.093628454557,-4604.311577393683,3.1652009653530513,9238.250693154525
2026-07-18 10:15:00,-2656.239012962782,5692.837818965974,-4293.6960190407,-5.274708014624336,-4.175433639328633,-2.511058545667017,EXPLORER 27 (BEACON-C),5695.133581,2653.595952,-4291.071403,8351.372593962782,-3039.241866965974,2.624616040699948,8887.205534796685
2026-07-18 10:18:00,-3562.395829714108,4861.98471099434,-4680.8205637179735,-4.76995664380357,-5.0324499635763,-1.7807763574519155,EXPLORER 27 (BEACON-C),4910.991191,3495.8634500000003,-4678.786019,8473.387020714108,-1366.12126099434,2.0345447179734037,8582.807177253797
2026-07-18 10:21:00,-4365.417701353398,3890.279260621567,-4932.0712056299,-4.131709695321744,-5.737263403603185,-1.004962534895809,EXPLORER 27 (BEACON-C),4006.456919,4259.649803,-4930.662606,8371.8746203534,369.37054237843313,1.4085996298999817,8380.019167081136
2026-07-18 10:24:00,-5042.955735040869,2806.689660441756,-5041.186732772508,-3.37904274245291,-6.273136420370809,-0.20517138945869273,EXPLORER 27 (BEACON-C),3006.133347,4926.684614,-5040.4268329999995,8049.089082040869,2119.9949535582437,0.7598997725081063,8323.593829061434
2026-07-18 10:27:00,-5576.291579632134,1642.8105348298534,-5005.790584302905,-2.533147542470673,-6.627632258336317,0.5970568626203269,EXPLORER 27 (BEACON-C),1936.338639,5480.816446999999,-5005.689938,7512.630218632134,3838.005912170146,0.10064630290435161,8436.225589319394
2026-07-18 10:30:00,-5950.680676363685,432.09184709152595,-4827.359836658722,-1.6169181472020413,-6.792576261464785,1.3805084650995358,EXPLORER 27 (BEACON-C),824.5399620000001,5908.257968,-4827.917389,6775.220638363685,5476.166120908474,-0.5575523412780967,8711.602056634565
2026-07-18 10:33:00,-6155.626627693528,-790.9266236942141,-4511.141773581644,-0.6545982004955794,-6.76403344930183,2.1245666702881536,EXPLORER 27 (BEACON-C),-301.187434,6197.812455,-4512.344878,5854.439193693527,6988.739078694214,-1.203104418355906,9116.848887098151
2026-07-18 10:36:00,-6185.095285774568,-1991.379975525951,-4066.0229535278354,0.3285367067217777,-6.542323292894184,2.809469199565067,EXPLORER 27 (BEACON-C),-1412.684155,6341.089562,-4067.8464750000003,4772.411130774568,8332.46953752595,-1.8235214721648845,9602.393447478054
2026-07-18 10:39:00,-6037.672087206449,-3134.8491595532187,-3504.350765218359,1.3064931045950148,-6.132077411323391,3.4165795930667953,EXPLORER 27 (BEACON-C),-2482.222508,6332.712841,-3506.754755,3555.449579206449,9467.562000553218,-2.4039897816410303,10113.157653461427
2026-07-18 10:42:00,-5716.660426908272,-4188.145131520791,-2841.7030507489703,2.252903599185646,-5.542331034268842,3.9286951433268884,EXPLORER 27 (BEACON-C),-3483.0228420000003,6170.518491000001,-2844.629939,2233.6375849082715,10358.663622520791,-2.9268882510295953,10596.747494959254
2026-07-18 10:45:00,-5230.113006595121,-5120.110323445794,-2096.5978720200246,3.1414329058454107,-4.786624977744641,4.330407566558783,EXPLORER 27 (BEACON-C),-4389.7794380000005,5855.741178,-2099.9711310000002,840.3335685951206,10975.851501445795,-3.373258979975617,11007.973840229359
2026-07-18 10:48:00,-4590.782667367537,-5902.436426047227,-1290.133282838493,3.9462735082706133,-3.8830820560635377,4.608523878113218,EXPLORER 27 (BEACON-C),-5179.202575,5393.175113,-1293.8582990000002,-588.419907632463,11295.611539047226,-3.7250161615072557,11310.927986000992
2026-07-18 10:51:00,-3815.974844749565,-6510.490128776941,-445.5464379693484,4.642750195613185,-2.854411094164481,4.752544201597302,EXPLORER 27 (BEACON-C),-5830.575691999999,4791.292270999999,-449.512965,-2014.6008472504345,11301.782399776941,-3.966527030651605,11479.935440540887
2026-07-18 10:54:00,-2927.281179928919,-6924.129337425984,412.31708888864796,5.208040533095236,-1.7277842278292719,4.7551807283462315,EXPLORER 27 (BEACON-C),-6326.319258,4062.2961490000002,408.231827,-3399.0380780710816,10986.425486425984,-4.085261888647949,11500.218324637679
2026-07-18 10:57:00,-1950.1737515515788,-7128.482179858044,1257.6289664293113,5.622002264595128,-0.5345306118658921,4.612888415964051,EXPLORER 27 (BEACON-C),-6652.5461080000005,3222.08606,1253.5574199999999,-4702.372356448422,10350.568239858045,-4.071546429311411,11368.66681911906
2026-07-18 11:00:00,-913.4425870108463,-7114.650893446426,2064.297435109151,5.868079368911877,0.6904061696105163,4.326364485096743,EXPLORER 27 (BEACON-C),-6799.58283,2290.106302,2060.3789779999997,-5886.140242989154,9404.757195446426,-3.9184571091514044,11094.869094304082
2026-07-18 11:03:00,151.53390281820663,-6880.293921271805,2806.77007608913,5.9342374975011065,1.909287150057747,3.9009621658563702,EXPLORER 27 (BEACON-C),-6762.427696000001,1289.0595779999999,2803.146777,-6913.961598818208,8169.353499271805,-3.623299089129887,10702.392943369889
2026-07-18 11:06:00,1211.6850263258434,-6430.033958620142,3460.8990289840895,5.813859293981205,3.082691859047258,3.34695676819033,EXPLORER 27 (BEACON-C),-6541.110358,244.466978,3457.710087,-7752.795384325844,6674.500936620142,-3.1889419840895243,10230.093313040612
2026-07-18 11:09:00,2233.2955892788123,-5775.63904083003,4004.8361303968313,5.506513969947641,4.170914887203252,2.679601453778046,EXPLORER 27 (BEACON-C),-6140.913694,-815.933945,4002.21121,-8374.209283278811,4959.705095830031,-2.624920396831385,9732.731510113823
2026-07-18 11:12:00,3183.173931224748,-4935.929465760209,4419.914649833031,5.018507238627427,5.135596066199773,1.9189181239074888,EXPLORER 27 (BEACON-C),-5572.422737,-1862.9484029999999,4417.966399,-8755.596668224747,3072.9810627602087,-1.9482508330311248,9279.207370481192
2026-07-18 11:15:00,4029.8918932519523,-3936.376092461481,4691.466020018813,4.363120740881687,5.941496137561248,1.0891866395588783,EXPLORER 27 (BEACON-C),-4851.370061,-2866.8237919999997,4690.283428000001,-8881.261954251951,1069.5523004614815,-1.1825920188121017,8945.432209904087
2026-07-18 11:18:00,4745.033471186117,-2808.37502074876,4809.515920684753,3.5604667280422113,6.558294481281627,0.21812261923400525,EXPLORER 27 (BEACON-C),-3998.258463,-3798.254978,4809.158883,-8743.291934186116,-989.8799572512398,-0.3570376847528678,8799.14861243107
2026-07-18 11:21:00,5304.378443520213,-1588.2083606079061,4769.305620136089,2.63691430040829,6.9622605948976695,-0.6642320983574027,EXPLORER 27 (BEACON-C),-3037.7573220000004,-4629.445671,4769.800964999999,-8342.135765520214,-3041.2373103920945,0.49534486391075916,8879.209072539006
2026-07-18 11:24:00,5688.943417419973,-315.72822270913196,4571.592282127482,1.6240856802678116,7.137642821947325,-1.5268458423070683,EXPLORER 27 (BEACON-C),-1997.8898000000002,-5335.163407,4572.930834,-7686.833217419973,-5019.435184290868,1.33855187251811,9180.530282802258
2026-07-18 11:27:00,5885.806977839242,967.1721000323689,4222.695836246885,0.5574698310898503,7.077630775282161,-2.3391665732912954,EXPLORER 27 (BEACON-C),-909.049388,-5893.724608,4224.832309,-6794.856365839242,-6860.896708032369,2.136472753115413,9656.188753084278
2026-07-18 11:30:00,5888.6584003928,2218.213222641392,3734.2788944703343,-0.5252511109392867,6.784783198558648,-3.072606679254042,EXPLORER 27 (BEACON-C),197.106536,-6287.847036,3737.1354079999996,-5691.5518643928,-8506.060258641392,2.8565135296653352,10234.589972655533
2026-07-18 11:33:00,5698.029880499523,3396.4097518734925,3122.868068579214,-1.5860282173245681,6.270867536476766,-3.7019162099034335,EXPLORER 27 (BEACON-C),1288.8195959999998,-6505.307312,3126.339091,-4409.2102844995225,-9901.717063873493,3.47102242078563,10839.056609960873
2026-07-18 11:36:00,5321.198261305505,4463.669947563564,2409.147130786217,-2.5882689191438524,5.556123517071988,-4.206326600171143,EXPLORER 27 (BEACON-C),2335.374012,-6539.366137,2413.106028,-2985.824249305505,-11003.036084563564,3.958897213783075,11400.96334520973
2026-07-18 11:39:00,4771.770424638446,5386.217291764316,1617.0715970221377,-3.4985017117324713,4.668029324739765,-4.570373690500908,EXPLORER 27 (BEACON-C),3308.155123,-6388.938997,1621.378193,-1463.6153016384455,-11775.156288764316,4.306595977862344,11865.76984113483
2026-07-18 11:42:00,4068.9927631449195,6135.755161288972,772.8675606389755,-4.287751140476283,3.6397031618132383,-4.784349093677072,EXPLORER 27 (BEACON-C),4181.559163,-6058.512847,777.37567,112.56639985508036,-12194.268008288971,4.508109361024481,12194.78838583951
2026-07-18 11:45:00,3236.845553799066,6690.322879832752,-96.01701202067353,-4.93253426526768,2.5081051372982963,-4.844375088609994,EXPLORER 27 (BEACON-C),4933.711954,-5557.8347220000005,-91.452195,1696.8664002009345,-12248.157601832752,4.56481702067353,12365.1421769836
2026-07-18 11:48:00,2302.9947841118033,7034.822237521592,-961.9432497025987,-5.415442027354428,1.3122096143679283,-4.752141383796777,EXPLORER 27 (BEACON-C),5546.974174999999,-4901.410852,-957.459047,3243.979390888196,-11936.233089521593,4.484202702598623,12369.198954013611
2026-07-18 11:51:00,1297.6760173116922,7161.223126114223,-1798.03940923704,-5.725320501954696,0.09129788969936217,-4.514374652301944,EXPLORER 27 (BEACON-C),6008.22971,-4107.866871,-1793.761395,4710.553692688307,-11269.089997114224,4.278014237039997,12213.997042580497
2026-07-18 11:54:00,252.5781353445535,7068.480987117877,-2579.045560528837,-5.857108773049926,-1.1165177054816864,-4.142129247498533,EXPLORER 27 (BEACON-C),6308.974427,-3199.222726,-2575.085154,6056.3962916554465,-10267.703713117877,3.9604065288372112,11920.809169967128
2026-07-18 11:57:00,-800.2183120910956,6762.214672529291,-3282.0210543962244,-5.811416468575741,-2.275474696601597,-3.6499894232425216,EXPLORER 27 (BEACON-C),6445.23412,-2200.130497,-3278.474654,7245.452432091096,-8962.345169529292,3.5464003962242714,11524.765700891085
2026-07-18 12:00:00,-1829.2097691315907,6254.200376194482,-3886.9064861727197,-5.5939334694039955,-3.3530293039803083,-3.0552624687424483,EXPLORER 27 (BEACON-C),6417.347809000001,-1137.117845,-3883.855031,8246.557578131591,-7391.318221194481,3.0514551727196704,11074.172937415227
2026-07-18 12:03:00,-2804.3235278467832,5561.736480528084,-4376.944529844296,-5.214759200629591,-4.320434497882707,-2.377223063873932,EXPLORER 27 (BEACON-C),6229.656967,-37.866054,-4374.453553,9033.980494846783,-5599.602534528084,2.490976844295801,10628.657409613461
2026-07-18 12:06:00,-3697.6494316270105,4706.927500750127,-4738.972759179077,-4.687723606040853,-5.153074803080443,-1.6364468012278914,EXPLORER 27 (BEACON-C),5890.134847,1069.461646,-4737.093063,9587.78427862701,-3637.4658547501276,1.8796961790767455,10254.597444620538
2026-07-18 12:09:00,-4484.053104681981,3715.925179964951,-4963.606260991386,-4.0297512935513815,-5.830618998054582,-0.8542492728931695,EXPLORER 27 (BEACON-C),5409.984899,2156.833392,-4962.3746040000005,9894.03800368198,-1559.091787964951,1.2316569913855346,10016.124836411636
2026-07-18 12:12:00,-5141.68147510577,2618.153394907748,-5045.328961000941,-3.2602986364749595,-6.337054483284639,-0.052229028124239546,EXPLORER 27 (BEACON-C),4803.231701999999,3196.905406,-5044.7686109999995,9944.91317710577,578.7520110922519,0.5603500009410709,9961.739421632521
2026-07-18 12:15:00,-5652.374702859689,1445.5325900160515,-4982.51092594811,-2.4008737641502855,-6.66066150505805,0.7481007030083325,EXPLORER 27 (BEACON-C),4086.318353,4163.530495,-4982.632007,9738.693055859689,2717.9979049839485,-0.12108105189054186,10110.868165613054
2026-07-18 12:18:00,-6001.998784543473,231.7101145091726,-4777.365360996346,-1.4746329869031016,-6.793974508314699,1.525615216244447,EXPLORER 27 (BEACON-C),3277.717227,5032.228741999999,-4778.164756,9279.716011543474,4800.5186274908265,-0.7993950036543538,10447.875812183791
2026-07-18 12:21:00,-6180.710793512748,-988.7042580386283,-4435.854403947936,-0.5060348367836393,-6.733764070378433,2.259844434734748,EXPLORER 27 (BEACON-C),2397.554451,5780.632222,-4437.3155480000005,8578.265244512748,6769.336480038628,-1.4611440520648102,10927.513583617229
2026-07-18 12:24:00,-6183.164631153953,-2180.9029061317033,-3967.547806629024,0.47947550939830585,-6.481057844728949,2.931230541478344,EXPLORER 27 (BEACON-C),1467.243493,6388.913147,-3969.640054,7650.408124153953,8569.816053131704,-2.0922473709761107,11487.841225754024
2026-07-18 12:27:00,-6008.6599468255245,-3310.6522572882564,-3385.4337307476953,1.4557834495991178,-6.041203766133005,3.52140352231257,EXPLORER 27 (BEACON-C),509.12135700000005,6840.202730999999,-3388.1114509999998,6517.781303825524,10150.854988288256,-2.6777202523044252,12063.222508431976
2026-07-18 12:30:00,-5661.231093837793,-4345.078593927207,-2705.676610908925,2.396457295848005,-5.423964030005417,4.013496284054183,EXPLORER 27 (BEACON-C),-453.922842,7121.003616,-2708.877722,5207.308251837793,11466.082209927208,-3.2011110910752905,12593.13744551291
2026-07-18 12:33:00,-5149.667161801934,-5253.47121753243,-1947.3137400014496,3.2751674075907085,-4.643614481579802,4.392514084155148,EXPLORER 27 (BEACON-C),-1398.8359850000002,7221.591291000001,-1950.9574969999999,3750.8311768019335,12475.062508532432,-3.643756998550316,13026.739130942398
2026-07-18 12:36:00,-4487.448824107387,-6008.100910186872,-1131.8802917965725,4.066198588949959,-3.719011558568142,4.645763970124229,EXPLORER 27 (BEACON-C),-2302.813366,7136.395839,-1135.865956,2184.635458107387,13144.496749186872,-3.985664203427632,13324.80554303602
2026-07-18 12:39:00,-3692.5835989892425,-6585.043993217055,-282.952301934166,4.745073330619495,-2.6735786683479987,4.7633388935172185,EXPLORER 27 (BEACON-C),-3143.742866,6864.3503279999995,-287.160998,548.8407329892425,13449.394321217054,-4.208696065834033,13460.588823335193
2026-07-18 12:42:00,-2787.318865899501,-6964.992960006499,574.4009386234683,5.2892906805145525,-1.535157122006405,4.738638458931848,EXPLORER 27 (BEACON-C),-3900.685849,6409.18337,570.101379,-1113.366983100499,13374.1763300065,-4.299559623468326,13420.439524522935
2026-07-18 12:45:00,-1797.7123739537933,-7134.02440724544,1414.2592604448396,5.679168937750296,-0.33566515543915176,4.568894631441914,EXPLORER 27 (BEACON-C),-4554.391023,5779.623097,1410.009401,-2756.678649046207,12913.64750424544,-4.249859444839558,13204.60476876597
2026-07-18 12:48:00,-753.0437332014038,-7084.284938533671,2210.586035865474,5.898760736192731,0.8894860417440307,4.255657460832611,EXPLORER 27 (BEACON-C),-5087.828613,4989.477279,2206.530517,-4334.784879798596,12073.762217533671,-4.055518865473914,12828.332334598577
2026-07-18 12:51:00,314.9420317420074,-6814.547369860324,2938.042666460541,5.936788057589763,2.1022564569053195,3.80518488950396,EXPLORER 27 (BEACON-C),-5486.726365,4057.556481,2934.325714,-5801.668396742008,10872.103850860323,-3.7169524605410516,12323.230588826229
2026-07-18 12:54:00,1372.956324089831,-6330.584671867554,3572.860224495821,5.787524905255311,3.2631355919714675,3.228674334718017,EXPLORER 27 (BEACON-C),-5740.082944,3007.411723,3569.61967,-7113.039268089831,9337.996394867554,-3.2405544958210157,11738.548240780918
2026-07-18 12:57:00,2387.236920905431,-5645.309355416409,4093.7338556978657,5.45154019569263,4.332577478339976,2.5422743817028124,EXPLORER 27 (BEACON-C),-5840.62953,1866.862058,4091.094928,-8227.86645090543,7512.1714134164085,-2.638927697865711,11141.387375117392
2026-07-18 13:00:00,3324.73199244987,-4778.632766626488,4482.69509653795,4.936206632933295,5.272657411021686,1.7668245093289103,EXPLORER 27 (BEACON-C),-5785.201134,667.300078,4480.764174,-9109.93312644987,5445.932844626488,-1.9309225379502095,10613.626611344122
2026-07-18 13:03:00,4154.347397625197,-3757.0125547848734,4725.90960846542,4.255886252939574,6.04885668212984,0.9272901057058249,EXPLORER 27 (BEACON-C),-5574.983964,-557.2151530000001,4724.7674050000005,-9729.331361625198,3199.7974017848733,-1.1422034654196977,10242.00143826399
2026-07-18 13:06:00,4848.192045022562,-2612.676913750402,4814.344661548595,3.431722021503844,6.631847525749148,0.051888305338308134,EXPLORER 27 (BEACON-C),-5215.609633,-1771.052575,4814.040612,-10063.801678022563,841.6243387504021,-0.30404954859477584,10098.932410635935
2026-07-18 13:09:00,5382.746492185562,-1382.5394438050873,4744.253256885124,2.4909973218775074,6.9991277825513984,-0.8290653054868931,EXPLORER 27 (BEACON-C),-4717.073179999999,-2938.247861,4744.802549999999,-10099.81967218556,-1555.7084171949125,0.5492931148755815,10218.9327423034
2026-07-18 13:12:00,5739.877223995649,-106.84599094802515,4517.4306109626295,1.4660687444731046,7.136349544349633,-1.6845228103293068,EXPLORER 27 (BEACON-C),-4093.462131,-4023.823813,4518.8140920000005,-9833.339354995649,-3916.9778220519747,1.3834810373709843,10584.766414190399
2026-07-18 13:15:00,5907.624552261266,1172.3787830080748,4141.213527489536,0.3929269265538539,7.038202328548865,-2.484184416833272,EXPLORER 27 (BEACON-C),-3362.498594,-4995.113464,4143.3793829999995,-9270.123146261267,-6167.492247008075,2.1658555104631887,11134.322990406004
2026-07-18 13:18:00,5880.7060980490805,2412.9957670738386,3628.2127164320514,-0.6905123317054195,6.708749818148094,-3.199972835943205,EXPLORER 27 (BEACON-C),-2544.917165,-5823.001419,3631.079488,-8425.623263049081,-8235.997186073839,2.86677156794849,11782.308145615156
2026-07-18 13:21:00,5660.699347375359,3574.4241021334947,2995.7902437671446,-1.746247486418445,6.16117608425691,-3.8073748158759058,EXPLORER 27 (BEACON-C),-1663.715055,-6483.006976,2999.251164,-7324.414402375359,-10057.431078133493,3.4609202328551874,12441.823749237805
2026-07-18 13:24:00,5255.8934314613925,4619.217263157228,2265.3161347029654,-2.7380033643989714,5.416964113322357,-4.2865350551935775,EXPLORER 27 (BEACON-C),-743.3187369999999,-6956.141917999999,2269.2446609999997,-5999.212168461392,-11575.359181157228,3.9285262970342956,13037.618733815429
2026-07-18 13:27:00,4680.828526507786,5514.447143635097,1461.2565187361927,-3.632862494223004,4.504594739222498,-4.623017153063319,EXPLORER 27 (BEACON-C),191.279848,-7229.495856,1465.513821,-4489.548678507786,-12743.942999635095,4.257302263807333,13511.630125164835
2026-07-18 13:30:00,3955.566953990672,6232.821159827022,610.1577543066793,-4.4025894182010585,3.4579055089866992,-4.808188161204889,EXPLORER 27 (BEACON-C),1115.3633,-7296.527201999999,614.60068,-2840.203653990672,-13529.348361827022,4.442925693320717,13824.255626665841
2026-07-18 13:33:00,3104.759351355186,6753.485401173961,-260.4050586978495,-5.024566503580296,2.3142771613841164,-4.83922968081969,EXPLORER 27 (BEACON-C),2005.255629,-7157.064841,-255.91735,-1099.503722355186,-13910.550242173962,4.4877086978494845,13953.936240898061
2026-07-18 13:36:00,2156.5795804873223,7062.497817595985,-1122.8510572569733,-5.482312775116541,1.1128163447513564,-4.718820427424431,EXPLORER 27 (BEACON-C),2838.9798610000003,-6817.049238,-1118.452089,682.4002805126779,-13879.547055595984,4.398968256973376,13896.313034840165
2026-07-18 13:39:00,1141.6026222696732,7152.984394400379,-1950.5350713651694,-5.765608067320442,-0.1073205880958306,-4.454565512835094,EXPLORER 27 (BEACON-C),3596.7841179999996,-6288.059601,-1946.34753,2455.1814957303263,-13441.043995400378,4.187541365169409,13663.440174376576
2026-07-18 13:42:00,91.69176419089416,7025.014161133057,-2718.569891202388,-5.870284575329231,-1.3083587897050666,-4.058262536799406,EXPLORER 27 (BEACON-C),4261.528908,-5586.683317,-2714.703034,4169.837143809106,-12611.697478133057,3.8668572023880188,13283.16491045799
2026-07-18 13:45:00,-961.0524762365463,6685.243375892131,-3404.5082874319064,-5.797771645747796,-2.455035250582673,-3.545094028351793,EXPLORER 27 (BEACON-C),4818.940145,-4733.784336,-3401.057022,5779.992621236546,-11419.02771189213,3.4512654319064495,12798.53587320606
2026-07-18 13:48:00,-1985.2458601876826,6146.3849215055925,-3988.8789679647116,-5.554486651316196,-3.515418070069088,-2.9328230421390837,EXPLORER 27 (BEACON-C),5257.742364,-3753.722995,-3985.923738,7242.988224187682,-9900.107916505593,2.9552299647116342,12266.744633665538
2026-07-18 13:51:00,-2951.0569468904678,5426.557036526889,-4455.582720769062,-5.15115774211908,-4.461441072388022,-2.241048619632094,EXPLORER 27 (BEACON-C),5569.695512,-2673.570268,-4453.1895700000005,8520.752458890467,-8100.127304526888,2.3931507690613216,11756.49992737637
2026-07-18 13:54:00,-3830.921235702782,4548.558112644395,-4792.163042404361,-4.602147746912077,-5.269204385274249,-1.490555253471942,EXPLORER 27 (BEACON-C),5749.559770999999,-1522.346004,-4790.383496,9580.481006702781,-6070.904116644395,1.7795464043601896,11342.02346497608
2026-07-18 13:57:00,-4600.137981166244,3539.1038107969275,-4989.969580315295,-3.924827391608202,-5.919103274826603,-0.702769313192945,EXPLORER 27 (BEACON-C),5795.012307,-330.297463,-4988.840904,10395.150288166244,-3869.4012737969274,1.1286763152957064,11091.952803953605
2026-07-18 14:00:00,-5237.361221120311,2428.0513223505513,-5044.23328329237,-3.1390243664932282,-6.395848605386241,0.10068199582245632,EXPLORER 27 (BEACON-C),5706.534138,871.776545,-5043.779011,10943.89535912031,-1556.2747773505512,0.4542722923706606,11053.996427553064
2026-07-18 14:03:00,-5724.999362639833,1247.6248552947939,-4954.070095271918,-2.266555344473364,-6.688435624245401,0.8983261508067173,EXPLORER 27 (BEACON-C),5487.281298999999,2053.155566,-4954.299953,11212.280661639832,805.530710705206,-0.22985772808169713,11241.179538380586
2026-07-18 14:06:00,-6049.537392787429,31.647418196110614,-4722.426228792074,-1.3308322550922769,-6.7901062150513924,1.6691401047152774,EXPLORER 27 (BEACON-C),5142.952204,3183.787745,-4723.335812,11192.489596787429,3152.1403268038894,-0.9095832079265165,11627.88944053906
2026-07-18 14:09:00,-6201.793140570584,-1185.2227151667996,-4355.973314326585,-0.356522384699501,-6.698335638123483,2.3928127140835547,EXPLORER 27 (BEACON-C),4681.656421,4234.8523190000005,-4357.543892,10883.449561570584,5420.0750341668,-1.5705776734148458,12158.399985276163
2026-07-18 14:12:00,-6177.114710898059,-2368.2566068460515,-3864.9566968587333,0.630765941927611,-6.414859676938347,3.050003244245602,EXPLORER 27 (BEACON-C),4113.784365,5179.305024,-3867.1547020000003,10290.899075898058,7547.561630846052,-2.1980051412670036,12761.986334147423
2026-07-18 14:15:00,-5975.520863935446,-3483.4275877811383,-3262.995362975823,1.6048045795943122,-5.945742995142255,3.622621649182368,EXPLORER 27 (BEACON-C),3451.873908,5992.415204,-3265.771446,9427.394771935446,9475.842791781139,-2.7760830241772965,13366.651656533259
2026-07-18 14:18:00,-5601.7802806782765,-4498.198742942296,-2566.82785694488,2.5391070854849356,-5.301474923226121,4.094151187772838,EXPLORER 27 (BEACON-C),2710.465788,6652.300475,-2570.115996,8312.246068678276,11150.499217942295,-3.288139055120155,13907.806380858472
2026-07-18 14:21:00,-5065.41987336081,-5382.327643874998,-1795.9954648569724,3.407361615430172,-4.4970652549706545,4.450026632917446,EXPLORER 27 (BEACON-C),1905.937757,7140.460392,-1799.7127460000002,6971.35763036081,12522.788035874997,-3.717281143027776,14332.482730497984
2026-07-18 14:24:00,-4380.647138279686,-6108.685167515044,-972.4522894257065,4.183960494364082,-3.5521004968967635,4.678071952763361,EXPLORER 27 (BEACON-C),1056.303892,7442.303787999999,-976.498733,5436.951030279686,13550.988955515044,-4.046443574293562,14601.018955944672
2026-07-18 14:27:00,-3566.1676570272575,-6654.077319877265,-120.09199099629251,4.844642276681946,-2.490711277835408,4.76899003142144,EXPLORER 27 (BEACON-C),180.966414,7547.65379,-124.350217,3747.1340710272575,14201.731109877266,-4.258226003707492,14687.756751662173
2026-07-18 14:30:00,-2644.876961587601,-7000.049486904733,735.8166989574007,5.36724872315145,-1.3413956203875927,4.716884129348239,EXPLORER 27 (BEACON-C),-699.5895879999999,7451.210958,731.4796899999999,1945.287373587601,14451.260444904732,-4.337008957400826,14581.601085681716
2026-07-18 14:33:00,-1643.4068544830886,-7133.642269123809,1569.2887999957015,5.732582020810626,-0.13664219347079207,4.519777179402235,EXPLORER 27 (BEACON-C),-1564.169082,7152.950601,1565.016433,79.23777248308875,14286.592870123808,-4.272366995701532,14286.813245590503
2026-07-18 14:36:00,-591.510598634519,-7048.058210738317,2354.3720394922,5.925327633298792,1.0876957049690772,4.180082067891689,EXPLORER 27 (BEACON-C),-2391.316837,6658.4175159999995,2350.312279,-1799.8062383654808,13706.475726738317,-4.059760492199985,13824.138158488622
2026-07-18 14:39:00,478.7204165421462,-6743.190852346272,3065.972184940688,5.93498717083811,2.293309409670158,3.7049657346566787,EXPLORER 27 (BEACON-C),-3159.8414470000002,5978.873767,3062.271895,-3638.5618635421465,12722.06461934627,-3.7002899406879806,13232.160606106287
2026-07-18 14:42:00,1533.8039123774695,-6225.96336944978,3680.7299164350293,5.7567463529000475,3.4406369477931418,3.106544606248423,EXPLORER 27 (BEACON-C),-3849.400881,5131.263261,3677.528517,-5383.204793377469,11357.226630449779,-3.2013994350290886,12568.43271182999
2026-07-18 14:45:00,2539.958093686334,-5510.425276556364,4177.913027514964,5.392188992809375,4.490334889270916,2.401850901563716,EXPLORER 27 (BEACON-C),-4441.132345,4137.961915,4175.335574,-6981.090438686334,9648.387191556365,-2.5774535149639632,11909.114398416588
2026-07-18 14:48:00,3464.3005124872534,-4617.5634974052555,4540.277676965118,4.849762687578435,5.404959156649902,1.6125204887771591,EXPLORER 27 (BEACON-C),-4918.30067,3026.289591,4538.428163,-8382.601182487253,7643.853088405256,-1.8495139651186037,11344.447806855174
2026-07-18 14:51:00,4276.101206449855,-3574.7989273293997,4754.845433805953,4.144908748417651,6.150755624981761,0.7641738081051629,EXPLORER 27 (BEACON-C),-5266.929755,1827.773336,4753.802122,-9543.030961449855,5402.5722633294,-1.043311805952726,10966.185666866406
2026-07-18 14:54:00,4948.023040189951,-2415.1607811214453,4813.540583353416,3.299789670592199,6.69942864410979,-0.1145091813365586,EXPLORER 27 (BEACON-C),-5476.373778,577.174204,4813.351826,-10424.39681818995,2992.3349851214452,-0.1887573534158946,10845.373102014511
2026-07-18 14:57:00,5457.273452530645,-1176.1567462097455,4713.6357398525115,2.3425817663701785,7.029735208370494,-0.9929839969633153,EXPLORER 27 (BEACON-C),-5539.787951,-688.683945,4714.31613,-10997.061403530646,487.4728012097455,0.6803901474886516,11007.860360118739
2026-07-18 15:00:00,5786.590226152122,101.61551579117267,4457.963664484125,1.3063454585971128,7.128750275874494,-1.8402345601016092,EXPLORER 27 (BEACON-C),-5454.463317,-1932.22979,4459.492443,-11241.053543152122,-2033.8453057911727,1.528778515875274,11423.563972117696
2026-07-18 15:03:00,5924.990668283002,1376.0441020642909,4054.868868974308,0.2275354225898709,6.992668389470844,-2.626261110277207,EXPLORER 27 (BEACON-C),-5221.996450000001,-3116.534797,4057.19133,-11146.987118283003,-4492.57889906429,2.322461025692064,12018.260788205176
2026-07-18 15:06:00,5868.228841723738,2605.1739054371483,3517.8927146267756,-0.8557406166138034,6.627048351729388,-3.3235404429141258,EXPLORER 27 (BEACON-C),-4848.273112,-4206.69495,3520.9238840000003,-10716.501953723739,-6811.868855437148,3.0311693732246567,12698.22745960345
2026-07-18 15:09:00,5618.928009918429,3748.869287714971,2865.208017307624,-1.9055707947821414,6.046466764890402,-3.908332317365999,EXPLORER 27 (BEACON-C),-4343.263384,-5171.115376,2868.8381609999997,-9962.191393918429,-8919.984663714971,3.6301436923758956,13372.037875653656
2026-07-18 15:12:00,5186.382679172952,4770.364186910894,2118.840672663776,-2.886036586953943,5.273613761097444,-4.361720923299064,EXPLORER 27 (BEACON-C),-3720.643477,-5982.618885,2122.941737,-8907.026156172951,-10752.983071910894,4.101064336224226,13962.871363379385
2026-07-18 15:15:00,4586.0528341867575,5637.606838149592,1303.733327389513,-3.764807652141778,4.3379282345940124,-4.670312288535413,EXPLORER 27 (BEACON-C),-2997.271616,-6619.315199,1308.165241,-7583.3244501867575,-12256.92203714959,4.431913610486845,14413.152576151473
2026-07-18 15:18:00,3838.7979868293423,6324.328142633856,446.7169160207311,-4.5144132944545,3.2739182818940513,-4.826551874899623,EXPLORER 27 (BEACON-C),-2192.558786,-7065.191202999999,451.334246,-6031.356772829342,-13389.519345633857,4.617329979268902,14685.248181355119
2026-07-18 15:21:00,2969.9167619050727,6810.791542539042,-424.54157376147003,-5.113116636147909,2.119336597669001,-4.828672988294067,EXPLORER 27 (BEACON-C),-1327.780455,-7310.411889999999,-419.88277600000004,-4297.697216905073,-14121.203432539041,4.658797761469998,14760.711685272583
2026-07-18 15:24:00,2008.0665773034086,7084.213251009795,-1282.552347926667,-5.545371136047841,0.9133773157571815,-4.680327209339715,EXPLORER 27 (BEACON-C),-425.37266999999997,-7351.344392,-1277.9891340000001,-2433.4392473034086,-14435.557643009795,4.563213926666776,14639.227160540151
2026-07-18 15:27:00,984.1371198658544,7138.86993951671,-2100.92637709643,-5.8018888576878895,-0.3049663566978396,-4.389976014589285,EXPLORER 27 (BEACON-C),491.74709499999994,-7190.33682,-2096.585413,-492.39002486585446,-14329.20675951671,4.340964096430071,14337.66484255843
2026-07-18 15:30:00,-69.85776200712637,6975.932662881023,-2855.1744254616333,-5.879387556526602,-1.4982871706559229,-3.970134916848336,EXPLORER 27 (BEACON-C),1400.801585,-6835.3010970000005,-2851.169477,1470.6593470071264,-13811.233759881023,4.004948461633376,13889.313623236712
2026-07-18 15:33:00,-1121.8196721737036,6603.078876082464,-3523.3632666557833,-5.780104836398681,-2.631843313950925,-3.4365585073819136,EXPLORER 27 (BEACON-C),2279.698727,-6299.1557410000005,-3519.79343,3401.5183991737035,-12902.234617082464,3.5698366557830923,13343.08803380582
2026-07-18 15:36:00,-2140.503514496382,6033.938756901544,-4086.6256585442643,-5.511172201165045,-3.67432879031063,-2.8074403551447915,EXPLORER 27 (BEACON-C),3107.492933,-5599.181009999999,-4083.5748080000003,5247.996447496382,-11633.119766901544,3.0508505442639944,12762.090406030633
2026-07-18 15:39:00,-3096.33650247475,5287.429089310239,-4529.532089428854,-5.083932929679247,-4.598365924438176,-2.1026807718033576,EXPLORER 27 (BEACON-C),3864.765827,-4756.3313,-4527.069716,6961.10232947475,-10043.760389310239,2.4623734288543346,12220.232177114272
2026-07-18 15:42:00,-3962.1148174395375,4387.019905199956,-4840.339661092221,-4.513270086159441,-5.380773363885061,-1.3432527856377778,EXPLORER 27 (BEACON-C),4533.933762,-3794.538207,-4838.52167,8496.048579439537,-8181.558112199957,1.8179910922208364,11794.94543915287
2026-07-18 15:45:00,-4713.5842462819055,3359.9683097329075,-5011.1368546351605,-3.816989478851283,-6.002672733088588,-0.5506759358949945,EXPLORER 27 (BEACON-C),5099.492697,-2740.030916,-5010.005147,9813.076943281905,-6099.999225732908,1.1317076351606374,11554.500029403054
2026-07-18 15:48:00,-5329.917022544802,2236.5425014892817,-5037.902965005986,-3.0152808836932934,-6.449496688696632,0.25340914090259653,EXPLORER 27 (BEACON-C),5548.217022,-1620.689313,-5037.484216,10878.134044544802,-3857.2318144892815,0.4187490059857737,11541.751935349488
2026-07-18 15:51:00,-5794.099373006134,1049.2484773625674,-4920.4985541684755,-2.1302618837447485,-6.710953451442585,1.04758410514161,EXPLORER 27 (BEACON-C),5869.328713000001,-465.432091,-4920.803747999999,11663.428086006134,-1514.6805683625676,-0.3051938315238658,11761.369479561261
2026-07-18 15:54:00,-6093.243572530755,-167.9367431849678,-4662.599244467807,-1.1855934850511887,-6.780990755651816,1.8109400524887065,EXPLORER 27 (BEACON-C),6054.647327,696.3652780000001,-4663.623595,12147.890899530754,864.3020211849679,-1.024350532193239,12178.598948155759
2026-07-18 15:57:00,-6218.835358879843,-1380.3278177246161,-4271.580332483743,-0.20614556574337792,-6.657787775236749,2.5233370353685287,EXPLORER 27 (BEACON-C),6098.727301,1835.428108,-4273.302462000001,12317.562659879843,3215.755925724616,-1.722129516257155,12730.413937481737
2026-07-18 16:00:00,-6166.923046275006,-2553.295847400701,-3758.3546829700012,0.7823170050929076,-6.343788441174029,3.1656641190355503,EXPLORER 27 (BEACON-C),5998.988668999999,2923.124103,-3760.735789,12165.911715275004,5476.419950400701,-2.381106029998591,13341.686138066596
2026-07-18 16:03:00,-5938.249214357327,-3653.042450505808,-3137.1616640518914,1.7534604289209357,-5.8457745338084655,3.7201249050556773,EXPLORER 27 (BEACON-C),5755.841933000001,3932.001142,-3140.1454470000003,11694.091147357329,7585.043592505808,-2.98378294810891,13938.603336269927
2026-07-18 16:06:00,-5538.319987974893,-4647.388931001015,-2425.3009226886966,2.6807534666902475,-5.174962517223743,4.1705679108137526,EXPLORER 27 (BEACON-C),5372.800733,4836.3300930000005,-2428.8135890000003,10911.120720974894,9483.719024001017,-3.5126663113037466,14456.607287075038
2026-07-18 16:09:00,-4977.401200638456,-5506.582426627406,-1642.8019496021695,3.537914730140219,-4.34709469976588,4.5028735217556335,EXPLORER 27 (BEACON-C),4856.571553000001,5612.655436,-1646.751696,9833.972753638456,11119.237862627406,-3.949746397830495,14844.005064856554
2026-07-18 16:12:00,-4270.425730405078,-6204.114728581036,-812.0190209369173,4.299459814801824,-3.3824835467330403,4.705399529077315,EXPLORER 27 (BEACON-C),4217.107956,6240.353627,-816.296205,8487.533686405077,12444.468355581037,-4.2771840630827,15063.301066672679
2026-07-18 16:15:00,-3436.792671939413,-6717.541279702723,42.8583880741548,4.941362233076634,-2.305958792310486,4.769475694962825,EXPLORER 27 (BEACON-C),3467.61099,6702.1943169999995,38.380019,6904.403661939414,13419.735596702722,-4.478369074154806,15091.72334321704
2026-07-18 16:18:00,-2500.0375024771565,-7029.278211211514,896.3868887769758,5.4418281330238605,-1.1466617813907054,4.6899247878226396,EXPLORER 27 (BEACON-C),2624.453575,6984.889438,891.848191,5124.491077477156,14014.167649211515,-4.5386977769757095,14921.70648093331
2026-07-18 16:21:00,-1487.3537712509897,-7127.345031338641,1722.5441299704967,5.782167202270615,0.06236806848126178,4.465574002390194,EXPLORER 27 (BEACON-C),1707.006969,7079.606369,1718.0975039999998,3194.3607402509897,14206.951400338641,-4.446625970496825,14561.642366262244
2026-07-18 16:24:00,-428.9517435600054,-7006.010975767999,2495.4916838606314,5.9477219504538565,1.2848619059826547,4.099708106052709,EXPLORER 27 (BEACON-C),737.3513290000001,6982.414806,2491.295841,1166.3030725600056,13988.425781767999,-4.195842860631274,14036.963215531765
2026-07-18 16:27:00,642.7517770165512,-6666.295651620448,3190.4102952251365,5.928796655845657,2.482275771085956,3.6004060731603853,EXPLORER 27 (BEACON-C),-260.143776,6694.6343289999995,3186.6225090000003,-902.8955530165512,13360.929980620447,-3.7877862251361876,13391.403387024971
2026-07-18 16:30:00,1694.1056766352863,-6116.271202317046,3784.3807439485076,5.7215085137796295,3.6150355097335156,2.9806987579787587,EXPLORER 27 (BEACON-C),-1259.379311,6223.0442379999995,3781.148625,-2953.4849876352864,12339.315440317045,-3.232118948507832,12687.859928074022
2026-07-18 16:33:00,2691.3365267698478,-5371.115405336535,4257.272343133519,5.328470487089251,4.644043713928359,2.2584885942249904,EXPLORER 27 (BEACON-C),-2233.225612,5579.915188,4254.726632,-4924.562138769848,10951.030593336534,-2.5457111335190348,12007.347325510467
2026-07-18 16:36:00,3601.7610951708066,-4452.873996690327,4592.591464772799,4.759211722790861,5.532382014879466,1.4561850029619616,EXPLORER 27 (BEACON-C),-3154.3410249999997,4782.828472,4590.839404,-6756.102120170806,9235.702468690328,-1.7520607727983588,11443.038015232933
2026-07-18 16:39:00,4395.043795774255,-3389.9063455506166,4778.236214383279,4.030250216409441,6.2471042729507085,0.6000314866195567,EXPLORER 27 (BEACON-C),-3996.077799,3854.2687220000003,4777.354332999999,-8391.121594774255,7244.175067550617,-0.8818813832795058,11085.53087611611
2026-07-18 16:42:00,5044.430254242845,-2216.0105535272583,4807.102022118854,3.16475523137188,6.7609850135640785,-0.28086908084249923,EXPLORER 27 (BEACON-C),-4733.439343,2820.98554,4807.13243,-9777.869597242845,5036.996093527258,0.030407881145947613,10999.002841522473
2026-07-18 16:45:00,5527.880375607379,-969.2501955905566,4677.487522406439,2.1917731253879467,7.054069463501514,-1.155788939995337,EXPLORER 27 (BEACON-C),-5344.033866999999,1713.130909,4678.4376919999995,-10871.914242607378,2682.381104590557,0.9501695935605312,11197.932335556232
2026-07-18 16:48:00,5829.023887145568,309.4676190850496,4393.260952557079,1.1450363017147065,7.114872419275274,-1.9937921302878152,EXPLORER 27 (BEACON-C),-5808.959521,563.210042,4395.103541,-11637.983408145567,253.74242291495045,1.842588442921624,11640.749392568781
2026-07-18 16:51:00,5937.869381926309,1577.9879168673428,3963.7638256104583,0.06142489255451239,6.94109619582567,-2.7652262696702374,EXPLORER 27 (BEACON-C),-6113.562149,-595.095998,3966.43683,-12051.43153092631,-2173.083914867343,2.673004389541802,12245.787144590277
2026-07-18 16:54:00,5851.214353810864,2794.582938848829,3403.449299749915,-1.0208036455174365,6.539782530631341,-3.4431649372778015,EXPLORER 27 (BEACON-C),-6248.017161999999,-1728.168732,3406.85858,-12099.231515810863,-4522.751670848829,3.4092802500849757,12916.91517246082
2026-07-18 16:57:00,5572.727187894801,3919.6021634609697,2731.275066401814,-2.0638693294395725,5.926874361855436,-4.004675625442702,EXPLORER 27 (BEACON-C),-6207.696317,-2803.6785019999998,2735.299565,-11780.423504894801,-6723.280665460969,4.024498598185801,13563.955804182944
2026-07-18 17:00:00,5112.6997722636215,4916.994109341875,1969.891659303658,-3.032248917297701,5.126231248716966,-4.431806293086271,EXPLORER 27 (BEACON-C),-5993.29763,-3791.7226600000004,1974.391061,-11105.997402263622,-8708.716769341874,4.499401696342147,14113.289705533514
2026-07-18 17:03:00,4487.497484114015,5755.609917478773,1144.6836639503158,-3.894231256572175,4.168204603325787,-4.712217976380953,EXPLORER 27 (BEACON-C),-5610.7370789999995,-4665.808342,1149.505928,-10098.234563114014,-10421.418259478774,4.822264049684236,14511.385980839275
2026-07-18 17:06:00,3718.7575714649993,6410.221943183199,282.7307939907818,-4.623133878634354,3.087924033576275,-4.83943551314072,EXPLORER 27 (BEACON-C),-5070.822076,-5403.627297,287.71921299999997,-8789.579647465,-11813.849240183199,4.988419009218148,14724.936982317864
2026-07-18 17:09:00,2832.4038034204605,6862.220108859076,-588.2430882257935,-5.198114734524666,1.9234659347438499,-4.812734569514213,EXPLORER 27 (BEACON-C),-4388.746224,-5987.59635,-583.2430479999999,-7221.150027420461,-12849.816458859077,5.000040225793555,14739.837710954705
2026-07-18 17:12:00,1857.5526087423013,7099.979661511811,-1440.8718092444444,-5.60456679218853,0.714068068878723,-4.636722131316155,EXPLORER 27 (BEACON-C),-3583.4527030000004,-6405.157464,-1436.006974,-5441.005311742301,-13505.13712551181,4.864835244444521,14559.989397245703
2026-07-18 17:15:00,825.3836535222704,7118.921423910722,-2249.051343161409,-5.8341317667674595,-0.5014764285675716,-4.320693110754663,EXPLORER 27 (BEACON-C),-2676.918178,-6648.852516,-2244.45671,-3502.3018315222703,-13767.773939910723,4.594633161409092,14206.257019011833
2026-07-18 17:18:00,-231.96235097575618,6921.30603254892,-2988.7148656418713,-5.884404676104739,-1.6861566143234288,-3.877855190424549,EXPLORER 27 (BEACON-C),-1693.406084,-6716.2052730000005,-2984.510622,-1461.4437330242438,-13637.51130554892,4.2042436418714715,13715.595140912956
2026-07-18 17:21:00,-1282.4109681284988,6515.81530160166,-3638.46288293488,-5.758419485894891,-2.8057722449539875,-3.324508774025284,EXPLORER 27 (BEACON-C),-658.728446,-6609.450841,-3634.752962,623.6825221284988,-13125.26614260166,3.7099209348798468,13140.076292246076
2026-07-18 17:24:00,-2294.8757689362715,5916.976911105598,-4180.04730723599,-5.464008315513373,-3.8296560712491132,-2.6792529270551064,EXPLORER 27 (BEACON-C),400.45390100000003,-6335.154637000001,-4176.918729,2695.3296699362713,-12252.131548105599,3.1285782359900622,12545.10021042977
2026-07-18 17:27:00,-3240.059701075537,5144.4846699728,-4598.719138620442,-5.013116036039598,-4.73112563723079,-1.9622665324079713,EXPLORER 27 (BEACON-C),1457.274359,-5903.762688,-4596.241616,4697.334060075536,-11048.2473579728,2.4775226204419596,12005.362264130848
2026-07-18 17:30:00,-4091.1343712044436,4222.4579440967655,-4883.456067952613,-4.421133493943707,-5.487720379788137,-1.1946912390723352,EXPLORER 27 (BEACON-C),2485.2404389999997,-5329.117928999999,-4881.681759,6576.374810204443,-9551.575873096765,1.7743089526129552,11596.607713119729
2026-07-18 17:33:00,-4824.30475893198,3178.6728301883904,-5027.089062750186,-3.7062907993235856,-6.081287769474132,-0.3981225725958399,EXPLORER 27 (BEACON-C),3458.7531919999997,-4627.968905000001,-5026.053239,8283.05795093198,-7806.641735188391,1.0358237501859549,11382.122177916275
2026-07-18 17:36:00,-5419.272182401118,2043.7862956083165,-5026.3465351180275,-2.889130827940503,-6.497980420429259,0.4058002828846942,EXPLORER 27 (BEACON-C),4353.574995,-3819.4856800000002,-5026.068789,9772.847177401118,-5863.271975608317,0.27774611802760774,11396.77587258492
2026-07-18 17:39:00,-5859.610101223084,850.5642355329798,-4881.831904190049,-1.992064620625188,-6.728217494107377,1.195726420997312,EXPLORER 27 (BEACON-C),5147.2534749999995,-2924.792368,-4882.315945,11006.863576223084,-3775.3566035329795,-0.4840408099516935,11636.338062454271
2026-07-18 17:42:00,-6133.066238668171,-366.8838906048742,-4597.9461319630445,-1.038995794344665,-6.76665107151901,1.9508734657982663,EXPLORER 27 (BEACON-C),5819.513602,-1966.521037,-4599.178581,11952.579840668172,-1599.637146395126,-1.232449036955586,12059.146129249986
2026-07-18 17:45:00,-6231.801260061802,-1573.867041763744,-4182.76188981773,-0.05499060560331014,-6.6121635745214435,2.651284944947365,EXPLORER 27 (BEACON-C),6352.6314330000005,-968.382395,-4184.711765,12584.432693061803,605.4846467637441,-1.9498751822702616,12598.99050184905
2026-07-18 17:48:00,-6152.569539656219,-2735.8776664611787,-3647.8510136511695,0.9340363245442133,-6.267907157104594,3.278092549277487,EXPLORER 27 (BEACON-C),6731.7969299999995,45.256308,-3650.469482,12884.36646965622,2781.1339744611787,-2.618468348830447,13181.108161481727
2026-07-18 17:51:00,-5896.841985345324,-3819.3670085847475,-3008.0623111760824,1.9016537559190891,-5.741381058213291,3.8138073675552446,EXPLORER 27 (BEACON-C),6945.467082,1049.794097,-3011.282221,12842.309067345324,4869.161105584748,-3.2199098239175328,13734.396325327825
2026-07-18 17:54:00,-5470.865014856257,-4792.535941460169,-2281.2429977265124,2.82129604829393,-5.044528676290823,4.242658244308045,EXPLORER 27 (BEACON-C),6985.709559000001,2020.8283689999998,-2284.979025,12456.574573856258,6813.364310460169,-3.736027273487707,14198.175844065123
2026-07-18 17:57:00,-4885.644128943761,-5626.142348902297,-1487.8944280822468,3.666725446519231,-4.193823016586489,4.5509873803033996,EXPLORER 27 (BEACON-C),6848.530113,2934.606193,-1492.043885,11734.174241943761,8560.748541902298,-4.149456917753241,14525.056900266225
2026-07-18 18:00:00,-4156.835696555338,-6294.3195544300015,-650.7517344432275,4.412597117673555,-3.210297807300986,4.727703278062146,EXPLORER 27 (BEACON-C),6534.168320000001,3768.501342,-655.195566,10691.004016555338,10062.820896430001,-4.443831556772466,14681.891942909455
2026-07-18 18:03:00,-3304.527226750682,-6775.391866521411,205.7221479895815,5.0351389496673935,-2.119472990599455,4.764779326188689,EXPLORER 27 (BEACON-C),6047.3399150000005,4501.516503,201.118451,9351.867141750683,11276.90836952141,-4.603696989581493,14650.122955305327
2026-07-18 18:06:00,-2352.885298314904,-7052.663535242389,1055.934447130311,5.512943575798316,-0.9511189015968475,4.657773216807274,EXPLORER 27 (BEACON-C),5397.402572,5114.805773,1051.318342,7750.287870314904,12167.46930824239,-4.616105130310871,14426.166945803638
2026-07-18 18:09:00,-1329.6522008242403,-7115.147220121087,1873.8532694206776,5.827852044257901,0.2611950184673427,4.406328984502485,EXPLORER 27 (BEACON-C),4598.415303000001,5592.209156000001,1869.3808510000001,5928.067503824241,12707.356376121088,-4.4724184206775135,14022.0865209914
2026-07-18 18:12:00,-265.4778278068233,-6958.1887471843465,2633.783754105764,5.965888125151988,1.4808119647622064,4.014611310628117,EXPLORER 27 (BEACON-C),3669.0586150000004,5920.779310999999,2629.614224,3934.5364428068237,12878.968058184346,-4.169530105763897,13466.566475850068
2026-07-18 18:15:00,806.9172495220315,-6583.9380978616055,3311.212257820537,5.9181814948355225,2.6689869724576685,3.4916129513368306,EXPLORER 27 (BEACON-C),2632.38572,6091.27341,3307.502184,1825.4684704779688,12675.211507861604,-3.710073820537218,12805.988273865636
2026-07-18 18:18:00,1853.738536655983,-6001.613963716009,3883.689919872961,5.681799933229387,3.786173688428021,2.8512730954283714,EXPLORER 27 (BEACON-C),1515.38293,6098.578188,3880.586076,-338.3556066559829,12100.192151716008,-3.103843872961079,12104.922315275386
2026-07-18 18:21:00,2841.249367860651,-5227.5123706858985,4331.715925479481,5.260398814146828,4.793564526549934,2.1123493350993834,EXPLORER 27 (BEACON-C),348.327238,5942.034893,4329.347105999999,-2492.9221298606512,11169.547263685898,-2.368819479481317,11444.363347629602
2026-07-18 18:24:00,3736.9958098016778,-4284.719815903884,4639.571634958751,4.6645942028289324,5.654811742498152,1.2980001753387256,EXPLORER 27 (BEACON-C),-836.0561289999999,5625.627999,4638.041575,-4573.051938801677,9910.347814903886,-1.530059958750826,10914.568254788253
2026-07-18 18:27:00,4511.066846653859,-3202.508166440114,4796.051223498216,3.911976687980382,6.337819866387421,0.43505871822739367,EXPLORER 27 (BEACON-C),-2003.6183019999999,5158.004802,4795.433741000001,-6514.685148653859,8360.512968440114,-0.617482498215395,10599.023542894463
2026-07-18 18:30:00,5137.319388667133,-2015.4112551143903,4795.034064637122,3.0267079543928928,6.816470372693767,-0.4469903071679111,EXPLORER 27 (BEACON-C),-3119.94927,4552.305952,4795.366797000001,-8257.268658667133,6567.7172071143905,0.3327323628782324,10550.705906466344
2026-07-18 18:33:00,5594.490831996036,-762.0096015477546,4635.849725182385,2.038680006740653,7.07212399705363,-1.3172821612358838,EXPLORER 27 (BEACON-C),-4151.622956,3825.8031779999997,4637.130152,-9746.113787996037,4587.812779547754,1.28042681761508,10771.943265179269
2026-07-18 18:36:00,5867.122684041789,516.5229904299156,4323.398285408842,0.9822641001774984,7.094750154630289,-2.1450093728828357,EXPLORER 27 (BEACON-C),-5067.460822,2999.3452230000003,4325.5853609999995,-10934.583506041788,2482.8222325700845,2.187075591157736,11212.917883960672
2026-07-18 18:39:00,5946.228106869828,1778.0326198987768,3868.006027552585,-0.1052736403798464,6.883559292953123,-2.900913736435633,EXPLORER 27 (BEACON-C),-5839.733325,2096.6306440000003,3871.024507,-11785.961431869828,318.5980241012235,3.0184794474153023,11790.267201624501
2026-07-18 18:42:00,5829.653891087432,2981.0617673292595,3285.017678658617,-1.1855685964039535,6.447061562476418,-3.5587071509254313,EXPLORER 27 (BEACON-C),-6445.215074,1143.349772,3288.761864,-12274.868965087433,-1837.7119953292595,3.744185341382945,12411.672228461704
2026-07-18 18:45:00,5522.111742909976,4086.4840724466612,2594.148812074841,-2.2210146912664066,5.802538008627101,-4.096297894944891,EXPLORER 27 (BEACON-C),-6866.028449,166.25213399999998,2598.487409,-12388.140191909977,-3920.2319384466614,4.338596925158981,12993.623616568855
2026-07-18 18:48:00,5034.881871011412,5058.995576444071,1818.6425796711508,-3.176521908340658,4.97497839062272,-4.496719981514003,EXPLORER 27 (BEACON-C),-7090.229982,-807.803825,1823.4256950000001,-12125.11185301141,-5866.799401444071,4.783115328849362,13469.881051554039
2026-07-18 18:51:00,4385.219723674984,5868.37549843521,984.2905123031586,-4.021029246648724,3.995600256930449,-4.748699939468892,EXPLORER 27 (BEACON-C),-7112.112852,-1752.761804,989.357865,-11497.332575674984,-7621.13730243521,5.06735269684134,13793.854277043452
2026-07-18 18:54:00,3595.5201477569453,6490.454135871958,118.38526234335112,-4.728664601509792,2.9001055598865046,-4.846840974979058,EXPLORER 27 (BEACON-C),-6932.223066,-2644.18702,123.573879,-10527.743213756945,-9134.641155871957,5.18861665664889,13938.259329740495
2026-07-18 18:57:00,2692.308779254187,6907.755574232815,-751.3271576777593,-5.279493451171655,1.726846656266242,-4.791450103501017,EXPLORER 27 (BEACON-C),-6557.113138000001,-3459.9531549999997,-746.1759179999999,-9249.421917254187,-10367.708729232814,5.151239677759349,13893.927329335742
2026-07-18 19:00:00,1705.1363194003866,7109.813562512664,-1597.6361940817949,-5.659852094697444,0.5150620910433064,-4.5880710149434245,EXPLORER 27 (BEACON-C),-5998.877349,-4180.772916,-1592.671034,-7704.013668400386,-11290.586478512665,4.96516008179492,13668.547628935843
2026-07-18 19:03:00,665.4476993795321,7093.185452332018,-2394.750954032159,-5.862308312923772,-0.6966906857307423,-4.2468083532254886,EXPLORER 27 (BEACON-C),-5274.521941999999,-4790.564598,-2390.107164,-5939.969641379532,-11883.750050332019,4.643790032158904,13285.585277437445
2026-07-18 19:06:00,-394.5130385079876,6861.208180787081,-3119.0506311709646,-5.88532538670077,-1.8718243317767242,-3.7815358900317673,EXPLORER 27 (BEACON-C),-4405.22863,-5276.662115,-3114.84785,-4010.715591492012,-12137.870295787081,4.202781170964499,12783.338864966267
2026-07-18 19:09:00,-1442.7169930785653,6423.5504966245135,-3749.688337634321,-5.732721358604072,-2.9766992038209366,-3.2090736121112804,EXPLORER 27 (BEACON-C),-3415.566053,-5629.888285,-3746.028931,-1972.8490599214347,-12053.438781624514,3.6594066343213854,12213.825496823658
2026-07-18 19:12:00,-2448.255621791,5795.61742665958,-4269.049416864226,-5.413015329826282,-3.9812984974314842,-2.548401335683804,EXPLORER 27 (BEACON-C),-2332.69315,-5844.518035,-4266.017547,115.56247179100001,-11640.13546165958,3.0318698642258823,11640.709490529613
2026-07-18 19:15:00,-3382.124380737458,4997.858102680003,-4663.075427829194,-4.938740312530456,-4.859640812793269,-1.8199542282566101,EXPLORER 27 (BEACON-C),-1185.585503,-5918.159893,-4660.736939,2196.5388777374583,-10916.017995680002,2.3384888291939205,11134.820941171518
2026-07-18 19:18:00,-4217.884767532529,4055.0188682968155,-4921.470948319863,-4.3257826920618525,-5.589988044243248,-1.0450230978149673,EXPLORER 27 (BEACON-C),-4.304444,-5851.58229,-4919.873516,4213.580323532528,-9906.601158296817,1.597432319863401,10765.454389119779
2026-07-18 19:21:00,-4932.213379383432,2995.372392195726,-5037.812476782413,-3.5927863571032232,-6.1549126535664795,-0.2452626886018086,EXPLORER 27 (BEACON-C),1180.681996,-5648.508057,-5036.985727,6112.895375383432,-8643.880449195727,0.8267497824126622,10586.980673161139
2026-07-18 19:24:00,-5505.351316386276,1849.9422470505817,-5009.577771140121,-2.760638535247561,-6.541285245187364,0.5577038259943745,EXPLORER 27 (BEACON-C),2339.1266349999996,-5315.395167000001,-5009.533326999999,7844.477951386276,-7165.337414050582,0.04444414012141351,10624.400904943006
2026-07-18 19:27:00,-5921.4685281604025,651.7324213000111,-4838.110851714224,-1.852036438671256,-6.740233903007644,1.3426060170344505,EXPLORER 27 (BEACON-C),3441.586331,-4861.216144,-4838.842903,9363.054859160402,-5512.948565300011,-0.732051285775924,10865.514194698277
2026-07-18 19:30:00,-6168.956210672214,-565.0366798228398,-4528.533480533712,-0.8911198868146673,-6.747113642602345,2.08880034239,EXPLORER 27 (BEACON-C),4459.9722759999995,-4297.2408080000005,-4530.019735999999,10628.928486672214,-3732.204128177161,-1.48625546628773,11265.14405758444
2026-07-18 19:33:00,-6240.656838070228,-1765.6896265130842,-4089.6089477129112,0.09685477238661869,-6.561509568469685,2.776526117264577,EXPLORER 27 (BEACON-C),5368.075953,-3636.822876,-4091.8105269999996,11608.732791070228,-1871.133249486916,-2.201579287088407,11758.56375152833
2026-07-18 19:36:00,-6134.036533002587,-2915.8614754896143,-3533.559034129806,1.0858301696484673,-6.187282177696216,3.3871706016403023,EXPLORER 27 (BEACON-C),6142.079897,-2895.189273,-3536.419487,12276.116430002587,20.672202489614392,-2.860452870193967,12276.134168586048
2026-07-18 19:39:00,-5851.2988293552535,-3982.2743856771935,-2875.830543139929,2.0492861773383817,-5.632648442150363,3.903566372832938,EXPLORER 27 (BEACON-C),6761.0627110000005,-2089.2251,-2879.2753119999998,12612.361540355254,1893.0492856771934,-3.4447688600707806,12753.639131207523
2026-07-18 19:42:00,-5399.433005105458,-4933.530076655308,-2134.8041938995566,2.9606336015950343,-4.910278270138394,4.310337825016036,EXPLORER 27 (BEACON-C),7207.500480000001,-1237.242449,-2138.740401,12606.93348510546,3696.287627655308,-3.9362071004434256,13137.63028928571
2026-07-18 19:45:00,-4790.184604548956,-5740.918229418697,-1331.4363120154742,3.79369202448696,-4.037373131992059,4.5943052636987565,EXPLORER 27 (BEACON-C),7467.759276,-358.722679,-1335.753289,12257.943880548955,5382.195550418696,-4.316976984525809,13387.50296948332
2026-07-18 19:48:00,-4039.93112896909,-6379.234098373063,-488.8230101789017,4.523273036789663,-3.0356827074148356,4.7449447470420765,EXPLORER 27 (BEACON-C),7532.5689139999995,525.979161,-493.39393199999995,11572.50004296909,6905.213259373063,-4.5709218210982385,13476.08059842577
2026-07-18 19:51:00,-3169.442837517281,-6827.589939884884,368.3222066987701,5.12587883187239,-1.9314074430287838,4.754889801828517,EXPLORER 27 (BEACON-C),7397.4587089999995,1395.978308,363.637941,10566.901546517282,8223.568247884885,-4.684265698770105,13389.791072446013
2026-07-18 19:54:00,-2203.507916119976,-7070.194990063486,1214.282929647283,5.580511027041871,-0.7549313738219359,4.620447976726816,EXPLORER 27 (BEACON-C),7063.128829,2230.259681,1209.6366059999998,9266.636745119977,9300.454671063486,-4.646323647283225,13128.938846793286
2026-07-18 19:57:00,-1170.4036796655616,-7097.068613987875,2023.0459127164343,5.869566103842664,0.4596678022938172,4.342091958220045,EXPLORER 27 (BEACON-C),6535.724637,3008.1358569999998,2018.595391,7706.128316665562,10105.204470987876,-4.450521716434196,12708.248928964671
2026-07-18 20:00:00,-101.20155040660272,-6904.642247005278,2769.0897811542595,5.979773260878145,1.6753739559927832,3.924873315053387,EXPLORER 27 (BEACON-C),5826.977052,3709.759043,2764.993953,5928.178602406603,10614.401290005277,-4.0958281542593795,12157.665609116968
2026-07-18 20:03:00,971.0964678505908,-6496.19949538985,3428.237117371679,5.903109941267322,2.8532763043998064,3.3786990031215525,EXPLORER 27 (BEACON-C),4954.172977,4316.676560999999,3424.649317,3983.0765091494095,10812.87605638985,-3.5878003716788953,11523.15928731779
2026-07-18 20:06:00,2012.5785451451031,-5882.101981552436,3978.539397681788,5.637612912905902,3.9538969114688727,2.7184089159398646,EXPLORER 27 (BEACON-C),3939.92071,4812.411962,3975.600825,1927.3421648548967,10694.513943552436,-2.938572681788173,10866.797363734839
2026-07-18 20:09:00,2989.5736051243503,-5079.752688663412,4401.153460472755,5.187992179556795,4.938762057499609,1.9635991056790065,EXPLORER 27 (BEACON-C),2811.684077,5183.04495,4398.986304999999,-177.88952812435036,10262.797638663413,-2.1671554727554394,10264.339469879904
2026-07-18 20:12:00,3869.887310765105,-4113.259549314605,4681.1595631489035,4.565954762056481,5.772139289852964,1.1381510796469567,EXPLORER 27 (BEACON-C),1601.0758019999998,5417.755163,4679.860319,-2268.8115087651054,9531.014712314605,-1.299244148903199,9797.333759584686
2026-07-18 20:15:00,4624.063366015977,-3012.7797754287367,4808.266343688731,3.790158224265625,6.422825687217772,0.26945265089110343,EXPLORER 27 (BEACON-C),342.917219,5509.291883000001,4807.9005130000005,-4281.1461470159775,8522.071658428737,-0.36583068873005686,9536.976345642059
2026-07-18 20:18:00,5226.59816412971,-1813.5487956337918,4777.348553006625,2.8857407341076464,6.86584507741704,-0.6126717337138051,EXPLORER 27 (BEACON-C),-925.905306,5454.3351299999995,4777.946514,-6152.50347012971,7267.8839256337915,0.5979609933756365,9522.365045722703
2026-07-18 20:21:00,5657.031014777492,-554.6244429109596,4588.770088937375,1.8834140482876827,7.083899111590396,-1.4772672342134734,EXPLORER 27 (BEACON-C),-2167.739693,5253.7131770000005,4590.323934,-7824.770707777492,5808.33761991096,1.5538450626254416,9744.938427234934
2026-07-18 20:24:00,5900.834192559181,722.5958573551715,4248.457676102611,0.818153912560199,7.068424370750882,-2.293703223586601,EXPLORER 27 (BEACON-C),-3345.5511979999997,4912.453546,4250.919538,-9246.38539055918,4189.857688644828,2.461861897389099,10151.381989788702
2026-07-18 20:27:00,5950.037676801691,1976.0033247794354,3767.7086269279894,-0.27242783700734463,6.82013740337604,-3.0331618122161443,EXPLORER 27 (BEACON-C),-4424.310914,4439.657047000001,3770.992725,-10374.348590801692,2463.653722220565,3.2840980720106927,10662.865896736226
2026-07-18 20:30:00,5803.542282183931,3164.4530498679014,3162.737673127233,-1.3499022857766185,6.348999947625207,-3.670033494126894,EXPLORER 27 (BEACON-C),-5372.307193,3848.193024,3166.726499,-11175.849475183932,683.7399741320987,3.988825872766938,11196.746302159701
2026-07-18 20:33:00,5467.100090862735,4249.380969299443,2453.990210226421,-2.37687902960103,5.673600966217321,-4.18309864605049,EXPLORER 27 (BEACON-C),-6162.2936979999995,3154.229917,2458.541943,-11629.393788862733,-1095.1510522994427,4.5517327735792605,11680.846563587033
2026-07-18 20:36:00,4952.969517607102,5196.262370723417,1665.2692642884053,-3.318738453634492,4.820019784123862,-4.556397589033027,EXPLORER 27 (BEACON-C),-6772.401915,2376.635323,1670.225644,-11725.371432607102,-2819.627047723417,4.956379711594764,12059.62920186819
2026-07-18 20:39:00,4279.279881339586,5975.828309194133,822.7379702060803,-4.14509952414192,3.8202929811939956,-4.779730735057894,EXPLORER 27 (BEACON-C),-7186.773892,1536.290613,827.9323830000001,-11466.053773339587,-4439.537696194133,5.19441279391981,12295.524025879009
2026-07-18 20:42:00,3469.162841119944,6564.982029787073,-46.13390105105145,-4.830921283016327,2.710645670984756,-4.848776715047921,EXPLORER 27 (BEACON-C),-7395.897543,655.365674,-40.868459,-10865.060384119945,-5909.616355787073,5.265442051051451,12368.23068785664
2026-07-18 20:45:00,2549.7222238867853,6947.38803703906,-913.6125684853729,-5.357188061367848,1.5296590426449677,-4.764861280752659,EXPLORER 27 (BEACON-C),-7396.651565,-243.401196,-908.4367510000001,-9946.373788886785,-7190.78923303906,5.175817485372818,12273.460316118319
2026-07-18 20:48:00,1550.9181046374547,7113.736779924504,-1752.6745042394675,-5.711182084006638,0.31653065515831236,-4.534444962494781,EXPLORER 27 (BEACON-C),-7192.090024,-1137.3779439999998,-1747.737189,-8743.008128637455,-8251.114723924504,4.93731523946758,12021.69329594904
2026-07-18 20:51:00,504.43600463560716,7061.713469823303,-2537.869318763257,-5.886392643597658,-0.8904519971840064,-4.168417736971472,EXPLORER 27 (BEACON-C),-6791.015798,-2004.6386089999999,-2533.303227,-7295.451802635607,-9066.352078823304,4.566091763257191,11637.112093253925
2026-07-18 20:54:00,-557.4000500197981,6795.717269337418,-3246.044986876385,-5.882141629364703,-2.0551510562605104,-3.681293117326598,EXPLORER 27 (BEACON-C),-6207.397418,-2824.471793,-3241.964609,-5649.9973679802015,-9620.189062337418,4.080377876384773,11156.635895411453
2026-07-18 20:57:00,-1602.6279971013496,6326.3858910831495,-3856.9252423184257,-5.703018529847921,-3.1445051946815754,-3.0903845187266104,EXPLORER 27 (BEACON-C),-5459.684276,-3577.7904040000003,-3853.426297,-3857.0562788986504,-9904.17629508315,3.49894531842574,10628.71598384757
2026-07-18 21:00:00,-2600.5360917464814,5669.981225120289,-4353.5423160297905,-5.3582157116287235,-4.129158645362787,-2.415028069518838,EXPLORER 27 (BEACON-C),-4570.072619,-4247.447951,-4350.701650999999,-1969.5365272535182,-9917.42917612029,2.8406650297911256,10111.106945578493
2026-07-18 21:03:00,-3522.4287692536036,4847.685869213863,-4722.53761994186,-4.860840986106941,-4.983836065854729,-1.6758933643764358,EXPLORER 27 (BEACON-C),-3563.761474,-4818.473583,-4720.413371000001,-41.3327047463963,-9666.159452213862,2.1242489418591504,9666.24805498693
2026-07-18 21:06:00,-4342.271611264768,3884.85075683764,-4954.348243293925,-4.227264255649746,-5.687522919977344,-0.8944013630526859,EXPLORER 27 (BEACON-C),-2468.226139,-5278.241057,-4952.980154,1874.0454722647678,-9163.09181383764,1.36808929392555,9352.769637524638
2026-07-18 21:09:00,-5037.225028074188,2810.2227532346446,-5043.2986635206535,-3.4765329218651773,-6.223515502107567,-0.09224966646398047,EXPLORER 27 (BEACON-C),-1312.52555,-5616.588798000001,-5042.70856,3724.699478074188,-8426.811551234645,0.5901035206534289,9213.28060303223
2026-07-18 21:12:00,-5588.080412827543,1655.1699529428004,-4987.615680017222,-2.629870044988574,-6.579400336452144,0.7089688132597003,EXPLORER 27 (BEACON-C),-126.649375,-5825.906666,-4987.80791,5461.431037827543,-7481.0766189428,-0.19222998277837178,9262.490831109688
2026-07-18 21:15:00,-5979.613309396494,452.91271927056164,-4789.381169207533,-1.7102518720220123,-6.747012443152718,1.4880769830017269,EXPLORER 27 (BEACON-C),1059.096423,-5901.202259,-4790.342846,7038.709732396494,-6354.114978270562,-0.9616767924662781,9482.521435717277
2026-07-18 21:18:00,-6200.866274247963,-762.2390151876572,-4454.432686664578,-0.7420480529501423,-6.722408457990692,2.2245823787953842,EXPLORER 27 (BEACON-C),2214.672181,-5840.156440000001,-4456.133607,8415.538455247963,-5077.917424812344,-1.7009203354218698,9828.8623837197
2026-07-18 21:21:00,-6245.370330102197,-1955.6466826403848,-3992.2169200077387,0.24930135607396875,-6.505875697982266,2.898932463758915,EXPLORER 27 (BEACON-C),3310.865251,-5643.173664,-3994.609516,9556.235581102197,-3687.526981359615,-2.392595992261249,10243.021987884942
2026-07-18 21:24:00,-6111.308866078186,-3093.1091608885285,-3415.596088885855,1.2376034752332927,-6.101983153095157,3.4927831370208353,EXPLORER 27 (BEACON-C),4319.840529,-5313.4272630000005,-3418.616125,10431.149395078186,-2220.318102111472,-3.020036114145114,10664.834705593052
2026-07-18 21:27:00,-5801.622116981466,-4141.640760837375,-2740.60304301852,2.1962582061131095,-5.519665712171835,3.989302627415851,EXPLORER 27 (BEACON-C),5215.689207,-4856.894575,-2744.1701519999997,11017.311323981467,-715.2538141626255,-3.567108981479578,11040.504950067769
2026-07-18 21:30:00,-5324.04449174432,-5070.265243556941,-1986.1374080630605,3.098664116284215,-4.772319115580831,4.373526244968758,EXPLORER 27 (BEACON-C),5974.979071000001,-4282.374411999999,-1990.154733,11299.023562744322,787.8908315569415,-4.017324936939531,11326.461123087058
2026-07-18 21:33:00,-4691.061567596626,-5850.824996157697,-1173.5930346515102,3.9187123638371606,-3.8778706224112103,4.632768755085408,EXPLORER 27 (BEACON-C),6577.307881,-3601.475939,-1177.9471680000001,11268.369448596626,2249.3490571576967,-4.354133348489995,11490.680579037922
2026-07-18 21:36:00,-3919.7691338767513,-6458.797364176018,-326.406586814224,4.631388365051639,-2.858779907907283,4.7570905404720465,EXPLORER 27 (BEACON-C),7005.85595,-2828.562487,-330.968592,10925.625083876752,3630.234877176018,-4.562005185776002,11512.945302953252
2026-07-18 21:39:00,-3031.6139530174387,-6874.101263674385,530.4812753055269,5.213489048470538,-1.741917390098352,4.739801500559741,EXPLORER 27 (BEACON-C),7247.923948,-1980.632068,525.853337,10279.537901017438,4893.469195674385,-4.627938305526868,11384.856680928446
2026-07-18 21:42:00,-2051.9956594077257,-7081.867250125192,1371.2567060505062,5.644447890395493,-0.5582645419317803,4.577973443261036,EXPLORER 27 (BEACON-C),7295.435438,-1077.116661,1366.713837,9347.431097407727,6004.750589125192,-4.5428690505061695,11109.973825173649
2026-07-18 21:45:00,-1009.7121615135678,-7073.134230215081,2169.9536305259116,5.907241055122352,0.657615490136189,4.272918703484223,EXPLORER 27 (BEACON-C),7145.374737,-139.58243,2165.651117,8155.086898513568,6933.55180021508,-4.302513525911763,10704.186162441125
2026-07-18 21:48:00,63.76241482882449,-6845.427360544071,2901.254238554535,5.989327245258633,1.8683768916538015,3.830581604776786,EXPLORER 27 (BEACON-C),6800.124226,808.6821970000001,2897.3464950000002,6736.361811171176,7654.109557544071,-3.9077435545345907,10196.272791581863
2026-07-18 21:51:00,1135.1676479543798,-6403.166043676832,3541.3478866895625,5.883553625448393,3.03497910712058,3.2617823540157755,EXPLORER 27 (BEACON-C),6267.661569,1743.19546,3537.9823930000002,5132.49392104562,8146.3615036768315,-3.3654936895622996,9628.380493349121
2026-07-18 21:54:00,2170.5009895759526,-5757.850005218253,4068.8160334469367,5.588943595243807,4.118053810478101,2.5822523611800206,EXPLORER 27 (BEACON-C),5561.581172,2638.924841,4066.1264539999997,3391.0801824240475,8396.774846218254,-2.689579446936932,9055.675560417912
2026-07-18 21:57:00,3136.186181633367,-4927.976616870779,4465.5003278404365,5.111272914348118,5.079505364513396,1.8124077969192656,EXPLORER 27 (BEACON-C),4700.905244,3471.0298679999996,4463.599661,1564.7190623666324,8399.006484870779,-1.9006668404363154,8543.5156282159
2026-07-18 22:00:00,4000.3189587866673,-3938.654660178816,4717.302917033172,4.463342225376333,5.884260942799268,0.9768255008412785,EXPLORER 27 (BEACON-C),3709.662612,4215.677468999999,4716.276346,-290.6563467866672,8154.332129178815,-1.0265710331723312,8159.510686231949
2026-07-18 22:03:00,4733.927808110728,-2820.8983907612596,4814.864112179065,3.664868898327836,6.5020511585385306,0.1034117330502762,EXPLORER 27 (BEACON-C),2616.228504,4850.894480999999,4814.764885,-2117.6993041107276,7671.792871761259,-0.099227179065565,7958.709456921013
2026-07-18 22:06:00,5312.176435194707,-1610.6097616750048,4754.064079804826,2.7419500519690003,6.909076147057188,-0.7777124803291564,EXPLORER 27 (BEACON-C),1452.431572,5357.406564,4754.910969,-3859.744863194707,6968.016325675005,0.8468891951733895,7965.606231860362
2026-07-18 22:09:00,5715.4298408686,-347.2836561257047,4536.30291804895,1.726089825910346,7.089401947956248,-1.6355495650927043,EXPLORER 27 (BEACON-C),252.46857,5719.409498,4538.077549,-5462.9612708686,6066.6931541257045,1.774630951049403,8163.866413816493
2026-07-18 22:12:00,5930.109169335828,927.5022067142629,4168.5272342148655,0.6528329098930074,7.035942586015161,-2.4396939672606264,EXPLORER 27 (BEACON-C),-948.322984,5925.224582999999,4171.174057,-6878.432153335828,4997.722376285737,2.6468227851346455,8502.356428905
2026-07-18 22:15:00,5949.272404472099,2171.728049904292,3662.990146930919,-0.43990417893843403,6.750916286930925,-3.161813485753775,EXPLORER 27 (BEACON-C),-2114.767221,5967.7874170000005,3666.418896,-8064.039625472099,3796.0593670957082,3.4287490690812774,8912.84542421888
2026-07-18 22:18:00,5772.877961363404,3344.6033581979964,3036.7535326449142,-1.5136713101826507,6.245717288211254,-3.777016128791592,EXPLORER 27 (BEACON-C),-3213.146156,5844.937201000001,3040.843568,-8986.024117363404,2500.3338428020043,4.090035355085547,9327.395965203097
2026-07-18 22:21:00,5407.714210649098,4408.163536150003,2310.963538704162,-2.53133517619532,5.540210396120717,-4.264983874169029,EXPLORER 27 (BEACON-C),-4212.40922,5559.485924,2315.5696439999997,-9620.123430649099,1151.3223878499966,4.606105295837551,9688.773878974285
2026-07-18 22:24:00,4867.006622093547,5328.6935843637975,1509.949662336258,-3.4587829034793285,4.6615225647278145,-4.610781542856598,EXPLORER 27 (BEACON-C),-5085.2262949999995,5119.0688,1514.911036,-9952.232917093546,-209.62478436379752,4.961373663742052,9954.44158160208
2026-07-18 22:27:00,4169.741333794905,6077.898718146122,660.2110204886905,-4.266342044933705,3.6424616932035856,-4.805289734806793,EXPLORER 27 (BEACON-C),-5808.8266459999995,4535.79113,665.360916,-9978.567979794905,-1542.107588146122,5.1498955113095235,10097.026357409879
2026-07-18 22:30:00,3339.7654156591825,6633.768655169147,-210.6412346471486,-4.929822196589734,2.519726967358763,-4.845257669279719,EXPLORER 27 (BEACON-C),-6365.584353,3825.708473,-205.467277,-9705.349768659184,-2808.0601821691466,5.1739576471485975,10103.417386633813
2026-07-18 22:33:00,2404.736846906107,6981.113168765452,-1074.9195404675806,-5.431136501918335,1.3320819791301957,-4.733015687297592,EXPLORER 27 (BEACON-C),-6743.34121,3008.187373,-1069.876858,-9148.078056906106,-3972.925795765452,5.042682467580562,9973.53984012457
2026-07-18 22:36:00,1395.0000496615846,7111.776369986781,-1905.8181695051487,-5.7585145074385755,0.11864266801431345,-4.475920213353928,EXPLORER 27 (BEACON-C),-6935.48157,2105.196317,-1901.0478349999998,-8330.481619661585,-5006.580052986781,4.770334505148867,9719.197014083824
2026-07-18 22:39:00,342.45652495953885,7024.561656046966,-2678.253822744063,-5.906361538057611,-1.0826063288936993,-4.085621542206115,EXPLORER 27 (BEACON-C),-6940.789866,1140.573691,-2673.879441,-7283.246390959539,-5883.987965046967,4.374381744063157,9363.066351332684
2026-07-18 22:42:00,-720.5128627281898,6724.91558930738,-3369.565165924916,-5.87484782799025,-2.23600111340333,-3.5772463821991494,EXPLORER 27 (BEACON-C),-6763.134814,139.313454,-3365.690894,-6042.62195127181,-6585.60213530738,3.874271924916229,8937.754222428586
2026-07-18 22:45:00,-1762.0339123053736,6224.426369518662,-3960.0637131633935,-5.669321377763896,-3.3090751017238187,-2.968575548241231,EXPLORER 27 (BEACON-C),-6411.0291689999995,-873.10385,-3956.7739330000004,-4648.995256694626,-7097.530219518661,3.2897801633930612,8484.580304081237
2026-07-18 22:48:00,-2751.610277553783,5540.1919719004645,-4433.441226353829,-5.299634054025137,-4.27314309305669,-2.2792773814573635,EXPLORER 27 (BEACON-C),-5897.109139,-1871.319204,-4430.801474999999,-3145.4988614462172,-7411.511175900465,2.6397513538295243,8051.3767745736595
2026-07-18 22:51:00,-3660.8715430629954,4694.1064738599225,-4777.04752321672,-4.779455256932439,-5.103640014581946,-1.5302344892545272,EXPLORER 27 (BEACON-C),-5237.572494,-2830.634,-4775.105388,-1576.7009509370046,-7524.7404738599225,1.9421352167200894,7688.153800459542
2026-07-18 22:54:00,-4464.201300471026,3712.102996449573,-4982.057168440462,-4.125626615368101,-5.7802755002417925,-0.7429794292539043,EXPLORER 27 (BEACON-C),-4451.607731,-3727.481687,-4980.842978,12.593569471026058,-7439.584683449573,1.2141904404625166,7439.59544158605
2026-07-18 22:57:00,-5139.255745293434,2623.3802801132883,-5043.544481588975,-3.3575890345551076,-6.287068252065974,0.06076330924638839,EXPLORER 27 (BEACON-C),-3560.8343769999997,-4539.842043,-5043.072019,1578.4213682934346,-7163.222323113288,0.4724625889748495,7335.0643002944935
2026-07-18 23:00:00,-5667.386893490313,1459.62894211267,-4960.484475026537,-2.4968931066918696,-6.612318567455448,0.8594450361215841,EXPLORER 27 (BEACON-C),-2588.7652059999996,-5247.609408,-4960.751524,3078.6216874903134,-6707.238350112671,-0.2670489734628063,7380.037794701528
2026-07-18 23:03:00,-6033.9848370374975,254.2640894044337,-4735.693652586902,-1.5667871100375867,-6.748566464290743,1.6319946868630149,EXPLORER 27 (BEACON-C),-1560.2938319999998,-5832.927319,-4736.6824369999995,4473.691005037497,-6087.191408404434,-0.9887844130971644,7554.324021962573
2026-07-18 23:06:00,-6228.751243444858,-958.3361619864426,-4375.719892118475,-0.591864168557449,-6.692568985947418,2.3580830776097423,EXPLORER 27 (BEACON-C),-501.20453100000003,-6280.500623,-4377.397314,5727.546712444858,-5322.164461013557,-1.677421881524424,7818.582269635448
2026-07-18 23:09:00,-6245.912277605532,-2143.591298950129,-3890.685591586785,0.40225845571003443,-6.445315280157183,3.018378241889563,EXPLORER 27 (BEACON-C),562.302284,-6577.893287,-3893.003228,6808.214561605532,-4434.3019880498705,-2.317636413215041,8124.950769667419
2026-07-18 23:12:00,-6084.373934276792,-3267.485184396559,-3294.0834204720277,1.3892598663458917,-6.012082993012468,3.5948179214816136,EXPLORER 27 (BEACON-C),1604.0780379999999,-6715.8167060000005,-3296.977336,7688.451972276792,-3448.3315216034416,-2.89391552797224,8426.34513817455
2026-07-18 23:15:00,-5747.81698894093,-4297.345461270275,-2602.519817049145,2.3424692925670145,-5.4025250005079,4.070920319483033,EXPLORER 27 (BEACON-C),2598.49694,-6688.408168999999,-2605.910346,8346.31392894093,-2391.062707729724,-3.3905289508552414,8682.059005121755
2026-07-18 23:18:00,-5244.722940035618,-5202.63903686954,-1835.3981812195723,3.2352848600128126,-4.630761915471678,4.432147159710203,EXPLORER 27 (BEACON-C),3520.9383080000002,-6493.494570000001,-1839.190581,8765.661248035618,-1290.8555331304606,-3.792399780427786,8860.199744081561
2026-07-18 23:21:00,-4588.3169827229685,-5955.781756972645,-1014.5318910942959,4.04168408266506,-3.715443634747724,4.666324065625035,EXPLORER 27 (BEACON-C),4348.288804,-6132.830005,-1018.618123,8936.605786722968,-177.04824802735493,-4.0862319057040395,8938.360351133264
2026-07-18 23:24:00,-3796.4098464244294,-6532.9529605542,-163.67718501975978,4.736844150465686,-2.6797332004697276,4.7641124049120895,EXPLORER 27 (BEACON-C),5059.463672,-5612.285545,-167.936647,8855.873518424429,920.6674155542005,-4.259461980240218,8903.602776820779
2026-07-18 23:27:00,-2891.1179510101697,-6914.896540348474,692.0220479048461,5.297877642076683,-1.5511596176317957,4.719514365001507,EXPLORER 27 (BEACON-C),5635.938265,-4941.971011,687.721667,8527.056216010169,1972.9255293484748,-4.300380904846065,8752.322054668037
2026-07-18 23:30:00,-1898.4415435180524,-7087.680142933718,1526.68115855454,5.704673117504364,-0.361284552512771,4.530379837930599,EXPLORER 27 (BEACON-C),6062.28168,-4136.265359999999,1522.481425,7960.723223518053,2951.414782933719,-4.199733554539989,8490.228565836214
2026-07-18 23:33:00,-847.6839706946646,-7043.374305845912,2314.410070324402,5.94081081186004,0.8548672453579508,4.198870938855187,EXPLORER 27 (BEACON-C),6326.674797000001,-3213.726318,2310.457576,7174.358767694665,3829.647987845912,-3.9524943244023234,8132.5053372636
2026-07-18 23:36:00,229.29748779527029,-6780.605085486526,3030.124737331346,5.9945028674055925,2.059650904510699,3.7318294623499804,EXPLORER 27 (BEACON-C),6421.386644,-2196.850826,3026.565335,6192.08915620473,4583.754259486526,-3.559402331346064,7704.075797854927
2026-07-18 23:39:00,1299.0076764145706,-6304.928752599702,3650.4117271457158,5.859487657904305,3.213932959868804,3.1409865158927133,EXPLORER 27 (BEACON-C),6343.175767,-1111.6639539999999,3647.3841460000003,5044.168090585429,5193.264798599703,-3.0275811457154305,7239.72652527032
