timestamp,x_sgp4,y_sgp4,z_sgp4,vx,vy,vz,satellite,x_cpf,y_cpf,z_cpf,dx,dy,dz,residual
2026-07-14 00:00:00,-3144.4581880905057,-806.690563399343,6269.899191924527,-6.720554751895653,0.7447159055842626,-3.2640208259100816,LARETS,-421.96431,-3216.128846,6271.119127999999,2722.493878090506,-2409.438282600657,1.2199360754721056,3635.569727311789
2026-07-14 00:03:00,-4289.504393400558,-658.7575019682432,5571.407721569933,-5.963358463364577,0.8939795752622312,-4.473337186172099,LARETS,-1041.302617,-4210.570055,5573.019539,3248.2017764005577,-3551.812553031757,1.6118174300672763,4813.126820481789
2026-07-14 00:06:00,-5278.182968764462,-486.8112823309197,4669.286860408357,-4.988388991678573,1.0107138111489424,-5.519654255892827,LARETS,-1646.746664,-5036.146051,4671.219291,3631.436304764462,-4549.33476866908,1.9324305916434241,5820.97759893222
2026-07-14 00:09:00,-6074.358411579446,-297.11124199658195,3596.425453472638,-3.830931639276666,1.0906375166137747,-6.364622672386245,LARETS,-2211.475634,-5663.5195619999995,3598.59195,3862.8827775794457,-5366.408320003417,2.166496527362142,6612.125702376582
2026-07-14 00:12:00,-6648.881864335179,-96.57043719154642,2391.9890128279617,-2.5331078943972143,1.130793433471118,-6.977082221110251,LARETS,-2709.457985,-6071.217178999999,2394.2957629999996,3939.4238793351788,-5974.646741808453,2.306750172037937,7156.498411344402
2026-07-14 00:15:00,-6980.693112189633,107.49510520682608,1100.007056893623,-1.1423968120606167,1.1296781766658033,-7.334336129770425,LARETS,-3116.628613,-6246.40722,1102.357661,3864.0644991896334,-6353.902325206826,2.350604106376977,7436.603709860167
2026-07-14 00:18:00,-7057.629712044334,307.635715450076,-232.24312577198324,0.29013029566803866,1.0873168699908304,-7.42312379120591,LARETS,-3412.014753,-6185.333818,-229.94228700000002,3645.6149590443342,-6492.969533450076,2.300838771983223,7446.419749502292
2026-07-14 00:21:00,-6876.898059448409,496.54505417513514,-1555.9937790080828,1.711784823193065,1.0052724465742044,-7.24020418951914,LARETS,-3578.7544989999997,-5893.382557,-1553.827061,3298.1435604484095,-6389.927611175135,2.166718008082853,7190.89219193645
2026-07-14 00:24:00,-6445.1783924292395,667.3325030591922,-2822.809233030811,3.0703336576017852,0.886585442144495,-6.792492309565945,LARETS,-3604.9551269999997,-5384.767514,-2820.846841,2840.2232654292397,-6052.100017059192,1.9623920308108609,6685.415967982538
2026-07-14 00:27:00,-5778.357691794008,813.7786384434894,-3986.391400424259,4.31604065622742,0.7356473071140464,-6.096735130960389,LARETS,-3484.344608,-4681.851898,-3984.68849,2294.0130837940083,-5495.630536443489,1.7029104242587891,5955.203936189941
2026-07-14 00:30:00,-4900.907483178784,930.5626313184058,-5004.287842294484,5.40355300642531,0.5580170990727638,-5.1787616100059335,LARETS,-3216.68089,-3814.1410690000002,-5002.886125,1684.2265931787838,-4744.703700318406,1.401717294484115,5034.762594780131
2026-07-14 00:33:00,-3844.943669245871,1013.4526556552444,-5839.431940151486,6.293535115171228,0.36019619081998666,-4.072380420654722,LARETS,-2807.903573,-2817.00997,-5838.360983,1037.0400962458712,-3830.4626256552447,1.0709571514862546,3968.362034229304
2026-07-14 00:36:00,-2649.0195529197704,1059.4532088673855,-6461.460181417878,6.9539926406423795,0.14937726174827368,-2.818020840597027,LARETS,-2270.0280839999996,-1730.230912,-6460.739595,378.9914689197708,-2789.6841208673854,0.7205864178777119,2815.3103819966973
2026-07-14 00:39:00,-1356.709723556748,1066.9060657143104,-6847.768996966209,7.361271381951353,-0.06681779912332698,-1.4612121563613079,LARETS,-1620.787822,-596.370223,-6847.413211,-264.078098443252,-1663.2762887143103,0.35578596620871394,1684.109670199749
2026-07-14 00:42:00,-15.04213533112086,1035.5438780057214,-6984.289260532391,7.500748415562304,-0.28060051439245337,-0.05097803360417908,LARETS,-883.0415280000001,540.879088,-6984.3092050000005,-867.9993926688792,-494.66479000572133,-0.019944467609093408,999.0576562655077
2026-07-14 00:45:00,1327.1690136644222,966.4968942900143,-6865.9677672441285,7.3672479337989545,-0.4842733360843816,1.3618071582555484,LARETS,-83.97357000000001,1638.361904,-6866.367738,-1411.1425836644223,671.8650097099858,-0.39997075587143627,1562.9223085874441
2026-07-14 00:48:00,2621.0426546802223,862.2539067976024,-6496.950850860136,6.965209462155948,-0.6704804750636755,2.7260816764049838,LARETS,745.8909030000001,2655.074659,-6497.725589,-1875.1517516802223,1792.8207522023974,-0.7747381398639845,2594.30162887359
2026-07-14 00:51:00,3819.3588747971476,726.5786298142988,-5890.466906449492,6.308615906364854,-0.8324521880452199,3.9922779728169213,LARETS,1573.831453,3553.685751,-5891.603112,-2245.5274217971473,2827.107121185701,-1.1362055505078388,3610.391857910288
2026-07-14 00:54:00,4878.251052243637,564.3827550634575,-5068.404698791487,5.420662878368939,-0.9642414755720259,5.11401975967994,LARETS,2366.208338,4301.9165760000005,-5069.881264000001,-2512.042714243637,3737.533820936543,-1.4765652085134207,4503.2787878471245
2026-07-14 00:57:00,5758.812311932128,381.5574183640092,-4060.586364149972,4.33313085918906,-1.0609484365790443,6.049811886716341,LARETS,3089.823119,4873.732384,-4062.373359,-2668.989192932128,4492.174965635991,-1.78699485002835,5225.24089657365
2026-07-14 01:00:00,6428.559009548256,184.76609492716963,-2903.740837034945,3.085418228969931,-1.118922627089349,6.764668098868974,LARETS,3713.315645,5250.301603,-2905.797784,-2715.2433645482556,5065.53550807283,-2.0569469650549763,5747.364678119948
2026-07-14 01:03:00,6862.687677217527,-18.795924246182338,-1640.1963459889262,1.7232111842023499,-1.1359295216311847,7.23158833319113,LARETS,4208.539456,5420.674347,-1642.469919,-2654.148221217527,5439.470271246182,-2.2735730110737222,6052.466008256256
2026-07-14 01:06:00,7045.060636729547,-221.6676117364022,-316.3287339978185,0.2968041701733385,-1.11126534447431,7.432775125635903,LARETS,4551.847257,5382.139245,-318.750316,-2493.2133797295464,5603.806856736403,-2.4215820021814807,6133.414229328371
2026-07-14 01:09:00,6968.8621769798165,-416.40323600571537,1019.1772975392909,-1.140866998012444,-1.045806232315788,7.360477696609848,LARETS,4725.216095,5140.233958,1016.693421,-2243.6460819798167,5556.637194005715,-2.483876539290918,5992.509559160816
2026-07-14 01:12:00,6636.882676288282,-595.8556342685437,2317.1785925012755,-2.5363706080992228,-0.9419829619496777,7.017376062556075,LARETS,4717.146187,4708.398611,2314.7328930000003,-1919.7364892882815,5304.254245268543,-2.4456995012751577,5640.966873524459
2026-07-14 01:15:00,6061.410771351195,-753.4481029600308,3529.948104036673,-3.837963006909671,-0.803680257407208,6.416462233247829,LARETS,4523.288119,4107.29672,3527.647276,-1538.122652351195,4860.744822960031,-2.3008280366730105,5098.30038556167
2026-07-14 01:18:00,5263.73998669998,-883.4218668543149,4612.983290062059,-4.997663801447768,-0.6360681017976109,5.580430810305266,LARETS,4146.76051,3363.8311439999998,4610.9337160000005,-1116.9794766999803,4247.253010854314,-2.0495740620581273,4391.674565622302
2026-07-14 01:21:00,4273.321438493058,-981.0480901443418,5526.6650840769535,-5.9730942660164965,-0.4453794163394511,4.540643370313018,LARETS,3598.1436120000003,2509.913494,5524.964603,-675.1778264930576,3490.961584144342,-1.7004810769531105,3555.654759815041
2026-07-14 01:24:00,3126.6139450071296,-1042.7963843126558,6237.699393260984,-6.72899076027733,-0.2386522752208489,3.335767183944543,LARETS,2895.156161,1581.05925,6236.43229,-231.4577840071297,2623.8556343126556,-1.267103260984186,2634.0449314775237
2026-07-14 01:27:00,1865.6943604406952,-1066.455100245132,6720.29273736499,-7.238353891395819,-0.02345481046035331,2.010201426326719,LARETS,2062.037129,614.8805110000001,6719.522715,196.34276855930466,1681.335611245132,-0.7700223649899272,1692.7612097815265
2026-07-14 01:30:00,536.6938066052246,-1051.2016995336548,6957.033340276166,-7.483238526997315,0.19239239838970235,0.6123927754212792,LARETS,1128.673726,-350.44956099999996,6956.795683,591.9799193947754,700.7521385336549,-0.23765727616591903,917.3297341235137
2026-07-14 01:33:00,-811.8783560036219,-997.6236989360308,6939.464941326136,-7.455218270514097,0.4010869085340181,-0.8068859103897866,LARETS,129.508229,-1277.698713,6939.765428000001,941.3865850036219,-280.0750140639692,0.30048667386472516,982.1663841834311
2026-07-14 01:36:00,-2130.8680153967666,-907.6919057519123,6668.350771216902,-7.155565172534005,0.5951036573924512,-2.1962536771438885,LARETS,-897.739293,-2132.001791,6669.170113,1233.1287223967665,-1224.309885248088,0.8193417830980252,1737.6828860402077
2026-07-14 01:39:00,-3372.2189015226445,-784.6880856206124,6153.629744132033,-6.5951731297861205,0.7674419957642198,-3.5054226529658603,LARETS,-1913.488296,-2882.15985,6154.925107,1458.7306055226445,-2097.4717643793874,1.2953628679670146,2554.855076089875
2026-07-14 01:42:00,-4490.678966998845,-633.089258492355,5414.068142975287,-5.794229870752283,0.9118602801935781,-4.686879016754056,LARETS,-2877.804015,-3501.7696140000003,5415.772265,1612.8749519988446,-2868.6803555076453,1.7041220247128877,3291.0022025049784
2026-07-14 01:45:00,-5445.423889879753,-458.41102392017945,4476.611201487321,-4.781619329097445,1.0230956337860346,-5.697531751419744,LARETS,-3751.959605,-3970.1591719999997,4478.640031999999,1693.464284879753,-3511.74814807982,2.0288305126787236,3898.743445760261
2026-07-14 01:48:00,-6201.546461063469,-267.01309653068733,3375.4431792608207,-3.5940247221623913,1.0970625277428132,-6.500293336600807,LARETS,-4500.002678999999,-4273.093985,3377.7017400000004,1701.5437820634697,-4006.0808884693133,2.2585607391797566,4352.46371935879
2026-07-14 01:51:00,-6731.355635268575,-65.87176302508595,2150.773696937083,-2.274709747587179,1.1310197259774413,-7.065526928501638,LARETS,-5090.248428999999,-4403.220985999999,2153.159756,1641.1072062685753,-4337.349222974914,2.3860590629169565,4637.438607441137
2026-07-14 01:54:00,-7015.427114823475,137.67388209019015,847.3822161758986,-0.8719815224041786,1.123692608627267,-7.372270835556794,LARETS,-5496.641778,-4360.234927,849.793135,1518.7853368234746,-4497.9088090901905,2.4109188241013726,4747.40964808923
2026-07-14 01:57:00,-7043.3514579787025,336.19271354516815,-487.03041742740066,0.5626218268401364,1.075338207935709,-7.409143318111473,LARETS,-5699.921263,-4150.7507160000005,-484.69030699999996,1343.4301949787023,-4486.943429545168,2.3401104274007025,4683.745456879129
2026-07-14 02:00:00,-6814.137266519351,522.4381582610813,-1803.617930475109,1.9763343367448858,0.987743827962225,-7.174844187689481,LARETS,-5688.520903,-3787.883623,-1801.43062,1125.6163635193516,-4310.321781261082,2.187310475108916,4454.872707515148
2026-07-14 02:03:00,-6336.245340839332,689.6182646075188,-3054.214415038467,3.3172394091316026,0.864156243347375,-6.678203087310242,LARETS,-5459.157063,-3290.5549589999996,-3052.247037,877.0882778393325,-3980.1732236075186,1.9673780384669044,4075.667627226462
2026-07-14 02:06:00,-5627.252172725414,831.6470513403426,-4193.127340559433,4.53629109824844,0.7091457306819038,-5.937770249258439,LARETS,-5017.066487,-2682.559675,-4191.433046,610.1856857254143,-3514.2067263403424,1.6942945594328194,3566.7882411427167
2026-07-14 02:09:00,-4713.163941180935,943.3663081695082,-5178.818720999848,5.589159198517864,0.5284157610163636,-4.98099262303345,LARETS,-4375.893244,-1991.4518400000002,-5177.437303000001,337.2706971809348,-2934.8181481695083,1.3814179998471445,2954.1345592775065
2026-07-14 02:12:00,-3627.4213489998847,1020.7293890594583,-5975.406577327003,6.437807621208261,0.3285734522490334,-3.843054846666424,LARETS,-3557.23492,-1247.3057139999999,-5974.366915,70.18642899988481,-2268.0351030594584,1.039662327003498,2269.12107310814
2026-07-14 02:15:00,-2409.6482926459075,1060.9413912957318,-6553.93498154163,7.05175686189183,0.11687691937039477,-2.5654821385134645,LARETS,-2589.8745049999998,-481.41262,-6553.2593320000005,-180.22621235409224,-1542.3540112957319,0.6756495416293546,1552.8482991850299
2026-07-14 02:18:00,-1104.2024551476854,1062.5528603976322,-6893.378337529768,7.409022512793481,-0.09902648282391385,-1.1945981675376263,LARETS,-1508.737716,275.02577,-6893.085773,-404.53526085231465,-787.5270903976323,0.2925645297682422,885.3517837430583
2026-07-14 02:21:00,241.41549556110698,1025.5063111219715,-6981.3605407300165,7.496751579254558,-0.3113613580942438,0.22009075667898395,LARETS,-353.621123,992.150713,-6981.465539,-595.0366185611069,-33.355598121971525,-0.10499826998329809,595.970791548837
2026-07-14 02:24:00,1578.2425946177023,951.1361559170475,-6814.579854459753,7.3115896233509305,-0.5124801275178483,1.6275440383262054,LARETS,832.257921,1642.605278,-6815.087513,-745.9846736177022,691.4691220829525,-0.5076585402475757,1017.1641646184122
2026-07-14 02:27:00,2857.5780922334857,842.1231400590151,-6398.935234029015,6.859803513233562,-0.6951124702903468,2.9768536898211027,LARETS,2003.851402,2202.56488,-6399.840462,-853.7266902334857,1360.441739940985,-0.9052279709849245,1606.129449586289
2026-07-14 02:30:00,4032.7083568727285,702.4044325168173,-5749.350909034742,6.157162373692938,-0.8526084862822859,4.218929589182291,LARETS,3115.974421,2652.6113560000003,-5750.640717,-916.7339358727286,1950.206923483183,-1.2898079652586603,2154.926870496313
2026-07-14 02:33:00,5060.586909030265,537.040610179861,-4889.296253155157,5.228553581031341,-0.979174016857814,5.308197863861946,LARETS,4125.0430320000005,2978.418677,-4890.947797,-935.5438770302644,2441.378066820139,-1.6515438448432178,2614.4926732726426
2026-07-14 02:36:00,5903.4184396303945,352.0413871382168,-3850.0007299949593,4.10729320192615,-1.0700925230121927,6.204284206704207,LARETS,4990.799081,3171.2276549999997,-3851.980066,-912.6193586303943,2819.1862678617827,-1.97933600504075,2963.2227767109275
2026-07-14 02:39:00,6530.0881055432665,154.15338299899355,-2669.371653689946,2.8340906570829394,-1.1219229985040398,6.8736205161495265,LARETS,5677.960892,3228.089267,-2671.631279,-852.1272135432664,3073.9358840010063,-2.2596253100541617,3189.8601400244183
2026-07-14 02:42:00,6917.371803292911,-49.38450682672623,-1390.6365453014655,1.4556494930802895,-1.13265945939143,7.290881081426901,LARETS,6157.718675,3151.8612519999997,-1393.1134909999998,-759.6531282929109,3201.2457588267257,-2.4769456985343368,3290.144893312648
2026-07-14 02:45:00,7050.863237054384,-251.10981204571775,-60.750683242898766,0.02292668186091349,-1.1018362884808222,7.440135879025147,LARETS,6409.002762,2950.951906,-63.365318,-641.8604750543836,3202.0617180457175,-2.6146347571012356,3265.7603941388356
2026-07-14 02:48:00,6925.561972864956,-443.61825323162327,1271.369253798056,-1.4108779125196826,-1.030566063624438,7.315612226355274,LARETS,6419.448091,2638.8146690000003,1268.713019,-506.11388186495606,3082.4329222316237,-2.656234798055948,3123.707898805057
2026-07-14 02:51:00,6546.083729348373,-619.8456280468314,2556.707122218812,-2.7924856721661078,-0.9215023090872365,6.9219843443460505,LARETS,6185.997536000001,2233.217832,2554.116826,-360.08619334837203,2853.063460046831,-2.590296218812,2875.698155809997
2026-07-14 02:54:00,5926.477890604502,-773.3362083234517,3748.016038875245,-4.070713472052063,-0.7787276370923601,6.27415806162329,LARETS,5715.11221,1755.333408,3745.602316,-211.3656806045019,2528.669616323452,-2.4137228752451847,2537.489173476986
2026-07-14 02:57:00,5089.663695183032,-898.4848793839664,4801.6041896455745,-5.198512525507464,-0.6075760289991919,5.396573619404627,LARETS,5022.572284,1228.688363,4799.4738370000005,-67.0914111830325,2127.173242383966,-2.130352645574021,2128.2320829672785
2026-07-14 03:00:00,4066.5210071829015,-990.7424567345621,5678.956851167504,-6.134750118242148,-0.4144044751943843,4.3220994267685695,LARETS,4132.885499,678.039295,5677.204456,66.3644918170985,1668.781751734562,-1.7523951675038916,1670.1017488719774
2026-07-14 03:03:00,2894.6898639780034,-1046.7767029055449,6348.130139579832,-6.845655110301361,-0.2063323366952501,3.0906216513752685,LARETS,3078.347322,128.23069999999998,6346.831547000001,183.65745802199672,1175.007402905545,-1.2985925798311655,1189.2746298112238
2026-07-14 03:06:00,1617.1427833379064,-1064.5848734449105,6784.872005286702,-7.3058971771603956,0.009033875061001808,1.7474423485876984,LARETS,1897.799317,-396.90599599999996,6784.077857,280.6565336620936,667.6788774449105,-0.794148286701784,724.2677708864443
2026-07-14 03:09:00,280.5951807551627,-1043.556500479065,6973.4452219241,-7.4993118303307185,0.223876409087852,0.3415836045540775,LARETS,635.1574969999999,-875.5630570000001,6973.176802,354.56231624483723,167.99344347906504,-0.2684199241002716,392.3471743266586
2026-07-14 03:12:00,-1066.185494004267,-984.487141910051,6907.142054445008,-7.4193078849872185,0.4304343557118708,-1.0759350357485542,LARETS,-662.240802,-1288.8449620000001,6907.393953,403.9446920042669,-304.3578200899491,0.251898554991385,505.7717472350644
2026-07-14 03:15:00,-2374.118497048079,-889.5448801229377,6588.489314748213,-7.068997111835311,0.621260378299553,-2.4538116767191243,LARETS,-1945.410028,-1621.501983,6589.231344,428.708469048079,-731.9571028770624,0.742029251787244,848.2645238916577
2026-07-14 03:18:00,-3595.5489688043594,-762.1916752497126,6029.14625125247,-6.461070545494573,0.7894655536385665,-3.7421594856382066,LARETS,-3165.547433,-1862.484259,6030.322039,430.00153580435926,-1100.2925837502876,1.1757877475292844,1181.332498971741
2026-07-14 03:21:00,-4685.942314301808,-607.0617235818072,5249.498653820434,-5.6174215053947,0.9289518781506965,-4.8941829142383995,LARETS,-4275.872932,-2005.301737,5251.030951000001,410.0693823018082,-1398.2400134181928,1.53229717956674,1457.1322456660346
2026-07-14 03:24:00,-5605.486431553512,-429.7992571080155,4277.954044368671,-4.568493716968073,1.0346294152715867,-5.867817126172842,LARETS,-5233.431876000001,-2048.186502,4279.754011,372.0545555535118,-1618.3872448919844,1.7999666313289708,1660.6038379508411
2026-07-14 03:27:00,-6320.549522846471,-236.85913281337213,3149.9478703867994,-3.3523246141885408,1.1026109435614753,-6.6272892340724185,LARETS,-6000.782281000001,-1994.045168,3151.91938,319.7672418464699,-1757.186035186628,1.9715096132003964,1786.0452788390207
2026-07-14 03:30:00,-6804.936549015252,-35.27522291746129,1906.6808015087374,-2.0132648153494284,1.1303730153970182,-7.144530546034353,LARETS,-6547.496526,-1850.200727,1908.72501,257.44002301525234,-1814.9255040825387,2.0442084912626797,1833.0941409561337
2026-07-14 03:33:00,-7040.886426771142,167.59615985035242,593.6221174473535,-0.6003841196251849,1.116870240398352,-7.400347645252349,LARETS,-6851.419422,-1627.9393989999999,595.6466509999999,189.46700477114246,-1795.5355588503523,2.0245335526464032,1805.5054106064322
2026-07-14 03:36:00,-7019.757555571387,364.34823140987044,-741.1685917261161,0.8343849596264132,1.0625904913907165,-7.385256167856314,LARETS,-6899.609829,-1341.87706,-739.243817,120.14772657138656,-1706.2252914098704,1.924774726116084,1710.4513807778098
2026-07-14 03:39:00,-6742.3622285915,547.7996458144291,-2048.8332021728966,2.2382743353888133,0.9695427907933102,-7.0998986999419715,LARETS,-6688.908217,-1009.1746019999999,-2047.072979,53.45401159149969,-1556.974247814429,1.7602231728965307,1557.8925630794151
2026-07-14 03:42:00,-6218.929860432445,711.2619694015773,-3281.5410678933235,3.559757222281562,0.8411760717151379,-6.555004745670487,LARETS,-6226.100226,-648.645727,-3279.993283,-7.170365567554654,-1359.9076964015771,1.547784893323751,1359.9274806079522
2026-07-14 03:45:00,-5468.701826548676,848.7866767976154,-4394.266653855029,4.7505448342481,0.6822342692520119,-5.770897806764882,LARETS,-5527.671917000001,-279.80575400000004,-4392.962574,-58.97009045132472,-1128.5924307976154,1.3040798550291584,1130.1327563812033
2026-07-14 03:48:00,-4519.18310835017,955.3811959884888,-5346.441318583603,5.767386889708585,0.4985594619604164,-4.77660056899253,LARETS,-4619.170136,78.094685,-5345.399963000001,-99.98702764982954,-877.2865109884888,1.041355583602126,882.9666542299631
2026-07-14 03:51:00,-3405.0940520464105,1027.1860130966304,-6103.414174104952,6.573592682686751,0.2968585233605462,-3.60862266857049,LARETS,-3534.207434,406.99904200000003,-6102.648769,-129.1133819535894,-620.1869710966304,0.7654051049512418,633.4845936267753
2026-07-14 03:54:00,-2167.0767876913437,1061.6077111492714,-6637.67363295092,7.140231707335421,0.0844491934665235,-2.3095290044788594,LARETS,-2313.1654750000002,690.8909179999999,-6637.196833,-146.08868730865652,-370.71679314927144,0.4767999509203946,398.46338931028447
2026-07-14 03:57:00,-850.2145767464232,1057.4054788475698,-6929.798425994694,7.447012608759174,-0.1310011327733832,-0.9263786814083376,LARETS,-1001.66436,916.520855,-6929.623060999999,-151.4497832535768,-140.88462384756986,0.17536499469497357,206.84666987193197
2026-07-14 04:00:00,497.58001425022377,1014.7306277131094,-6969.121087247187,7.482865902863092,-0.34173514213755285,0.490899495607965,LARETS,351.14225,1073.987964,-6969.257812,-146.43776425022378,59.25733628689056,-0.13672475281327934,157.97300211137278
2026-07-14 04:03:00,1827.2577141732522,935.1197994234831,-6754.0960670426075,7.246263331774883,-0.5401598865158641,1.8911595766642941,LARETS,1694.385055,1157.156817,-6754.5492110000005,-132.87265917325226,222.03701757651697,-0.4531439573929674,258.7581613582302
2026-07-14 04:06:00,3090.360637958163,821.4429396574,-6292.36863493663,6.745295217717038,-0.7190949561826928,3.2237089571928585,LARETS,2977.366535,1163.897061,-6293.1389819999995,-112.99410295816278,342.45412134259993,-0.770347063369627,360.61487207608354
2026-07-14 04:09:00,4240.742433494393,677.8071342205911,-5600.541395375386,5.997503423674375,-0.8720145792494242,4.439997159791967,LARETS,4151.463225,1096.137481,-5601.626241,-89.27920849439215,418.33034677940884,-1.0848456246139904,427.75253710059377
2026-07-14 04:12:00,5236.234355650584,509.41755506269396,-4703.635690711797,5.029442469147853,-0.9932814906024725,5.495314506205813,LARETS,5171.974648,959.729858,-4705.024921,-64.25970765058355,450.3123029373061,-1.38923028820318,454.8762580799665
2026-07-14 04:15:00,6040.204700946796,322.39751306249275,-3634.24875631329,3.875926708930742,-1.078366094419642,6.350466586066075,LARETS,5999.863727,764.127464,-3635.921347,-40.34097394679611,441.7299509375073,-1.6725906867100093,443.57134859437656
2026-07-14 04:18:00,6622.951552641122,123.57121588911126,-2431.416602445502,2.5789259184162288,-1.1240395599953992,6.973356286509447,LARETS,6603.3158969999995,521.887381,-2433.336377,-19.635655641122867,398.31616511088873,-1.9197745544979625,398.8044782790705
2026-07-14 04:21:00,6962.8640183193265,-79.78477859721853,-1139.2077201319066,1.1860977212196073,-1.128525920444159,7.340374674061246,LARETS,6959.044011,248.015107,-1141.3221899999999,-3.820007319326578,327.7998855972185,-2.114469868093238,327.8289621682202
2026-07-14 04:24:00,7047.288694655496,-280.2126242185997,194.90789278062437,-0.25101160635732706,-1.0915975779983926,7.437487129675009,LARETS,7053.267017,-40.819720000000004,192.66842000000003,5.978322344503795,239.39290421859965,-2.2394727806243395,239.47801186456675
2026-07-14 04:27:00,6873.0481704957365,-470.3553755567096,1521.8497954277675,-1.6790170232340196,-1.0146016189303346,7.260909583606094,LARETS,6882.298067,-327.1567,1519.570124,9.249896504263234,143.1986755567096,-2.2796714277674255,143.51521929173205
2026-07-14 04:30:00,6446.576936759572,-643.2371658934421,2792.7972899019146,-3.0448722161760147,-0.900410648244046,6.817302331104983,LARETS,6452.7100789999995,-593.662794,2790.5716979999997,6.133142240427333,49.57437189344216,-2.2255919019148678,50.001870381861636
2026-07-14 04:33:00,5783.664673261406,-792.5278221238818,3961.048997939855,-4.298028760165117,-0.7533000655970288,6.123459132079117,LARETS,5781.060545,-824.04482,3958.975861,-2.6041282614060037,-31.516997876118126,-2.073136939854976,31.69227880567251
2026-07-14 04:36:00,4908.823329152326,-912.7794570143617,4983.783108285528,-5.392434130835769,-0.5787617926868742,5.205524972825156,LARETS,4893.194029,-1003.904999,4981.95675,-15.629300152325413,-91.12554198563828,-1.826358285527931,92.4741856412638
2026-07-14 04:39:00,3854.3179631599596,-999.6249683174148,5823.640091729189,-6.288253887084805,-0.3832704185976199,4.097823130371299,LARETS,3823.1716460000002,-1121.496717,5822.14239,-31.14631715995938,-121.87174868258523,-1.49770172918943,125.79769199015384
2026-07-14 04:42:00,2658.918081533732,-1049.9315365452162,6450.0670921572055,-6.953248215638395,-0.17402019958477535,2.8413998458146845,LARETS,2611.885393,-1168.3402039999999,6448.9597810000005,-47.0326885337322,-118.40866745478365,-1.1073111572050038,127.41237168001966
2026-07-14 04:45:00,1366.4343081292586,-1061.905472930344,6840.383385253564,-7.36378177780708,0.04134994335753295,1.4823979918365267,LARETS,1305.435273,-1139.674729,6839.702619,-60.99903512925857,-77.76925606965597,-0.6807662535638883,98.84028995819587
2026-07-14 04:48:00,24.105186796050223,-1035.1475077855082,6980.5449247207325,-7.505485174238076,0.25503048379347115,0.07035222866168231,LARETS,-46.660007,-1034.731687,6980.301476,-70.76519379605023,0.415820785508231,-0.2434487207328857,70.76683423184785
2026-07-14 04:51:00,-1319.1065969272036,-970.6594480319995,6865.599853962583,-7.373606940420952,0.45930688484427246,-1.343533605561432,LARETS,-1393.350443,-856.81715,6865.78029,-74.24384607279649,113.84229803199958,0.18043603741625702,135.91265598924667
2026-07-14 04:54:00,-2614.256519461706,-870.8040294538514,6499.834754693967,-6.973094085136359,0.6468139331933976,-2.7080983237900287,LARETS,-2683.968769,-613.203982,6500.40118,-69.71224953829415,257.6000474538514,0.5664253060331248,266.8668263788948
2026-07-14 04:57:00,-3814.1523790635188,-739.2200238750595,5896.614367063303,-6.318421320474511,0.8107784987219309,-3.973916996860117,LARETS,-3870.1157740000003,-314.83666700000003,5897.506493,-55.96339493648156,424.38335687505946,0.8921259366970844,428.0583266963132
2026-07-14 05:00:00,-4875.034992669379,-580.6947156715095,5077.918286983559,-5.433164297266214,0.9452499751985369,-5.094971935402452,LARETS,-4907.468955,24.140392,5079.061094,-32.4339623306214,604.8351076715095,1.142807016441111,605.7051885136427
2026-07-14 05:03:00,-5758.1572788257645,-400.99624022440537,4073.580110677783,-4.34929231806079,1.0453146929633215,-6.030281331527984,LARETS,-5757.455891,387.014737,4074.891805,0.7013878257648685,788.0109772244055,1.3116943222171358,788.0123810658304
2026-07-14 05:06:00,-6431.208438150967,-206.66932655237989,2920.240457853212,-3.106151089951077,1.1072863755541806,-6.7454384720301,LARETS,-6388.724477,755.275671,2921.637267,42.483961150966934,961.9449975523798,1.3968091467882005,962.883698245493
2026-07-14 05:09:00,-6869.525706843067,-4.799774928812014,1660.0364844317392,-1.749120778596899,1.1288609765580169,-7.213985669250744,LARETS,-6778.348696999999,1109.4919399999999,1661.43809,91.17700984306794,1114.2917149288119,1.4016055682609476,1118.0166535347694
2026-07-14 05:12:00,-7057.036250956055,197.24471384282583,339.0660676182632,-0.3279668614522793,1.1092226030019183,-7.418528393978403,LARETS,-6912.716349,1430.2575060000001,340.402632,144.3199019560543,1233.0127921571743,1.336564381736764,1241.4308543483937
2026-07-14 05:15:00,-6986.878659292384,392.08743695372556,-994.3178553145361,1.1050570845997851,1.0490886860403958,-7.351495112706364,LARETS,-6788.047261,1699.1590549999999,-993.100558,198.83139829238462,1307.0716180462744,1.2172973145361539,1322.108778225817
2026-07-14 05:18:00,-6661.6678275174,572.6176421945504,-2291.3119916979213,2.4972560924479064,0.9506871151780493,-7.015469903805068,LARETS,-6410.50478,1899.7149399999998,-2290.250158,251.16304751739972,1327.0972978054494,1.0618336979214291,1350.6558561571321
2026-07-14 05:21:00,-6093.387341528159,732.25513916531,-3504.485901656042,3.797565609113724,0.8176647514453622,-6.423064271641197,LARETS,-5795.8985760000005,2018.23715,-3503.596678,297.4887655281582,1285.9820108346898,0.8892236560423044,1319.9432141287784
2026-07-14 05:24:00,-5302.91656520989,865.1927250371333,-4589.541415485945,4.958519360006355,0.654933941813057,-5.596342405613765,LARETS,-4968.990204,2044.571872,-4588.828884,333.9263612098903,1179.3791469628668,0.712531485945874,1225.741610088707
2026-07-14 05:27:00,-4319.221499125929,966.6063315872465,-5506.932648273117,5.938002227724041,0.4684695642875611,-4.56585852292942,LARETS,-3962.4405189999998,1972.677035,-5506.39599,356.7809801259291,1006.0707034127535,0.5366582731167,1067.4601707076256
2026-07-14 05:30:00,-3178.2554363412514,1032.8253808724123,-6223.284486050817,6.7007125260851526,0.2650723208984272,-3.3693950277787694,LARETS,-2815.466418,1801.0136499999999,-6222.922986,362.78901834125145,768.1882691275875,0.36150005081708514,849.5464786205252
2026-07-14 05:33:00,-1921.6252393462462,1061.4586941766215,-6712.564494992666,7.219300753781977,0.05211386671697641,-2.0504995485337343,LARETS,-1572.2777890000002,1532.736902,-6712.380998,349.347450346246,471.2782078233786,0.1834969926667327,586.6402849308805
2026-07-14 05:36:00,-595.0814609976708,1051.473861562454,-6956.980055891315,7.475189934333394,-0.16272368146268817,-0.6569073594726387,LARETS,-280.357539,1175.680049,-6956.982703,314.7239219976708,124.20618743754608,-0.0026471086848687264,338.34645569648575
2026-07-14 05:39:00,753.1126919849597,1003.2298287192633,-6947.5858866573435,7.4591059549908,-0.3717060080090379,0.7610905480373285,LARETS,1011.340738,742.1338939999999,-6947.784274000001,258.22804601504026,-261.09593471926337,-0.1983873426570426,367.22316135179886
2026-07-14 05:42:00,2073.8842458302533,918.4634482939216,-6684.595246009191,7.1713499120103,-0.5672994035998241,2.1523038880473555,LARETS,2254.221318,248.43158499999998,-6685.000115,180.33707216974653,-670.0318632939216,-0.40486899080860894,693.876301185435
2026-07-14 05:45:00,3319.0805679890623,800.2310370545274,-6177.391286266979,6.621829954622391,-0.7424177880125364,3.466317216137134,LARETS,3401.856924,-285.654589,-6178.015712,82.77635601093789,-1085.8856260545274,-0.6244257330217806,1089.0362289170082
2026-07-14 05:48:00,4443.18309132652,652.8059863249549,-5444.23538430624,5.8298452015785625,-0.8906637878207955,4.655181951164424,LARETS,4411.7181040000005,-837.685373,-5445.091184000001,-31.464987326519804,-1490.4913593249548,-0.8557996937606731,1490.8236884497526
2026-07-14 05:51:00,5404.957516078477,481.5337035236588,-4511.6700890759985,4.823590373812332,-1.0065610496979633,5.67511408326793,LARETS,5246.766869,-1383.4732279999998,-4512.762389,-158.190647078477,-1865.0069315236587,-1.0922999240019635,1871.7041242070084
2026-07-14 05:54:00,6168.986462924053,292.6460554061766,-3413.6188342167006,3.639338272737115,-1.0857704203087517,6.488157260673889,LARETS,5876.865659,-1898.119135,-3414.942303,-292.1208039240528,-2190.7651904061763,-1.3234687832991767,2210.1557490706996
2026-07-14 05:57:00,6707.023285288271,93.0392422005455,-2190.194852272201,2.3202658201282227,-1.1252778368669611,7.06373653087411,LARETS,6279.936364,-2357.1257910000004,-2191.729664,-427.0869212882708,-2450.165033200546,-1.534811727799024,2487.1096244237337
2026-07-14 06:00:00,6999.10193989966,-109.97846509576965,-886.2478642498922,0.9149192831979598,-1.123538618463052,7.379999684375447,LARETS,6442.809424,-2737.537526,-887.9560779999999,-556.2925158996595,-2627.5590609042306,-1.7082137501076886,2685.801723839664
2026-07-14 06:03:00,7034.340887067779,-308.9598775955401,450.30303548659845,-0.5246404312679668,-1.0805628021133875,7.4248323128952585,LARETS,6361.712275999999,-3019.0491660000002,448.478168,-672.6286110677793,-2710.08928840446,-1.824867486598464,2792.3138308028538
2026-07-14 06:06:00,6811.390767421821,-496.6011869205627,1770.2821575396113,-1.9449224646214107,-0.9979298022325516,7.196445936426297,LARETS,6042.365954,-3185.024469,1768.412359,-769.0248134218209,-2688.4232820794373,-1.8697985396113381,2796.25149144919
2026-07-14 06:09:00,6338.495566558157,-666.0201165914469,3025.1323386822287,-3.293191452558869,-0.8787274297017399,6.703475266644909,LARETS,5499.676296,-3223.367273,3023.2996209999997,-838.8192705581578,-2557.347156408553,-1.8327176822290312,2691.402163539432
2026-07-14 06:12:00,5633.1622893916665,-811.0164763860827,4168.762097856832,-4.519606325188576,-0.7274186362187424,5.964572980177329,LARETS,4757.029402,-3127.19569,4167.0529369999995,-876.1328873916664,-2316.1792136139175,-1.7091608568325682,2476.347695130326
2026-07-14 06:15:00,4721.46041355007,-926.303005387601,5159.27744868129,-5.579173273507044,-0.5496471818463095,5.0075454774438715,LARETS,3845.240755,-2895.282448,5157.7732510000005,-876.2196585500706,-1968.979442612399,-1.5041976812890425,2155.1434286539957
2026-07-14 06:18:00,3636.994893012805,-1007.6969466276956,5960.523088960458,-6.433405851617195,-0.35199882609141125,3.8681173178164445,LARETS,2801.2200070000004,-2532.248184,5959.291973,-835.7748860128045,-1524.5512373723045,-1.231115960457828,1738.613715323116
2026-07-14 06:21:00,2419.611668426162,-1052.2660114187245,6543.375970313391,-7.051631857772214,-0.14173643395033442,2.588435133256445,LARETS,1666.418363,-2048.497267,6542.4670719999995,-753.1933054261619,-996.2312555812757,-0.9088983133915463,1248.9106036990706
2026-07-14 06:24:00,1113.9010666466775,-1058.4255856499453,6886.754450282633,-7.411934546755904,0.07347450023521002,1.2154202631721611,LARETS,485.14315700000003,-1459.907081,6886.19426,-628.7579096466775,-401.48149535005473,-0.5601902826329024,746.0055052510861
2026-07-14 06:27:00,-232.43686398928014,-1025.9866174044485,6978.3241359433905,-7.501752056755318,0.2858379425612266,-0.20094285659162306,LARETS,-697.189486,-787.288245,6978.11529,-464.75262201071985,238.6983724044485,-0.20884594339077012,522.4671820038077
2026-07-14 06:30:00,-1570.3071792285991,-956.1552830039054,6814.894263392035,-7.318175400612393,0.4876904698968414,-1.6093283429573597,LARETS,-1835.795632,-55.636994,6815.015325,-265.48845277140094,900.5182890039055,0.12106160796520271,938.8382832210172
2026-07-14 06:33:00,-2850.964246340674,-851.4862768832148,6402.5052605787805,-6.8679806715195095,0.671753326747406,-2.9587772193040776,LARETS,-2888.2022319999996,706.793592,6402.9125779999995,-37.23798565932566,1558.279868883215,0.40731742121897696,1558.724793942194
2026-07-14 06:36:00,-4027.7392790556887,-715.7917354741346,5756.210432647109,-6.167411025469036,0.8313732050629665,-4.200387140096049,LARETS,-3815.8165440000002,1469.57549,5756.842739,211.92273505568846,2185.3672254741346,0.6323063528907369,2195.618718179758
2026-07-14 06:39:00,-5057.705637713476,-554.0078850837226,4899.555443684832,-5.2416991969508935,0.9607506164141604,-5.288977486686186,LARETS,-4585.3412929999995,2201.3062969999996,4900.341249,472.3643447134764,2755.3141820837222,0.7858053151676359,2795.511569219179
2026-07-14 06:42:00,-5903.232856144457,-372.02198623173604,3863.7618142375804,-4.124303660931865,1.0551514217715434,-6.18470554916654,LARETS,-5169.990717000001,2870.891036,3864.6274040000003,733.2421391444568,3242.9130222317362,0.8655897624198587,3324.7751282790464
2026-07-14 06:45:00,-6533.375112608561,-176.46333576531742,2686.627576435087,-2.855830217030172,1.1110928183980315,-6.854580956146778,LARETS,-5550.455628,3448.8566499999997,2687.501772,982.9194846085611,3625.319985765317,0.8741955649129522,3756.2050631761954
2026-07-14 06:48:00,-6925.036192983161,25.536004986759465,1411.170374910799,-1.4826291839920545,1.1264916132939553,-7.273797816658007,LARETS,-5715.576615,3908.642977,1411.990502,1209.4595779831607,3883.1069720132405,0.8201270892011507,4067.1012895527306
2026-07-14 06:51:00,-7063.854231714955,226.60275405687193,84.05445859867868,-0.05509320936102307,1.1007614785090698,-7.4267884122874035,LARETS,-5662.693961,4227.812926,84.772787,1401.160270714955,4001.2101719431275,0.7183284013213154,4239.4496647898595
2026-07-14 06:54:00,-6944.757835220334,419.395969110381,-1246.139764502595,1.3742771250316328,1.0348479079947024,-7.307906381443784,LARETS,-5397.646005,4389.1144349999995,-1245.55143,1547.111830220334,3969.7184658896185,0.5883345025949893,4260.542226028305
2026-07-14 06:57:00,-6572.160840959566,596.880760503907,-2530.730418898173,2.7529350512903226,0.931194615004369,-6.9216727877032085,LARETS,-4934.4159979999995,4381.340977,-2530.2784840000004,1637.744842959566,3784.460216496093,0.45193489817256705,4123.6328043519425
2026-07-14 07:00:00,-5959.7841007277975,752.5897784691535,-3722.7515552277605,4.030349634281643,0.7936420187821767,-6.282560278309324,LARETS,-4294.437644000001,4199.94063,-3722.426677,1665.346456727797,3447.3508515308467,0.3248782277605642,3828.5254106551447
2026-07-14 07:03:00,-5130.1158602493,880.8608628367203,-4778.691582763293,5.159940739946457,0.6272655652043243,-5.41433866348446,LARETS,-3505.5977059999996,3847.339876,-4778.478315,1624.5181542493,2966.47901316328,0.2132677632926061,3382.167502431965
2026-07-14 07:06:00,-4113.5434953346285,977.0411630396452,-5660.079240555102,6.100781523835707,0.43816713268956187,-4.34904767113797,LARETS,-2600.997699,3332.9741630000003,-5659.962472,1512.5457963346284,2355.932999960355,0.1167685551017712,2799.681249704446
2026-07-14 07:09:00,-2947.2050860228264,1037.6506964953596,-6334.858061200004,6.819000714417513,0.23323539388804965,-3.1256891000054585,LARETS,-1617.54613,2673.0327230000003,-6334.82512,1329.6589560228265,1635.3820265046406,0.032941200003733684,2107.7161367298163
2026-07-14 07:12:00,-1673.6176580470444,1060.5011466732644,-6778.507612082357,7.288859700849301,0.019890310694015405,-1.7887357531790926,LARETS,-594.4422569999999,1889.931161,-6778.5519730000005,1079.1754010470445,829.4300143267355,-0.044360917643643916,1361.0928318299927
2026-07-14 07:15:00,-339.1400624915373,1044.768153404573,-6974.886205177498,7.49351532105878,-0.1941764935798426,-0.3865395346404254,LARETS,428.383297,1011.53551,-6975.0085149999995,767.5233594915373,-33.23264340457297,-0.12230982250184752,768.2424948624777
2026-07-14 07:18:00,1007.6754966969822,991.0170408785506,-6916.782210435901,7.425499001666064,-0.40125853606000633,1.0303068367720893,LARETS,1411.8084939999999,70.17281799999999,-6916.9905499999995,404.13299730301765,-920.8442228785506,-0.20833956409842358,1005.6229938318318
2026-07-14 07:21:00,2317.7950333254425,901.1827726988939,-6606.168213615007,7.086942725598274,-0.5938859088146161,2.410629906008282,LARETS,2318.9987969999997,-898.543939,-6606.479762,1.2037636745571945,-1799.726711698894,-0.3115483849933298,1799.7271412388864
2026-07-14 07:24:00,3543.4333365703205,778.5051312501994,-6054.154689086672,6.489565063085352,-0.7650712610674715,3.7043533056160927,LARETS,3116.775017,-1857.043277,-6054.592718999999,-426.6583195703206,-2635.5484082501994,-0.4380299133272274,2669.860094791286
2026-07-14 07:27:00,4639.759567336961,627.4201284426725,-5280.640040619465,5.6544048436456595,-0.9085498742661176,4.864192589420709,LARETS,3776.83015,-2767.232558,-5281.228997,-862.9294173369608,-3394.652686442673,-0.5889563805349098,3502.6153639455733
2026-07-14 07:30:00,5566.5296202441805,453.40897823201675,-4313.655151939312,4.611267672410003,-1.0190102864005959,5.847350490824769,LARETS,4276.761162,-3592.0093709999996,-4314.417405,-1289.7684582441807,-4045.418349232016,-0.7622530606877262,4246.046735166064
2026-07-14 07:33:00,6289.589749722836,262.8070042180944,-3188.4060966533966,3.3978423935399933,-1.092307195784061,6.617165849412922,LARETS,4600.868473,-4296.790194,-3189.353877,-1688.7212767228357,-4559.5971982180945,-0.9477803466033947,4862.273856822781
2026-07-14 07:36:00,6782.1890555301,62.5767674771816,-1946.0301254396115,2.0584573861926114,-1.1256437450158223,7.144635223174955,LARETS,4740.689965,-4850.987171,-1947.1598319999998,-2041.4990905301001,-4913.563938477181,-1.1297065603882857,5320.792270928788
2026-07-14 07:39:00,7026.035700486211,-139.94769999102246,-632.0971198961748,0.6424800779696811,-1.1177075942750632,7.4097004489849905,LARETS,4695.243093,-5229.369715,-633.387285,-2330.7926074862107,-5089.422015008978,-1.2901651038251885,5597.750645616185
2026-07-14 07:42:00,7012.036393614649,-337.33586055959387,705.0911482945543,-0.7975899501619372,-1.0687457832638771,7.402188878274445,LARETS,4470.947735999999,-5413.236699,703.6804030000001,-2541.0886576146495,-5075.900838440406,-1.4107452945542036,5676.43399307524
2026-07-14 07:45:00,6740.67212635943,-522.3427619041859,2016.3324307711046,-2.20823566843485,-0.9805676315351055,7.122311029703556,LARETS,4081.227938,-5391.327735999999,2014.8583899999999,-2659.44418835943,-4868.984974095813,-1.4740407711046828,5547.941982552246
2026-07-14 07:48:00,6221.98441478776,-688.1848481570572,3253.4007230924117,-3.5371105444060027,-0.8564720838278866,6.580660894741985,LARETS,3545.810307,-5160.420343999999,3251.935978,-2676.17410778776,-4472.235495842942,-1.4647450924117038,5211.794348489719
2026-07-14 07:51:00,5475.17215452391,-828.7961866081183,4370.87777919091,-4.735151846359839,-0.7011042885171254,5.797718039946708,LARETS,2889.756877,-4725.582087000001,4369.503758999999,-2585.41527752391,-3896.7859003918825,-1.3740201909104144,4676.463877619338
2026-07-14 07:54:00,4527.825068384428,-939.0533748966469,5327.853725766962,-5.75848463891145,-0.5202537127214852,4.802904664880911,LARETS,2142.29063,-4100.068029999999,5326.651707999999,-2385.534438384428,-3161.0146551033527,-1.2020177669628538,3960.150205654198
2026-07-14 07:57:00,3414.841048030672,-1014.9601002282402,6089.4246496166,-6.57001762992269,-0.3206109115051887,3.6332915599144204,LARETS,1335.479108,-3304.874216,6088.467043,-2079.361940030672,-2289.91411577176,-0.9576066166000601,3093.1300736097915
2026-07-14 08:00:00,2177.088236544179,-1053.7855686829685,6627.934024385373,-7.140680003601382,-0.10950118241308109,2.332065333466749,LARETS,502.842116,-2367.9764059999998,6627.278413999999,-1674.246120544179,-1314.1908373170313,-0.6556103853736204,2128.4261929581326
2026-07-14 08:03:00,859.87749326181,-1054.1541333201228,6923.924899937943,-7.450294964970722,0.10538911081561432,0.9468632345680964,LARETS,-322.049089,-1323.297683,6923.607481,-1181.92658226181,-269.1435496798772,-0.3174189379433301,1212.1834832013467
2026-07-14 08:06:00,-488.6916440913116,-1016.0858763348521,6966.786855167889,-7.488118697927478,0.3162825734267909,-0.471943253374672,LARETS,-1106.918776,-209.454144,6966.817822999999,-618.2271319086883,806.631732334852,0.030967832110036397,1016.2969739188313
2026-07-14 08:09:00,-1819.455013855531,-940.9893796956504,6755.093299781361,-7.253085728425599,0.5155715473396271,-1.8729683011479803,LARETS,-1822.035493,931.679938,6755.457853,-2.580479144469109,1872.6693176956505,0.3645532186392302,1872.6711310879862
2026-07-14 08:12:00,-3083.928305815344,-831.6085304413926,6296.630477370961,-6.753793402781344,0.6960680147072051,-3.2055164966302128,LARETS,-2441.325044,2056.5388000000003,6297.291898,642.603261815344,2888.147330441393,0.6614206290396396,2958.77244679423
2026-07-14 08:15:00,-4236.026355908564,-691.9253188384596,5608.121253837426,-6.008236278744043,0.8512424849569435,-4.42126855291702,LARETS,-2943.313283,3121.513923,5609.024211,1292.7130729085643,3813.4392418384596,0.9029571625742392,4026.5899661368335
2026-07-14 08:18:00,-5233.711302625543,-527.0207092964894,4714.647600464708,-5.04327689441224,0.975450270528965,-5.475939700367439,LARETS,-3311.8714879999998,4084.636413,4715.723196000001,1921.839814625543,4611.657122296489,1.0755955352924502,4996.083550503698
2026-07-14 08:21:00,-6040.519608654443,-342.89626072246114,3648.7789043971266,-3.8938242769698497,1.064139959072301,-6.330881518126748,LARETS,-3536.742795,4907.238025000001,3649.951688,2503.776813654443,5250.134285722462,1.172783602873551,5816.597779297919
2026-07-14 08:24:00,-6626.912725317419,-146.2605015426779,2449.4211554863414,-2.6016939187517454,1.1140346342285496,-6.954568643186699,LARETS,-3613.82596,5555.528316,2450.616283,3013.086765317419,5701.788817542678,1.1951275136584627,6448.960304073478
2026-07-14 08:27:00,-6971.393199619604,55.71391926990836,1160.4151273242885,-1.2141449509964093,1.1232732414037405,-7.323885584635703,LARETS,-3545.200246,6002.015297,1161.563595,3426.1929536196044,5946.301377730091,1.1484676757115722,6862.747230461386
2026-07-14 08:30:00,-7061.3304881213035,255.653918213984,-171.071696645696,0.21787269211984123,1.0914988817170002,-7.425116567514035,LARETS,-3338.888955,6226.698805999999,-170.025788,3722.4415331213036,5971.044887786015,1.045908645695988,7036.330656911093
2026-07-14 08:33:00,-6893.450500638375,446.25992759176376,-1496.297686058047,1.6416860524717973,1.019883405073279,-7.25454958279649,LARETS,-3008.3713190000003,6217.981286,-1495.389108,3885.079181638375,5771.7213584082365,0.9085780580469418,6957.485789580875
2026-07-14 08:36:00,-6473.959792124714,620.5780880554172,-2766.7687627803175,3.0049713037776553,0.9110831204795561,-6.818634964679142,LARETS,-2571.861541,5973.234708999999,-2766.012799,3902.098251124714,5352.656620944582,0.7559637803174155,6623.99458292756
2026-07-14 08:39:00,-5818.297149846961,772.2583583226376,-3936.046991225241,4.2578013310785385,0.7691275078322944,-6.133682727540445,LARETS,-2051.386099,5498.985757,-3935.4471719999997,3766.9110508469607,4726.7273986773625,0.5998192252413901,6044.135267032276
2026-07-14 08:42:00,-4950.528443650141,895.7871950108279,-4961.4653337562695,5.354543945762327,0.5992497450624208,-5.225130869773306,LARETS,-1471.720848,4810.725257,-4961.018045,3478.8075956501407,3914.938061989172,0.44728875626969966,5237.255246484735
2026-07-14 08:45:00,-3902.4209933843204,986.6855300913533,-5805.677415816541,6.255511510009869,0.4076729314236744,-4.12645692546866,LARETS,-859.245355,3932.356946,-5805.372854,3043.1756383843203,2945.671415908647,0.30456181654062675,4235.315590285447
2026-07-14 08:48:00,-2712.2481193163103,1041.6654955795148,-6437.986441029559,6.928302327409119,0.2013679273680789,-2.877827687448358,LARETS,-240.76896100000002,2895.3231379999997,-6437.81031,2471.47915831631,1853.657642420485,0.17613102955874638,3089.3779173674925
2026-07-14 08:51:00,-1423.381445144865,1058.7421371741202,-6835.4148401945495,7.348816482627509,-0.012202504829006505,-1.5245830553907989,LARETS,357.622063,1737.441986,-6835.353535,1781.003508144865,678.6998488258798,0.061305194549277076,1905.9399215554815
2026-07-14 08:54:00,-82.72848502820963,1037.2986873419034,-6983.492086909446,7.501962217861576,-0.2253423528401479,-0.11563178736721204,LARETS,911.6431110000001,501.513141,-6983.536504,994.3715960282098,-535.7855463419033,-0.044417090553906746,1129.5313296360835
2026-07-14 08:57:00,1260.93152941914,978.1055030330942,-6876.749588783751,7.382084997036625,-0.43037773050759215,1.2981922725242172,LARETS,1399.778784,-766.256772,-6876.899496,138.84725458086018,-1744.3622750330942,-0.14990721624872094,1749.8795184627563
2026-07-14 09:00:00,2558.666319634283,883.293478527821,-6518.917669223848,6.993147568396154,-0.6199070566850337,2.665793818752976,LARETS,1804.107756,-2017.961777,-6519.181883,-754.5585636342828,-2901.2552555278207,-0.2642137761522463,2997.772632053764
2026-07-14 09:03:00,3763.1199850283488,756.282880444998,-5922.821430100055,6.348669692299126,-0.7870460966123478,3.9374976022355486,LARETS,2110.958674,-3205.780906,-5923.21313,-1652.1613110283488,-3962.063786444998,-0.3916998999447969,4292.73649307136
2026-07-14 09:06:00,4830.208723035523,601.6685824873916,-5109.972414783748,5.471410239363241,-0.9256670293101323,5.066745482617811,LARETS,2311.38154,-4283.795091,-5110.507352,-2518.827183035523,-4885.463673487391,-0.5349372162518193,5496.566743806666
2026-07-14 09:09:00,5720.733327012111,425.0631070873333,-4109.854875751892,4.392753956090251,-1.0306272197165298,6.011787508743082,LARETS,2401.415926,-5209.78337,-4110.5466480000005,-3319.3174010121106,-5634.846477087333,-0.6917722481084638,6539.828996812849
2026-07-14 09:12:00,6401.851497365986,232.90007902908087,-2958.912021368073,3.151760754761288,-1.0979785280252128,6.737313672020683,LARETS,2382.141301,-5946.916907,-2959.764448,-4019.7101963659857,-6179.816986029081,-0.8524266319268463,7372.123762540439
2026-07-14 09:15:00,6848.346604197236,32.20275550570506,-1699.2502515421625,1.7938523570349445,-1.1251435753765386,7.215939411216057,LARETS,2259.505894,-6465.289257,-1700.253933,-4588.840710197236,-6497.492012505705,-1.0036814578375015,7954.549800178222
2026-07-14 09:18:00,7043.628023720444,-169.67502075928286,-377.09730259242014,0.36914794111771637,-1.111043197812437,7.42943516819374,LARETS,2043.9354879999999,-6743.204638,-378.229349,-4999.692535720444,-6573.529617240717,-1.1320464075798782,8258.826694029163
2026-07-14 09:21:00,6980.404471607965,-365.32531277012606,958.929478048918,-1.0694912988966208,-1.0561605572653334,7.369588258103073,LARETS,1749.7383570000002,-6768.144763,957.706033,-5230.666114607965,-6402.819450229874,-1.223445048917938,8267.766712454322
2026-07-14 09:24:00,6660.986852918216,-547.5676543093919,2259.670025311948,-2.4686018932116487,-0.9625322185503765,7.038608025214791,LARETS,1394.3328470000001,-6537.354353,2258.4046150000004,-5266.654005918215,-5989.786698690608,-1.2654103119475621,7975.9131587002985
2026-07-14 09:27:00,6097.19959309843,-709.7222128989127,3477.2965339200714,-3.77630307263713,-0.8336640027812525,6.449029188544558,LARETS,997.339531,-6058.012608,3476.050366,-5099.860062098431,-5348.290395101088,-1.246167920071457,7390.046302713647
2026-07-14 09:30:00,5309.90564055675,-845.8614338961165,4567.126174661438,-4.94437961029482,-0.6743777944607302,5.6231232899885075,LARETS,579.5852219999999,-5346.9753949999995,4565.9689100000005,-4730.32041855675,-4501.113961103883,-1.1572646614376936,6529.621695957638
2026-07-14 09:33:00,4328.17565937708,-951.0288408778522,5489.2878660262795,-5.930133229142857,-0.49060262134269095,4.591880584969867,LARETS,162.075905,-4430.118162,5488.289906,-4166.09975437708,-3479.0893211221473,-0.9979600262795429,5427.748212996909
2026-07-14 09:36:00,3188.1519515467826,-1021.4165040117799,6210.174327531769,-6.697912374284142,-0.28912752277181913,3.3936617297368743,LARETS,-235.00798,-3341.317224,6209.399588,-3423.1599315467824,-2319.90071998822,-0.774739531769228,4135.21025677904
2026-07-14 09:39:00,1931.6695187002408,-1054.4959445770508,6703.630180787205,-7.2202789185860565,-0.07733416693495905,2.0726322821705474,LARETS,-593.2415609999999,-2121.1231009999997,6703.130014,-2524.911079700241,-1066.627156422949,-0.5001667872047619,2740.96145565361
2026-07-14 09:42:00,604.6998907543338,-1049.1002542862648,6951.846626882977,-7.478815184059188,0.13707578721093355,0.6770827090008762,LARETS,-896.772698,-815.20126,6951.6509320000005,-1501.4725887543336,233.89899428626472,-0.1956948829765679,1519.5817558148208
2026-07-14 09:45:00,-744.3202460677704,-1005.457467047819,6945.9493833024135,-7.464604021311061,0.34634861660487026,-0.7422910892162902,LARETS,-1132.9952990000002,527.394398,6946.063261,-388.67505293222973,1532.851865047819,0.11387769758675859,1581.3611699800203
2026-07-14 09:48:00,-2066.2205598837722,-925.176525561505,6686.276986289848,-7.178422807458992,0.5429369989948953,-2.1341052853125175,LARETS,-1293.057133,1856.063964,6686.683723,773.1634268837722,2781.240489561505,0.40673671015247237,2886.7075554828425
2026-07-14 09:51:00,-3312.8401982701425,-811.1876735447993,6182.351362667683,-6.63068062035232,0.7197478870150806,-3.4479892363201743,LARETS,-1372.183909,3120.5553840000002,6183.017011,1940.6562892701425,3931.7430575447997,0.6656483323167777,4384.603830076691
2026-07-14 09:54:00,-4438.737212714788,-667.6391810125476,5452.54386488692,-5.841104529710858,0.8703795731286187,-4.636266956760463,LARETS,-1369.812948,4272.851831,5453.421433,3068.9242647147885,4940.491012012548,0.8775681130800876,5816.076714801634
2026-07-14 09:57:00,-5402.817787617553,-499.7524891372163,4523.4410033756,-4.838157522112499,0.9893458150582816,-5.655607803290318,LARETS,-1289.533011,5268.995344,4524.474414,4113.284776617553,5768.747833137216,1.0334106243999486,7085.023943771576
2026-07-14 10:00:00,-6169.834270800188,-313.63858076158493,3428.9180983380375,-3.6581583223542182,1.0722810500350528,-6.4686118497168,LARETS,-1138.833313,6070.786865,3430.045999,5031.000957800188,6384.425445761585,1.1279006619624852,8128.459889919758
2026-07-14 10:03:00,-6711.695922706381,-116.07984958960543,2208.938001355858,-2.3440795245273796,1.1161165372451904,-7.045265776734335,LARETS,-928.6717219999999,6647.291989,2210.0984500000004,5783.024200706381,6763.371838589605,1.1604486441424342,8898.683547560486
2026-07-14 10:06:00,-7008.53413484864,85.71614432492198,908.1059701049563,-0.9440258711881487,1.1192144719543309,-7.364180781666184,LARETS,-672.880443,6976.091571000001,909.2421069999999,6335.65369184864,6890.375426675078,1.1361368950435917,9360.437089921075
2026-07-14 10:09:00,-7049.467629419223,284.3822642173685,-425.9712290945263,0.4905665377899459,1.0814470422961389,-7.413515282636665,LARETS,-387.426744,7044.202582000001,-424.907746,6662.040885419223,6759.820317782633,1.0634830945263047,9490.940976462793
2026-07-14 10:12:00,-6833.024346021573,472.66586208700295,-1744.4572549482548,1.9069273975940557,1.0042105388116676,-7.191497606978664,LARETS,-89.570844,6848.623136,-1743.503033,6743.4535020215735,6375.957273912997,0.9542219482548262,9280.463199820933
2026-07-14 10:15:00,-6367.194783216256,643.6991724562213,-2999.1118917517842,3.253030058604929,0.890370461704673,-6.706496467042742,LARETS,203.03481,6396.4620669999995,-2998.294597,6570.229593216256,5752.762894543778,0.8172947517841749,8732.823054223936
2026-07-14 10:18:00,-5669.113950741187,791.253799598701,-4144.087881147532,4.479620103651239,0.74414073771311,-5.976632637947843,LARETS,473.253552,5704.647619,-4143.427306,6142.367502741187,4913.393819401299,0.6605751475326542,7865.756022126635
2026-07-14 10:21:00,-4764.391997249967,909.968245981208,-5137.619393984187,5.542073179589139,0.5709068682944095,-5.028972631892334,LARETS,705.338251,4799.245404,-5137.127176,5469.730248249967,3889.2771580187923,0.4922179841869365,6711.514437352119
2026-07-14 10:24:00,-3686.1330428213196,995.5396449368296,-5943.533543656572,6.401989580865356,0.37700742311534474,-3.8983825320349386,LARETS,885.7285330000001,3714.4187829999996,-5943.214616,4571.86157582132,2718.87913806317,0.31892765657175914,5319.23134837933
2026-07-14 10:27:00,-2473.694790421834,1044.8736263781425,-6532.532347369897,7.028474127913468,0.16948974748434978,-2.6261388082819215,LARETS,1003.7316069999999,2491.087877,-6532.388714,3477.426397421834,1446.2142506218574,0.14363336989754316,3766.169145009087
2026-07-14 10:30:00,-1171.2469709601573,1056.1889789926415,-6883.209958961116,7.3990913671790945,-0.04414600156852266,-1.258389927269089,LARETS,1052.056012,1175.352057,-6883.244476,2223.3029829601574,119.16307800735854,-0.03451703888367774,2226.4941038303127
2026-07-14 10:33:00,173.8144527099846,1029.0759691769297,-6982.785185303799,7.5005167300134294,-0.25620444826665345,0.15545847937474735,LARETS,1027.179527,-183.25287899999998,-6983.003863,853.3650742900154,-1212.3288481769296,-0.21867769620075705,1482.5563172979091
2026-07-14 10:36:00,1512.5454602356713,964.5085534798662,-6827.539769620634,7.328916562192679,-0.4590490043355736,1.564392185189195,LARETS,929.538172,-1533.605828,-6827.953513,-583.0072882356712,-2498.114381479866,-0.4137433793666787,2565.243289100671
2026-07-14 10:39:00,2796.178173204108,864.8112974537144,-6422.958070151937,6.890082582669533,-0.6453509114159398,2.9174555058389844,LARETS,763.5292049999999,-2824.898424,-6423.578281,-2032.6489682041083,-3689.7097214537143,-0.6202108480629249,4212.555049040045
2026-07-14 10:42:00,3977.847545334939,733.5818946695413,-5783.564983891114,6.1993246354644524,-0.8083334282833284,4.165436455287113,LARETS,537.330416,-4008.523922,-5784.400149,-3440.5171293349385,-4742.105816669541,-0.8351651088860308,5858.730783304433
2026-07-14 10:45:00,5014.2754102348645,575.5702476469808,-4932.459168202251,5.281099775857252,-0.9420098596413526,5.262565237958937,LARETS,262.53616800000003,-5039.913321999999,-4933.512524,-4751.739242234865,-5615.48356964698,-1.0533557977487362,7356.132316423379
2026-07-14 10:48:00,5867.361035414436,396.515620401891,-3900.541203311319,4.168337679002286,-1.0414102831367278,6.168199175389649,LARETS,-46.376413,-5880.24697,-3901.806443,-5913.737448414436,-6276.762590401891,-1.2652396886810493,8623.806631985633
2026-07-14 10:51:00,6505.619793595343,202.9447283137869,-2725.444023182555,2.9014217824109823,-1.1027869229805722,6.848434050548978,LARETS,-372.735271,-6497.979448,-2726.9018020000003,-6878.355064595344,-6700.924176313787,-1.4577788174451598,9602.82017620189
2026-07-14 10:54:00,6905.405814653993,1.9358303485349144,-1450.1867143002173,1.5268066775730145,-1.1237839785141173,7.27754941595942,LARETS,-698.4878050000001,-6870.105218000001,-1451.802938,-7603.893619653993,-6872.041048348536,-1.6162236997827222,10249.10478829156
2026-07-14 10:57:00,7051.85428181483,-199.1433636598739,-121.59142295052857,0.09529209214076627,-1.103556070288548,7.439175981523181,LARETS,-1005.104537,-6983.099075,-123.31741099999999,-8056.95881881483,-6783.955711340126,-1.7259880494714253,10532.64655632843
2026-07-14 11:00:00,6939.487013362564,-392.9134167654209,1211.4765949585098,-1.3399771474732367,-1.0428213537942126,7.327075810487164,LARETS,-1274.526583,-6833.468413,1209.70329,-8214.013596362563,-6440.5549962345785,-1.7733049585099252,10437.94860905924
2026-07-14 11:03:00,6572.441655265379,-572.2638852113554,2499.9681290007447,-2.7256707441551917,-0.9438407492260942,6.9454533187977825,LARETS,-1490.1074469999999,-6427.883164,2498.2196179999996,-8062.549102265379,-5855.619278788645,-1.7485110007451112,9964.586204246127
2026-07-14 11:06:00,5964.308300500373,-730.6235321437034,3696.5199134736954,-4.010449488293887,-0.810322523431142,6.308762061749972,LARETS,-1637.497453,-5782.8719869999995,3694.873536,-7601.805753500373,-5052.248454856296,-1.6463774736953383,9127.577327752857
2026-07-14 11:09:00,5137.5837738481705,-862.2071470071724,4757.245464944632,-5.147012875262338,-0.6472597461179719,5.4410278872285724,LARETS,-1705.419349,-4924.09877,4755.7795559999995,-6843.00312284817,-4061.8916229928273,-1.4659089446322469,7957.7419815634985
2026-07-14 11:12:00,4122.778439046472,-962.2280840079491,5643.365492708859,-6.093894632251122,-0.4607148577450368,4.374759392536155,LARETS,-1686.295503,-3885.269327,5642.151659,-5809.073942046472,-2923.0412429920507,-1.213833708859056,6503.038647108606
2026-07-14 11:15:00,2957.228999887985,-1027.0685792071317,6322.6126322494465,-6.8169249497576,-0.2575691433618703,3.149549568513277,LARETS,-1576.701236,-2706.7348119999997,6321.70997,-4533.930235887985,-1679.666232792868,-0.902662249446621,4835.0597568471685
2026-07-14 11:18:00,1683.6809447862659,-1054.4031513066266,6770.365172042192,-7.2903272656418325,-0.04525469692041932,1.8104813935822694,LARETS,-1377.620553,-1433.859454,6769.815036999999,-3061.301497786266,-379.45630269337335,-0.5501350421927782,3084.7292018345343
2026-07-14 11:21:00,348.7059949212768,-1043.2732863546344,6970.483768566708,-7.49746005716351,0.16851697532317822,0.40643578784797235,LARETS,-1094.498932,-115.24046000000001,6970.305252,-1443.2049269212766,928.0328263546344,-0.17851656670791272,1715.8337389589303
2026-07-14 11:24:00,-998.9846180081549,-994.1136929942161,6915.840296979383,-7.431239624186599,0.3760207483083949,-1.0116294433428612,LARETS,-737.09925,1199.156905,6916.029122000001,261.88536800815496,2193.270597994216,0.18882502061751438,2208.8503565559986
2026-07-14 11:27:00,-2310.2773872535918,-908.7315511676518,6608.537250323077,-7.094283851964079,0.5697741349431169,-2.392394273344506,LARETS,-319.16105,2459.882761,6609.068993,1991.1163372535918,3368.6143121676514,0.5317426769224767,3913.0687363460884
2026-07-14 11:30:00,-3537.3966990342783,-790.2405565601786,6059.820009698177,-6.498802318986549,0.7427832512974263,-3.685873878857111,LARETS,142.12794,3619.8480219999997,6060.654979,3679.524639034278,4410.088578560179,0.834969301822639,5743.499241506087
2026-07-14 11:33:00,-4635.602736442946,-642.9516217241728,5289.685278514994,-5.6662338276743744,0.8887781114141668,-4.845095552272449,LARETS,626.826428,4636.073749,5290.7723049999995,5262.429164442946,5279.025370724173,1.087026485005481,7453.943302518188
2026-07-14 11:36:00,-5564.799958907958,-472.2223458775619,4326.1903496864215,-4.62661034247087,1.0024345219244393,-5.827740477280638,LARETS,1113.078176,5471.292002,4327.46963,6677.878134907958,5943.514347877562,1.279280313578056,8939.766262306099
2026-07-14 11:39:00,-6291.004121712054,-284.26821454851785,3204.472702817446,-3.4176171852892345,1.0795758133641953,-6.59771032933442,LARETS,1578.065652,6095.341507,3205.8780189999998,7869.0697737120545,6379.609721548518,1.4053161825536336,10130.23599319081
2026-07-14 11:42:00,-6787.610996787492,-85.940092516913,1965.4993720133587,-2.08332930852477,1.1173435786629133,-7.126549105171982,LARETS,1999.0430419999998,6486.306091,1966.9666969999998,8786.654038787492,6572.246183516913,1.467324986641188,10972.680221674911
2026-07-14 11:45:00,-7036.408713360332,115.5252254045099,654.5802503433274,-0.6726321009007497,1.1143241949474887,-7.394628541369229,LARETS,2354.404163,6631.340615,656.050659,9390.81287636033,6515.81538959549,1.4704086566725891,11429.926457865162
2026-07-14 11:48:00,-7028.280752527319,312.7722619939807,-680.3032789791716,0.7626243846498519,1.070618387444843,-7.392000532566614,LARETS,2624.725612,6527.124642,-678.8859170000001,9653.006364527319,6214.352380006019,1.4173619791715737,11480.361901325514
2026-07-14 11:51:00,-6763.559239572515,498.60076097298094,-1990.2868284237716,2.1696477553126394,0.987844767231286,-7.118836505699765,LARETS,2793.734824,6179.926206,-1988.975625,9557.294063572515,5681.325445027019,1.3112034237715307,11118.423015390461
2026-07-14 11:54:00,-6252.007312991958,666.2340073555064,-3227.4496864937664,3.4967820985966447,0.8690744533358113,-6.585409522713803,LARETS,2849.154711,5605.274578,-3226.290954,9101.162023991958,4939.0405706444935,1.1587324937663652,10354.963702886005
2026-07-14 11:57:00,-5512.432156532866,809.5694563470927,-4346.596980297768,4.6955131148534734,0.718701101068932,-5.811621779089073,LARETS,2783.38073,4827.254679,-4345.628315999999,8295.812886532865,4017.685222652907,0.9686642977685551,9217.500037157515
2026-07-14 12:00:00,-4571.952831265594,923.4009415007523,-5306.919350828056,5.722282181609466,0.5422570970807087,-4.826126512598528,LARETS,2593.952266,3877.458008,-5306.1708739999995,7165.905097265593,2954.057066499248,0.7484768280564822,7750.912822072553
2026-07-14 12:03:00,-3464.965476747513,1003.6040734270908,-6073.464288696517,6.540024020658347,0.34619076906585494,-3.6651276749682005,LARETS,2283.798217,2793.655374,-6072.95993,5748.763693747513,1790.051300572909,0.5043586965166469,6021.010539735834
2026-07-14 12:06:00,-2231.8600858408677,1047.2792316015923,-6618.369855174155,7.119384714892985,0.13762032787057443,-2.370955283821614,LARETS,1861.2520419999998,1618.2601869999999,-6618.130048,4093.1121278408673,570.9809553984076,0.2398071741554304,4132.745600688862
2026-07-14 12:09:00,-917.5471495764859,1052.8492136431419,-6921.828769319626,7.439617044094601,-0.07592198151197127,-0.9905074554676666,LARETS,1339.837959,396.651607,-6921.871776,2257.385108576486,-656.1976066431419,-0.04300668037376454,2350.825988718994
2026-07-14 12:12:00,430.14965266875515,1020.1106632819029,-6972.765277148289,7.489177646734682,-0.2867463600209544,0.4263734663008846,LARETS,737.840576,-824.571504,-6973.107917,307.6909233312449,-1844.6821672819028,-0.342639851711283,1870.1674042690297
2026-07-14 12:15:00,1762.1839633175193,950.2396183691263,-6769.216662706259,7.266058951868132,-0.4872581641813813,1.828553756384922,LARETS,77.667243,-1999.349845,-6769.873578,-1684.5167203175192,-2949.5894633691264,-0.6569152937408944,3396.715327339806
2026-07-14 12:18:00,3030.0149109550275,845.7519780152195,-6318.415497459235,6.777878155122665,-0.6702059324042288,3.165278975370301,LARETS,-614.971857,-3083.876375,-6319.3945269999995,-3644.9867679550275,-3929.6283530152195,-0.9790295407647136,5359.842207554919
2026-07-14 12:21:00,4187.329437673965,710.4197293611487,-5636.569500221359,6.041722147335606,-0.8289247889462085,4.387862619903137,LARETS,-1312.045979,-4038.220545,-5637.868909,-5499.375416673965,-4748.640274361149,-1.2994087786410091,7265.859626862182
2026-07-14 12:24:00,5191.712827707675,549.1438962169678,-4748.336284205587,5.083722064188564,-0.9575733758792807,5.451385072942794,LARETS,-1984.3190630000001,-4827.81293,-4749.940799,-7176.031890707675,-5376.956826216968,-1.6045147944132623,8967.000668112083
2026-07-14 12:27:00,6006.2151834932365,367.78584887062533,-3685.9936646623983,3.9383157895138012,-1.0513583127147108,6.316370150432482,LARETS,-2602.5631510000003,-5424.7405180000005,-3687.872843,-8608.778334493236,-5792.526366870626,-1.879178337601843,10376.14714885264
2026-07-14 12:30:00,6600.754102271666,172.96012969320742,-2488.315036226004,2.6471601889821557,-1.1067352722732062,6.950372593335353,LARETS,-3138.825423,-5808.796614,-2490.421411,-9739.579525271665,-5981.756743693208,-2.106374773995867,11429.821849295155
2026-07-14 12:33:00,6953.2888487294285,-28.205720919329497,-1199.17419189157,1.257679974799059,-1.1215719493809742,7.3293790084281625,LARETS,-3567.6900440000004,-5968.231817,-1201.444074,-10520.978892729428,-5940.02609608067,-2.2698821084300107,12082.007781645496
2026-07-14 12:36:00,7050.702533832543,-228.3360580421317,134.07679366889425,-0.17871742182223418,-1.0952571266353488,7.438909018103657,LARETS,-3867.4748259999997,-5900.165121,131.71969,-10918.177359832542,-5671.829062957869,-2.35710366889424,12303.505489741983
2026-07-14 12:39:00,6889.33848416103,-420.0857889482223,1462.3928700093315,-1.608682251505189,-1.0287425773962553,7.274710737425118,LARETS,-4021.293849,-5610.620676,1460.034005,-10910.63233316103,-5190.534887051777,-2.3588650093315664,12082.365492210729
2026-07-14 12:42:00,6475.155186085084,-596.4199305339254,2736.904158707232,-2.9790966822050344,-0.9245104651607401,6.842976335388852,LARETS,-4017.9257829999997,-5114.181166,2734.634999,-10493.080969085084,-4517.761235466075,-2.26915970723212,11424.312668757859
2026-07-14 12:45:00,5823.488579851597,-750.8805806762628,3910.7774605489008,-4.23923754909894,-0.7864669115543544,6.1600530626753915,LARETS,-3852.438945,-4433.273725,3908.69139,-9675.927524851597,-3682.393144323737,-2.086070548900807,10352.951129375313
2026-07-14 12:48:00,4958.436921104067,-877.8286843692808,4940.982221658293,-5.342784217404687,-0.6197705449148501,5.25168078945876,LARETS,-3526.542082,-3597.133271,4939.168332,-8484.979003104067,-2719.3045866307193,-1.813889658293192,8910.077968692724
2026-07-14 12:51:00,3911.907178883629,-972.6501709718399,5789.8821967107015,-6.249555273509727,-0.4306110818654008,4.151834928489212,LARETS,-3048.645856,-2640.5012859999997,5788.4182949999995,-6960.553034883629,-1667.8511150281597,-1.4639017107019754,7157.585349567031
2026-07-14 12:54:00,2722.379057462239,-1031.9190739532767,6426.591222715632,-6.926902096576367,-0.22595589526974313,2.9012822498883653,LARETS,-2433.638828,-1602.136255,6425.535156000001,-5156.017885462239,-570.2171810467232,-1.0560667156314594,5187.4530536713555
2026-07-14 12:57:00,1433.4512147787814,-1053.5134587482937,6828.051651806602,-7.3507361902311406,-0.01328167854551058,1.5459612235694293,LARETS,-1702.3949380000001,-523.2120150000001,6827.438189,-3135.8461527787813,530.3014437482937,-0.6134628066020014,3180.3696469869074
2026-07-14 13:00:00,92.2345383371161,-1036.682750624569,6979.812744090461,-7.506207157926674,0.1996955408775093,0.13528043958150943,LARETS,-881.0337169999999,554.3332909999999,6979.654855000001,-973.268255337116,1591.016041624569,-0.15788909046023036,1865.096020713848
2026-07-14 13:03:00,-1252.3479977670563,-982.0669652060218,6876.50040834885,-7.388069736503108,0.4052840642919582,-1.2796027718609597,LARETS,0.027597999999999998,1589.422095,6876.788199,1252.3755957670562,2571.489060206022,0.2877906511494075,2860.244867569138
2026-07-14 13:06:00,-2551.3025982342647,-891.6693198206798,6521.977807256481,-7.000778304782117,0.5960706765776939,-2.6474938354347772,LARETS,907.199358,2543.389244,6522.681903,3458.5019562342645,3435.05856382068,0.7040957435183373,4874.511628245936
2026-07-14 13:09:00,-3757.300255489439,-768.7839894176716,5929.19945621351,-6.35832997688247,0.7651648167725574,-3.918854635078242,LARETS,1804.991638,3381.413413,5930.274031000001,5562.291893489439,4150.197402417672,1.0745747864912119,6939.973396355615
2026-07-14 13:12:00,-4826.361457675425,-617.8808287755304,5119.762222479867,-5.483852575438394,0.9064321339719756,-5.047475409624264,LARETS,2657.389357,4073.783035,5121.148109,7483.750814675425,4691.66386377553,1.3858865201327717,8832.7933286981
2026-07-14 13:15:00,-5719.442056734962,-444.4492191960218,4123.15845737983,-4.4089134196611734,1.0147140435825883,-5.992106210402472,LARETS,3429.290017,4596.962593,4124.786688,9148.732073734962,5041.411812196022,1.628230620170143,10445.818985042357
2026-07-14 13:18:00,-6403.867226891092,-254.80418186423864,2975.742225792067,-3.1725190789056343,1.0860257274565863,-6.71800220427537,LARETS,4087.949451,4934.414818,2977.537052,10491.816677891093,5189.218999864239,1.7948262079330561,11704.965367416806
2026-07-14 13:21:00,-6854.556047406853,-55.859632851828565,1719.430544517435,-1.8197900174978872,1.1177211320175988,-7.1983080811186655,LARETS,4604.382364,5077.151884,1721.3160679999999,11458.938411406853,5133.011516851829,1.8855234825648495,12556.077425045918
2026-07-14 13:24:00,-7054.979029625115,145.12407083916978,400.17697488231045,-0.4003256483360655,1.1086115633746294,-7.415187413890073,LARETS,4954.644962,5023.977462000001,402.079295,12009.623991625114,4878.853391160831,1.9023201176895554,12962.803803632953
2026-07-14 13:27:00,-6997.797421614104,340.8087847652252,-933.7277605931484,1.0336831740125068,1.0590255250930285,-7.360601817872831,LARETS,5120.937132,4781.408604,-931.878464,12118.734553614104,4440.599819234775,1.8492965931484378,12906.69041061442
2026-07-14 13:30:00,-6685.147114524126,524.0520395766727,-2233.457935658011,2.42949728300503,0.9708016284256348,-7.036665351103213,LARETS,5092.461017,4363.269724999999,-2231.728239,11777.608131524124,3839.2176854233267,1.7296966580111075,12387.560241131461
2026-07-14 13:33:00,-6128.550078755526,688.1730179304628,-3451.4774549770523,3.7359042262953426,0.847212880363538,-6.455538313985536,LARETS,4865.993485,3789.983912,-3449.928368,10994.543563755526,3101.8108940695374,1.5490869770524114,11423.713117789546
2026-07-14 13:36:00,-5348.459339715245,827.1990990643573,-4543.304492032947,4.905195659374106,0.6928278539758436,-5.638872352794998,LARETS,4446.144106,3087.601987,-4541.988756,9794.603445715245,2260.402887935643,1.3157360329469157,10052.048527825862
2026-07-14 13:39:00,-4373.465552439006,936.0825905981403,-5469.139955388386,5.894934522104058,0.5133203643955941,-4.616863659180365,LARETS,3845.285163,2286.620253,-5468.1011260000005,8218.750715439006,1350.5376624018597,1.0388293883852384,8328.974509461626
2026-07-14 13:42:00,-3239.2105346330964,1010.8797167668874,-6195.296842708009,6.669434215517904,0.3152428310243816,-3.4270020758651847,LARETS,3083.166275,1420.64716,-6194.570213999999,6322.376809633097,409.76744323311254,0.7266287080092297,6335.641909744383
2026-07-14 13:45:00,-1987.0633155974676,1048.8867309683287,-6695.384551066156,7.200914663274802,0.10577879723776591,-2.1126143236761616,LARETS,2186.234222,524.988103,-6694.999134,4173.297537597467,-523.8986279683287,0.3854170661561511,4206.053049861652
2026-07-14 13:48:00,-662.6170107561452,1048.7305951795402,-6951.219176674349,7.47033870030647,-0.10751261489220335,-0.7212889194421158,LARETS,1186.693642,-364.78784499999995,-6951.1973689999995,1849.3106527561451,-1413.51844017954,0.021807674349474837,2327.6563903636065
2026-07-14 13:51:00,685.9381737503935,1010.4135793544367,-6953.444438517731,7.467956457394747,-0.31695204489058193,0.6967554052604481,LARETS,121.34985,-1214.245151,-6953.802704,-564.5883237503936,-2224.6587303544366,-0.3582654822685072,2295.1833413066697
2026-07-14 13:54:00,2009.5161506380607,935.3122011470709,-6701.8562688430675,7.193590008719401,-0.5149913952994397,2.090326453217054,LARETS,-969.735015,-1991.397295,-6702.60378,-2979.2511656380607,-2926.709496147071,-0.7475111569328874,4176.310158688661
2026-07-14 13:57:00,3259.8655175367103,826.1312777016494,-6205.4275066818245,6.65667680042536,-0.6944609601206635,3.4089328013687625,LARETS,-2044.725906,-2667.897227,-6206.563475999999,-5304.59142353671,-3494.0285047016496,-1.1359693181748298,6351.923067288611
2026-07-14 14:00:00,4391.285861466992,686.8138798603334,-5482.029576441954,5.876065744936251,-0.8488120980532197,4.604475687685017,LARETS,-3061.599896,-3220.073011,-5483.53909,-7452.885757466993,-3906.8868908603336,-1.50951355804591,8414.824630998668
2026-07-14 14:03:00,5362.282868125757,522.4081702644945,-4557.848764991361,4.879535647393155,-0.9723529810073706,5.632947219482028,LARETS,-3979.783264,-3629.7741140000003,-4559.700963,-9342.066132125758,-4152.182284264495,-1.8521980086388794,10223.249031956939
2026-07-14 14:06:00,6137.108534138695,338.8929223006354,-3466.4990057236564,3.7029933436955003,-1.0604705354826043,6.456096064900793,LARETS,-4761.791373999999,-3885.000259,-3468.646758,-10898.899908138694,-4223.893181300636,-2.1477522763434536,11688.768002980618
2026-07-14 14:09:00,6687.125471826275,142.96519084123057,-2247.8430866714266,2.38931650259637,-1.1098268403214153,7.042987460463041,LARETS,-5374.7984639999995,-3980.278849,-2250.222898,-12061.923935826275,-4123.24403984123,-2.379811328573396,12747.201893327296
2026-07-14 14:12:00,6991.930264490149,-58.203944796727185,-946.5500916014595,0.9868350261182054,-1.1185148122554216,7.37135556350585,LARETS,-5792.065549,-3916.769972,-949.083253,-12783.99581349015,-3858.566027203273,-2.5331613985405284,13353.617006733704
2026-07-14 14:15:00,7040.173544767018,-257.236820017374,389.56338878241917,-0.4525102843955679,-1.086157538242605,7.428634421717996,LARETS,-5994.149467,-3702.085851,386.967266,-13034.323011767017,-3444.8490309826257,-2.5961227824191724,13481.860701000982
2026-07-14 14:18:00,6830.0258413016645,-446.82847002926604,1711.3409492232327,-1.8752439984216056,-1.0139387890649612,7.212565978173919,LARETS,-5969.826108,-3349.829407,1708.777661,-12799.851949301665,-2903.000936970734,-2.5632882232325755,13124.924035381733
2026-07-14 14:21:00,6369.257867222325,-620.0247082029526,2970.1602042673744,-3.228539521198764,-0.9045586459676548,6.7313193027558125,LARETS,-5716.668707999999,-2878.8706519999996,2967.7270329999997,-12085.926575222325,-2258.845943797047,-2.433171267374746,12295.202808404423
2026-07-14 14:24:00,5674.929059606155,-770.4855709641762,4119.782624580984,-4.462362739686647,-0.7621163473502918,6.003107052300278,LARETS,-5241.245008999999,-2312.39813,4117.57398,-10916.174068606153,-1541.912559035824,-2.2086445809836732,11024.534253832799
2026-07-14 14:27:00,4772.704463684467,-892.721816148081,5118.091737174287,-5.531435858758414,-0.5919303924730088,5.055340367784092,LARETS,-4558.930803,-1676.8021629999998,5116.195296,-9331.635266684467,-784.0803468519189,-1.8964411742872471,9364.518265091796
2026-07-14 14:30:00,3695.842793188526,-982.2945354730467,5928.643792979238,-6.3969126489826955,-0.40031166108277544,3.923408296094878,LARETS,-3693.3539610000003,-1000.450308,5927.13332,-7389.196754188526,-18.15577252695323,-1.5104729792383296,7389.2192135377145
2026-07-14 14:33:00,2483.914046569993,-1035.9710444989503,6521.973085972245,-7.02770257681255,-0.19430754349063242,2.6491919431541953,LARETS,-2675.5142809999998,-312.42492200000004,6520.901282,-5159.428327569993,723.5461224989502,-1.0718039722451067,5209.915623834872
2026-07-14 14:36:00,1181.3118690659796,-1051.833377018055,6876.614294911632,-7.4014293920811705,0.018566374781783378,1.2794230336850918,LARETS,-1542.615885,358.72444,6876.011853,-2723.9277540659796,1410.557817018055,-0.6024419116320132,3067.4836800638286
2026-07-14 14:39:00,-164.37518633897554,-1029.3383363459607,6979.822276301749,-7.505046787771005,0.23059475480048125,-0.13602493025148105,LARETS,-336.668645,986.153755,6979.696669,-172.2934586610245,2015.4920913459607,-0.12560730174936907,2022.842905900675
2026-07-14 14:42:00,-1504.0753456303794,-969.3297899947236,6827.982710305722,-7.335151168513758,0.4341240632295998,-1.5458573318818412,LARETS,897.078699,1545.782119,6828.318802,2401.1540446303793,2515.1119089947233,0.33609169427745655,3477.258801666844
2026-07-14 14:45:00,-2788.9772451568333,-874.0047182896959,6426.714029803129,-6.89802772305572,0.6218147398819035,-2.8990665523366763,LARETS,2111.827271,2017.204418,6427.476747000001,4900.804516156833,2891.209136289696,0.7627171968715629,5690.076955286786
2026-07-14 14:48:00,-3972.2593781055307,-746.8347352522801,5790.6634793593175,-6.209446371911644,0.7868836786268069,-4.146621893867489,LARETS,3260.9875469999997,2384.427791,5791.800144999999,7233.24692510553,3131.26252625228,1.1366656406817128,7881.920285049146
2026-07-14 14:51:00,-5010.759901635173,-592.4448743682917,4943.000862869463,-5.294199267566916,0.9233360530430912,-5.2431358531003,LARETS,4299.957603,2636.411132,4944.445092,9310.717504635173,3228.8560063682917,1.444229130536769,9854.692975774446
2026-07-14 14:54:00,-5866.537991852128,-416.4518659788983,3914.6159227815865,-4.185353275849027,1.0261823996528623,-6.148483638150508,LARETS,5187.860317,2767.3932200000004,3916.2915660000003,11054.398308852127,3183.8450859788986,1.6756432184138248,11503.764353899332
2026-07-14 14:57:00,-6508.272665710125,-225.26525527144176,2743.031978412123,-2.9231886203157527,1.0916326169756432,-6.829324456610863,LARETS,5889.179701999999,2776.998085,2744.860233,12397.452367710124,3002.263340271442,1.828254587876927,12755.799219041277
2026-07-14 15:00:00,-6912.441128146448,-25.85656673077366,1471.0603759376888,-1.5538123886245379,1.1172548788352523,-7.26044504160908,LARETS,6375.223028,2670.1057910000004,1472.962729,13287.66415614645,2695.962357730774,1.9023530623112492,13558.400915291877
2026-07-14 15:03:00,-7064.2196134182595,174.4959456509116,145.23634862178506,-0.12746985627408863,1.1020859776854022,-7.425829435283025,LARETS,6625.335653,2456.496554,147.138458,13689.55526641826,2282.000608349088,1.9021093782149592,13878.452859985713
2026-07-14 15:06:00,-6958.057629791743,368.47709978783536,-1185.9058258383764,1.3033812516396697,1.0466812276965183,-7.319362116042032,LARETS,6627.806312,2150.2798909999997,-1184.073543,13585.863941791744,1781.8027912121643,1.8322828383763863,13702.208712062044
2026-07-14 15:09:00,-6597.891839464191,549.0075280381402,-2473.64572222327,2.686130190774333,0.9530967250118929,-6.945096074169775,LARETS,6380.404551,1769.135884,-2471.9474,12978.296390464191,1220.1283559618598,1.69832222326977,13035.524281288284
2026-07-14 15:12:00,-5996.986763256835,709.507046149643,-3670.896338892773,3.9700796969644814,0.8248034850661458,-6.317058719603043,LARETS,5890.535293,1333.410801,-3669.386981,11887.522056256836,623.903754850357,1.509357892773096,11903.883350044654
2026-07-14 15:15:00,-5177.412707645877,844.1368979827015,-4733.9484209049215,5.108391521809312,0.6665401072552465,-5.45861666256301,LARETS,5174.994039,865.110132,-4732.6742460000005,10352.406746645876,20.973234017298523,1.274174904920983,10352.428070171069
2026-07-14 15:18:00,-4169.1927223792245,948.0108678030997,-5624.06541148281,6.059803877952018,0.48411637103859473,-4.401463425365322,LARETS,4259.336994,386.844701,-5623.065608,8428.529716379224,-561.1661668030997,0.999803482810421,8447.19016278544
2026-07-14 15:21:00,-3009.166478015516,1017.3677937602467,-6308.869142925485,6.790050851212501,0.284183174371053,-3.184321589478998,LARETS,3176.912933,-79.213737,-6308.175434999999,6186.079411015517,-1096.5815307602468,0.6937079254857963,6282.520991944654
2026-07-14 15:24:00,-1739.6276998171995,1049.7008045347263,-6763.47367759374,7.272956650979458,0.0739839480921734,-1.8514571091669625,LARETS,1967.606901,-512.3203080000001,-6763.111098,3707.2346008172,-1562.0211125347264,0.3625795937396106,4022.871918538353
2026-07-14 15:27:00,-406.79326941051437,1043.8410754800198,-6971.341259522977,7.491214084312613,-0.1389004274509963,-0.4510893685836271,LARETS,676.3505600000001,-894.048718,-6971.328356999999,1083.1438294105144,-1937.8897934800198,0.012902522978038178,2220.0489650074346
2026-07-14 15:30:00,940.8416685192767,999.9956602058754,-6924.847036752045,7.4368773562158506,-0.34680582152658795,0.9662469879089474,LARETS,-648.542651,-1209.0533799999998,-6925.1969340000005,-1589.3843195192767,-2209.0490402058754,-0.34989724795559596,2721.4041044277747
2026-07-14 15:33:00,2254.2140039263095,919.7398730371264,-6625.54659412006,7.1116001048444275,-0.5422352466835074,2.3493624631669467,LARETS,-1957.165482,-1445.674143,-6626.266345,-4211.37948592631,-2365.414016037126,-0.7197508799399657,4830.2071549559
2026-07-14 15:36:00,3485.424060343689,805.9649560214352,-6084.142963500881,6.526633029774786,-0.7181052024188539,3.648090560950497,LARETS,-3199.873395,-1596.367899,-6085.230852,-6685.297455343689,-2402.3328550214355,-1.0878884991188897,7103.83040311645
2026-07-14 15:39:00,4589.444179241819,662.7817768047156,-5320.150015138442,5.70256999109113,-0.8679876495201452,4.8149825140376485,LARETS,-4329.152849,-1657.9522180000001,-5321.590024,-8918.59702824182,-2320.7339948047156,-1.4400088615584536,9215.594462672043
2026-07-14 15:42:00,5525.756454616222,495.38157910058607,-4361.250314805057,4.668808690228956,-0.9863444592705122,5.807003319927174,LARETS,-5301.451238,-1631.6553689999998,-4363.010575,-10827.207692616223,-2127.036948100586,-1.76026019494293,11034.16130460983
2026-07-14 15:45:00,6259.864447323394,309.8557690709092,-3242.3508050895766,3.462683101442402,-1.0687465582002533,6.587183857369234,LARETS,-6078.902160000001,-1522.966618,-3244.383338,-12338.766607323396,-1832.8223870709091,-2.0325329104234697,12474.149406822786
2026-07-14 15:48:00,6764.616727237384,112.97855108095035,-2004.3508567134143,2.1282365823606524,-1.112065251672384,7.126149609665495,LARETS,-6630.87071,-1341.2896580000001,-2006.593087,-13395.487437237385,-1454.2682090809506,-2.242230286585709,13474.196997696181
2026-07-14 15:51:00,7021.277115557916,-88.04121729423264,-692.6540796029934,0.7146372197197801,-1.1146202058821801,7.403420189998633,LARETS,-6935.240919,-1099.4102320000002,-695.031137,-13956.518034557916,-1011.3690147057675,-2.3770573970065243,13993.115042164454
2026-07-14 15:54:00,7020.280785374781,-285.82974552693787,644.5246527947562,-0.7257164690196966,-1.0762687160424758,7.408366350397861,LARETS,-6979.373344,-812.800245,642.096916,-13999.65412937478,-526.9704994730621,-2.4277367947562425,14009.568856440272
2026-07-14 15:57:00,6761.628434471324,-473.127914942347,1957.986223709592,-2.1393029468149556,-0.9984246884603917,7.140728078395159,LARETS,-6760.671431,-498.789716,1955.5980630000001,-13522.299865471323,-25.66180105765301,-2.38816070959183,13522.324426039735
2026-07-14 16:00:00,6254.891697429458,-643.0675649347831,3199.423464274771,-3.4736649121140895,-0.8840025926443897,6.610637004817335,LARETS,-6286.7209,-175.65537700000002,3197.166756,-12541.61259742946,467.4121879347831,-2.256708274770972,12550.319748522885
2026-07-14 16:03:00,5518.828681418962,-789.4311372265902,4323.256088419318,-4.679528674912557,-0.7372899123196046,5.838139867432404,LARETS,-5574.99434,138.326647,4321.220281000001,-11093.823021418963,927.7577842265902,-2.0358074193172797,11132.54902891832
2026-07-14 16:06:00,4580.634460966693,-906.8827064277798,5288.338340922984,-5.712719976996908,-0.563759283037301,4.852274010085703,LARETS,-4652.138481,425.811862,5286.606677,-9232.772941966694,1332.6945684277798,-1.7316639229838984,9328.460430815428
2026-07-14 16:09:00,3474.8729552128575,-991.1609596494771,6059.466562264384,-6.53577554165695,-0.3698366693749347,3.689787433327088,LARETS,-3552.894739,671.25239,6058.108937,-7027.767694212857,1662.4133496494771,-1.3576252643842963,7221.713006763773
2026-07-14 16:12:00,2242.1505324507984,-1039.2278370848967,6608.632700839235,-7.119197305771559,-0.16264350191108198,2.393615375938666,LARETS,-2318.718302,861.65489,6607.698939,-4560.868834450799,1900.8827270848967,-0.933761839235558,4941.14162305691
2026-07-14 16:15:00,927.5968565433311,-1049.369639944114,6915.989882460324,-7.4423431839351535,0.05027133093168431,1.0112203562369977,LARETS,-996.159025,987.197033,6915.508103,-1923.7558815433313,2036.566672944114,-0.48177946032410546,2801.506869031498
2026-07-14 16:18:00,-420.7837630974837,-1021.2498868232361,6970.513399159415,-7.49398197167508,0.2611982780507265,-0.40712190777230767,LARETS,364.924202,1041.681753,6970.489825000001,785.7079650974837,2062.9316398232363,-0.023574159414238238,2207.4926857312926
2026-07-14 16:21:00,-1753.8337749372954,-955.9147577531603,6770.3523072011285,-7.2725532470335335,0.4625266300133079,-1.8100416045234438,LARETS,1713.242252,1022.812138,6770.770543,3467.0760269372954,1978.7268957531603,0.4182357988711374,3991.989037993644
2026-07-14 16:24:00,-3022.9867440261437,-855.7526486055888,6322.872803063129,-6.786165651419223,0.6469948190084673,-3.1467794321986706,LARETS,2997.9915469999996,932.2809159999999,6323.695355999999,6020.978291026144,1788.0335646055887,0.8225529368701245,6280.863339204063
2026-07-14 16:27:00,-4181.989024948438,-724.4095050460049,5644.396376617203,-6.052345383613274,0.8079313029076212,-4.368872626701179,LARETS,4170.752772,775.671791,5645.568644,8352.741796948438,1500.0812960460048,1.1722673827971448,8486.373830762306
2026-07-14 16:30:00,-5188.5529299691925,-566.661712333261,4759.636514324406,-5.0975222131388955,0.9394846452791329,-5.431814839216891,LARETS,5187.314148,562.176489,4761.0902510000005,10375.867077969193,1128.838201333261,1.4537366755948824,10437.092287501562
2026-07-14 16:33:00,-6005.8916299843,-388.24885992572763,3700.840766670026,-3.9562245320167704,1.0368379640623797,-6.296661873671683,LARETS,6009.357184,304.135879,3702.4999249999996,12015.2488139843,692.3847389257276,1.6591583299737067,12035.181903131119
2026-07-14 16:36:00,-6604.080744249441,-195.66996204123805,2506.652667946075,-2.6699563964312234,1.0963986398411225,-6.931526060214091,LARETS,6605.945858,16.425124,2508.439179,13210.02660224944,212.09508604123806,1.7865110539250963,13211.729271722248
2026-07-14 16:39:00,-6961.188375536353,4.051311751852037,1220.7208584452155,-1.2857506583470641,1.1159507946753158,-7.31287536832302,LARETS,6954.744352,-284.292477,1222.557337,13915.932727536354,-288.34378875185206,1.836478554784435,13918.919828437933
2026-07-14 16:42:00,-7064.117467547499,203.62446458702064,-109.9006892049421,0.1455711184341474,1.0947570706974543,-7.426540174608503,LARETS,7042.905721,-580.4125359999999,-108.086896,14107.023188547499,-784.0370005870205,1.813793204942101,14128.794023212035
2026-07-14 16:45:00,-6909.113743000097,395.76285861872077,-1436.500325814094,1.571358884778232,1.033598416660123,-7.268337810446179,LARETS,6867.58349,-854.291622,-1434.7738279999999,13776.697233000097,-1250.0544806187208,1.7264978140940457,13833.294106432573
2026-07-14 16:48:00,-6501.90907195844,573.4554588294776,-2710.529388738345,2.9392052227745906,0.9347457094924485,-6.844253283177197,LARETS,6436.02948,-1089.1614169999998,-2708.946057,12937.93855195844,-1662.6168758294775,1.5833317383448957,13044.330237961043
2026-07-14 16:51:00,-5857.4918069049745,730.2273358830737,-3885.4137110161637,4.198998638435298,0.8018639551661448,-6.170158040988043,LARETS,5765.273091,-1270.005017,-3884.020647,11622.764897904974,-2000.2323528830736,1.393064016163862,11793.625196610223
2026-07-14 16:54:00,-4999.518805952714,860.3774064406336,-4918.274914290012,5.304833319427069,0.6398568192098173,-5.271096771941894,LARETS,4881.403786000001,-1384.3498940000002,-4917.1102120000005,9880.922591952714,-2244.727300440634,1.164702290011519,10132.691314652611
2026-07-14 16:57:00,-3959.404506579746,959.1837957200192,-5771.489651587039,6.216674293729519,0.4546645841461927,-4.180212986674382,LARETS,3818.500579,-1422.93634,-5770.582244,7777.905085579746,-2382.1201357200193,0.9074075870385059,8134.513180558414
2026-07-14 17:00:00,-2775.137199573683,1023.0698236601316,-6414.030076420161,6.901716096741436,0.253031072652658,-2.9374077961560183,LARETS,2617.266376,-1380.234529,-6413.401039,5392.403575573683,-2403.304352660132,0.6290374201607847,5903.718195261615
2026-07-14 17:03:00,-1489.8799510958722,1049.7263768464115,-6822.546263131734,7.335415573414565,0.042254246493835905,-1.5878283752201865,LARETS,1323.434833,-1254.785736,-6822.210019,2813.3147840958723,-2304.5121128464116,0.3362441317340199,3636.6902900478553
2026-07-14 17:06:00,-150.41389299128755,1038.1887905026092,-6982.167323513137,7.502213558929125,-0.17006828709854235,-0.18026519821180675,LARETS,-13.980272000000001,-1049.35477,-6982.133777,136.43362099128754,-2087.543560502609,0.033546513136570866,2091.9971919336012
2026-07-14 17:09:00,1194.522819924529,988.8679705881449,-6887.009707650926,7.395977235334049,-0.37629235553612206,1.2344917956719215,LARETS,-1344.5304820000001,-770.8924000000001,-6887.285838000001,-2539.053301924529,-1759.760370588145,-0.2761303490742648,3089.263392486039
2026-07-14 17:12:00,2495.9528043989394,903.5362645516118,-6540.387549164655,7.020192070173505,-0.5689766164255105,2.6053171299496842,LARETS,-2618.2131,-430.30627000000004,-6540.977999,-5114.165904398939,-1333.8425345516118,-0.5904498353447707,5285.246366379405
2026-07-14 17:15:00,3706.3900997567807,785.268768533782,-5954.721864365613,6.387913204037832,-0.7411282213203593,3.882431270849361,LARETS,-3787.330606,-42.045561,-5955.624543999999,-7493.720705756781,-827.314329533782,-0.9026796343860042,7539.250614654639
2026-07-14 17:18:00,4781.539292772109,638.3407823894912,-5151.145567115,5.521460260420759,-0.8864441001479108,5.019097641438142,LARETS,-4808.272218,376.487799,-5152.346729,-9589.81151077211,-261.8529833894912,-1.2011618850001469,9593.385911128411
2026-07-14 17:21:00,5681.913866344238,468.0824975242111,-4158.8030096157345,4.451818650587003,-0.9995439655418863,5.973314813974095,LARETS,-5643.168836,805.683816,-4160.274035,-11325.082702344238,337.6013184757889,-1.4710253842658858,11330.113637077475
2026-07-14 17:24:00,6374.317138130801,280.69311629711086,-3013.8490795239627,3.217705105728073,-1.0761863564299123,6.7094520951198025,LARETS,-6261.357335,1224.6012930000002,-3015.5471460000003,-12635.6744731308,943.9081767028893,-1.6980664760376385,12670.881378988823
2026-07-14 17:27:00,6833.1226451017965,83.01858363079934,-1758.1652404015401,1.8642711208182567,-1.1134544785545275,7.199743021757013,LARETS,-6640.587076000001,1611.944117,-1760.035547,-13473.709721101797,1528.9255333692006,-1.8703065984598197,13560.179587053712
2026-07-14 17:30:00,7041.289031721923,-117.70023925453746,-437.82760668793,0.4414540082987101,-1.1098960688378996,7.425527836422482,LARETS,-6767.902518,1947.0884879999999,-439.80697499999997,-13809.191549721923,2064.788727254537,-1.9793683120699939,13962.70488347468
2026-07-14 17:33:00,6991.050412765399,-314.09930284615416,898.6176065447265,-0.9979667972258451,-1.0656022939834122,7.3781329505830815,LARETS,-6640.148988,2211.110168,896.598834,-13631.1994007654,2525.2094708461545,-2.0187725447265166,13863.126777553493
2026-07-14 17:36:00,6684.237887679553,-498.97098229559526,2201.99729481906,-2.4005033577591246,-0.9822150968187404,7.059297035616527,LARETS,-6264.060895,2387.754068,2200.014017,-12948.298782679552,2886.7250502955953,-1.983277819059822,13266.183581382244
2026-07-14 17:39:00,6132.210043723751,-665.5382627035492,3424.3866729522997,-3.7141448133436676,-0.8628596120126717,6.481096515560803,LARETS,-5655.927968999999,2464.297392,3422.516126,-11788.13801272375,3129.835654703549,-1.8705469522997191,12196.559864626668
2026-07-14 17:42:00,5355.396414179284,-807.710319415396,4520.926139264537,-4.890447485817054,-0.7120065775376062,5.665377970119468,LARETS,-4840.85643,2432.254452,4519.244903,-10196.252844179284,3239.964771415396,-1.6812362645368921,10698.64227876614
2026-07-14 17:45:00,4382.483303386679,-920.3078955749737,5451.495701911982,-5.886398996921238,-0.5352769974910537,4.642757716556639,LARETS,-3851.669619,2287.886182,5450.074722,-8234.152922386678,3208.194077574974,-1.4209799119817035,8837.068835752052
2026-07-14 17:48:00,3249.2917061803414,-999.2495559603605,6182.177478115194,-6.665964220507602,-0.33920588804545665,3.45128668206825,LARETS,-2727.51928,2032.495546,6181.074428999999,-5976.810986180341,3031.7451019603604,-1.1030491151950628,6701.772089865784
2026-07-14 17:51:00,1997.409304077364,-1041.693070561625,6686.456186577596,-7.2012694685868395,-0.13098284053288076,2.1348933967809747,LARETS,-1512.277317,1672.499403,6685.712351,-3509.686621077364,2714.192473561625,-0.7438355775957461,4436.748980390866
2026-07-14 17:54:00,672.6421009208558,-1046.1291894800802,6946.127372018625,-7.473426537708905,0.08181542663583649,0.7417085605202196,LARETS,-252.781644,1219.27312,6945.7664110000005,-925.4237449208558,2265.4023094800805,-0.36096101862403884,2447.1323752003855
2026-07-14 17:57:00,-676.6520889660459,-1012.4273863825543,6951.89945041556,-7.4730284425860845,0.29149014601108797,-0.6776524982823673,LARETS,1002.980132,688.77995,6951.92373,1679.632220966046,1701.2073363825543,0.02427958444059186,2390.6632551780804
2026-07-14 18:00:00,-2001.2929803704947,-941.8345328533566,6703.686331058504,-7.200357740169824,0.4904780190836203,-2.0718067169077345,LARETS,2207.687141,101.001907,6704.07512,4208.980121370494,1042.8364398533565,0.38878894149638654,4336.24510994649
2026-07-14 18:03:00,-3253.021283564678,-836.9280209214965,6210.59236531086,-6.665337482362816,0.6715997702295662,-3.3903043257484193,LARETS,3316.449771,-520.809739,6211.304065,6569.471054564678,316.1182819214964,0.7116996891400049,6577.072389098708
2026-07-14 18:06:00,-4386.210979134385,-701.5249532478972,5490.592732951284,-5.887231780663737,0.8282995119688721,-4.585310788508599,LARETS,4288.472125,-1151.043296,5491.570952,8674.683104134385,-449.51834275210285,0.9782190487158005,8686.322274388493
2026-07-14 18:09:00,-5359.504072767471,-540.5491762312244,4569.913337416834,-4.894079242868531,0.9548730386538122,-5.613259327601912,LARETS,5088.559437,-1762.765891,4571.092438,10448.063509767471,-1222.2167147687755,1.1791005831655639,10519.30825635759
2026-07-14 18:12:00,-6137.317063708018,-359.85859192925653,3482.118069272411,-3.7218295336287155,1.046679452696485,-6.4364408260735,LARETS,5688.417717,-2328.856863,3483.4289670000003,11825.734780708019,-1968.9982710707434,1.3108977275892357,11988.534481477698
2026-07-14 18:15:00,-6691.163193047509,-166.03658676568162,2266.919982142151,-2.413158517138661,1.1003262746377866,-7.0244682210869005,LARETS,6067.697859,-2823.19155,2268.2949550000003,12758.861052047509,-2657.1549632343185,1.3749728578491158,13032.613311790003
2026-07-14 18:18:00,-7000.732121294143,33.846505577587315,968.746669232859,-1.0159620631899067,1.113815135561274,-7.355527627265814,LARETS,6214.728934000001,-3221.824241,970.122179,13215.461055294145,-3255.670746577587,1.3755097671410113,13610.576946116003
2026-07-14 18:21:00,-7054.672087691325,232.49358461011454,-364.8929300083701,0.41843282737742443,1.0866346929768707,-7.4173187585493965,LARETS,6126.906247000001,-3504.112446,-363.572427,13181.578334691327,-3736.6060306101144,1.3205030083701104,13700.957403237331
2026-07-14 18:24:00,-6851.030426226401,422.65208692699406,-1685.1762695477355,1.8372587747609608,1.0197901474395854,-7.20759859730916,LARETS,5810.707262,-3653.72435,-1683.955727,12661.7376882264,-4076.376436926994,1.2205425477354765,13301.74603691976
2026-07-14 18:27:00,-6397.32609579738,597.3844539783914,-2943.7926229922773,3.1883861286237765,0.9157642705733576,-6.734274062887676,LARETS,5281.328746,-3659.4730440000003,-2942.7068080000004,11678.654841797379,-4256.857497978392,1.0858149922769371,12430.27818879877
2026-07-14 18:30:00,-5710.250165752773,750.325517917251,-4094.7435629647675,4.422358457211329,0.7784119132234815,-6.015034713503334,LARETS,4561.965171,-3515.9347900000002,-4093.817517,10272.215336752772,-4266.260307917251,0.9260459647675816,11122.921639438542
2026-07-14 18:33:00,-4815.013210377482,875.9155443986443,-5096.038592144551,5.4942628294555265,0.6127967897885843,-5.0765641528162355,LARETS,3682.7706860000003,-3223.8232289999996,-5095.289086,8497.783896377483,-4099.738773398644,0.7495061445515603,9435.05112447199
2026-07-14 18:36:00,-3744.3783146689525,969.5997280079864,-5911.216599474904,6.365340427527871,0.4249842371612171,-3.9534069499906273,LARETS,2679.559697,-2790.101165,-5910.6544460000005,6423.938011668953,-3759.7008930079865,0.5621534749034254,7443.274192092271
2026-07-14 18:39:00,-2537.4318260702016,1027.9876096746686,-6510.639670422729,7.004283774052651,0.22180551340898433,-2.6865875914773847,LARETS,1592.319715,-2227.8309959999997,-6510.269177,4129.751541070202,-3255.818605674668,0.37049342272894137,5258.82141941466
2026-07-14 18:42:00,-1238.149853067065,1048.9686019503022,-6872.523237386011,7.388208645704432,0.010607842761674332,-1.3220759908740616,LARETS,463.60623300000003,-1555.7776410000001,-6872.3456670000005,1701.7560860670649,-2604.746242950302,0.17757038601030217,3111.3786009036658
2026-07-14 18:45:00,106.18233277411574,1031.782047533298,-6983.681940883808,7.503320142636214,-0.2009993900670267,0.09082627555672655,LARETS,-663.1223229999999,-797.7737169999999,-6983.70125,-769.3046557741156,-1829.5557645332979,-0.01930911619183462,1984.7175993842532
2026-07-14 18:48:00,1446.6457776086918,977.0416870631257,-6839.981317840764,7.345305666024159,-0.40539664452237606,1.501134730979133,LARETS,-1745.161681,18.121856,-6840.205866,-3191.807458608692,-958.9198310631257,-0.22454815923629212,3332.740935875167
2026-07-14 18:51:00,2734.4115598331446,886.7150580196903,-6446.49083336482,6.919481107322213,-0.5952027373889646,2.857849390174933,LARETS,-2742.1608229999997,860.647517,-6446.931563,-5476.572382833145,-26.06754101969034,-0.4407296351801051,5476.634438717645
2026-07-14 18:54:00,3922.469094073803,764.0584618197767,-5817.335142099355,6.240695371021893,-0.7635199203215086,4.111639822773495,LARETS,-3617.614411,1696.5164550000002,-5817.9995149999995,-7540.083505073802,932.4579931802235,-0.6643729006445938,7597.521807400297
2026-07-14 18:57:00,4967.314010851143,613.5081874693298,-4975.240659893259,5.3329724875381705,-0.9041744586013991,5.216543717748171,LARETS,-4340.207007,2491.714203,-4976.128782,-9307.521017851144,1878.2060155306704,-0.8881221067404113,9495.135919157623
2026-07-14 19:00:00,5830.545052457868,440.5291648144694,-3950.7769536555656,4.228851932692422,-1.011948015152661,6.131653315322496,LARETS,-4884.969752,3212.878909,-3951.879484,-10715.514804457867,2772.3497441855307,-1.102530344434399,11068.34142246319
2026-07-14 19:03:00,6480.311920017652,251.42349066905953,-2781.299878659962,2.9683862455423857,-1.082790263931633,6.8227312791753585,LARETS,-5234.194661,3828.709745,-2782.5940299999997,-11714.506581017653,3577.2862543309407,-1.2941513400378426,12248.536363866448
2026-07-14 19:06:00,6892.550111353329,53.10339848147274,-1509.6168921090239,1.5977751346019833,-1.1139988286518787,7.263664904676527,LARETS,-5378.064886,4311.342605000001,-1511.065619,-12270.614997353328,4258.239206518528,-1.4487268909761042,12988.479343326282
2026-07-14 19:09:00,7051.938280639369,-147.16403108534092,-182.41343079973035,0.16765435750544846,-1.1043506251475208,7.437647372073362,LARETS,-5314.964755,4637.6260489999995,-183.96786799999998,-12366.903035639369,4784.79008008534,-1.554437200269632,13260.260526085614
2026-07-14 19:12:00,6952.521231798498,-342.0303245623832,1151.5004815152465,-1.268893494685489,-1.0541701129392966,7.337976305959343,LARETS,-5051.445762,4790.228298,1149.896797,-12003.966993798498,5132.258622562384,-1.6036845152464139,13055.087312188827
2026-07-14 19:15:00,6597.95796306852,-524.3449233967833,2443.0464335304173,-2.6584937167657796,-0.9653249406142371,6.968386121671463,LARETS,-4601.838911999999,4758.509497999999,2441.4556740000003,-11199.79687506852,5282.8544213967825,-1.5907595304170172,12383.214583095214
2026-07-14 19:18:00,6001.377416799357,-687.4269649608299,3644.7485175728066,-3.9496579462700807,-0.8411470022691571,6.342876914523331,LARETS,-3987.529929,4539.106406000001,3643.237501,-9988.907345799356,5226.53337096083,-1.5110165728065112,11273.638424390885
2026-07-14 19:21:00,5184.85095509494,-825.316547171087,4712.529027294518,-5.0948401878564,-0.6862851933541849,5.485058084469993,LARETS,-3235.9405699999998,4136.203842,4711.165211,-8420.79152509494,4961.520389171087,-1.3638162945171644,9773.761626992246
2026-07-14 19:24:00,4178.515355791568,-932.9942828519145,5607.347117202093,-6.05224586378744,-0.5065030989518037,4.427075688342567,LARETS,-2379.279885,3561.481808,5606.192701999999,-6557.795240791568,4494.476090851915,-1.1544152020933325,7950.156921977234
2026-07-14 19:27:00,3019.3990577795093,-1006.5607496051313,6296.61441902102,-6.787310622875795,-0.3084388079741119,3.208226354900225,LARETS,-1453.130446,2833.746747,6295.722063,-4472.5295037795095,3840.3074966051313,-0.8923560210196229,5895.038814711827
2026-07-14 19:30:00,1750.0149512194387,-1043.3706197914748,6755.341436530948,-7.273814622470886,-0.09934429394932046,1.8733705379847523,LARETS,-494.941955,1978.270338,6754.749869,-2244.9569062194387,3021.6409577914746,-0.5915675309479411,3764.3254294146086
2026-07-14 19:33:00,416.78506565573105,-1042.1191610904593,6966.987952945283,-7.494641118389837,0.11318125425119419,0.47124442027668784,LARETS,457.492177,1025.8741459999999,6966.715468,40.70711134426898,2067.993307090459,-0.27248494528248557,2068.393932821544
2026-07-14 19:36:00,-931.6418096727061,-1002.8809484143748,6924.006049655978,-7.442214614550017,0.32145475255174627,-0.9472595526053059,LARETS,1367.5183089999998,11.800673000000002,6924.047053,2299.1601186727057,1014.6816214143747,0.04100334402210137,2513.10884082096
2026-07-14 19:39:00,-2246.125663420155,-927.1018446401297,6628.073843348935,-7.118658770370012,0.517964837869702,-2.330806863030637,LARETS,2201.018726,-1025.590289,6628.399002,4447.144389420155,-98.4884443598703,0.3251586510650668,4448.234852135365
2026-07-14 19:42:00,-3478.7762292381726,-817.5457474151793,6090.0221345835835,-6.535700303448835,0.6956187963214182,-3.6293183395674125,LARETS,2927.676656,-2046.262117,6090.583419,6406.452885238173,-1228.7163695848208,0.5612844164161288,6523.218745581234
2026-07-14 19:45:00,-4584.654218763733,-678.1976743388784,5329.457174271385,-5.714320993505622,0.8479804705080715,-4.795647714322562,LARETS,3522.0752,-3010.034744,5330.195667,8106.7294187637335,-2331.837069661122,0.7384927286148013,8435.432800625387
2026-07-14 19:48:00,-5523.3858502808835,-514.1249782918785,4374.084023443557,-4.684137400528047,0.9694966999690829,-5.7872256438107845,LARETS,3964.594411,-3878.162101,4374.936977,9487.980261280883,-3364.0371227081214,0.8529535564430262,10066.703329737285
2026-07-14 19:51:00,-6260.638871251619,-331.29927119438946,3258.739594558254,-3.482477961435899,1.055705911559756,-6.567631505892596,LARETS,4242.074782,-4614.897641,3259.646374,10502.71365325162,-4283.59836980561,0.9067794417460391,11342.6720792875
2026-07-14 19:54:00,-6769.40334932399,-136.38317463027042,2024.154165659155,-2.153136156609373,1.1034183084426301,-7.108024600122814,LARETS,4348.219918,-5188.986125,2025.060095,11117.62326732399,-5052.60295036973,0.9059293408449776,12211.89356770426
2026-07-14 19:57:00,-7031.018987330893,63.511809255072336,715.47471597716,-0.7448063336136026,1.1108544248127021,-7.388343687356729,LARETS,4283.717084,-5575.011863,716.332858,11314.736071330892,-5638.523672255072,0.8581420228399566,12641.843311118238
2026-07-14 20:00:00,-7035.895464297891,261.0875968845277,-619.3993613108529,0.6907510538900636,1.0777288987200302,-7.398177873442045,LARETS,4056.0644070000003,-5754.53396,-618.627075,11091.959871297891,-6015.621556884527,0.7722863108529054,12618.212119732443
2026-07-14 20:03:00,-6783.884552207838,449.13117391858805,-1931.6012792557262,2.1007265641639465,1.005269595358033,-7.137227371009338,LARETS,3679.113645,-5716.950929,-1930.940749,10462.998197207839,-6166.082102918588,0.6605302557261439,12144.747844686097
2026-07-14 20:06:00,-6284.28164223526,620.7835120459517,-3173.124024864515,3.433342123983802,0.8961681204860122,-6.615307755205472,LARETS,3172.3461719999996,-5460.0469539999995,-3172.587764,9456.62781423526,-6080.830466045951,0.5362608645150431,11242.967093313771
2026-07-14 20:09:00,-5555.457055739968,769.7935949327253,-4298.606882834285,4.639864230312911,0.754464907296007,-5.85189800368064,LARETS,2559.9213139999997,-4990.188295,-4298.19563,8115.378369739969,-5759.981889932726,0.4112528342848236,9951.721339824844
2026-07-14 20:12:00,-4624.1402075787555,890.7465821636457,-5267.002864559676,5.676431300803485,0.5853786561799662,-4.875279324470828,LARETS,1869.545234,-4322.162638000001,-5266.7112,6493.685441578756,-5212.909220163647,0.2916645596760645,8327.206808822946
2026-07-14 20:15:00,-3524.3984324173325,979.2573328268784,-6043.060419367661,6.505607781688184,0.3950943312254688,-3.7213469580308933,LARETS,1131.224993,-3478.674966,-6042.881681,4655.623425417332,-4457.932298826879,0.17873836766102613,6445.773025182155
2026-07-14 20:18:00,-2296.3643156175344,1032.1232231807808,-6598.569268508937,7.097619514208972,0.19052520521752994,-2.4321927734783495,LARETS,375.973221,-2489.535906,-6598.498565000001,2672.3375366175346,-3521.659129180781,0.0707035089362762,4420.799807360247
2026-07-14 20:21:00,-984.7698356217272,1047.4328493020878,-6913.337532441859,7.4312654928847275,-0.020937416963164736,-1.054550538554762,LARETS,-365.483963,-1390.581496,-6913.375360999999,619.2858726217272,-2438.014345302088,-0.03782855814006325,2515.4381211547666
2026-07-14 20:24:00,362.6562394206349,1024.6293134439584,-6975.881975252543,7.494529539539422,-0.2316772466628177,0.3618272421023744,LARETS,-1063.940324,-222.365455,-6976.036994,-1426.5965634206348,-1246.9947684439585,-0.15501874745677924,1894.7753775371314
2026-07-14 20:27:00,1696.876593394644,964.528088913876,-6783.8229122694875,7.284924867847445,-0.43410400316643355,1.7658224497565964,LARETS,-1692.841984,971.326733,-6784.112118,-3389.718577394644,6.798644086124,-0.28920573051254905,3389.725407630496
2026-07-14 20:30:00,2969.2734284854373,869.2899811175348,-6343.979804043105,6.8095946924860264,-0.6209011632639123,3.1066222105431116,LARETS,-2229.286529,2145.094919,-6344.424414,-5198.559957485437,1275.8049378824653,-0.44460995689496485,5352.822065861547
2026-07-14 20:33:00,4133.3727985745845,742.3497693675597,-5672.164456537804,6.085169086437713,-0.7852705322613293,4.335407417009695,LARETS,-2654.856164,3253.628631,-5672.784355000001,-6788.228962574584,2511.2788616324406,-0.619898462196943,7237.857027704571
2026-07-14 20:36:00,5146.51940810218,588.301209468756,-4792.669111894825,5.137352897204577,-0.9211720749600482,5.407051908673403,LARETS,-2956.263019,4253.45212,-4793.479534,-8102.78242710218,3665.150910531244,-0.8104221051753484,8893.166754014448
2026-07-14 20:39:00,5971.44993378841,412.73968443678694,-3737.4499231732466,4.0002035222468395,-1.0235534741820322,6.281800976986882,LARETS,-3125.783281,5104.653118,-3738.458343,-9097.23321478841,4691.913433563213,-1.0084198267531974,10235.902737385255
2026-07-14 20:42:00,6577.705432744887,222.065219936017,-2545.0148695075723,2.715059803210159,-1.0885589623719396,6.926864132095408,LARETS,-3161.456377,5772.52056,-2546.213436,-9739.161809744886,5550.455340063983,-1.1985664924277444,11209.764880451316
2026-07-14 20:45:00,6942.81826125071,23.250845870034205,-1259.039768359925,1.3291074443833875,-1.11370293310858,7.317825875339689,LARETS,-3067.036325,6229.016724,-1260.4016729999998,-10009.854586250709,6205.765878129966,-1.361904640074954,11777.46665572995
2026-07-14 20:48:00,7053.209810467922,-176.41592693645512,73.24486277128591,-0.10639180946720994,-1.097992370179853,7.439761643042909,LARETS,-2851.694145,6454.015189000001,71.76427000000001,-9904.903955467922,6630.431115936456,-1.4805927712858988,11919.301210321744
2026-07-14 20:51:00,6904.7446374032315,-369.607999055189,1402.833197762612,-1.5381307435183302,-1.0419842051055561,7.287952361213917,LARETS,-2529.4815559999997,6436.227925,1401.289442,-9434.226193403232,6805.835924055189,-1.5437557626119087,11632.885664212368
2026-07-14 20:54:00,6502.904406939463,-549.2373709045756,2680.810033313396,-2.912927245204872,-0.9477692360285058,6.868121682849365,LARETS,-2118.578348,6173.769018,2679.2672000000002,-8621.482754939463,6723.006388904576,-1.5428333133959313,10932.92194151705
2026-07-14 20:57:00,5862.569231046585,-708.7242226565252,3860.2140457453693,-4.179890235298311,-0.8188820397018465,6.1961689849301065,LARETS,-1640.355365,5674.302965,3858.745747,-7502.924596046585,6383.027187656525,-1.4682987453693386,9850.73173567448
2026-07-14 21:00:00,5007.4204184323235,-842.2436238199128,4897.809311584019,-5.29243703115139,-0.660144480540506,5.297426822012956,LARETS,-1118.318842,4954.788039,4896.493468000001,-6125.739260432323,5797.0316628199125,-1.315843584018694,8433.875699699569
2026-07-14 21:03:00,3969.002591722838,-944.9391093451677,5755.685786127371,-6.210044298639796,-0.47745692993124994,4.20551991026234,LARETS,-576.9905500000001,4040.8363590000004,5754.597669,-4545.993141722838,4985.775468345168,-1.0881171273713335,6747.148423544752
2026-07-14 21:06:00,2785.500588667137,-1013.0952615348532,6402.626365643638,-6.8996585205958345,-0.27755463332952857,2.9609323001142758,LARETS,-40.778816,2965.7281639999997,6401.829869,-2826.279404667137,3978.823425534853,-0.7964966436375107,4880.460199534203
2026-07-14 21:09:00,1500.2954382292742,-1044.2645998815065,6815.198236773677,-7.336740785087978,-0.0677462709787333,1.6093945790171547,LARETS,467.09868900000004,1769.1371780000002,6814.73807,-1033.1967492292742,2813.401777881507,-0.4601667736769741,2997.1195001464694
2026-07-14 21:12:00,160.36431794308268,-1037.3468701362576,6978.545086902663,-7.505961305968775,0.14435174780876098,0.20018568243712212,LARETS,925.598817,495.626642,6978.441574,765.2344990569173,1532.9735121362576,-0.10351290266225988,1713.3568332875627
2026-07-14 21:15:00,-1185.4157541894235,-992.6208044999325,6886.871061739009,-7.4015815445894315,0.3510768338682989,-1.215587192302317,LARETS,1316.706263,-807.023526,6887.117504,2502.122017189424,185.5972784999326,0.24644226099098887,2508.9960142304813
2026-07-14 21:18:00,-2488.007954689663,-911.7294795070308,6543.615722349316,-7.027562715554276,0.5449740304372365,-2.5866997235257325,LARETS,1626.1280390000002,-2089.600505,6544.181425,4114.135993689663,-1177.8710254929692,0.5657026506842158,4279.426999878393
2026-07-14 21:21:00,-3699.952521818124,-797.6207372099034,5961.322521136696,-6.397422731040526,0.719041431444047,-3.863504247156051,LARETS,1843.80925,-3303.304453,5962.1602920000005,5543.761771818124,-2505.683715790097,0.8377708633042857,6083.727982751013
2026-07-14 21:24:00,-4777.05527878069,-654.4442003164354,5161.204107396911,-5.533838871906606,0.8669666722195902,-4.999602511056972,LARETS,1964.254462,-4401.598585,5162.2571689999995,6741.30974078069,-3747.1543846835643,1.0530616030882811,7712.744266001344
2026-07-14 21:27:00,-5679.980083780592,-487.4067091613309,4172.4094669464,-4.467972618699827,0.9833514229608349,-5.953479833197352,LARETS,1986.645084,-5341.997732,4173.614291,7666.625167780592,-4854.591022838669,1.2048240535996229,9074.370331536706
2026-07-14 21:30:00,-6375.69236170932,-302.58892706280244,3031.003404287052,-3.238486427815298,1.0639167054445748,-6.690056316784667,LARETS,1914.7536200000002,-6087.736898,3032.293905,8290.44598170932,-5785.147970937198,1.29050071294796,10109.373535816701
2026-07-14 21:33:00,-6838.696323296121,-106.72753530699197,1778.6795891433967,-1.8902350835024273,1.1056778250742858,-7.182081517525002,LARETS,1756.6517350000001,-6609.252761,1779.98908,8595.34805829612,-6502.525225693008,1.309490856603361,10777.886818332947
2026-07-14 21:36:00,-7052.007963298759,93.03030272012985,461.2436785949846,-0.4726451820365973,1.1070754402949212,-7.411278817455789,LARETS,1524.224222,-6885.401742,462.508727,8576.232185298759,-6978.43204472013,1.2650484050154205,11056.68457989458
2026-07-14 21:39:00,-7007.812066533941,289.3911182994855,-873.0796319382325,0.9621623359355426,1.0680499321687391,-7.369143744704121,LARETS,1232.511692,-6904.361552,-871.910702,8240.323758533941,-7193.7526702994855,1.168929938232509,10938.602035602955
2026-07-14 21:42:00,-6707.76509283007,475.18686140958823,-2175.446041328697,2.361411337327006,0.9900500421830536,-7.057320088162977,LARETS,898.906954,-6664.159937,-2174.410218,7606.67204683007,-7139.346798409589,1.0358233286970062,10432.244888273912
2026-07-14 21:45:00,-6162.925695547534,643.641994928395,-3398.2175235341233,3.6737483396116213,0.8759729833409476,-6.487515722024059,LARETS,542.249031,-6172.784286,-3397.339638,6705.174726547534,-6816.4262809283955,0.8778855341233793,9561.539422475134
2026-07-14 21:48:00,-5393.317683687283,788.6239265049418,-4496.73202224833,4.851229082445881,0.7300404028904431,-5.680967693336047,LARETS,181.86993900000002,-5447.882094,-4496.026857,5575.187622687283,-6236.506020504941,0.7051652483305588,8365.209194587896
2026-07-14 21:51:00,-4427.15246543668,904.8661243827631,-5430.940236800555,5.851099750169124,0.5576208898284287,-4.667511484306549,LARETS,-163.35997500000002,-4516.0729249999995,-5430.4160679999995,4263.79249043668,-5420.939049382762,0.5241688005553442,6896.847602592074
2026-07-14 21:54:00,-3299.755645985959,988.1555768092059,-6166.845751442898,6.637292918706268,0.36501363794876823,-3.4843412893233854,LARETS,-475.942071,-3411.911744,-6166.507468999999,2823.813574985959,-4400.067320809206,0.3382824428990716,5228.242118376223
2026-07-14 21:57:00,-2052.2530497525413,1035.4789886913495,-6677.701692557647,7.181600900306416,0.15920858588578898,-2.1745596278027732,LARETS,-740.570045,-2176.559766,-6677.554403,1311.6830047525414,-3212.0387546913494,0.14728955764712737,3469.539636362442
2026-07-14 22:00:00,-730.0745471640049,1045.1246906010829,-6944.934169319886,7.46452822827585,-0.052363978397386865,-0.7856048921700858,LARETS,-944.8266920000001,-856.223742,-6944.986021,-214.75214483599518,-1901.348432601083,-0.051851680113941256,1913.4378350379855
2026-07-14 22:03:00,618.6687121670135,1016.7392039732104,-6958.776591705213,7.475850157915105,-0.2620856667202329,0.6323798237961687,LARETS,-1079.731628,499.572728,-6959.0403,-1698.4003401670134,-517.1664759732104,-0.2637082947867384,1775.3943080037293
2026-07-14 22:06:00,1944.8836555348137,951.3385500930772,-6718.607646784229,7.2149096654344955,-0.46240004844192767,2.02820379513389,LARETS,-1140.12037,1839.827765,-6719.098909,-3085.004025534814,888.4892149069228,-0.49126221577171236,3210.399221889778
2026-07-14 22:09:00,3200.2261393723434,851.2748013819039,-6232.989330567108,6.6906724619318725,-0.6460597550692411,3.3513030252770433,LARETS,-1124.843396,3113.9522570000004,-6233.722341,-4325.069535372343,2262.6774556180962,-0.7330104328921152,4881.181853944044
2026-07-14 22:12:00,4338.819658138885,720.158408345494,-5519.401970278035,5.921535218150772,-0.8063706077834241,4.5534319936098555,LARETS,-1036.779029,4273.664176,-5520.386412999999,-5375.598687138885,3553.505767654506,-0.9844427219641148,6443.947971162602
2026-07-14 22:15:00,5318.915174180101,562.7369910730099,-4603.6738325435945,4.934857716302262,-0.937430630845652,5.590362303378226,LARETS,-882.65777,5274.830853,-4604.912684000001,-6201.5729441801,4712.093861926991,-1.238851456406337,7788.667221055834
2026-07-14 22:18:00,6104.438691679059,384.73202443380285,-3519.106997821147,3.766176603788415,-1.0343575502000777,6.423550844117305,LARETS,-672.703141,6079.192372,-3520.593769,-6777.141832679059,5694.460347566198,-1.486771178852905,8851.922518907446
2026-07-14 22:21:00,6666.365854462604,192.63643500646785,-2305.3109113584997,2.4580649868302755,-1.0934934713417004,7.021705867486889,LARETS,-420.100033,6655.892333,-2307.024335,-7086.465887462604,6463.255897993532,-1.7134236415004125,9591.229249316268
2026-07-14 22:24:00,6983.858601284008,-6.521479677523836,-1006.7706637988201,1.0586301453183526,-1.1125717347726696,7.3621501185585805,LARETS,-140.31034599999998,6982.742281999999,-1008.67078,-7124.168947284008,6989.263761677523,-1.9001162011799124,9980.160055339089
2026-07-14 22:27:00,7045.101273322376,-205.43956835674558,328.8033426772247,-0.3803141697433468,-1.0908300568527802,7.4318675029477905,LARETS,149.73301500000002,7047.1522860000005,326.776208,-6895.368258322376,7252.591854356746,-2.0271346772246943,10007.307136939316
2026-07-14 22:30:00,6847.784537954768,-396.8178615390276,1652.2778388433212,-1.8053152295979829,-1.0290567789245535,7.228130821024513,LARETS,432.51550199999997,6846.6694720000005,1650.201308,-6415.269035954768,7243.487333539028,-2.0765308433212795,9675.938707267667
2026-07-14 22:33:00,6399.204778385743,-573.6363271541845,2914.969055701643,-3.1634624000476315,-0.9295630742833573,6.758642918578079,LARETS,690.863554,6389.084631,2912.9366600000003,-5708.341224385744,6962.720958154185,-2.0323957016425993,9003.590772895754
2026-07-14 22:36:00,5715.9715497281995,-729.4209601211443,4070.4950619964643,-4.404535231679005,-0.7960819666156039,6.041174895589805,LARETS,908.8452070000001,5692.099314,4068.609043,-4807.126342728199,6421.520274121144,-1.8860189964643723,8021.495487935398
2026-07-14 22:39:00,4823.342012550534,-858.4857104755587,5076.52019293022,-5.48297783256198,-0.6336030229003559,5.102740296738236,LARETS,1072.6077129999999,4782.586152,5074.881019,-3750.7342995505337,5641.071862475558,-1.6391739302198403,6774.193843575003
2026-07-14 22:42:00,3754.224219251553,-956.1399412734714,5896.315070070836,-6.35958903587639,-0.4481576110371416,3.9783897285408005,LARETS,1171.106652,3695.4727080000002,5895.017939,-2583.1175672515533,4651.612649273472,-1.2971310708353485,5320.7140768578765
2026-07-14 22:45:00,2547.9070355822823,-1018.8540921101288,6500.073583068276,-7.002863670289766,-0.24657228668920395,2.7097354655796306,LARETS,1196.6900560000001,2472.31913,6499.198531999999,-1351.2169795822822,3491.173222110129,-0.8750510682766617,3743.5382405425826
2026-07-14 22:48:00,1248.5816750610572,-1044.3793512884292,6865.948369778718,-7.389968509471004,-0.036206865368884594,1.3433161107407083,LARETS,1145.5155020000002,1159.675652,6865.551593,-103.06617306105704,2204.0550032884294,-0.3967767787180492,2206.463516802855
2026-07-14 22:51:00,-96.28090783298252,-1031.8197992844182,6980.784533595921,-7.5073742056542665,0.17531016845597697,-0.07110936285431323,LARETS,1017.782739,-192.719729,6980.89304,1114.0636468329826,839.1000702844182,0.10850640407898027,1394.7138591552605
2026-07-14 22:54:00,-1437.638367758596,-981.6572946265844,6840.544545674029,-7.351182883309578,0.3803414521965925,-1.482281233795655,LARETS,817.7769529999999,-1533.82653,6841.153988,2255.415320758596,-552.1692353734156,0.6094423259710311,2322.022718455918
2026-07-14 22:57:00,-2726.6198325793375,-895.7302740452977,6450.424536136888,-6.927188098096714,0.5714928614195016,-2.8391468841727536,LARETS,553.720509,-2813.215472,6451.505013,3280.3403415793373,-1917.485197954702,1.0804768631123807,3799.6556960333232
2026-07-14 23:00:00,-3916.257069995675,-777.1678922906035,5824.664725856901,-6.250684730217067,0.7418575265677418,-4.092550897399957,LARETS,237.437442,-3982.953833,5826.167593,4153.694511995675,-3205.7859407093965,1.502867143099138,5246.9270868997855
2026-07-14 23:03:00,-4963.158604279064,-630.2809990616687,4986.0574466683665,-5.346021427190824,0.8852509270944801,-5.196902443779734,LARETS,-116.155263,-4999.394515,4987.914017,4847.003341279064,-4369.113515938331,1.8565703316335203,6525.534288652449
2026-07-14 23:06:00,-5829.078195047164,-460.4118384189771,3965.158426253422,-4.245869378899044,0.9964333170120641,-6.111798004975344,LARETS,-489.70880800000003,-5824.813199,3967.2819010000003,5339.369387047163,-5364.401360581023,2.1234747465782675,7568.729874812876
2026-07-14 23:09:00,-6482.323806176887,-273.74541151011385,2799.2134623060233,-2.9901780591248346,1.0713115071042913,-6.803549332504145,LARETS,-864.239464,-6428.850984000001,2801.506488,5618.084342176887,-6155.105572489887,2.2930256939766878,8333.5587561543
2026-07-14 23:12:00,-6898.949148210221,-77.08724743838388,1530.8243116241865,-1.6248051809644046,1.1071081937671667,-7.246538138118048,LARETS,-1220.0292379999999,-6789.6849409999995,1533.18538,5678.919910210221,-6712.597693561615,2.3610683758133746,8792.55962259197
2026-07-14 23:15:00,-7063.670466501977,122.38534472558939,206.39354800983503,-0.1998417861388513,1.1024852021041298,-7.424301761448133,LARETS,-1537.5855430000001,-6894.871744,208.725548,5526.084923501977,-7017.25708872559,2.3319999901649737,8931.93803545733
2026-07-14 23:18:00,-6970.458808321498,317.3890825639222,-1125.5945161193133,1.2323044873006384,1.0576082145938988,-7.330256093737923,LARETS,-1798.616972,-6741.816793999999,-1123.378822,5171.841836321498,-7059.205876563921,2.2156941193134116,8751.019397586795
2026-07-14 23:21:00,-6622.772993461458,500.8062325987502,-2416.384752339373,2.618966113181105,0.9741448635053854,-6.967985610998985,LARETS,-1986.966388,-6337.8334859999995,-2414.3598450000004,4635.806605461458,-6838.63971859875,2.0249073393724757,8261.821844138629
2026-07-14 23:24:00,-6033.419283387109,665.9496145161576,-3618.772786219952,3.9092862579588306,0.8551945845669343,-6.351071091159868,LARETS,-2089.457132,-5699.796063,-3616.997856,3943.9621513871093,-6365.745677516157,1.774930219952239,7488.495084645977
2026-07-14 23:27:00,-5224.046965534149,806.8092141908603,-4688.855052401883,5.056174548169719,0.705155776219559,-5.502473751487974,LARETS,-2096.610064,-4853.401487,-4687.375286,3127.4369015341495,-5660.21070119086,1.4797664018824435,6466.749488318042
2026-07-14 23:30:00,-4224.310693396524,918.2700943672729,-5587.632601552867,6.018039242565254,0.5295417948627702,-4.45353813104086,LARETS,-2003.19235,-3832.081696,-5586.481498,2221.1183433965234,-4750.351790367273,1.151103552866516,5243.968931320766
2026-07-14 23:33:00,-3070.746858958054,996.2937096105919,-6282.407933531854,6.760223662546698,0.3347607035126593,-3.2427044543079093,LARETS,-1808.57526,-2675.634272,-6281.608709,1262.171598958054,-3671.927981610592,0.7992245318537243,3882.7996196186864
2026-07-14 23:36:00,-1805.4204207515222,1038.0574696206431,-6747.931390419865,7.256117597460756,0.12787383170805736,-1.914028511051015,LARETS,-1516.8873489999999,-1428.637139,-6747.501119,288.53307175152236,-2466.694608620643,0.43027141986567585,2483.5123939344476
2026-07-14 23:39:00,-474.4004243306674,1042.049887579932,-6967.27032999308,7.487951520198299,-0.08365456613433934,-0.5155937940877645,LARETS,-1136.957914,-138.714823,-6967.223207999999,-662.5574896693327,-1180.764710579932,0.04712199308050913,1353.9526325127924
2026-07-14 23:42:00,873.8811268000803,1008.1204740403518,-6932.387252146415,7.447303117260841,-0.2922087448545096,0.9021265046993083,LARETS,-682.057112,1145.271453,-6932.733741999999,-1555.9382388000804,137.15097895964823,-0.3464898535839893,1561.9712910438222
2026-07-14 23:45:00,2190.3381212742925,937.4845322017361,-6644.420705753751,7.135347432580211,-0.49027068504723265,2.2879302322635406,LARETS,-169.438874,2375.049835,-6645.164335,-2359.7769952742924,1437.5653027982637,-0.7436292462498386,2763.176074776938
2026-07-14 23:48:00,3426.9624084022444,832.6833216865336,-6113.665633396757,6.562866083636339,-0.6706666681612563,3.5915641734144876,LARETS,380.29828000000003,3504.729859,-6114.800653,-3046.6641284022444,2672.0465373134666,-1.1350196032435633,4052.406235452141
2026-07-14 23:51:00,4538.535192854171,697.5000772315226,-5359.250109619407,5.7500057333260335,-0.826811004423874,4.765418660460446,LARETS,944.019892,4492.513645,-5360.761684,-3594.515300854171,3795.0135677684775,-1.5115743805927195,5227.109192706681
2026-07-14 23:54:00,5484.26995275654,536.8325996637719,-4408.506508519602,4.725752867511964,-0.9529441301342101,5.766224312261952,LARETS,1497.007661,5302.266132000001,-4410.369350999999,-3987.26229175654,4765.433532336228,-1.8628424803973758,6213.503102482549
2026-07-14 23:57:00,6229.332043328731,356.52401847100737,-3296.040180136648,3.5270821606410716,-1.0443577834549607,6.556707193185402,LARETS,2014.021836,5904.890066,-3298.2170380000002,-4215.310207328731,5548.366047528993,-2.176857863352325,6968.0133955161455
2026-07-15 00:00:00,6746.173097440121,163.1550726361225,-2062.5096217604014,2.197746448716623,-1.0975951386777711,7.107124440202722,LARETS,2470.432338,6279.442486999999,-2064.94855,-4275.740759440121,6116.287414363876,-2.438928239598681,7462.636044013837
2026-07-15 00:03:00,7015.615112692113,-36.19623476424324,-753.1487421161662,0.7867080692585411,-1.1106104766909652,7.39657552237566,LARETS,2843.367516,6413.937658,-755.7817389999999,-4172.247596692114,6450.133892764243,-2.632996883833698,7681.919302841036
2026-07-15 00:06:00,7027.623029498072,-234.2188974593656,583.9182133710974,-0.6537425595757418,-1.0828726821821626,7.413975818249388,LARETS,3112.8216979999997,6305.785154,581.1777709999999,-3914.8013314980726,6540.004051459366,-2.740442371097515,7622.160452800006
2026-07-15 00:09:00,6781.7172599267,-423.64578469098336,1899.499122758085,-2.0700866833374865,-1.015400204596311,7.158595024736653,LARETS,3262.658983,5961.827699,1896.757078,-3519.0582769267,6385.473483690984,-2.7420447580848304,7290.956746966507
2026-07-15 00:12:00,6286.998260931397,-597.5301522161943,3145.209467904617,-3.4097633609378213,-0.9107216078849165,6.640101639502271,LARETS,3281.459737,5397.9792019999995,3142.5845759999997,-3005.5385239313973,5995.509354216194,-2.6248919046174706,6706.6684072933795
2026-07-15 00:15:00,5561.780815873484,-749.5084608718838,4275.310513125022,-4.623294520564351,-0.772763980503452,5.878107867661111,LARETS,3163.164591,4638.481094,4272.92424,-2398.616224873484,5387.989554871883,-2.386273125021944,5897.778982967594
2026-07-15 00:18:00,4632.8617058391965,-874.0373103124138,5248.423833271832,-5.666212289524314,-0.6066792613512282,4.901263730902214,LARETS,2907.4834589999996,3714.816983,5246.391456,-1725.378246839197,4588.854293312414,-2.032377271832047,4902.501193317044
2026-07-15 00:21:00,3534.4662989692583,-966.5946537378895,6029.048737645978,-6.500686043339046,-0.41862404118548263,3.745991424418576,LARETS,2520.0412659999997,2664.345633,6027.47379,-1014.4250329692586,3630.9402867378894,-1.5749476459777725,3769.9851450411575
2026-07-15 00:24:00,2306.9338795607855,-1023.8385054613124,6588.82778806973,-7.0967939483153515,-0.2155104154898079,2.454971461940911,LARETS,2012.2700770000001,1528.735493,6587.792108,-294.66380256078537,2552.5739984613124,-1.035680069730006,2569.525607343418
2026-07-15 00:27:00,995.2070859345912,-1043.7194258344962,6907.525703151144,-7.4334309459074,-0.004743867467451085,1.0754881006154773,LARETS,1401.058947,352.27737099999996,6907.082902,405.8518610654088,1395.996796834496,-0.4428011511436125,1453.7960606547565
2026-07-15 00:30:00,-352.81114680458694,-1025.545586960167,6973.704361785901,-7.498879646568106,0.20604008940327853,-0.3422823109694618,LARETS,708.172854,-819.85428,6973.874474,1060.984000804587,205.6913069601669,0.17011221409939026,1080.7386329082783
2026-07-15 00:33:00,-1687.9761430435447,-970.0008584910402,6785.088688972882,-7.291084814156173,0.409233979509394,-1.7469896114644514,LARETS,-40.531337,-1943.326773,6785.860171,1647.4448060435448,-973.3259145089598,0.771482027118509,1913.48852100008
2026-07-15 00:36:00,-2961.6455379681943,-879.1171092470054,6348.624401252429,-6.817665461359909,0.5975089003158791,-3.0878142530546984,LARETS,-816.070303,-2976.314324,6349.960103,2145.5752349681943,-2097.1972147529946,1.3357017475709654,3000.288491224752
2026-07-15 00:39:00,-4127.403136589464,-756.202104385863,5680.230524717381,-6.095677420531218,0.7640572354975745,-4.316153620030306,LARETS,-1587.446385,-3881.043654,5682.067986999999,2539.956751589464,-3124.841549614137,1.8374622826186169,4026.9117678945267
2026-07-15 00:42:00,-5142.716894690749,-605.7244735604214,4804.250327435645,-5.151114558991528,0.9028263493825383,-5.387283315717347,LARETS,-2322.866689,-4625.170926,4806.501575,2819.8502056907487,-4019.4464524395785,2.2512475643552534,4909.939921697502
2026-07-15 00:45:00,-5970.481493937221,-433.1577158325388,3752.6071724145136,-4.018120356231963,1.008738796472908,-6.26196666553647,LARETS,-2991.0442319999997,-5182.958602,3755.1676740000003,2979.437261937221,-4749.800886167461,2.5605015854866906,5606.929767013809
2026-07-15 00:48:00,-6580.3906543459625,-244.78640227845332,2563.6792296018666,-2.7378820646105804,1.0778902869287263,-6.90795655827181,LARETS,-3562.529459,-5536.203261,2566.436329,3017.8611953459626,-5291.416858721546,2.757099398133505,6091.517558764372
2026-07-15 00:51:00,-6950.08091376425,-47.47966367219304,1280.91963685579,-1.3571999573199158,1.1077130582755759,-7.301306636873359,LARETS,-4011.0027149999996,-5674.863351,1283.757057,2939.0781987642504,-5627.383687327807,2.83742014421,6348.671977178179
2026-07-15 00:54:00,-7065.990384024686,151.56056575404833,-48.73483729152025,0.07323973134907634,1.0970909607077024,-7.427394791079352,LARETS,-4314.4720290000005,-5597.360084,-45.930968,2751.5183550246857,-5748.920649754048,2.8038692915202503,6373.456656861272
2026-07-15 00:57:00,-6923.884996524255,345.06673092971937,-1376.6063758285243,1.5008171160016948,1.046414331877557,-7.28156807245853,LARETS,-4456.318056,-5310.531824,-1373.939741,2467.566940524255,-5655.598554929719,2.6666348285243657,6170.469085201924
2026-07-15 01:00:00,-6529.021030499137,525.9767005884221,-2654.095559376218,2.8730483293620037,0.9575675169598548,-6.869345530607479,LARETS,-4426.127856,-4829.238172,-2651.654583,2102.893174499137,-5355.214872588423,2.4409763762178045,5753.302703083939
2026-07-15 01:03:00,-5895.934252311427,687.6964192837727,-3834.4956180141435,4.139644136784657,0.8338486414565428,-6.206158486168049,LARETS,-4220.269183,-4175.627795,-3832.353259,1675.665069311427,-4863.3242142837735,2.1423590141434943,5143.907116915264
2026-07-15 01:06:00,-5047.869232359311,824.3424867577714,-4874.720108665084,5.254430918769168,0.6798283087826374,-5.31665599502637,LARETS,-3842.176532,-3378.115075,-4872.934802,1205.6927003593114,-4202.457561757772,1.7853066650841356,4371.995840962649
2026-07-15 01:09:00,-4015.883293368395,930.954718807795,-5736.871518140505,6.177031156361424,0.5011595079143576,-4.233644681168532,LARETS,-3302.3417050000003,-2470.1260589999997,-5735.488354,713.5415883683945,-3401.0807778077947,1.3831641405049595,3475.125029210892
2026-07-15 01:12:00,-2837.6747026210605,1003.6712490939665,-6389.593208894738,6.874239285673632,0.30435385404938053,-2.9967567880505257,LARETS,-2618.014542,-1488.6773680000001,-6388.646129,219.66016062106064,-2492.348617093967,0.9470798947386356,2502.009814579992
2026-07-15 01:15:00,-1556.192414638768,1039.8614548880942,-6809.164569232955,7.3210714701507005,0.09653886770478347,-1.650943432559065,LARETS,-1812.6319250000001,-472.855849,-6808.680682,-256.4395103612321,-1512.7173038880942,0.4838872329546575,1534.299546406642
2026-07-15 01:18:00,-218.08525955688296,1038.2143807729342,-6980.315414827413,7.501502647159528,-0.11479217010530411,-0.24487343099526612,LARETS,-914.999415,537.736223,-6980.316513000001,-696.914155443117,-500.4781577729342,-0.0010981725872625248,858.0021715974785
2026-07-15 01:21:00,1127.955786654699,998.7820090968347,-6896.747695865503,7.408922243718496,-0.3220308456188874,1.170710560526969,LARETS,41.735735,1504.50701,-6897.245955,-1086.220051654699,505.7250009031653,-0.4982591344969478,1198.1786283427896
2026-07-15 01:24:00,2432.914347294261,922.9775784863359,-6561.359204696519,7.046338023286263,-0.5177020911392218,2.5446562841338354,LARETS,1021.289637,2391.327435,-6562.353216,-1411.6247102942611,1468.3498565136642,-0.9940113034817841,2036.8447687282226
2026-07-15 01:27:00,3649.180349843545,813.5293766571227,-5986.166108077463,6.426339113612202,-0.6947103398037952,3.8270833355336475,LARETS,1985.5964860000001,3165.8710690000003,-5987.641982,-1663.583863843545,2352.3416923428776,-1.4758739225371755,2881.149924557729
2026-07-15 01:30:00,4732.252375988201,674.3904542718151,-5191.921310837326,5.570803468147793,-0.8465828763449557,4.971080117419197,LARETS,2896.275545,3800.80134,-5193.852566,-1835.9768309882006,3126.410885728185,-1.9312551626735512,3625.6392098596457
2026-07-15 01:33:00,5642.361669633773,510.6050274708869,-4207.427276476214,4.510313644706988,-0.9677068902495762,5.934397055815673,LARETS,3716.1572220000003,4274.7615080000005,-4209.772726,-1926.2044476337728,3764.1564805291137,-2.345449523786556,4228.373574452347
2026-07-15 01:36:00,6345.96150307251,328.1333675016233,-3068.5480035836144,3.283238557883591,-1.0535520384971457,6.681085856416759,LARETS,4410.817241999999,4573.135679999999,-3071.251079,-1935.1442610725107,4245.002312498376,-2.7030754163856727,4665.279761267821
2026-07-15 01:39:00,6817.018986985342,133.63887866911514,-1816.9369342141504,1.9344537907536832,-1.1008656310862295,7.183000776277144,LARETS,4950.055197,4688.540726,-1819.9239169999998,-1866.9637899853424,4554.901847330885,-2.9869827858494773,4922.671383913505
2026-07-15 01:42:00,7038.04433633347,-65.75632203451494,-498.5150627351576,0.51370824002323,-1.1078246908692728,7.4210537892562956,LARETS,5309.241641,4621.017021,-501.693129,-1728.8026953334702,4686.773343034514,-3.178066264842414,4995.459261016586
2026-07-15 01:45:00,7000.798132454116,-262.7381496388776,838.2462967132117,-0.9263075327142948,-1.0741294742081993,7.386111448150193,LARETS,5470.461673999999,4377.90304,834.989756,-1530.3364584541168,4640.641189638878,-3.2565407132116206,4886.459959122171
2026-07-15 01:48:00,6706.631434055992,-450.077968918854,2144.1648681650668,-2.3320884127137833,-1.0010270002203798,7.079441797253887,LARETS,5423.388140999999,3973.396516,2140.95725,-1283.2432930559926,4423.474484918854,-3.207618165066833,4605.8495586282015
2026-07-15 01:51:00,6166.435457683886,-620.9075517251472,3371.222671651258,-3.651500503499372,-0.891260037840313,6.512662005963801,LARETS,5165.842129,3427.8209610000004,3368.1969759999997,-1000.5933286838863,4048.7285127251475,-3.025695651258502,4170.539381662096
2026-07-15 01:54:00,5400.2035694790575,-768.9783534026499,4474.386861828897,-4.835878110813384,-0.7489452244972872,5.707191827430619,LARETS,4703.999691999999,2766.633835,4471.673497000001,-696.2038774790581,3535.6121884026497,-2.713364828896374,3603.506729305073
2026-07-15 01:57:00,4436.2338822039255,-888.8932530723428,5413.2916613898715,-5.841900275631197,-0.5793914894792143,4.693271052686671,LARETS,4052.2386970000002,2019.234696,5411.009071,-383.9951852039253,2908.1279490723427,-2.282590389871075,2933.3710438085386
2026-07-15 02:00:00,3310.021354730046,-976.3014149748109,6153.711195159772,-6.633152725266616,-0.38887489928505237,3.5086377844446277,LARETS,3232.645404,1217.644031,6151.958116999999,-77.37595073004604,2193.945445974811,-1.7530781597724854,2195.3101673677056
2026-07-15 02:03:00,2062.900927791349,-1028.0500146001384,6668.772301369989,-7.1813294708217,-0.1843873997361752,2.196980125616079,LARETS,2274.20573,395.116877,6667.621943,211.30480220865093,1423.1668916001383,-1.1503583699886804,1438.768586016395
2026-07-15 02:06:00,740.507176115905,-1042.2895736680837,6939.876263457259,-7.467073891165717,0.02662522323650095,0.8062654590367518,LARETS,1211.7354950000001,-415.23969,6939.367813,471.2283188840951,627.0498836680837,-0.5084504572587321,784.377424234249
2026-07-15 02:09:00,-608.8871400709819,-1018.5320168576501,6957.314945618101,-7.4804901690682,0.23652538047995833,-0.6129750703002936,LARETS,84.592987,-1181.789269,6957.453135,693.4801270709819,-163.25725214235,0.13818938189888286,712.4378121041592
2026-07-15 02:12:00,-1936.0980489806202,-957.6620278883984,6720.577727514875,-7.221365981208532,0.4377400812874307,-2.009362799693895,LARETS,-1064.7863810000001,-1875.590316,6721.337385,871.3116679806201,-917.9282881116017,0.7596574851249898,1265.613267137383
2026-07-15 02:15:00,-3192.77398442405,-861.9029057463462,6238.350827095257,-6.699137233491577,0.6230100062250984,-3.3323724761341587,LARETS,-2192.478832,-2471.4773539999997,6239.678519,1000.2951524240502,-1609.5744482536534,1.3276919047430056,1895.0783781152431
2026-07-15 02:18:00,-4333.110717834656,-734.7382527887887,5528.212039399294,-5.932602867305054,0.7856310015357204,-4.5340146275645505,LARETS,-3254.730388,-2948.964054,5530.026768,1078.3803298346556,-2214.2258012112115,1.8147286007060757,2462.8648618557263
2026-07-15 02:21:00,-5315.491438349931,-580.7909619400615,4616.024806628115,-4.949373766369958,0.9196863462362389,-5.570489841244893,LARETS,-4209.648993,-3292.951163,4618.227884,1105.842445349931,-2712.1602010599386,2.203077371885229,2928.9426972375045
2026-07-15 02:24:00,-6104.001453517502,-405.6615733116098,3535.0391268922385,-3.7850260487820444,1.0202645705894289,-6.4037830401130895,LARETS,-5018.871099999999,-3494.211613,3537.52038,1085.130353517503,-3088.55003968839,2.481253107761404,3273.6303072279193
2026-07-15 02:27:00,-6669.761736100059,-215.72940661104903,2324.7152506674256,-2.481933292509399,1.083653303118012,-7.0031361756383514,LARETS,-5649.125184,-3549.628702,2327.357097,1020.6365521000589,-3333.899295388951,2.6418463325744597,3486.6302446100713
2026-07-15 02:30:00,-6992.0228826068005,-17.92191621744478,1029.2996643355816,-1.0877760484924184,1.1074963264128799,-7.3463123440063764,LARETS,-6073.633343,-3462.181608,1031.985332,918.3895396068001,-3444.259691782555,2.685667664418361,3564.59975084273
2026-07-15 02:33:00,-7058.964096974593,180.53986049541692,-303.8002561739995,0.34623482519914295,1.0909001855604583,-7.420553736326686,LARETS,-6273.280438,-3240.672448,-301.17907299999996,785.6836589745935,-3421.212308495417,2.6211831739995546,3510.270551165747
2026-07-15 02:36:00,-6868.152261414639,372.4096025664639,-1625.7796204708827,1.767342138562313,1.0344790227341636,-7.22314617571216,LARETS,-6237.48467,-2899.202126,-1623.316243,630.667591414639,-3271.611728566464,2.463377470882733,3331.844981625489
2026-07-15 02:39:00,-6426.63365243509,550.685996704521,-2888.2609940287452,3.1233203166476136,0.9403315313274667,-6.761533970708775,LARETS,-5964.719476,-2456.420355,-2886.032612,461.91417643508976,-3007.1063517045213,2.2283820287452727,3042.377077638446
2026-07-15 02:42:00,-5750.653028971473,708.8727808566327,-4045.0983521951207,4.364517419102859,0.8119508548563462,-6.052973740966909,LARETS,-5462.6548,-1934.589334,-4043.166833,287.9982289714726,-2643.462114856633,1.9315191951204724,2659.10486129062
2026-07-15 02:45:00,-4865.017924684976,841.2170856180568,-5054.079723403264,5.44573757367035,0.6540751832718649,-5.123763739022031,LARETS,-4747.921004,-1358.514753,-5052.492648,117.09692068497588,-2199.731838618057,1.5870754032639525,2202.8468783536036
2026-07-15 02:48:00,-3802.1460017265413,942.9165129375466,-5878.458478479643,6.327867432968297,0.4724919993023097,-4.008124079445707,LARETS,-3845.512299,-754.398897,-5877.252339,-43.36629727345871,-1697.3154099375465,1.2061394796437526,1697.869750988902
2026-07-15 02:51:00,-2600.8471400044896,1010.2879671967939,-6488.258919951529,6.979190682090804,0.2738112022390844,-2.7468240400565014,LARETS,-2787.861909,-148.671452,-6487.464187,-187.01476899551062,-1158.959419196794,0.794732951529113,1173.951485696014
2026-07-15 02:54:00,-1304.8981903152064,1040.893946397722,-6861.319314328042,7.376376687193023,0.06522137875535343,-1.3856516347797294,LARETS,-1613.639081,433.145547,-6860.963019000001,-308.7408906847936,-607.7483993977219,0.3562953280415968,681.6738087220994
2026-07-15 02:57:00,38.53223309397167,1033.6242792829298,-6984.0510854033655,7.505161541590987,-0.14576003158183373,0.02619899134371249,LARETS,-366.32154599999996,967.489615,-6984.155431,-404.85377909397164,-66.13466428292986,-0.10434559663463006,410.2199253504025
2026-07-15 03:00:00,1380.5563592497151,988.7328175179852,-6851.90390527622,7.360754053691853,-0.351536588658685,1.437776489848873,LARETS,907.40149,1433.692711,-6852.480898,-473.15486924971515,444.95989348201476,-0.5769927237797674,649.5114856743061
2026-07-15 03:03:00,2672.2903175694064,907.8293088404199,-6469.53207788484,6.947993689359988,-0.5446807044458778,2.7980399681864636,LARETS,2159.34955,1814.770047,-6470.581906,-512.9407675694065,906.9407381595801,-1.0498281151603805,1041.9456971009608
2026-07-15 03:06:00,3866.5838825937167,793.8268299984644,-5850.659134205221,6.281266836471175,-0.7181794773492362,4.057543969411236,LARETS,3341.655839,2098.041351,-5852.172048,-524.9280435937167,1304.2145210015356,-1.5129137947797062,1405.890200780467
2026-07-15 03:09:00,4919.7120037428795,650.8451967331753,-5017.637751923218,5.384161879804957,-0.8656776647374836,5.170137075696439,LARETS,4408.593116,2275.560975,-5019.591316999999,-511.11888774287945,1624.7157782668246,-1.9535650767811603,1703.2168663952343
2026-07-15 03:12:00,5792.977849373988,484.0711924034238,-4000.704382528824,4.288824370114333,-0.9817135340387861,6.094649743489279,LARETS,5318.361057,2344.342698,-4003.060832,-474.61679237398766,1860.2715055965762,-2.3564494711758925,1919.8637261514255
2026-07-15 03:15:00,6454.169629005709,299.57764202265076,-2836.9351297094727,3.0349711089200255,-1.061938496229153,6.7965145303304295,LARETS,6034.772098,2306.369796,-2839.6378259999997,-419.3975310057085,2006.7921539773492,-2.702696290527001,2050.1503220120157
2026-07-15 03:18:00,6878.807423106784,104.1054118074655,-1568.922648347591,1.6685410577361646,-1.1033069250641603,7.249228981681744,LARETS,6528.75715,2168.3844900000004,-1571.8951470000002,-350.0502731067836,2064.279078192535,-2.9724986524092856,2093.7507354300305
2026-07-15 03:21:00,7051.115438691734,-95.18488460915626,-243.21210412653807,0.2399993231192615,-1.1042201873145299,7.435550522674366,LARETS,6779.6179919999995,1941.4629539999999,-246.35880300000002,-271.4974466917347,2036.6478386091562,-3.1466988734619576,2054.6666843518146
2026-07-15 03:24:00,6964.662294596193,-290.98184587371645,1091.4455124246927,-1.1976409168518312,-1.0646098793364112,7.348313199159039,LARETS,6775.949006,1640.38967,1088.238351,-188.7132885961928,1931.3715158737164,-3.2071614246926856,1940.5718032336579
2026-07-15 03:27:00,6622.627863319649,-476.1009323092289,2385.9464550186867,-2.5909678272190666,-0.9859498186204372,6.990781276777238,LARETS,6516.170855,1282.863147,2382.80517,-106.4570083196486,1758.964079309229,-3.141285018686631,1762.1854597607205
2026-07-15 03:30:00,6037.678170436596,-643.7575645496873,3592.7059227353225,-3.8883508581378607,-0.8711936018826538,6.376500247835551,LARETS,6008.652644999999,888.575495,3589.7604539999998,-29.02552543659658,1532.3330595496873,-2.94546873532272,1532.610766731673
2026-07-15 03:33:00,5231.456151630262,-787.8225970172078,4667.458448130394,-5.042004807149941,-0.7246427791277894,5.528661046258994,LARETS,5271.406225,478.21385300000003,4664.833885,39.950073369737765,1266.036450017208,-2.6245631303936534,1266.6693291723957
2026-07-15 03:36:00,4233.720986731246,-903.0486798680679,5570.9046646305305,-6.009812118032942,-0.5517578505624213,4.47904448674905,LARETS,4331.377581000001,72.441618,5568.711234,97.65659426875482,975.490297868068,-2.1934306305302016,980.3687789688302
2026-07-15 03:39:00,3081.187977727285,-985.2586711703595,6270.137702259161,-6.756818108492273,-0.3589286473488351,3.266647668192293,LARETS,3223.384161,-309.087659,6268.462743,142.19618327271473,676.1710121703595,-1.6749592591613691,690.9629496039103
2026-07-15 03:42:00,1816.1318916181167,-1031.4903673298568,6739.802184890492,-7.256362699379307,-0.15322136088851707,1.9361050819776338,LARETS,1988.753322,-648.6356920000001,6738.702763,172.62143038188333,382.8546753298567,-1.0994218904916124,419.97270075269256
2026-07-15 03:45:00,484.8190972249125,-1040.0947311993202,6962.958295195655,-7.490855825411918,0.057883184806006405,0.5360046068740119,LARETS,673.736929,-931.164441,6962.457696,188.9178317750875,108.93029019932021,-0.5005991956550133,218.07339563794358
2026-07-15 03:48:00,-864.1702705178701,-1010.7870085197083,6931.638946310479,-7.4522310007939785,0.2667501924084362,-0.882830288599837,LARETS,-672.242549,-1144.9753970000002,6931.7295619999995,191.92772151787005,-134.1883884802919,0.09061568952074595,234.18535842614503
2026-07-15 03:51:00,-2181.6759569623277,-944.6514201784355,6647.097850957108,-7.142117405337162,0.4658457004625548,-2.2690542338918176,LARETS,-1998.4472409999998,-1282.1790449999999,6647.74325,183.2287159623279,-337.52762482156436,0.6453990428926772,384.05478308545344
2026-07-15 03:54:00,-3419.6991635231393,-844.1006200752854,6119.750546100368,-6.571757578151944,0.6479843130849356,-3.5724973510311573,LARETS,-3254.716785,-1338.9794809999999,6120.885544,164.98237852313923,-494.87886092471444,1.134997899631344,521.6565540981225
2026-07-15 03:57:00,-4533.106915274158,-712.7912030826424,5368.811494194767,-5.761673858150349,0.8065695448226885,-4.745843413201289,LARETS,-4393.348418,-1315.7663089999999,5370.347923,139.7584972741588,-602.9751059173575,1.5364288052332995,618.9618538568052
2026-07-15 04:00:00,-5481.252436880361,-555.4967382884839,4421.631550674224,-4.741063843239146,0.9358246070465928,-5.746276011027773,LARETS,-5370.916251000001,-1217.0175419999998,4423.468824,110.33618588036006,-661.5208037115159,1.8372733257756408,670.6617800583458
2026-07-15 04:03:00,-6229.459972228815,-377.94052752793823,3312.7444884503684,-3.5468943920466303,1.0310076340362748,-6.537055381826547,LARETS,-6149.955773,-1051.012957,3314.776174,79.5041992288152,-673.0724294720617,2.031685549631675,677.7547792207822
2026-07-15 04:06:00,-6750.317447686441,-186.59176555272595,2082.640731760477,-2.2226717740527397,1.0886010923517924,-7.088958769993512,LARETS,-6700.440943,-829.366882,2084.7592560000003,49.87650468644097,-642.7751164472741,2.11852423952314,644.7107911214894
2026-07-15 04:09:00,-7024.7185896547635,11.56907712005031,776.3008356672439,-0.8168927131617382,1.1064621600335438,-7.381493869095689,LARETS,-7000.997666,-566.4013120000001,778.4064579999999,23.720923654763283,-577.9703891200504,2.10562233275607,578.4607908614254
2026-07-15 04:12:00,-7042.600486779841,209.30737992326246,-558.4615704364173,0.6187790513280448,1.083920554220233,-7.403787993175788,LARETS,-7039.785813,-278.387524,-556.454871,2.814673779840632,-487.6949039232625,2.006699436417307,487.7071544931807
2026-07-15 04:15:00,-6803.3344695665455,399.4035246467007,-1872.7811632602907,2.031524289108787,1.0218131676021185,-7.155070131908096,LARETS,-6814.992577999999,17.307313999999998,-1870.943179,-11.65810843345389,-382.0962106467007,1.8379842602905683,382.2784376196951
2026-07-15 04:18:00,-6315.7468048124465,574.92215865838,-3118.568399310588,3.3694497627505378,0.9224504965617889,-6.644697372680924,LARETS,-6334.912103000001,303.123869,-3116.950384,-19.16529818755407,-271.79828965838,1.6180153105879072,272.4779567036273
2026-07-15 04:21:00,-5597.7683674148375,729.4693806168773,-4250.300230551085,4.583609128983905,0.78951690202371,-5.8917236001587465,LARETS,-5617.613342000001,562.216998,-4248.935135,-19.844974585163072,-167.2523826168773,1.3650955510856875,168.4311313064532
2026-07-15 04:24:00,-4675.735275620405,857.426650525601,-5226.695146641931,5.629843296252048,0.6279134808105254,-4.924055437598556,LARETS,-4690.205427,779.3199520000001,-5225.60426,-14.470151379594427,-78.1066985256009,1.09088664193132,79.44326069077874
2026-07-15 04:27:00,-3583.381522923603,954.1522662011328,-6012.205159578816,6.470350811356855,0.44355707555196605,-3.7772764040886986,LARETS,-3587.749213,941.520575,-6011.405284,-4.367690076397139,-12.631691201132753,0.7998755788157723,13.389404025042284
2026-07-15 04:30:00,-2360.577064136136,1016.1438765299772,-6578.273687878563,7.074940526711694,0.24315065505679329,-2.493236961573896,LARETS,-2351.8781609999996,1038.911811,-6577.781889000001,8.698903136136323,22.767934470022738,0.4917988785618945,24.378097176360722
2026-07-15 04:33:00,-1051.8696552289646,1041.1581474266832,-6904.325693681834,7.421959814596528,0.03393882153235204,-1.118503172395277,LARETS,-1029.196297,1065.08975,-6904.160699,22.673358228964617,23.931602573316923,0.1649946818342869,32.96710479176448
2026-07-15 04:36:00,295.11285346147133,1028.2858515623325,-6978.4712926796365,7.4989208221708195,-0.17654162882482857,0.2972656744790059,LARETS,330.482604,1017.484014,-6978.6507759999995,35.36975053852865,-10.80183756233248,-0.17948332036303327,36.982849567644905
2026-07-15 04:39:00,1631.3483122018474,977.9820240313808,-6797.914056782026,7.302857725426522,-0.3807108339631853,1.7029704465489928,LARETS,1675.988179,897.507319,-6798.449654,44.639866798152525,-80.47470503138072,-0.5355972179741002,92.02816265700643
2026-07-15 04:42:00,2908.1480681729518,892.0514157924714,-6369.059950898981,6.840438984149557,-0.5711932088322446,3.0477432335108685,LARETS,2956.694558,710.5199399999999,-6369.95897,48.54648982704839,-181.5314757924715,-0.8990191010188937,187.91286973824964
2026-07-15 04:45:00,4078.883130680122,773.5895727072489,-5707.323869420165,6.127836089797018,-0.7410630470714359,4.282635744025207,LARETS,4124.4136069999995,465.608233,-5708.588581,45.53047631987738,-307.9813397072489,-1.2647115798354207,311.331221333754
2026-07-15 04:48:00,5100.663056164213,626.8799409170053,-4836.631069975275,5.190324780510658,-0.8840870889046017,5.362318671566922,LARETS,5135.213527,175.182253,-4838.253843,34.550470835786655,-451.69768791700534,-1.622773024725575,453.02005440910966
2026-07-15 04:51:00,5935.915919809185,457.2479395273374,-3788.613828886971,4.061578033407689,-0.9949589822227656,6.246762041446924,LARETS,5951.108329,-145.59430300000002,-3790.573105,15.192409190814942,-602.8422425273375,-1.9592761130288636,603.0368292528223
2026-07-15 04:54:00,6553.810254410713,270.87428488570987,-2601.5119349593338,2.7826116262722165,-1.0695156463722684,6.9028330673022555,LARETS,6541.550862,-479.523123,-2603.767537,-12.25939241071319,-750.3974078857099,-2.2556020406664175,750.5009328471472
2026-07-15 04:57:00,6931.454524536337,74.57204787065663,-1318.7999732672217,1.4003662197520046,-1.1049212981209777,7.305716529085697,LARETS,6884.6577130000005,-808.210912,-1321.291222,-46.79681153633646,-882.7829598706567,-2.491248732778331,884.0259623609554
2026-07-15 05:00:00,7054.810258853214,-124.46530008152062,12.416715430873552,-0.03404892873303686,-1.0998030433775106,7.440045288735043,LARETS,6968.100201,-1112.989994,9.771194,-86.71005785321358,-988.5246939184794,-2.6455214308735524,992.3238903720762
2026-07-15 05:03:00,6919.263833960602,-318.9347846452553,1343.175356473046,-1.4673763666608979,-1.0543235501338815,7.300633754537955,LARETS,6789.603993,-1375.87235,1340.474241,-129.6598409606022,-1056.9375653547447,-2.701115473046002,1064.8643047077608
2026-07-15 05:06:00,6529.819373052765,-501.70150030499246,2624.519278871444,-2.8463769515509316,-0.9701814348991482,6.892736720105035,LARETS,6357.02546,-1580.488435,2621.871937,-172.79391305276476,-1078.7869346950074,-2.6473418714440413,1092.54107258067
2026-07-15 05:09:00,5900.899163260852,-666.0695503507069,3809.3627405812285,-4.119998553483927,-0.8505375637533237,6.231804366785307,LARETS,5687.994712000001,-1712.957411,3806.8823679999996,-212.9044512608516,-1046.887860649293,-2.4803725812289485,1068.320481124311
2026-07-15 05:12:00,5055.764396143084,-806.0334677690994,4854.267838200814,-5.2414025644071005,-0.6998736554127452,5.342759768822619,LARETS,4809.1446940000005,-1762.640993,4852.063134999999,-246.6197021430835,-956.6075252309006,-2.204703200814947,987.888706044226
2026-07-15 05:15:00,4025.5931621360482,-916.4990283473918,5721.053666443151,-6.1697288568279935,-0.5237963360462343,4.258874138631128,LARETS,3754.979389,-1722.7432509999999,5719.217976,-270.61377313604817,-806.2442226526081,-1.8356904431511794,850.4498401028951
2026-07-15 05:18:00,2848.270424471029,-993.465131892372,6378.174572688677,-6.871523012301215,-0.3288035349798487,3.020345574067749,LARETS,2566.447583,-1590.7267960000001,6376.777696,-281.8228414710288,-597.2616641076281,-1.396876688676457,660.4146883980559
2026-07-15 05:21:00,1566.9539611666155,-1034.161532997608,6801.824364017088,-7.321798532645568,-0.1220301718407774,1.6726933090214744,LARETS,1289.292823,-1368.532412,6800.907535,-277.6611381666155,-334.37087900239203,-0.9168290170873661,434.6267743113155
2026-07-15 05:24:00,228.48121149530226,-1037.140010036767,6976.74230495233,-7.504747937116699,0.08901305888805618,0.2650630442637199,LARETS,-27.741032999999998,-1062.595351,6976.317491000001,-256.2222444953023,-25.455340963232857,-0.4248139523297141,257.4839673157515
2026-07-15 05:27:00,-1118.3229976047887,-1002.3186089940442,6896.711279241255,-7.41414002147776,0.29669894090050186,-1.1514917781988732,LARETS,-1334.7793459999998,-683.657186,6896.762137,-216.45634839521108,318.6614229940442,0.050857758744314197,385.2252014753056
2026-07-15 05:30:00,-2424.385063932182,-930.9797328190286,6564.747093730198,-7.053442388521425,0.4935370416203203,-2.5257207304092746,LARETS,-2582.691493,-246.383443,6565.229656,-158.3064290678176,684.5962898190287,0.4825622698026564,702.6615389962138
2026-07-15 05:33:00,-3642.120544823753,-825.7232419089801,5992.981329763806,-6.4356922318367245,0.6724202154802561,-3.8078702387020944,LARETS,-3724.9170780000004,231.201125,5993.827627000001,-82.79653317624752,1056.9243669089801,0.8462972361949141,1060.16277028151
2026-07-15 05:36:00,-4727.12629971594,-690.3758067413986,5202.240959358071,-5.583113664461821,0.8268638503860682,-4.951357144035241,LARETS,-4719.195477,728.441601,5203.367346,7.930822715939939,1418.8174077413987,1.1263866419285478,1418.84002030033
2026-07-15 05:39:00,-5639.779318872269,-529.858014218023,4221.329511049374,-4.526458558074061,0.951235093479853,-5.914405448466208,LARETS,-5529.144139,1222.922353,4222.645446,110.63517987226896,1752.780367218023,1.3159349506267972,1756.2690256379035
2026-07-15 05:42:00,-6346.689622595973,-350.01158315965597,3086.019849651242,-3.3040403587577516,1.0409652580520592,-6.661603267206259,LARETS,-6125.624586,1691.44699,3087.4340180000004,221.06503659597274,2041.4585731596558,1.4141683487582668,2053.3934976531787
2026-07-15 05:45:00,-6821.949922068697,-157.3906587765696,1837.7791116386175,-1.9604422561282473,1.0927344609514953,-7.1653075399166,LARETS,-6487.837061,2111.089168,1839.204645,334.1128610686965,2268.4798267765696,1.425533361382577,2292.953152720118
2026-07-15 05:48:00,-7048.123923992361,40.97660645588127,522.2614770168592,-0.5449113217784753,1.1046149654662176,-7.40680320373079,LARETS,-6604.0974479999995,2460.2671290000003,523.623276,444.02647599236116,2419.290522544119,1.3617989831408295,2459.7007944769343
2026-07-15 05:51:00,-7016.920923518498,237.8475230161272,-812.3781903336272,0.8905085903535671,1.0761599419856616,-7.377120508762599,LARETS,-6472.25061,2719.7907400000004,-811.1379059999999,544.670313518498,2481.9432169838733,1.2402843336273008,2541.0055924900726
2026-07-15 05:54:00,-6729.517619369035,426.0346021823101,-2117.2808735228423,2.293011622122187,1.0084277782419473,-7.077432772280562,LARETS,-6099.689691,2873.8230040000003,-2116.199544,629.8279283690354,2447.78840181769,1.0813295228422248,2527.5190303339696
2026-07-15 05:57:00,-6196.50773938812,598.673518620485,-3344.710349021282,3.611110164767478,0.9039380547636258,-6.518994262549569,LARETS,-5502.980379,2910.70781,-3343.805733,693.5273603881205,2312.034291379515,0.9046160212819814,2413.8110080227566
2026-07-15 06:00:00,-5437.483083006356,749.4771964020816,-4449.827773214974,4.79663025274661,0.7665624306749451,-5.722625405984865,LARETS,-4707.10517,2823.618458,-4449.104928000001,730.3779130063558,2074.1412615979184,0.7228452149729492,2198.980307182338
2026-07-15 06:03:00,-4480.271983355072,872.9651055958122,-5392.336654289375,5.806506574028797,0.601360179514041,-4.717798316213084,LARETS,-3744.3739640000003,2610.9933730000002,-5391.7967180000005,735.8980193550715,1738.028267404188,0.5399362893740545,1887.4025656223735
2026-07-15 06:06:00,-3359.879155243689,964.6590284830877,-6137.933662406197,6.6042950476320135,0.4143723832094129,-3.5414084673433948,LARETS,-2653.0661809999997,2276.7427979999998,-6137.579239,706.8129742436895,1312.083769516912,0.3544234061973839,1490.3518122929465
2026-07-15 06:09:00,-2117.181890997694,1021.2392177525443,-6659.517577980818,7.1613634213679,0.21238992260033088,-2.2363308907531594,LARETS,-1475.8776189999999,1830.2232279999998,-6659.3556579999995,641.3042719976943,808.9840102474556,0.16191998081831116,1032.34021733953
2026-07-15 06:12:00,-797.4410380161572,1040.6574519525716,-6938.125847865915,7.457759896507814,0.0027084371448580628,-0.8498504902650529,LARETS,-258.235313,1285.980458,-6938.16925,539.2057250161572,245.3230060474284,-0.04340213408522686,592.3902371495428
2026-07-15 06:15:00,551.3173517644645,1022.2055172204308,-6963.582290456555,7.482785814714854,-0.20712066247954325,0.5679686548181113,LARETS,953.445368,663.27498,-6963.846407999999,402.1280162355355,-358.9305372204308,-0.2641175434446268,539.0159012023215
2026-07-15 06:18:00,1879.9993479565924,966.538864177581,-6734.848456730024,7.235305058285315,-0.40953866730205396,1.965940673459362,LARETS,2113.5066340000003,-14.591449,-6735.350558,233.50728604340793,-981.130313177581,-0.502101269976265,1008.5348760340325
2026-07-15 06:21:00,3140.17410853513,875.6556614599821,-6260.0749981187355,6.723810651981561,-0.5972265213875372,3.2934323983151126,LARETS,3178.7520329999998,-721.134002,-6260.834022,38.57792446486974,-1596.789663459982,-0.7590238812645111,1597.2557909445538
2026-07-15 06:24:00,4285.7948174513,752.8315221373226,-5556.350028481117,5.96624507189794,-0.7633502636925303,4.502054971291024,LARETS,4110.049267,-1427.7006489999999,-5557.38213,-175.7455504513,-2180.5321711373226,-1.0321015188828824,2187.6032805565596
2026-07-15 06:27:00,5274.863048584711,602.5103028997906,-4649.142064452001,4.989546053382179,-0.9018031380373089,5.547362873453617,LARETS,4873.783626,-2104.6151910000003,-4650.454778,-401.0794225847103,-2707.125493899791,-1.3127135479990102,2736.67587890125
2026-07-15 06:30:00,6070.98350380835,430.1520431559866,-3571.4390080391563,3.8288759129861365,-1.0074384464144126,6.3905244280781135,LARETS,5443.115838000001,-2722.4151979999997,-3573.026593,-627.8676658083496,-3152.5672411559863,-1.587584960843742,3214.4829345018306
2026-07-15 06:33:00,6644.748703442392,242.04061463342865,-2362.594087775985,2.526497957363741,-1.0762822803388434,6.999893749072147,LARETS,5798.987127,-3253.1325309999997,-2364.433232,-845.7615764423917,-3495.1731456334282,-1.8391442240149445,3596.0466271441574
2026-07-15 06:36:00,6974.888754743477,45.05598452020781,-1066.905064903211,1.1302906448334147,-1.1057113202997138,7.352384421852339,LARETS,5930.82226,-3671.557941,-1068.951415,-1044.066494743477,-3716.613925520208,-2.046350096788956,3860.478999342618
2026-07-15 06:39:00,7049.123336333995,-153.5811741016576,268.02751873152204,-0.30806623279125506,-1.0945795934177065,7.434531652575883,LARETS,5836.8865319999995,-3956.426839,265.839765,-1212.2368043339957,-3802.8456648983424,-2.1877537315220366,3991.3854746296306
2026-07-15 06:42:00,6864.663601931082,-346.5820335263879,1593.0973766212453,-1.7351499121073723,-1.0432803336168248,7.243139578930316,LARETS,5524.27147,-4091.4638990000003,1590.8515049999999,-1340.392131931082,-3744.8818654736124,-2.245871621245442,3977.536460880681
2026-07-15 06:45:00,6428.330643598874,-526.8667951542923,2859.563198041296,-3.097972927856638,-0.9537347347742995,6.7854442863071105,LARETS,5008.5014759999995,-4066.226912,2857.3549759999996,-1419.8291675988748,-3539.360116845708,-2.208222041296267,3813.5272095695295
2026-07-15 06:48:00,5756.281911144316,-687.8331770810375,4020.903307229393,-4.346135243767388,-0.829307203584025,6.078773822074639,LARETS,4312.777614,-3876.695934,4018.834104,-1443.5042971443163,-3188.862756918962,-2.0692032293927696,3500.3649266813472
2026-07-15 06:51:00,4873.3633093585195,-823.6035445677672,5034.5661601912,-5.433808823650087,-0.6746547892911947,5.149741830790349,LARETS,3466.911025,-3525.583522,5032.732313,-1406.4522843585196,-2701.9799774322328,-1.833847191199311,3046.113456458493
2026-07-15 06:54:00,3812.127876630482,-929.2400182765803,5863.539589523481,-6.321442486640386,-0.4955247854540245,4.033057573985827,LARETS,2506.001911,-3022.354769,5862.023394000001,-1306.1259656304824,-2093.11475072342,-1.516195523479837,2467.2042267795728
2026-07-15 06:57:00,2611.57820923957,-1000.919756192612,6477.679360098984,-6.97712020238001,-0.2985176051754776,2.770061203833824,LARETS,1468.938075,-2382.95756,6476.542018,-1142.6401342395698,-1382.0378038073877,-1.137342098983936,1793.2251005032301
2026-07-15 07:00:00,1315.6973770745642,-1036.0656901287414,6854.75773489808,-7.377554384503038,-0.09083146790139718,1.4070947017869326,LARETS,396.788926,-1629.2855989999998,6854.034702999999,-918.9084510745643,-593.2199088712584,-0.7230318980809898,1093.7564283297286
2026-07-15 07:03:00,-28.167344604494534,-1033.430686947137,6981.211090785222,-7.5087341362124755,0.11999813618990096,-0.006201079332692607,LARETS,-668.833461,-788.4023149999999,6980.90962,-640.6661163955055,245.0283719471371,-0.3014707852216816,685.924242639811
2026-07-15 07:06:00,-1371.0092907656467,-993.1349855675535,6852.579066471919,-7.366267716507764,0.32635629068432054,-1.4186049401805807,LARETS,-1687.382288,108.444511,6852.6782379999995,-316.3729972343533,1101.5794965675534,0.09917152808066021,1146.110496624154
2026-07-15 07:09:00,-2663.9043119867233,-916.6577389521045,6473.635211657811,-6.955456406082087,0.520800555548333,-2.7790229052866895,LARETS,-2620.902272,1026.9829009999999,6474.088829,43.0020399867235,1943.6406399521043,0.45361734218931815,1944.116333578096
2026-07-15 07:12:00,-3859.7434700168506,-806.7837922746698,5858.211790600331,-6.2911183274640035,0.6963063550751696,-4.038178472650606,LARETS,-3435.429976,1931.215426,5858.953235,424.31349401685065,2737.99921827467,0.7414443996685804,2770.682625314074
2026-07-15 07:15:00,-4914.911266753019,-667.5069015683099,5028.7220810661565,-5.397155787636881,0.8465051569269453,-5.150281048946249,LARETS,-4102.227315,2784.8166779999997,5029.671381,812.6839517530188,3452.3235795683095,0.9492999338435766,3546.6877794148463
2026-07-15 07:18:00,-5790.861042310804,-503.89094113657734,4015.385587765132,-4.305840317960339,0.9659120302199808,-6.074651756556216,LARETS,-4598.810952,3552.5870299999997,4016.4578659999997,1192.050090310804,4056.4779711365773,1.0722782348675537,4228.001667207208
2026-07-15 07:21:00,-6455.533885963907,-321.8916367293091,2855.1678034861197,-3.056785544587532,1.0501349821687367,-6.777257877218423,LARETS,-4909.737207,4201.907088999999,2856.2799640000003,1545.7966789639067,4523.798725729308,1.1121605138805535,4780.611207838069
2026-07-15 07:24:00,-6884.563183066681,-128.14310990908697,1590.4576254621602,-1.695593723513745,1.0960544765314366,-7.23207848758405,LARETS,-5027.106817,4704.1333779999995,1591.534948,1857.4563660666809,4832.276487909086,1.077322537839791,5176.972220136445
2026-07-15 07:27:00,-7062.207193159395,70.28416293608466,267.52133840549436,-0.2721948405755274,1.1019593844082562,-7.422205802281706,LARETS,-4950.76253,5035.872633999999,268.503944,2111.4446631593946,4965.588471063915,0.9826055945056282,5395.856595116378
2026-07-15 07:30:00,-6981.959236308061,266.14492815277265,-1065.210539184147,1.1610607697538418,1.0676264120839078,-7.340587743935656,LARETS,-4688.1662910000005,5180.062019,-1064.3619899999999,2293.7929453080606,4913.917090847227,0.8485491841470321,5422.920612705041
2026-07-15 07:33:00,-6646.799719398406,452.2892076560609,-2358.952024185278,2.551456007741768,0.9943339880771878,-6.990339879278876,LARETS,-4253.959049,5126.80295,-2358.2546979999997,2392.8406703984056,4674.513742343939,0.6973261852781434,5251.358461154488
2026-07-15 07:36:00,-6069.074807974554,621.9286912356471,-3566.3850587788716,3.847981269340265,0.8848078921518557,-6.384595000825749,LARETS,-3669.2153590000003,4873.896695,-3565.839576,2399.8594489745533,4251.968003764353,0.5454827788717012,4882.474534231564
2026-07-15 07:39:00,-5270.009773460345,768.8874893560749,-4643.4151375804595,5.003300105191725,0.7431030542400857,-5.5459067728342815,LARETS,-2960.4400729999998,4427.052985,-4643.015335,2309.5697004603453,3658.165495643925,0.3998025804594363,4326.23244343694
2026-07-15 07:42:00,-4278.886873560779,887.8266457039338,-5550.783843609647,5.975495883194009,0.5744321543673442,-4.505267996211407,LARETS,-2158.362863,3799.7682999999997,-5550.5228,2120.5240105607795,2911.941654296066,0.26104360964745865,3602.2251936175576
2026-07-15 07:45:00,-3131.9344091960147,974.4340969495593,-6255.476736976275,6.729525119923174,0.384955413905898,-3.3008334120119893,LARETS,-1296.601165,3012.894358,-6255.34791,1835.3332441960147,2038.4602610504407,0.1288269762744676,2742.94884562751
2026-07-15 07:48:00,-1870.9831476185198,1025.5744477646897,-6731.882250774504,7.238346027773299,0.18154652791990747,-1.9764453359391088,LARETS,-410.25006099999996,2093.915412,-6731.882941,1460.7330866185198,1068.3409642353101,-0.0006902254954184173,1809.7219582592727
2026-07-15 07:51:00,-541.9484584949504,1039.3954349457815,-6962.674065456147,7.483728524432567,-0.028452735611040794,-0.5800480002354271,LARETS,465.540127,1075.966667,-6962.807439,1007.4885854949504,36.5712320542184,-0.1333735438529402,1008.1521327186099
2026-07-15 07:54:00,806.8068656389144,1015.3898398646311,-6939.402634097864,7.456774561570535,-0.2374810408208256,0.8379502323692093,LARETS,1296.940439,-3.361025,-6939.678921,490.1335733610856,-1018.7508648646311,-0.27628690213532536,1130.5239142683329
2026-07-15 07:57:00,2126.179836933099,954.4126797924557,-6662.789462409373,7.15818041940099,-0.43800538594005367,2.226337937118671,LARETS,2052.734594,-1103.395226,-6663.227313,-73.44524293309905,-2057.807905792456,-0.43785059062702203,2059.118202669428
2026-07-15 08:00:00,3368.059838661593,858.6538754453202,-6142.720785145054,6.598257502848625,-0.6227677800985244,3.5347785873276396,LARETS,2705.4804139999997,-2181.8936320000003,-6143.34322,-662.5794246615933,-3040.5475074453207,-0.6224348549458227,3111.9031197069726
2026-07-15 08:03:00,4487.042652849985,731.5666218882143,-5397.937647529243,5.796703132571965,-0.7850305806322742,4.715505034796682,LARETS,3232.5088650000002,-3196.645845,-5398.766764000001,-1254.5337878499845,-3928.2124668882143,-0.829116470757981,4123.676623755473
2026-07-15 08:06:00,5442.078372962,577.7518799660156,-4455.420386543355,4.782089350086319,-0.918818063686181,5.725016881369864,LARETS,3616.73316,-4107.127392,-4456.474473,-1825.3452129619996,-4684.879271966016,-1.0540864566455639,5027.920052116817
2026-07-15 08:09:00,6197.998697706667,402.8002095150184,-3349.4703249110653,3.591027179755636,-1.0191474226961852,6.525738536143214,LARETS,3847.230034,-4876.140754999999,-3350.754802,-2350.768663706667,-5278.940964515018,-1.2844770889346364,5778.696450496545
2026-07-15 08:12:00,6726.861990576292,213.09382932604734,-2120.502116611408,2.2669735061144225,-1.0822374845011455,7.08756154117945,LARETS,3919.569293,-5471.372167,-2122.004112,-2807.2926975762916,-5684.465996326047,-1.5019953885921495,6339.877617844244
2026-07-15 08:15:00,7009.051029635496,15.574246412072313,-813.5765581135403,0.8586785630855638,-1.1056798460024504,7.389167334612141,LARETS,3835.875583,-5866.801915,-815.263895,-3173.175446635496,-5882.376161412072,-1.687336886459775,6683.6662518849025
2026-07-15 08:18:00,7034.061919691832,-182.5163335884614,523.2764513290723,-0.581682334792832,-1.0885564188134509,7.41901718940287,LARETS,3604.605677,-6043.884188,521.455343,-3429.4562426918324,-5861.367854411538,-1.821108329072331,6790.935617549502
2026-07-15 08:21:00,6800.934892184607,-373.9089204704026,1840.8756442252686,-2.00060050058887,-1.0314902600724793,7.175910798590196,LARETS,3240.047255,-5992.428382,1838.989972,-3560.887637184607,-5618.519461529598,-1.8856722252685358,6651.893359037016
2026-07-15 08:24:00,6318.298025868448,-551.5842251928585,3090.762973009591,-3.3454185055662244,-0.9366227037349297,6.669052799605023,LARETS,2761.564638,-5711.12958,3088.8970759999997,-3556.7333878684485,-5159.545354807141,-1.8658970095912082,6266.678876587005
2026-07-15 08:27:00,5604.0203342179775,-709.0384084886568,4227.0448552366515,-4.566460519569736,-0.8075178094100938,5.917619200986035,LARETS,2192.628197,-5207.714406,4225.2931849999995,-3411.3921372179775,-4498.675997511344,-1.7516702366519894,5645.855569602001
2026-07-15 08:30:00,4684.496738712732,-840.5256955121813,5208.1134267331545,-5.6189708300785774,-0.6490030374121311,4.94987026703978,LARETS,1559.68771,-4498.706207,5206.570087,-3124.8090287127316,-3658.180511487819,-1.5433397331544256,4811.1036678138025
2026-07-15 08:33:00,3593.6095438177877,-941.2676376028348,5998.173704408677,-6.464756180667548,-0.46696088770496297,3.8018993934971035,LARETS,890.952361,-3608.8264470000004,5996.922492,-2702.6571828177875,-2667.5588093971655,-1.25121240867702,3797.397452856561
2026-07-15 08:36:00,2371.425691507236,-1007.6217394317736,6568.521028891454,-7.073474529334016,-0.26808870137942103,2.5161290263434246,LARETS,215.136156,-2570.065287,6567.629532,-2156.289535507236,-1562.4435475682262,-0.8914968914541532,2662.8584632012085
2026-07-15 08:39:00,1062.6949997843144,-1037.205214979218,6898.533256807918,-7.423560249089408,-0.05964265868277632,1.1396616377226814,LARETS,-439.769499,-1420.4753910000002,6898.044809999999,-1502.4644987843144,-383.2701760207822,-0.4884468079189901,1550.579193886751
2026-07-15 08:42:00,-284.7870969940408,-1028.9721948558629,6976.35975688319,-7.502811055710504,0.15082194150741657,-0.27742939382742565,LARETS,-1047.640901,-202.750225,6976.287582000001,-762.8538040059592,826.2219698558629,-0.072174883189291,1124.5393167729078
2026-07-15 08:45:00,-1621.8950609924254,-983.244419579075,6799.301574746606,-7.308677119186255,0.3557071395570836,-1.683817187506427,LARETS,-1585.248753,1037.3686870000001,6799.630303,36.64630799242536,2020.613106579075,0.3287282533938196,2020.9454189638277
2026-07-15 08:48:00,-2899.9168040655627,-901.6962840241882,6373.8835442427335,-6.848286986552626,0.5476229242115747,-3.0286255916971117,LARETS,-2033.133749,2252.801972,6374.573506,866.7830550655626,3154.4982560241883,0.6899617572662464,3271.4175196473566
2026-07-15 08:51:00,-4072.279540787713,-787.2953226933175,5715.621170119674,-6.138224203884511,0.7196316077224315,-4.263115765265322,LARETS,-2376.3041519999997,3396.9043730000003,5716.61282,1695.9753887877132,4184.199695693318,0.9916498803258946,4514.848900703452
2026-07-15 08:54:00,-5096.21238333087,-644.1993129343147,4848.485798170209,-5.204043689813807,0.8654849463679329,-5.342348800458849,LARETS,-2604.735159,4425.246263,4849.704644,2491.47722433087,5069.445575934315,1.2188458297914622,5648.605021800038
2026-07-15 08:57:00,-5934.296385223732,-477.6116131871607,3804.0742811392706,-4.0794998170998475,0.9798498964187703,-6.226798854259039,LARETS,-2713.656889,5297.348743,3805.438278,3220.639496223732,5774.96035618716,1.3639968607294577,6612.313342594785
2026-07-15 09:00:00,-6555.847372812768,-293.5974809897116,2620.4965405978805,-2.8054577402149383,1.0585146065319815,-6.88386226291741,LARETS,-2703.618289,5978.307718999999,2621.923104,3852.2290838127683,6271.905199989711,1.4265634021194273,7360.466410962968
2026-07-15 09:03:00,-6938.073282966467,-98.86599230403122,1341.0068624397622,-1.4284789115116059,1.0985624601395383,-7.289180589553597,LARETS,-2580.320445,6440.231844999999,1342.417911,4357.752837966467,6539.097837304031,1.4110485602377594,7858.104880548305
2026-07-15 09:06:00,-7066.949169676991,99.47543147822597,12.421130567744518,0.0008926882779402823,1.0985002852930867,-7.427680640466726,LARETS,-2354.225507,6663.4262309999995,13.749508,4712.723662676991,6563.950799521774,1.3283774322554827,8080.5455375169295
2026-07-15 09:09:00,-6937.7616658057095,294.18446424231126,-1316.6205164294079,1.430074583560754,1.0583282064301118,-7.294239613364587,LARETS,-2039.957175,6637.262094,-1315.423165,4897.804490805709,6343.077629757689,1.197351429407945,8013.933121815993
2026-07-15 09:12:00,-6555.290649912035,478.15397049812856,-2597.471733764535,2.8065136186035153,0.9795430433112922,-6.893910014646888,LARETS,-1655.521292,6360.680622000001,-2596.434733,4899.769357912035,5882.526651501872,1.0370007645351507,7655.83833696442
2026-07-15 09:15:00,-5933.617241328279,644.6765616507864,-3783.296788277721,4.079749499972745,0.8650737320490662,-6.241681515980056,LARETS,-1221.381787,5842.285979,-3782.438842,4712.235454328279,5197.609417349214,0.857946277721112,7015.718592447783
2026-07-15 09:18:00,-5095.570527509143,787.691790986973,-4830.804465872802,5.203346680577927,0.7191543483385145,-5.361805250244094,LARETS,-759.449673,5100.041429999999,-4830.136699,4336.120854509143,4312.349639013026,0.667766872802531,6115.41526962131
2026-07-15 09:21:00,-4071.8465522120105,902.0057233210697,-5701.825915713064,6.136589957619849,0.5471461783974968,-4.2867481124342275,LARETS,-292.039485,4160.595616,-5701.352001,3779.80706721201,3258.58989267893,0.4739147130640049,4990.526002197594
2026-07-15 09:24:00,-2899.8486190515714,983.475003553423,-6364.67799352057,6.845877418872258,0.35532351062152345,-3.0558703044775877,LARETS,159.160389,3058.274892,-6364.396156000001,3059.0090080515715,2074.799888446577,0.2818375205697521,3696.259023373629
2026-07-15 09:27:00,-1622.3060557691679,1029.150228757073,-6795.271098710802,7.3057871877354374,0.15063781777108093,-1.7139235573529648,LARETS,574.0559039999999,1833.786069,-6795.179106,2196.3619597691677,804.6358402429271,0.09199271080251492,2339.1119473396648
2026-07-15 09:30:00,-285.72949545613733,1037.3758436488115,-6977.936843855884,7.4998298948643765,-0.05952784648720116,-0.3094516568782996,LARETS,935.010556,532.693964,-6978.035283,1220.7400514561373,-504.68187964881145,-0.09843914411612786,1320.9504466728702
2026-07-15 09:33:00,1061.243357326516,1007.8455209797385,-6905.963164468315,7.4209178193972525,-0.2676068649477433,1.1068534006963848,LARETS,1227.573568,-796.2686970000001,-6906.2588399999995,166.3302106734841,-1804.1142179797384,-0.2956755316845374,1811.7654202250767
2026-07-15 09:36:00,2369.563248634207,941.6129154980647,-6581.831388056989,7.071580677354482,-0.46609648471505316,2.4838159635281274,LARETS,1441.048312,-2103.007468,-6582.336621,-928.5149366342071,-3044.6203834980643,-0.5052329430109239,3183.057260312018
2026-07-15 09:39:00,3591.5019617822213,841.0579536481561,-6017.152096166476,6.463940271900186,-0.6478043321658798,3.771458168698083,LARETS,1568.8836019999999,-3337.927679,-6017.878887,-2022.6183597822214,-4178.985632648156,-0.7267908335234097,4642.7261900130125
2026-07-15 09:42:00,4682.357713203847,709.8088424792857,-5232.2968336371005,5.619430546516617,-0.8060936810117307,4.922696814797153,LARETS,1608.8789909999998,-4453.8064380000005,-5233.254525,-3073.4787222038476,-5163.615280479286,-0.9576913628998227,6009.092705043892
2026-07-15 09:45:00,5602.084628498678,552.6202526942676,-4255.724214925295,4.5682277702043095,-0.9351243729331851,5.8950375176900005,LARETS,1563.192898,-5407.61942,-4256.914973,-4038.891730498678,-5960.239672694268,-1.1907580747047177,7199.798940564526
2026-07-15 09:48:00,6316.79033578068,375.20907995086196,-3123.004807508395,3.3483484838807636,-1.0300816857432116,6.652217480397846,LARETS,1438.1528170000001,-6162.244468000001,-3124.418226,-4878.63751878068,-6537.453547950863,-1.413418491604716,8157.168928557363
2026-07-15 09:51:00,6800.0390033440035,184.05101082539852,-1875.5609695284427,2.004386741273336,-1.0873806338472403,7.165714327350405,LARETS,1243.869125,-6687.977734,-1877.170889,-5556.169878344003,-6872.0287448253985,-1.6099194715573049,8837.183113332238
2026-07-15 09:54:00,7033.894806669282,-13.856309254363806,-559.1550943765508,0.5858965236048955,-1.1048300061249674,7.416013729829176,LARETS,993.669743,-6963.781769,-560.918141,-6040.225063669282,-6949.9254597456365,-1.7630466234492133,9207.91973380158
2026-07-15 09:57:00,7009.645955903124,-211.25481960331766,777.8201631392753,-0.8545275673012285,-1.0817403383427404,7.393523470121778,LARETS,703.377931,-6978.194961,775.964228,-6306.268024903124,-6766.9401413966825,-1.8559351392752887,9249.891822267791
2026-07-15 10:00:00,6728.163331107426,-400.9010248423033,2086.1772214518373,-2.263370531564965,-1.018963532456907,7.099041057730599,LARETS,390.470414,-6729.845197,2084.301498,-6337.692917107425,-6328.944172157697,-1.8757234518375299,8956.667313469947
2026-07-15 10:03:00,6199.869340322986,-575.8414739865723,3317.808697190207,-3.588382517655992,-0.9188584170756355,6.543723492467349,LARETS,73.160787,-6227.537635,3315.994498,-6126.7085533229865,-5651.696161013428,-1.8141991902070913,8335.360249268993
2026-07-15 10:06:00,5444.318518171489,-729.6754916766124,4427.512043957764,-4.780682301425979,-0.7851846698493706,5.7485618750302585,LARETS,-230.54309400000002,-5489.9023990000005,4425.846232,-5674.861612171489,-4760.226907323388,-1.6658119577641628,7407.011360962845
2026-07-15 10:09:00,4489.417030716241,-856.7930645115969,5374.678843802466,-5.7966459326850055,-0.6229351742812465,4.743416911496405,LARETS,-503.75743900000003,-4544.6328300000005,5373.246212,-4993.174469716241,-3687.839765488404,-1.4326318024659486,6207.411334314612
2026-07-15 10:12:00,3370.3291351922685,-952.5781290544479,6124.777863403586,-6.5994844975378815,-0.4381221838016621,3.565710804294144,LARETS,-731.565454,-3427.367521,6123.652462,-4101.8945891922685,-2474.7893919455523,-1.1254014035857836,4790.6286666636315
2026-07-15 10:15:00,2128.1316589098747,-1013.5705008729665,6650.580110065087,-7.160463052219564,-0.23753447571661887,2.2588878409864064,LARETS,-901.745251,-2180.271969,6649.819748,-3029.8769099098745,-1166.7014681270334,-0.7603620650870653,3246.744058758752
2026-07-15 10:18:00,808.2818768287874,-1037.5826710385882,6933.09402961569,-7.459758753109782,-0.02848094080020137,0.8707485431282548,LARETS,-1005.352126,-850.395093,6932.732229,-1813.6340028287873,187.18757803858819,-0.3618006156893898,1823.2683884958922
2026-07-15 10:21:00,-541.0386704572021,-1023.7701149020221,6962.1957135425055,-7.4869880419364625,0.18146821841289063,-0.5482637360020798,LARETS,-1037.135374,512.123774,6962.237861,-496.09670354279785,1535.8938889020221,0.04214745749413851,1614.0266351609616
2026-07-15 10:24:00,-1870.6485902524491,-972.6553013039977,6736.9501389987145,-7.241443741566573,0.3847366025686741,-1.946778367155793,LARETS,-995.776309,1855.94417,6737.376201,874.8722812524492,2828.5994713039977,0.4260620012855725,2960.806758147845
2026-07-15 10:27:00,-3132.110215300962,-886.1062834206555,6265.6248626670385,-6.732073578887236,0.5739910462306141,-3.274198255910334,LARETS,-883.93612,3130.445239,6266.394769,2248.174095300962,4016.5515224206556,0.7699063329619094,4602.930967090181
2026-07-15 10:30:00,-4279.4469998940585,-767.2709152226822,5565.399112931398,-5.977209200995182,0.7423850712954226,-4.4823826108013645,LARETS,-708.115892,4287.618693,5566.458082,3571.3311078940587,5054.889608222683,1.0589690686019821,6189.209638955927
2026-07-15 10:33:00,-5270.788724792552,-620.4678557839884,4661.7720459913635,-5.004030509018272,0.8837949341758222,-5.5273028897690155,LARETS,-478.334983,5283.876558,4663.0547209999995,4792.453741792552,5904.344413783989,1.2826750086360335,7604.531377347246
2026-07-15 10:36:00,-6069.894224014875,-451.03607081746696,3587.6773322262284,-3.8477356699745022,0.9930434178520263,-6.37064130144581,LARETS,-207.638594,6081.715464,3589.111276,5862.255630014875,6532.751534817467,1.4339437737717162,8777.407689260868
2026-07-15 10:39:00,-6647.496028170246,-265.1458098269904,2382.319437684228,-2.5503904904152024,1.066102184802243,-6.981271594798774,LARETS,88.546913,6651.16895,2383.83043,6736.042941170246,6916.314759826991,1.5109923157720004,9654.516385888419
2026-07-15 10:42:00,-6982.408423262773,-69.57603524018606,1089.7603179831867,-1.1594538100543683,1.1002599788844245,-7.336535947249676,LARETS,393.183713,6970.997201,1091.2803219999998,7375.592136262773,7040.573236240186,1.5200040168131181,10196.520640187764
2026-07-15 10:45:00,-7062.343119694369,128.53428317791295,-242.69793982498302,0.2739866691445437,1.0942427551437288,-7.423220251474648,LARETS,688.48844,7029.531224,-241.23017199999998,7750.831559694369,6900.996940822088,1.4677678249830421,10377.820137116101
2026-07-15 10:48:00,-6884.386798942346,321.95122160637004,-1566.2719582073516,1.697191208202896,1.0482737369916335,-7.238139403440322,LARETS,956.846934,6825.129923,-1564.910634,7841.233732942346,6503.17870139363,1.3613242073515721,10187.064421613142
2026-07-15 10:51:00,-6455.112007769302,503.6157664540541,-2832.5214021631546,3.057845407218409,0.9640662948546497,-6.7882743278275335,LARETS,1181.726206,6366.224456,-2831.31354,7636.8382137693025,5862.608689545946,1.2078621631544593,9627.64145619049
2026-07-15 10:54:00,-5790.314913577215,666.9062735967144,-3995.1562341394924,4.306108370792105,0.8447493289177045,-6.090447022479794,LARETS,1348.5367390000001,5670.9503030000005,-3994.139821,7138.851652577215,5004.044029403286,1.0164131394922151,8718.007834293727
2026-07-15 10:57:00,-4914.396621732267,805.8818904893901,-5011.746220994731,5.396506988132217,0.6947318484826371,-5.170567975310876,LARETS,1445.4054509999999,4766.387033,-5010.950285,6359.802072732266,3960.50514251061,0.7959359947308258,7492.17485258431
2026-07-15 11:00:00,-3859.425049376711,915.497035840999,-5845.261944816543,6.2895780424200725,0.5195189251217424,-4.062529924657692,LARETS,1463.820267,3687.445988,-5844.708824,5323.245316376711,2771.948952159001,0.5531208165430144,6001.719919959995
2026-07-15 11:03:00,-2663.928548016548,991.7795032506735,-6465.392099625002,6.953199924018616,0.32549387509190036,-2.806843724710829,LARETS,1399.1145190000002,2475.471171,-6465.10035,4063.0430670165483,1483.6916677493266,0.2917496250020122,4325.466450511189
2026-07-15 11:06:00,-1371.4791116731108,1031.967418152115,-6849.5993684909,7.363598030899677,0.1196809742028288,-1.4491121473365953,LARETS,1250.771008,1176.6204,-6849.586531000001,2622.250119673111,144.65298184788503,0.0128374908990736,2626.236884869286
2026-07-15 11:09:00,-29.122752606767527,1034.6025898609919,-6983.8929354993015,7.506040855421518,-0.0905002196119738,-0.03841853211390059,LARETS,1022.536596,-159.899802,-6984.176748,1051.6593486067675,-1194.5023918609918,-0.28381250069833186,1591.4846622645084
2026-07-15 11:12:00,1314.2900506242956,999.5793948448178,-6863.306977042338,7.375259045165064,-0.2974824140296138,1.374322278114041,LARETS,722.343402,-1483.68629,-6863.906163,-591.9466486242957,-2483.2656848448178,-0.5991859576615752,2552.843445135081
2026-07-15 11:15:00,2609.826580260702,928.1491161857375,-6492.080395839782,6.975615122496409,-0.4937976425603086,2.738031874729912,LARETS,362.037767,-2745.016083,-6493.009679,-2247.788813260702,-3673.1651991857375,-0.9292831602178921,4306.355534915382
2026-07-15 11:18:00,3810.2028919112818,822.8798579641922,-5883.534746288713,6.321031463279812,-0.6723237230189535,4.003153189925839,LARETS,-43.072756,-3896.691699,-5884.800728,-3853.275647911282,-4719.5715569641925,-1.2659817112871679,6092.790042566806
2026-07-15 11:21:00,4871.478812898898,687.5721827777304,-5059.647499809206,5.434658269105619,-0.8265294694289566,5.123349108603365,LARETS,-474.845913,-4895.811734,-5061.245249,-5346.324725898898,-5583.3839167777305,-1.5977491907933654,7730.28890725907
2026-07-15 11:24:00,5754.666940905769,527.1309876601521,-4050.319918221451,4.348243522374203,-0.9507148222606706,6.057191608160435,LARETS,-913.082225,-5705.400093,-4052.2288360000002,-6667.749165905769,-6232.531080660152,-1.9089177785490392,9127.06558839143
2026-07-15 11:27:00,6427.198240210392,347.395234641901,-2892.3457065318407,3.101163525002611,-1.0402372834817177,6.7697861695946315,LARETS,-1336.430162,-6295.835462,-2894.526656,-7763.628402210392,-6643.230696641901,-2.1809494681592696,10217.947191728566
2026-07-15 11:30:00,6864.180667914778,154.92912950306027,-1628.099566103556,1.7390906925025607,-1.09171138601534,7.23424312292272,LARETS,-1723.3808729999998,-6646.012818,-1630.493929,-8587.561540914778,-6800.941947503061,-2.3943628964439085,10954.406890620734
2026-07-15 11:33:00,7049.38615514946,-43.21898682145223,-303.98284592493985,0.3123128455536693,-1.1031652005081232,7.432885949877494,LARETS,-2053.306332,-6744.177437,-306.514808,-9102.69248714946,-6700.958450178548,-2.5319620750601644,11303.17924645356
2026-07-15 11:36:00,6975.908060535894,-239.7808799231482,1031.3162890926112,-1.1262334064532737,-1.07413839896175,7.358086021635155,LARETS,-2307.487273,-6588.377238,1028.736674,-9283.395333535895,-6348.596358076852,-2.5796150926112205,11246.604433824314
2026-07-15 11:39:00,6646.446749953466,-427.54416824138457,2328.6726231450702,-2.523106382438372,-1.0057105164078188,7.012637351588277,LARETS,-2470.076696,-6186.498736,2326.145193,-9116.523445953466,-5758.954567758615,-2.5274301450704115,10783.161124736578
2026-07-15 11:42:00,6073.203659795835,-599.6264894090891,3540.396218576391,-3.8265403426279994,-0.9004550308370393,6.409629729840365,LARETS,-2528.944005,-5555.881586,3538.025537,-8602.147664795835,-4956.255096590911,-2.3706815763912346,9927.810163856226
2026-07-15 11:45:00,5277.390421441021,-749.7349447797386,4622.037323762001,-4.988517215895699,-0.7623230679702688,5.5718336430611535,LARETS,-2476.352001,-4722.533425,4619.926011,-7753.7424224410215,-3972.798480220261,-2.1113127620010346,8712.27029973494
2026-07-15 11:48:00,4288.384678960115,-872.3990582540882,5534.041105687768,-5.966601865739449,-0.5964678907601548,4.530661989626941,LARETS,-2309.4339900000004,-3719.996658,5532.280631,-6597.818668960115,-2847.597599745912,-1.760474687768692,7186.099524625889
2026-07-15 11:51:00,3142.5837858579202,-963.1679773317101,6243.184719716941,-6.725453571331652,-0.40902607085092935,3.3248091886421163,LARETS,-2030.452809,-2587.931298,6241.848108,-5173.03659485792,-1624.76332066829,-1.3366117169407516,5422.191922687646
2026-07-15 11:54:00,1882.0189062269435,-1018.7656720895262,6723.7488420775335,-7.237975147571548,-0.20687239833025656,1.9986803412157805,LARETS,-1646.8280619999998,-1370.488659,6722.884735000001,-3528.8469682269433,-351.7229869104739,-0.8641070775329354,3546.332010876415
2026-07-15 11:57:00,552.794808550503,-1037.200799511657,6958.395356396503,-7.4861051957815805,0.002636688718412399,0.6007114607743486,LARETS,-1170.937741,-114.55738099999999,6958.026114,-1723.7325495505029,922.6434185116569,-0.36924239650306845,1955.127851687122
2026-07-15 12:00:00,-796.5832245832248,-1017.8301695569604,6938.738662501616,-7.46128713349017,0.2119209137092008,-0.8183465758503728,LARETS,-619.709451,1132.0525619999999,6938.859372999999,176.87377358322487,2149.88273155696,0.12071049838323233,2157.1462875288294
2026-07-15 12:03:00,-2116.9409583256784,-961.3761259023631,6665.60807140121,-7.16465549371355,0.4134299964287517,-2.207141181254268,LARETS,-14.014617,2322.418432,6666.1894409999995,2102.9263413256785,3283.794557902363,0.5813695987899337,3899.4366559211076
2026-07-15 12:06:00,-3360.1771995880586,-869.8987210893544,6149.003203560504,-6.60696740668341,0.5998920229343645,-3.5154154115492884,LARETS,622.120085,3412.2559619999997,6149.996914,3982.2972845880586,4282.154683089354,0.9937104394966809,5847.6953905108585
2026-07-15 12:09:00,-4480.971104966143,-746.7236833671051,5407.745427099705,-5.808283440147372,0.7645560542843224,-4.695686684474016,LARETS,1262.45481,4361.556256,5409.088548000001,5743.425914966143,5108.279939367105,1.3431209002956166,7686.446967462848
2026-07-15 12:12:00,-5438.408201906998,-596.3273373638674,4468.829447368847,-4.797378758585325,0.9014270604781851,-5.704894994173867,LARETS,1879.60176,5136.061326,4470.448179999999,7318.009961906999,5732.388663363868,1.6187326311528523,9295.888995181042
2026-07-15 12:15:00,-6197.473798965265,-424.18030493917655,3366.48335230989,-3.6108540294362736,1.0054875597783715,-6.505984611481693,LARETS,2446.178768,5708.526655000001,3368.296171,8643.652566965266,6132.706959939177,1.812818690109907,10598.246441803627
2026-07-15 12:18:00,-6730.357321705941,-236.5532236359921,2140.9546376134545,-2.2919226408179463,1.0728960176310671,-7.069353395010355,LARETS,2936.007651,6059.721573,2142.8797059999997,9666.364972705942,6296.274796635992,1.925068386545263,11536.103839953861
2026-07-15 12:21:00,-7017.509058273979,-40.289830496244555,837.0539410128064,-0.8888771602516713,1.101148839050574,-7.3740799165882995,LARETS,3325.3032200000002,6179.125252999999,839.013444,10342.81227827398,6219.415083496244,1.959502987193673,12068.756922073106
2026-07-15 12:24:00,-7048.394813686206,157.4447674252772,-497.49463584510795,0.5467224768348528,1.0891920919266074,-7.408830739491037,LARETS,3593.7907769999997,6065.263483,-495.57528499999995,10642.185590686206,5907.818715574723,1.9193508451079992,12172.035154673671
2026-07-15 12:27:00,-6821.905486019505,349.43050267742666,-1813.8310948309095,1.962054513480982,1.037471577779688,-7.172363668262667,LARETS,3725.695898,5725.673627,-1812.0228570000002,10547.601384019505,5376.243124322574,1.80823783090932,11838.745218887007
2026-07-15 12:30:00,-6346.396935132714,528.6617068874885,-3063.787139572647,3.305117572928338,0.9479151910972322,-6.673576345406783,LARETS,3710.55697,5176.497274,-3062.1545690000003,10056.953905132714,4647.835567112512,1.6325705726467277,11079.02071368074
2026-07-15 12:33:00,-5639.358092623029,688.6072175860048,-4201.6809129000185,4.526758886276282,0.8238484634643718,-5.931095724260474,LARETS,3543.815409,4441.720588,-4200.280454,9183.173501623029,3753.113370413995,1.400458900018748,9920.510949209058
2026-07-15 12:36:00,-4726.728206061813,823.4498223889477,-5185.999510311135,5.582527371973,0.6698510490090103,-4.972451315400126,LARETS,3227.151464,3552.1024589999997,-5184.878797,7953.879670061813,2728.652636611052,1.1207133111347503,8408.908863408224
2026-07-15 12:39:00,-3641.903454493228,928.2955134524901,-5980.901134079995,6.43426013226011,0.49156697224010787,-3.832911923570981,LARETS,2768.555542,2543.85541,-5980.099567,6410.4589964932275,1615.55989654751,0.8015670799950385,6610.901524570105
2026-07-15 12:42:00,-2424.485987517734,999.3455629738584,-6557.484963236409,7.051352366395675,0.2954835762942689,-2.5540833536759666,LARETS,2182.135766,1457.142534,-6557.036317,4606.621753517734,457.7969710261417,0.4486462364093313,4629.31336679069
2026-07-15 12:45:00,-1118.833662181435,1034.0270594685026,-6894.794268917396,7.411702070275328,0.08869302689438155,-1.182360609321744,LARETS,1487.6741319999999,334.46328600000004,-6894.727707999999,2606.507794181435,-699.5637734685025,0.06656091739660042,2698.753852930722
2026-07-15 12:48:00,227.5325769097838,1031.0797432426955,-6980.533379390738,7.5023509395341295,-0.12135333900985874,0.23269361127080623,LARETS,709.955287,-781.002478,-6980.872708,482.4227100902162,-1812.0822212426956,-0.33932860926142894,1875.1996594759064
2026-07-15 12:51:00,1565.611867154154,990.5984244846624,-6811.489376144381,7.319854370161472,-0.3270921306964281,1.6400025400800042,LARETS,-122.114565,-1847.038455,-6812.2524730000005,-1687.726432154154,-2837.6368794846626,-0.7630968556195512,3301.60629874612
2026-07-15 12:54:00,2846.650782357548,914.0309254718267,-6393.654371790203,6.870405373503665,-0.5210947095478287,2.9886466259832085,LARETS,-976.566738,-2823.967992,-6394.848610999999,-3823.217520357548,-3737.9989174718266,-1.194239209796251,5346.927112014597
2026-07-15 12:57:00,4023.8711557573342,804.131616840215,-5742.045378876888,6.169715177878202,-0.6963136860745082,4.22955181224866,LARETS,-1819.578874,-3676.121748,-5743.664244,-5843.450029757334,-4480.253364840215,-1.6188651231113909,7363.326767444002
2026-07-15 13:00:00,5054.15286735315,664.8706721390867,-4880.219085582815,5.242627674258099,-0.8463280645285451,5.317189045507926,LARETS,-2616.797329,-4373.151758,-4882.237832000001,-7670.95019635315,-5038.022430139086,-2.0187464171858664,9177.426164064305
2026-07-15 13:03:00,5899.620269674737,501.2996407197475,-3839.481704539,4.122427567360208,-0.9655824121110921,6.211256352036419,LARETS,-3334.7337549999997,-4891.149452,-3841.856547,-9234.354024674736,-5392.449092719748,-2.3748424609998438,10693.54043853004
2026-07-15 13:06:00,6529.073455950126,319.37519678143224,-2657.8020845554997,2.849802606584964,-1.04961053226648,6.878281601740053,LARETS,-3942.183482,-5213.519292999999,-2660.469131,-10471.256937950126,-5532.894489781432,-2.6670464445001016,11843.147825167054
2026-07-15 13:09:00,6919.200097122567,125.74504933736218,-1378.450342358295,1.4714424352884803,-1.0952296756994013,7.293052266464173,LARETS,-4411.60041,-5331.562671,-1381.3265039999999,-11330.800507122567,-5457.307720337362,-2.8761616417048117,12576.535928425148
2026-07-15 13:12:00,7055.503807539791,-72.497245932989,-48.40303713013962,0.03829706473353427,-1.1006890907155997,7.439760284250271,LARETS,-4720.362058000001,-5244.738828,-51.389756,-11775.865865539792,-5172.24158206701,-2.9867188698603755,12861.691521216713
2026-07-15 13:15:00,6932.893468806569,-268.0789613442883,1283.423927926952,-1.3964330256256214,-1.065757867011367,7.3127542619907855,LARETS,-4851.853504,-4960.581168,1280.434995,-11784.74697280657,-4692.502206655711,-2.988932926951975,12684.630349610603
2026-07-15 13:18:00,6555.895039087611,-453.8244051503735,2568.036272493466,-2.779458924398515,-0.9917417309172161,6.916819836919778,LARETS,-4796.307649,-4494.265493,2565.158131,-11352.202688087611,-4040.4410878496265,-2.878141493466046,12049.799929438892
2026-07-15 13:21:00,5938.471076703532,-622.9274726913851,3758.22755153321,-4.059574351287341,-0.8814257737005504,6.266956715601567,LARETS,-4551.351942,-3867.8479709999997,3755.573015,-10489.823018703533,-3244.9204983086147,-2.654536533209921,10980.250591431424
2026-07-15 13:24:00,5103.459569808813,-769.2075448105752,4810.361287722813,-5.1896909537591345,-0.7389482763751817,5.38767636246912,LARETS,-4122.235672,-3109.2203059999997,4808.036595,-9225.695241808813,-2340.0127611894245,-2.3246927228137793,9517.831571395838
2026-07-15 13:27:00,4081.6679627911967,-887.3373335791312,5685.988675817295,-6.128617012220145,-0.569617793910469,4.3118937046031895,LARETS,-3521.7289690000002,-2250.840425,5684.0865650000005,-7603.396931791197,-1363.5030914208687,-1.9021108172946697,7724.6869969411455
2026-07-15 13:30:00,2910.676394025545,-973.0338969428482,6353.237931738566,-6.842501285184164,-0.3796898073673813,3.0795176705829714,LARETS,-2769.708626,-1328.3137490000001,6351.827848,-5680.385020025546,-355.27985205715197,-1.4100837385658451,5691.484844690753
2026-07-15 13:33:00,1633.4138108860518,-1023.2070862277205,6787.9312967252645,-7.305912604379486,-0.17611976774165594,1.735852678498105,LARETS,-1892.45842,-378.895532,6787.055887,-3525.8722308860515,644.3115542277205,-0.8754097252640349,3584.2590773808342
2026-07-15 13:36:00,296.5719126799068,-1036.0625108032489,6974.404791228986,-7.502567576725148,0.03369341841323328,0.3299076187608831,LARETS,-921.711082,560.0256559999999,6974.080766,-1218.2829946799068,1596.088166803249,-0.32402522898610187,2007.912098755308
2026-07-15 13:39:00,-1051.0828887667055,-1011.1582168125279,6906.020567675997,-7.425743028985132,0.24216416175311406,-1.0873214418019779,LARETS,106.518034,1452.3916920000001,6906.23788,1157.6009227667055,2463.549908812528,0.21731232400270528,2721.9695253299933
2026-07-15 13:42:00,-2360.446466653128,-949.4154904183889,6585.370555999896,-7.078412591191492,0.4417728242282645,-2.464561607145221,LARETS,1153.264947,2264.8453790000003,6586.095695,3513.711413653128,3214.260869418389,0.7251390001038089,4762.10471965255
2026-07-15 13:45:00,-3583.815790922871,-853.0846491269193,6024.173688601376,-6.473131309085722,0.625313145052636,-3.7519570318518745,LARETS,2178.082676,2967.965417,6025.35302,5761.898466922871,3821.0500661269193,1.1793313986236171,6913.7470984842375
2026-07-15 13:48:00,-4676.58449451736,-725.666773818425,5242.869830892912,-5.631667589571487,0.7861340651913789,-4.902743237067331,LARETS,3140.5902149999997,3537.32588,5244.433287,7817.17470951736,4262.9926538184245,1.5634561070874042,8904.00635950035
2026-07-15 13:51:00,-5598.847877306381,-571.7925606386762,4269.914991269533,-4.5843600108619205,0.9183734819784058,-5.874886336019598,LARETS,4002.060046,3954.353477,4271.780651,9600.90792330638,4526.146037638677,1.8656597304670868,10614.303292563567
2026-07-15 13:54:00,-6316.864966385033,-397.06026163851385,3140.787441907779,-3.3691681900861608,1.0171775204938895,-6.63264555050056,LARETS,4726.982747,4206.947667,3142.8656269999997,11043.847713385032,4604.007928638514,2.0781850922207923,11965.093632824584
2026-07-15 13:57:00,-6804.320422082766,-207.8362351350011,1896.7246218880218,-2.0303978731354273,1.0788946467027274,-7.147987751580211,LARETS,5284.55453,4289.843669,1898.9246329999999,12088.874952082766,4497.679904135001,2.2000111119780286,12898.45056459119
2026-07-15 14:00:00,-7043.327981378856,-11.023839270464482,583.2256771746398,-0.6171099445066078,1.1012310797019749,-7.401761216223509,LARETS,5650.010394999999,4204.6902359999995,585.459483,12693.338376378855,4215.714075270464,2.2338058253601503,13375.092122732245
2026-07-15 14:03:00,-7025.1225191695185,186.1911037649712,-751.6281560771058,0.8187359807004942,1.083353797422115,-7.384531770564294,LARETS,5805.737261,3959.837353,-749.4434719999999,12830.859780169518,3773.646249235029,2.184684077105885,13374.280297854606
2026-07-15 14:06:00,-6750.400740363996,376.6078125449299,-2058.967004346707,2.224311567446964,1.0259304574994388,-7.097002104120619,LARETS,5742.102864,3569.839254,-2056.909227,12492.503604363996,3193.23144145507,2.0577773467070983,12894.160599984485
2026-07-15 14:09:00,-6229.289932273965,553.2791280809754,-3290.9601879446923,3.548002017685827,0.9311012715496738,-6.549971742304293,LARETS,5457.956766,3054.6980049999997,-3289.100694,11687.246698273964,2501.418876919024,1.8594939446920762,11951.93855580927
2026-07-15 14:12:00,-5480.947177038617,709.7690192732525,-4402.5955335943245,4.74140992642792,0.8023849388385755,-5.76384250458847,LARETS,4960.780538,2438.890198,-4400.99597,10441.727715038618,1729.1211787267475,1.599563594324536,10583.928395653982
2026-07-15 14:15:00,-4532.81397852806,840.3878545605222,-5353.332397021891,5.7611638153454505,0.6445274032383377,-4.767720502064312,LARETS,4266.482986,1750.227819,-5352.044787,8799.296964528061,909.8399644394777,1.2876100218909414,8846.210346175561
2026-07-15 14:18:00,-3419.569543657387,940.3963076088961,-6108.563057835704,6.570447194626255,0.4633068065374193,-3.598199431958602,LARETS,3398.850923,1018.609382,-6107.630755,6818.420466657387,78.21307439110387,0.932302835703922,6818.869100835316
2026-07-15 14:21:00,-2181.8373510809934,1006.171351404652,-6640.8339014471585,7.140206377650544,0.2653095599467966,-2.2979235585137894,LARETS,2388.693779,274.730655,-6640.292332,4570.5311300809935,-731.440696404652,0.5415694471585084,4628.688863673366
2026-07-15 14:24:00,-864.7034778216807,1035.3303741371794,-6930.7950642402375,7.450035285771969,0.057690866147355094,-0.9140209356179639,LARETS,1272.72175,-451.189734,-6930.671574,2137.425227821681,-1486.5201081371795,0.12349024023751554,2603.5223547483847
2026-07-15 14:27:00,483.8971470143042,1026.811525649649,-6967.861517941473,7.488762389681654,-0.152070833914031,0.5035267472274352,LARETS,92.207474,-1130.6208980000001,-6968.1758279999995,-391.6896730143042,-2157.432423649649,-0.31431005852664384,2192.7005179348284
2026-07-15 14:30:00,1814.8758615749998,980.9096986466541,-6750.577814272501,7.254772561739458,-0.35642060667536757,1.903541852794795,LARETS,-1108.529528,-1737.825108,-6751.341188,-2923.405389575,-2718.734806646654,-0.763373727499129,3992.2197589070197
2026-07-15 14:33:00,3079.721181016159,899.2680851025251,-6286.682786676474,6.75608526973844,-0.5479736945270359,3.235325443266671,LARETS,-2283.763979,-2250.821651,-6287.895487,-5363.485160016158,-3150.0897361025254,-1.212700323525496,6220.131821581766
2026-07-15 14:36:00,4232.221788421159,784.825326651783,-5592.871247974553,6.010186924584455,-0.7197621332820806,4.450348742870923,LARETS,-3388.0868760000003,-2652.184106,-5594.51786,-7620.308664421159,-3437.0094326517833,-1.6466120254472116,8359.553857265391
2026-07-15 14:39:00,5230.135246634813,641.7183732267373,-4694.250263463929,5.043590274245291,-0.8654797923723196,5.503952495266226,LARETS,-4378.155387,-2929.644942,-4696.297022,-9608.290633634813,-3571.363315226737,-2.0467585360711382,10250.555546845366
2026-07-15 14:42:00,6036.749702752828,475.1417608320872,-3623.4912584544136,3.8910792432556143,-0.9797203821311354,6.357019680236457,LARETS,-5214.419579,-3076.488621,-3625.885808,-11251.169281752827,-3551.630381832087,-2.3945495455864148,11798.4276202246
2026-07-15 14:45:00,6622.27846998854,291.16543719154794,-2419.68839533473,2.5946021750779003,-1.0581980125647827,6.977553141551518,LARETS,-5862.750364,-3091.709559,-2422.359909,-12485.028833988541,-3382.874996191548,-2.6715136652696856,12935.215319520914
2026-07-15 14:48:00,6965.022720566802,96.51553336948811,-1126.94878951493,1.2018025658738682,-1.097935709419105,7.34205958880749,LARETS,-6295.894721,-2979.923991,-1129.809424,-13260.917441566802,-3076.439524369488,-2.8606344850700225,13613.097359615962
2026-07-15 14:51:00,7052.239191654467,-101.6746949931319,207.24053593469836,-0.23578062285239157,-1.0974055931498106,7.436627011618847,LARETS,-6494.679756,-2751.0337919999997,204.29215599999998,-13546.918947654467,-2649.3590970068676,-2.94837993469838,13803.554806359009
2026-07-15 14:54:00,6880.659967645101,-296.13370176540275,1533.8041183255002,-1.6647618446751318,-1.0566062198800568,7.257591410661504,LARETS,-6448.897466,-2419.654584,1530.876747,-13329.5574336451,-2123.520882234597,-2.9273713255001894,13497.646123811095
2026-07-15 14:57:00,6456.629984670142,-479.728013462719,2803.946949779826,-3.032084027120186,-0.9770678397021879,6.811721620697559,LARETS,-6157.815303,-2004.335193,2801.1513879999998,-12614.445287670143,-1524.607179537281,-2.79556177982613,12706.245109499729
2026-07-15 15:00:00,5795.85245517527,-645.7328674993227,3971.0112781715,-4.287174337633813,-0.8617839398717135,6.11590118230737,LARETS,-5630.2773959999995,-1526.609658,3968.455117,-11426.129851175268,-880.8767905006774,-2.5561611715002073,11460.034634760983
2026-07-15 15:03:00,4922.758739003562,-788.0843157372536,4992.233010432306,-5.383938610167247,-0.7150755535093437,5.196341569552044,LARETS,-4884.399371,-1009.935022,4990.0165609999995,-9807.158110003562,-221.85070626274637,-2.216449432306945,9809.667315619117
2026-07-15 15:06:00,3869.542577255373,-901.6017853135834,5830.320053262407,-6.282480649411059,-0.5424014081621575,4.0874078180635935,LARETS,-3946.874888,-478.57349800000003,5828.529482,-7816.417465255373,423.02828731358335,-1.7905712624069565,7827.856547558989
2026-07-15 15:09:00,2674.915214828018,-982.172820736433,6454.792352408481,-6.950477428914879,-0.3501305198026892,2.8301646811249492,LARETS,-2851.9505099999997,43.519957000000005,6453.491716,-5526.865724828018,1025.692777736433,-1.3006364084803863,5621.235816636274
2026-07-15 15:12:00,1382.6459054596644,-1026.8947681622021,6843.0434900668715,-7.3641897054599825,-0.14529372214620706,1.4707540269484138,LARETS,-1640.1124650000002,533.7556609999999,6842.271682,-3022.7583704596645,1560.650429162202,-0.7718080668719267,3401.8669174316365
2026-07-15 15:15:00,39.952188160897734,-1034.170877026443,6981.1021722254645,-7.509126612071275,0.0646726078711972,0.0586950006063867,LARETS,-356.54892,971.862632,6980.871871,-396.50110816089773,2006.033509026443,-0.23030122546424536,2044.84317764185
2026-07-15 15:18:00,-1304.201195917726,-1003.7602454393231,6864.085611328658,-7.380403043566069,0.2721822687577045,-1.3548333449184666,LARETS,950.545912,1340.7073970000001,6864.383718,2254.7471079177258,2344.4676424393233,0.29810667134188407,3252.7546996316732
2026-07-15 15:21:00,-2600.843058809245,-936.7820918141308,6496.34452896206,-6.982827450536618,0.4697507605665739,-2.718699316352467,LARETS,2231.770762,1626.952217,6497.134376,4832.613820809245,2563.7343088141306,0.7898470379395803,5470.547556792239
2026-07-15 15:24:00,-3802.7297990391417,-835.6751882986287,5891.302330027783,-6.3307395680352725,0.6502418801084853,-3.9835089595884385,LARETS,3438.36703,1821.531709,5892.526793,7241.096829039141,2657.206897298629,1.2244629722172249,7713.250500397461
2026-07-15 15:27:00,-4866.027545648705,-704.1133689898918,5070.991686091187,-5.447592614569962,0.8071088027558242,-5.103275484407917,LARETS,4524.065144,1919.933493,5072.57733,9390.092689648705,2624.046861989892,1.5856439088129264,9749.844366367068
2026-07-15 15:30:00,-5751.894270821152,-546.8783283500985,4065.2936992349464,-4.365254565192988,0.9346265646782542,-6.03704803231577,LARETS,5446.865138,1922.276439,4067.15537,11198.759408821152,2469.1547673500986,1.8616707650535318,11467.734781882864
2026-07-15 15:33:00,-6427.908436931401,-369.69184739417585,2910.890799735577,-3.1229981773500755,1.0281087255762733,-6.750452422446282,LARETS,6170.694107,1833.1856440000001,2912.939466,12598.602543931402,2202.877491394176,2.048666264422991,12789.740399987772
2026-07-15 15:36:00,-6869.286355195822,-179.01127557565306,1649.955776051073,-1.7661642296613487,1.0840968493347607,-7.217067513895796,LARETS,6666.862892,1661.463106,1652.101924,13536.149247195823,1840.474381575653,2.146147948927137,13660.698627725718
2026-07-15 15:39:00,-7059.830393676699,18.20560059741097,328.61500867887264,-0.34451487130068137,1.1005089667771129,-7.419542013990768,LARETS,6915.253733,1419.5689399999999,330.772768,13975.084126676698,1401.363339402589,2.157759321127344,14045.169995861135
2026-07-15 15:42:00,-6992.556975452482,214.75767354410826,-1004.7585997275198,1.089664067707884,1.0767335706287162,-7.350356540839251,LARETS,6905.175306,1122.936501,-1002.668833,13897.732281452481,908.1788274558917,2.089766727519873,13927.374329596032
2026-07-15 15:45:00,-6669.967620759943,403.46884939789277,-2301.3520614728027,2.483613134115084,1.013659252885649,-7.01215740293597,LARETS,6635.835356,789.154609,-2299.4027170000004,13305.802976759944,385.6857596021073,1.949344472802295,13311.391743970933
2026-07-15 15:48:00,-6103.946654930242,577.4555805671998,-3513.737334297777,3.786176789738612,0.9136361613913525,-6.417628095563849,LARETS,6116.404199,437.05526899999995,-3511.9916150000004,12220.350853930242,-140.40031156719988,1.745719297776759,12221.15748561394
2026-07-15 15:51:00,-5315.292419933117,730.3815280380195,-4597.632359530766,4.9497786170584686,0.7803725779366323,-5.588912603214604,LARETS,5365.669167,85.760248,-4596.14374,10680.961586933117,-644.6212800380194,1.4886195307653907,10700.396218468117
2026-07-15 15:54:00,-4332.910849754886,856.6884766785656,-5513.522198859735,5.932182229196506,0.6187763248505774,-4.5566492569916,LARETS,4411.297792,-246.264589,-5512.335996000001,8744.208641754885,-1102.9530656785655,1.1862028597342942,8813.49485974252
2026-07-15 15:57:00,-3192.717399427516,951.7947801452799,-6228.077890055456,6.697961378306726,0.43475482995244685,-3.358704201692443,LARETS,3288.758621,-542.099544,-6227.230465,6481.476020427515,-1493.8943241452798,0.8474250554563696,6651.409803434127
2026-07-15 16:00:00,-1936.3032632438544,1012.2552295861335,-6715.327794990678,7.219645626007138,0.23498865894485033,-2.038702975791419,LARETS,2039.958664,-787.165692,-6714.847802,3976.261927243854,-1799.4209215861335,0.4799929906776015,4364.467298248914
2026-07-15 16:03:00,-609.4243231196175,1035.8787542933742,-6957.553152956438,7.47854619593701,0.026691256435146127,-0.6444471840704756,LARETS,711.6544690000001,-969.890755,-6957.462256,1321.0787921196174,-2005.769509293374,0.09089695643797313,2401.7411408520834
2026-07-15 16:06:00,739.6318958424706,1021.8023065032993,-6945.892999062916,7.465290169128658,-0.18263646397832864,0.7737230152328992,LARETS,-646.296076,-1082.221724,-6946.206519,-1385.9279718424705,-2104.0240305032994,-0.313519937084493,2519.4669202760897
2026-07-15 16:09:00,2061.751655255763,970.5204297935795,-6680.651816474181,7.180094972514446,-0.3854525687574776,2.1645903078808173,LARETS,-1982.786635,-1119.965202,-6681.37867,-4044.538290255763,-2090.4856317935796,-0.7268535258190241,4552.847536036811
2026-07-15 16:12:00,3308.7278961297634,883.8704352819743,-6171.306541803192,6.632800748967578,-0.5744207534257477,3.47773826076269,LARETS,-3247.363182,-1082.946295,-6172.446752999999,-6556.091078129763,-1966.8167302819743,-1.1402111968072859,6844.757086656277
2026-07-15 16:15:00,4434.976722318092,764.9731538667234,-5436.20998587644,5.842653414635593,-0.7426571464942169,4.665245664356831,LARETS,-4392.113334,-974.9797040000001,-5437.748506,-8827.090056318091,-1739.9528578667234,-1.538520123559465,8996.94154571388
2026-07-15 16:18:00,5399.190119134492,618.1293854657246,-4501.988631404682,4.837807421280505,-0.8839751806237949,5.6833844691775735,LARETS,-5373.494083,-803.654951,-4503.892656999999,-10772.684202134493,-1421.7843364657247,-1.904025595317762,10866.103222574817
2026-07-15 16:21:00,6165.870737997764,448.6728943844403,-3402.637365898814,3.6545058731563405,-0.993122207087285,6.494280600367679,LARETS,-6154.032988,-579.940148,-3404.855266,-12319.903725997763,-1028.6130423844404,-2.2179001011859327,12362.769816181883
2026-07-15 16:24:00,6706.687414475798,262.78237933552134,-2178.3240539016197,2.335904344740739,-1.0659965651302847,7.067462779068766,LARETS,-6703.831153,-317.61782900000003,-2180.787142,-13410.518567475798,-580.4002083355214,-2.4630880983804673,13423.072625790714
2026-07-15 16:27:00,7001.586396475975,67.25724947662255,-873.9329873151507,0.9305346673822851,-1.0998299606506274,7.381196558827152,LARETS,-7001.793146,-32.573843000000004,-876.559526,-14003.379542475974,-99.83109247662256,-2.6265386848492653,14003.73563576395
2026-07-15 16:30:00,7039.596443654627,-130.73508437122865,462.60398696121194,-0.5095499190939708,-1.0933188725193115,7.4234904165761035,LARETS,-7036.515473,258.028634,459.90535600000004,-14076.111916654627,388.76371837122866,-2.6986309612119044,14081.47972343522
2026-07-15 16:33:00,6819.277808952039,-323.92992208147973,1782.1203115013766,-1.9308580733148264,-1.046691138155987,7.19267437435126,LARETS,-6806.767701999999,536.64899,1779.448915,-13626.045510952037,860.5789120814798,-2.6713965013766483,13653.194478466012
2026-07-15 16:36:00,6348.785088170071,-505.24148493818063,3036.088233508561,-3.2806430512665266,-0.9616996433107153,6.697488527842443,LARETS,-6321.545459,786.291436,3033.5460839999996,-12670.33054717007,1291.5329209381807,-2.542149508561579,12735.986020836479
2026-07-15 16:39:00,5645.539168660542,-668.0313490920433,4178.462938750447,-4.509037933251592,-0.8415428829850233,5.956671065345795,LARETS,-5599.688013,991.40058,4176.150365,-11245.227181660543,1659.4319290920434,-2.3125737504469726,11367.007259716367
2026-07-15 16:42:00,4735.52962594023,-806.3565168474923,5167.410373572121,-5.571005006601838,-0.6907201412074582,4.9980900901893826,LARETS,-4669.080371,1138.682233,5165.421422,-9404.609996940231,1945.0387498474925,-1.9889515721206408,9603.63831518476
2026-07-15 16:45:00,3652.2912549345433,-915.1865346249673,5966.844024738566,-6.427993176917169,-0.5148351777846463,3.8575072263806303,LARETS,-3565.496426,1217.805811,5965.258423,-7217.7876809345435,2132.992345624967,-1.585601738565856,7526.361529163878
2026-07-15 16:48:00,2435.613449027729,-990.5818891761771,6547.7142036244895,-7.0492438411192975,-0.3203652102448702,2.5770835225618187,LARETS,-2331.15272,1221.956447,6546.589601,-4766.766169027729,2212.538336176177,-1.124602624489853,5255.224720596409
2026-07-15 16:51:00,1130.0474476085376,-1029.8289255784189,6889.013478419854,-7.412733295650307,-0.11441125155413862,1.2037361488506382,LARETS,-1013.0384320000001,1148.2149,6888.384349000001,-2143.0858796085377,2178.043825578419,-0.6291294198535979,3055.6001684319895
2026-07-15 16:54:00,-216.7249213521221,-1031.5291255504023,6978.47963983641,-7.505775739003999,0.09555777280433345,-0.21256808341946912,LARETS,338.904291,997.751369,6978.356319,555.6292123521221,2029.2804945504022,-0.12332083640922065,2103.973184807685
2026-07-15 16:57:00,-1555.603514464645,-995.642371312924,6812.990135714252,-7.32532705415577,0.30195969717167775,-1.6205292020712538,LARETS,1673.670953,775.826966,6813.357222,3229.274467464645,1771.469337312924,0.3670862857479733,3683.248204236486
2026-07-15 17:00:00,-2837.8127371799114,-923.4847260173838,6398.648544479284,-6.878024572441098,0.4973496371678038,-2.9692180923152938,LARETS,2941.101042,491.60595400000005,6399.466005,5778.913779179911,1415.0906800173839,0.8174605207159402,5949.649297909013
2026-07-15 17:03:00,-4016.6291988878434,-817.6815294579926,5750.56582213694,-6.179977721515945,0.6746658605678706,-4.209763314251539,LARETS,4093.7463650000004,157.784545,5751.773707,8110.375563887844,975.4660744579926,1.2078848630599168,8168.826556410252
2026-07-15 17:06:00,-5049.0487229180635,-682.0766903043042,4892.339718043334,-5.25629951227503,0.8274701470329121,-5.297014990995818,LARETS,5088.645645,-209.953045,4893.863625,10137.694367918062,472.1236453043042,1.5239069566659964,10148.682188149623
2026-07-15 17:09:00,-5897.343653156697,-521.5994476797944,3855.238280022051,-4.140351100317204,0.9501788774069626,-6.191161434087807,LARETS,5888.943663999999,-593.6333440000001,3856.994669,11786.287317156697,-72.03389632020571,1.7563889779489728,11786.507569661599
2026-07-15 17:12:00,-6530.455999596218,-342.0909347658081,2677.1003221603955,-2.8726703227910835,1.0382768228068635,-6.859245338939931,LARETS,6465.298213,-973.820289,2679.0026669999997,12995.754212596217,-631.729354234192,1.9023448396042113,13011.09961341198
2026-07-15 17:15:00,-6925.168145935322,-150.0947013136274,1400.9779487192714,-1.4995736279760612,1.0885016336282725,-7.276498468697262,LARETS,6797.011831,-1330.535324,1402.941251,13722.179976935322,-1180.4406226863725,1.9633022807286125,13772.859806069642
2026-07-15 17:18:00,-7066.993954902796,47.38226713651112,73.56249154005236,-0.07145585584357463,1.0989849876787916,-7.427397991194657,LARETS,6872.826451,-1644.228778,75.507079,13939.820405902796,-1691.611045136511,1.9445874599476412,14042.084768946248
2026-07-15 17:21:00,-6950.741350462622,243.12901139166235,-1256.5474303242443,1.3591451632931435,1.0693373017179217,-7.306351722268208,LARETS,6691.343021,-1896.7572790000002,-1254.691779,13642.08437146262,-2139.8862903916624,1.8556513242442634,13808.895059973218
2026-07-15 17:24:00,-6580.713096921246,429.99949490729733,-2540.6623811936734,2.739614162939,1.0006669827524592,-6.9179450852216435,LARETS,6261.031943,-2072.3129280000003,-2538.9556239999997,12841.745039921247,-2502.312422907298,1.7067571936736385,13083.27122875614
2026-07-15 17:27:00,-5970.5336966046725,601.1788185508076,-3731.8213153457623,4.019326514578234,0.8955315669468064,-6.276724621556852,LARETS,5599.833312,-2158.255456,-3730.3138369999997,11570.367008604673,-2759.4342745508075,1.5074783457625927,11894.86748567903
2026-07-15 17:30:00,-5142.613640315057,750.4348058403755,-4786.5315588060785,5.151590684847775,0.7578252218255966,-5.406541281766968,LARETS,4734.37259,-2145.803868,-4785.263671,9876.986230315057,-2896.2386738403757,1.267887806078761,10292.864375732412
2026-07-15 17:33:00,-4127.283597747606,872.3443891516903,-5666.355773840844,6.095358725136943,0.5926131904614091,-4.339519410806896,LARETS,3698.840386,-2030.5551289999999,-5665.358187,7826.123983747606,-2902.8995181516902,0.9975868408446331,8347.157792725277
2026-07-15 17:36:00,-2961.647023657245,962.486493090572,-6339.286618913485,6.816636207357604,0.4059273667673718,-3.114744007094053,LARETS,2533.591509,-1812.8075079999999,-6338.581832999999,5495.238532657245,-2775.294001090572,0.7047859134854662,6156.28977713147
2026-07-15 17:39:00,-1688.2081439635724,1017.595742410545,-6780.867228377042,7.289565939369052,0.20453760465831206,-1.7767640930873154,LARETS,1283.540909,-1497.6748440000001,-6780.470033,2971.7490529635725,-2515.270586410545,0.3971953770424079,3893.312049453024
2026-07-15 17:42:00,-353.33352462736127,1035.673756564725,-6975.032132019055,7.497195918039689,-0.004289149583479113,-0.3739950536499931,LARETS,-3.577964,-1094.9892849999999,-6974.953313,349.75556062736126,-2130.663041564725,0.07881901905511768,2159.179000243389
2026-07-15 17:45:00,994.3984831178161,1016.0565991999039,-6914.655763474209,7.431961962056267,-0.2130341044862437,1.0429251502531127,LARETS,-1279.02741,-618.999563,-6914.904144,-2273.425893117816,-1635.0561621999038,-0.2483805257907079,2800.334624065364
2026-07-15 17:48:00,2305.9118680200145,959.4379530951813,-6601.8028897274435,7.095915476658947,-0.41417286519144886,2.422800858083516,LARETS,-2494.890034,-87.874042,-6602.385767,-4800.8019020200145,-1047.3119950951814,-0.5828772725562885,4913.711596874114
2026-07-15 17:51:00,3533.3662551941698,867.8479158942149,-6047.6777997463105,6.500709709989123,-0.6004221782771471,3.715560157925839,LARETS,-3605.850393,476.979536,-6048.596549,-7139.2166481941695,-390.8683798942149,-0.9187492536893842,7149.908620699576
2026-07-15 17:54:00,4631.865168715919,744.5873379588724,-5272.269355978324,5.667332338723177,-0.7649869696900894,4.87395166041407,LARETS,-4570.878528,1051.756371,-5273.513767,-9202.74369671592,307.1690330411276,-1.2444110216765694,9207.868695353056
2026-07-15 17:57:00,5561.090784635308,594.1178490943405,-4303.690391619851,4.62554999087283,-0.9018049535456778,5.855239512702464,LARETS,-5354.770858,1611.234242,-4305.2354780000005,-10915.861642635307,1017.1163929056595,-1.545086380149769,10963.145695700943
2026-07-15 18:00:00,6286.809550824,421.9085899786476,-3177.215527400338,3.413022355702515,-1.0057815934407879,6.622849527499825,LARETS,-5929.489639,2129.861068,-3179.021123,-12216.299189824,1707.9524780213526,-1.805595599661956,12335.115355060498
2026-07-15 18:03:00,6782.18625324757,234.2424046893963,-1934.032998095338,2.07405640900657,-1.0730032876528284,7.147885368445724,LARETS,-6275.237074,2582.903465,-1936.043879,-13057.423327247569,2348.6610603106037,-2.0108809046621445,13266.97089643338
2026-07-15 18:06:00,7028.841505039952,37.986776437738506,-619.7431327827309,0.6580047684943181,-1.1009131653136774,7.410408405344855,LARETS,-6381.210727,2947.601642,-621.89187,-13410.05223203995,2909.6148655622615,-2.148737217269172,13722.07579592141
2026-07-15 18:09:00,7017.592401819176,-159.66229937616848,717.3438209468925,-0.7826409819879787,-1.0884333356741533,7.400368781000106,LARETS,-6245.993328,3204.274391,715.132982,-13263.585729819177,3363.9366903761684,-2.2108389468925225,13683.522256967712
2026-07-15 18:12:00,6748.8296042764,-351.4526179299358,2028.0388394003674,-2.194363247286915,-1.0360204983009675,7.118093608820715,LARETS,-5877.5434000000005,3337.31132,2025.847925,-12626.3730042764,3688.7639379299358,-2.190914400367319,13154.173460654914
2026-07-15 18:15:00,6232.505369209955,-530.3515156133236,3264.148933067274,-3.524803327644834,-0.9456480720121634,6.574278848979213,LARETS,-5292.780608,3335.996893,3262.063945,-11525.285977209955,3866.3484086133235,-2.0849880672740255,12156.51558714233
2026-07-15 18:18:00,5487.732823587785,-689.8118136155842,4380.305410602657,-4.7248710046858795,-0.8207160110580144,5.789485162617487,LARETS,-4516.793605000001,3195.121272,4378.411983,-10004.526428587786,3884.933085615584,-1.8934276026566295,10732.346328976259
2026-07-15 18:21:00,4542.022509241754,-824.0156314534063,5335.660377917535,-5.750644994595637,-0.6658972634844473,4.793191641918829,LARETS,-3581.716632,2915.34549,5334.038246,-8123.739141241755,3739.3611214534067,-1.6221319175347162,8943.039855826013
2026-07-15 18:24:00,3430.2033802655083,-928.085917947249,6095.37990197567,-6.564966327424898,-0.4869354706278567,3.622501533253156,LARETS,-2525.342525,2503.309745,6094.09573,-5955.545905265508,3431.395662947249,-1.2841719756697785,6873.354703091905
2026-07-15 18:27:00,2193.088827122068,-998.2584404044645,6631.88123568043,-7.138674536201172,-0.2904107652177648,2.320611932378241,LARETS,-1389.543602,1971.485519,6630.984977,-3582.632429122068,2969.7439594044645,-0.8962586804300372,4653.454105274492
2026-07-15 18:30:00,875.9529879294199,-1032.0099410120447,6925.78143946353,-7.451482837215744,-0.08348921068388844,0.9351529612279188,LARETS,-218.575773,1337.7792479999998,6925.303176,-1094.5287609294198,2369.7891890120445,-0.47826346352940163,2610.343701047047
2026-07-15 18:33:00,-473.1199639578563,-1028.1406335997656,6966.541640473538,-7.492521108910426,0.12633256983785912,-0.48352342378239166,LARETS,942.6530379999999,624.9104120000001,6966.486721,1415.7730019578562,1653.0510455997655,-0.05491947353766591,2176.4629460313326
2026-07-15 18:36:00,-1804.9574782844647,-986.8108348006797,6752.802570228877,-7.260587433327372,0.3314810502394335,-1.8840582581524157,LARETS,2050.2931089999997,-140.410156,6753.149636,3855.2505872844645,846.4006788006797,0.3470657711231979,3947.0686997170583
2026-07-15 18:39:00,-3071.0419753877345,-909.5322879630247,6292.4126263824,-6.76414041236451,0.5245554290606841,-3.215786246697721,LARETS,3063.1904670000004,-928.475903,6293.116021,6134.232442387734,-18.943615036975302,0.7033946175997698,6134.261733294142
2026-07-15 18:42:00,-4225.230513453032,-799.1149358333566,5602.151318885074,-6.021042362480315,0.6985728727932886,-4.430418896033557,LARETS,3944.404958,-1707.726239,5603.147943,8169.635471453032,-908.6113031666434,0.9966241149259076,8220.007252425354
2026-07-15 18:45:00,-5225.404917852145,-659.5700021940778,4707.151722676086,-5.058039030801227,0.8472081513485205,-5.483702047048156,LARETS,4662.562774,-2445.997887,4708.367789,9887.967691852145,-1786.427884805922,1.2160663239137648,10048.046135520144
2026-07-15 18:48:00,-6035.002327393741,-495.9707354716622,3640.0287727871932,-3.9099463113306205,0.9650231861570145,-6.33701845455505,LARETS,5192.994205,-3111.8432390000003,3641.386429,11227.996532393741,-2615.8725035283383,1.3576562128068872,11528.690165382704
2026-07-15 18:51:00,-6624.370730910399,-314.27336850959705,2439.728193660271,-2.618516826231826,1.0476776777608017,-6.958876473079989,LARETS,5518.618678000001,-3675.867611,2441.152608,12142.9894089104,-3361.5942424904033,1.4244143397290827,12599.70276097857
2026-07-15 18:54:00,-6971.890943160612,-121.10280069713296,1150.1240048958289,-1.2309813667995775,1.0921082341615898,-7.326199495927052,LARETS,5630.529289,-4112.023869,1151.546365,12602.420232160612,-3990.921068302867,1.422360104171048,13219.245390887601
2026-07-15 18:57:00,-7064.808816478085,76.49004653064031,-181.59070904728546,0.201702502249032,1.096661846363986,-7.425318384480684,LARETS,5528.2446150000005,-4398.803666,-180.230557,12593.053431478085,-4475.29371253064,1.3601520472854531,13364.626833230019
2026-07-15 19:00:00,-6899.731179760788,271.28979655812225,-1506.6579371512128,1.6268197486988567,1.0611710665620457,-7.252577386016114,LARETS,5219.614701,-4520.262591,-1505.408476,12119.34588076079,-4791.552387558122,1.2494611512126994,13032.172513490628
2026-07-15 19:03:00,-6482.755898288637,456.1858045980841,-2776.5782563491903,2.991974269084155,0.98696280278283,-6.814493313161318,LARETS,4720.379903,-4466.823471,-2775.475184,11203.135801288638,-4923.009275598084,1.10307234919037,12237.085981822167
2026-07-15 19:06:00,-5829.228356261038,624.4367894691733,-3944.921212877905,4.24714281249512,0.8767992721157221,-6.127451897480304,LARETS,4053.403421,-4235.813489,-3943.9880780000003,9882.631777261038,-4860.250278469173,0.9331348779046493,11013.103308560672
2026-07-15 19:09:00,-4963.139922485286,769.9191164017102,-4969.0415431649235,5.346580796942572,0.7347567292955661,-5.216973478315534,LARETS,3247.620941,-3831.710253,-4968.292217,8210.760863485286,-4601.62936940171,0.7493261649233318,9412.310416267184
2026-07-15 19:12:00,-3916.2045135230214,887.3484925921053,-5811.629792820454,6.250479872890518,0.5660533433818515,-4.116620515515962,LARETS,2336.7650759999997,-3266.0872510000004,-5811.0720870000005,6252.969589523022,-4153.435743592106,0.5577058204535206,7506.707498942795
2026-07-15 19:15:00,-2726.6639438459492,972.4671992205849,-6442.0412473280185,6.926316760853988,0.3768406718633052,-2.8666422351593286,LARETS,1357.933763,-2557.2697749999998,-6441.67792,4084.5977068459492,-3529.7369742205847,0.36332732801838574,5398.423998349687
2026-07-15 19:18:00,-1437.8797889667487,1022.1916110157289,-6837.364615610996,7.349875415846892,0.17397303900826344,-1.512452829122847,LARETS,350.072742,-1729.724271,-6837.196653,1787.9525309667488,-2751.915882015729,0.16796261099625553,3281.739676283335
2026-07-15 19:21:00,-96.76953702971502,1034.717096872582,-6983.207846420441,7.505958216612878,-0.03523379669164116,-0.10302145895137707,LARETS,-647.571855,-813.199603,-6983.240701000001,-550.802317970285,-1847.916699872582,-0.03285457956008031,1928.258106226663
2026-07-15 19:24:00,1247.8597273589144,1009.5790585564616,-6874.190017181822,7.388818161936909,-0.24324773166047123,1.310776913914299,LARETS,-1596.966108,158.341751,-6874.435316,-2844.8258353589144,-851.2373075564617,-0.24529881817761634,2969.4509673461575
2026-07-15 19:27:00,2547.0325474748875,947.6697264011922,-6514.13441730166,7.002340392928204,-0.4425664525842834,2.6778297538001077,LARETS,-2462.7207540000004,1147.966141,-6514.607815,-5009.753301474888,200.29641459880793,-0.47339769834070466,5013.755779796724
2026-07-15 19:30:00,3753.33720210594,851.2105685888815,-5915.959800054571,6.359981859728568,-0.6259643870273796,3.9484717956455992,LARETS,-3213.3999989999998,2117.1510279999998,-5916.67479,-6966.73720110594,1265.9404594111184,-0.714989945428897,7080.821490989451
2026-07-15 19:33:00,4822.62399130487,723.6801950309206,-5101.266991029587,5.484452126533226,-0.7867400020805123,5.076183637269423,LARETS,-3822.668576,3027.268571,-5102.23009,-8645.29256730487,2303.5883759690796,-0.9630989704128297,8946.932653583368
2026-07-15 19:36:00,5715.619996160478,569.6979497710538,-4099.620016045724,4.407098046971232,-0.9189600278105053,6.01928208855433,LARETS,-4270.245805,3841.1275929999997,-4100.8284810000005,-9985.865801160478,3271.4296432289457,-1.2084649542766783,10508.081136428811
2026-07-15 19:39:00,6399.4032474475935,394.8644036417834,-2947.527560211797,3.166950739015754,-1.0176924765648356,6.74254859955261,LARETS,-4542.621786000001,4524.513497000001,-2948.964117,-10942.025033447593,4129.649093358217,-1.436556788202779,11695.380093462698
2026-07-15 19:42:00,6848.672951292984,205.56185843853197,-1687.143242243153,1.8094103393942564,-1.079215531868557,7.218708845990131,LARETS,-4633.498269999999,5047.659028,-1688.772375,-11482.171221292983,4842.097169561468,-1.629132756846957,12461.386905502835
2026-07-15 19:45:00,7046.751022990118,8.72061024652091,-364.7210651915651,0.38458079593645256,-1.1011863176145762,7.429654214674571,LARETS,-4543.934934999999,5386.574922000001,-366.490643,-11590.685957990117,5377.85431175348,-1.7695778084348603,12777.531886346456
2026-07-15 19:48:00,6986.256581109895,-188.44035304827477,971.1174150164304,-1.0546849826072038,-1.0827536258257164,7.367294350084429,LARETS,-4282.183551,5524.170940999999,969.2719050000001,-11268.440132109896,5712.611294048274,-1.845510016430353,12633.751391164067
2026-07-15 19:51:00,6669.410201186051,-378.68695133084174,2271.229377714484,-2.454922756046731,-1.0246023658790842,7.033952957318792,LARETS,-3863.208773,5451.097435,2269.380088,-10532.61897418605,5829.784386330842,-1.8492897144842573,12038.374137165009
2026-07-15 19:54:00,6107.947152139203,-555.0449962412733,3487.8235124378198,-3.764238622299348,-0.9289241794950747,6.442263069115058,LARETS,-3307.918972,5166.257691,3486.049036,-9415.866124139204,5721.302687241273,-1.7744764378198852,11017.796624348857
2026-07-15 19:57:00,5322.644969680259,-711.0633675827974,4576.269275090265,-4.934388033365772,-0.7993167825212615,5.614572780896905,LARETS,-2642.1458549999998,4676.961682,4574.651809999999,-7964.790824680259,5388.025049582798,-1.6174650902657959,9616.065174073847
2026-07-15 20:00:00,4342.495899638008,-841.0533559970578,5496.75944153136,-5.922623741289781,-0.640622126562746,4.581924428430465,LARETS,-1895.4391329999999,3998.7251290000004,5495.377853,-6237.935032638008,4839.7784849970585,-1.3815885313597391,7895.270176760251
2026-07-15 20:03:00,3203.574596939172,-940.2944765301119,6215.757744341189,-6.693223360563793,-0.4587185830974475,3.382706619401966,LARETS,-1099.741419,3154.727582,6214.680918999999,-4303.316015939172,4095.0220585301117,-1.0768253411897604,5940.348100274899
2026-07-15 20:06:00,1947.6631893515948,-1005.2000011367469,6707.182871731137,-7.218655816813015,-0.26028396550765315,2.061091647144679,LARETS,-288.009826,2174.9621749999997,6706.462874,-2235.6730153515946,3180.1621761367464,-0.7199977311374823,3887.372610967314
2026-07-15 20:09:00,620.6989361209966,-1033.4383648722546,6953.299738491264,-7.4803904528360325,-0.05254433250796098,0.6653601035456781,LARETS,507.147977,1095.1259779999998,6952.964341,-113.55095912099654,2128.564342872254,-0.3353974912643025,2131.59097731154
2026-07-15 20:12:00,-728.8939155203025,-1024.0089239136553,6945.304915491792,-7.469381569254687,0.15698078111038377,-0.7538133380138775,LARETS,1254.773406,-44.701557,6945.353881,1983.6673215203025,979.3073669136553,0.0489655082083118,2212.233930613241
2026-07-15 20:15:00,-2051.933414147638,-977.2719991991814,6683.603344102894,-7.186268971657951,0.36073105683612683,-2.145072507299525,LARETS,1926.7478640000002,-1201.5452970000001,6684.008422,3978.6812781476383,-224.27329780081868,0.4050778971059117,3984.9972884905555
2026-07-15 20:18:00,-3300.222126076582,-894.9337725983927,6177.778105502397,-6.641323238233917,0.5513542414038022,-3.458077034107047,LARETS,2498.837513,-2331.1424810000003,6178.48844,5799.059639076582,-1436.2087084016075,0.7103344976030712,5974.260511245784
2026-07-15 20:21:00,-4428.257189425955,-779.9867461427783,5446.256197695587,-5.854140923130422,0.721950846848296,-4.645181586089016,LARETS,2951.563035,-3389.624032,5447.206858,7379.8202244259555,-2609.6372858572217,0.9506603044128497,7827.640398762428
2026-07-15 20:24:00,-5394.861778547426,-636.6066167737473,4515.674260711233,-4.853071372702888,0.8663130351420407,-5.663086038137565,LARETS,3270.866771,-4335.215733,4516.793784,8665.728549547426,-3698.609116226253,1.1195232887675957,9422.025363073784
2026-07-15 20:27:00,-6164.686897775971,-470.0070239730438,3419.952179227638,-3.6743445314883636,0.9791524492200003,-6.474421885181601,LARETS,3448.554052,-5129.89906,3421.168858,9613.24094977597,-4659.892036026956,1.2166787723617745,10683.117373977704
2026-07-15 20:30:00,-6709.527188925042,-286.2549720787208,2199.0914688481103,-2.3608753053502283,1.0563073700534484,-7.049210296301453,LARETS,3482.492006,-5740.967503,2200.337114,10192.019194925042,-5454.712530921279,1.2456451518896756,11559.893841049838
2026-07-15 20:33:00,-7009.392127594884,-92.05180123501589,897.7293742693342,-0.9607456240240388,1.0949161082200607,-7.366102703832194,LARETS,3376.552127,-6142.4069150000005,898.9411600000001,10385.944254594884,-6050.355113764985,1.211785730665838,12019.760252627306
2026-07-15 20:36:00,-7053.277636607956,105.51292521587175,-436.5032844077435,0.47459544301394835,1.0935424589399558,-7.413306005112512,LARETS,3140.2968309999997,-6316.029292,-435.379701,10193.574467607956,-6421.542217215872,1.1235834077434674,12047.620766632483
2026-07-15 20:39:00,-6839.5942878615,299.2248441739401,-1754.755693774764,1.8923308737331563,1.0522411218513046,-7.1891069038353095,LARETS,2788.426112,-6252.305005,-1753.760418,9628.0203998615,-6551.52984917394,0.995275774763968,11645.65675156795
2026-07-15 20:42:00,-6376.226346517594,482.0139982434226,-3008.784588454923,3.240358203452968,0.9725560010910328,-6.7019426845313195,LARETS,2340.00343,-5950.841085,-3007.941611,8716.229776517594,-6432.855083243423,0.842977454922675,10833.01835822656
2026-07-15 20:45:00,-5680.218391872842,647.217623743491,-4152.752839371878,4.469324702183677,0.8574511357769574,-5.9700115680455355,LARETS,1817.503425,-5420.480302,-4152.072131,7497.721816872842,-6067.6979257434905,0.6807083718776994,9645.350746584943
2026-07-15 20:48:00,-4777.109303956124,788.8249147686366,-5144.919294881051,5.534492884976199,0.7111809775371921,-5.020463451981865,LARETS,1245.730116,-4679.013837,-5144.403447,6022.8394199561235,-5467.838751768637,0.5158478810517408,8134.608506868616
2026-07-15 20:51:00,-3699.953038090526,901.6938778729914,-5949.150998660482,6.397342942410685,0.5391120985309356,-3.888249451299458,LARETS,650.671295,-3752.53223,-5948.799417,4350.624333090526,-4654.226107872992,0.35158166048222483,6371.008779973202
2026-07-15 20:54:00,-2488.078813499159,981.7328333944158,-6536.204979373952,7.026859838732926,0.3475109399840337,-2.6147274730932515,LARETS,58.343848,-2674.459043,-6536.017635,2546.422661499159,-3656.191876394416,0.18734437395141867,4455.5591616661195
2026-07-15 20:57:00,-1185.6489464536064,1026.0417261206155,-6884.744311447106,7.40049452197819,0.1433115272340012,-1.246118112579276,LARETS,-506.321089,-1484.311047,-6884.724849,679.3278574536064,-2510.3527731206154,0.019462447105979663,2600.645570585438
2026-07-15 21:00:00,159.92849224348163,1033.0106462589674,-6982.068424107684,7.504819540509708,-0.06612621247897985,0.1681158963791563,LARETS,-1020.50586,-226.23827400000002,-6982.226534,-1180.4343522434815,-1259.2489202589675,-0.15810989231613348,1726.016549204729
2026-07-15 21:03:00,1499.6800425065164,1002.3744792878917,-6824.54818908818,7.3359118479508965,-0.2732614081718653,1.5769235268725703,LARETS,-1464.4107450000001,1052.604567,-6824.900259,-2964.090787506517,50.23008771210834,-0.3520699118198536,2964.5163825227532
2026-07-15 21:06:00,2784.793595460127,935.2233311740509,-6417.761538074203,6.899488394017365,-0.4706183833900955,2.9293369802283156,LARETS,-1822.008019,2303.801762,-6418.32691,-4606.801614460127,1368.578430825949,-0.5653719257970806,4805.79112695921
2026-07-15 21:09:00,3968.3477004423057,833.9685396940015,-5776.326659942191,6.210798544350186,-0.6510339141798862,4.176159850996126,LARETS,-2081.6214210000003,3479.48661,-5777.122525000001,-6049.969121442306,2645.5180703059987,-0.7958650578093511,6603.0972175277075
2026-07-15 21:12:00,5006.998071168716,702.2641221083286,-4923.430116971703,5.2942516884778055,-0.8079047921114277,5.271666739738863,LARETS,-2236.31554,4534.169569,-4924.468332,-7243.313611168716,3831.905446891671,-1.0382150282976,8194.454985021914
2026-07-15 21:15:00,5862.570269972985,544.8839236947904,-3890.049898787107,4.182740489015781,-0.9354315091192986,6.175286949168592,LARETS,-2284.080332,5426.52402,-3891.33392,-8146.650601972986,4881.640096305209,-1.2840212128930943,9497.28001636216
2026-07-15 21:18:00,6503.500103176058,367.55590441925926,-2713.8811898588733,2.9166197786213006,-1.028849018587864,6.853211976200745,LARETS,-2227.799867,6121.056488,-2715.399216,-8731.299970176058,5753.500583580741,-1.5180261411264837,10456.498957053633
2026-07-15 21:21:00,6906.0576267603665,176.75705546068605,-1437.9864237090696,1.5423222730223636,-1.0846309011164805,7.279834426596223,LARETS,-2075.000179,6589.583503,-1439.706122,-8981.057805760367,6412.826447539313,-1.7196982909304097,11035.567285555877
2026-07-15 21:24:00,7055.290579230024,-20.524829352862447,-109.20978815627176,0.11063202223622147,-1.1006506662448516,7.438907003392964,LARETS,-1837.387184,6812.444987,-111.077444,-8892.677763230024,6832.969816352862,-1.8676558437282438,11214.686700928089
2026-07-15 21:27:00,6945.631128608655,-217.05337879164924,1223.5834975583903,-1.325314659282159,-1.0762846171723142,7.324313273197957,LARETS,-1530.193895,6779.384355,1221.636429,-8475.825023608655,6996.437733791649,-1.947068558390356,10990.439235295842
2026-07-15 21:30:00,6581.126541645198,-405.61824226370163,2511.365402916748,-2.7121863607250383,-1.0124449893731402,6.940369466295691,LARETS,-1171.365929,6490.041663,2509.41927,-7752.492470645198,6895.659905263701,-1.9461329167479562,10375.512942688916
2026-07-15 21:33:00,5975.277836900453,-579.309002788582,3706.812504180067,-3.998629586563231,-0.9115391374180677,6.301623578335668,LARETS,-780.627499,5954.009113,3704.959469,-6755.905335900453,6533.318115788582,-1.8530351800673088,9398.218232382076
2026-07-15 21:36:00,5150.496797543461,-731.775317592452,4766.093172153097,-5.137312477742361,-0.7773587033454263,5.432173370021278,LARETS,-378.484803,5190.469051,4764.429462,-5528.981600543461,5922.244368592452,-1.663710153096872,8102.013247854179
2026-07-15 21:39:00,4137.216180912278,-857.4615896056696,5650.493683867491,-6.08671699690443,-0.6149099201353355,4.364574727532807,LARETS,14.780022,4227.43859,5649.113301,-4122.436158912278,5084.900179605669,-1.38038286749088,6546.043967643209
2026-07-15 21:42:00,2972.706408943287,-951.8069466626079,6327.818566638857,-6.8125992402781455,-0.43020074631847016,3.1384442100567687,LARETS,380.07755099999997,3100.6590929999998,6326.803440000001,-2592.628857943287,4052.4660396626077,-1.0151266388566,4810.842590247695
2026-07-15 21:45:00,1699.662062129647,-1011.40427842447,6773.520337284196,-7.289086372158271,-0.23000149694360844,1.798867966770442,LARETS,700.389233,1852.206158,6772.930982,-999.272829129647,2863.61043642447,-0.5893552841962446,3032.954214289356
2026-07-15 21:48:00,364.6231259165786,-1034.1149094710445,6971.532979849799,-7.499420956488941,-0.021593242355813523,0.3947145066355584,LARETS,961.520924,528.875714,6971.402255,596.8977980834214,1562.9906234710445,-0.13072484979875298,1673.0889658067283
2026-07-15 21:51:00,-983.7086148531716,-1019.1376614681076,6914.798475570839,-7.436388634242415,0.1874862987937892,-1.0230810959513876,LARETS,1152.704221,-819.5840330000001,6915.127861999999,2136.4128358531716,199.5536284681075,0.3293864291599675,2145.712367566631
2026-07-15 21:54:00,-2296.204766297179,-967.0323502073753,6605.48478466779,-7.102468788368255,0.3896945566746714,-2.403227113126178,LARETS,1267.0259110000002,-2142.3331000000003,6606.24694,3563.230677297179,-1175.300749792625,0.7621553322096588,3752.0588072384435
2026-07-15 21:57:00,-3525.0498235654495,-879.6982768263678,6054.897442853404,-6.509732974916316,0.577732297019119,-3.6957690649064308,LARETS,1301.672805,-3389.3426400000003,6056.043995,4826.72262856545,-2509.6443631736324,1.1465521465961501,5440.180831304854
2026-07-15 22:00:00,-4625.439965215095,-760.3083785000782,5283.087809622575,-5.67949144427504,0.7447878471889358,-4.85376474248371,LARETS,1257.984143,-4513.279654,5284.55542,5883.424108215095,-3752.971275499922,1.4676103774245348,6978.500898168196
2026-07-15 22:03:00,-5557.194028841999,-613.1998991384763,4318.162339337234,-4.641665882666101,0.8847751777111335,-5.834925806606875,LARETS,1141.3125220000002,-5471.3051940000005,4319.873809999999,6698.506550841999,-4858.105294861524,1.7114706627653504,8274.731415385431
2026-07-15 22:06:00,-6286.224525280127,-443.7231670495444,3195.3020850977246,-3.433857339161269,0.9925598131161762,-6.603185698665482,LARETS,960.7018869999999,-6226.7325949999995,3197.171126,7246.926412280127,-5783.009427950456,1.8690409022756285,9271.523281644773
2026-07-15 22:09:00,-6785.8115915399785,-258.05155447242674,1955.511646685601,-2.1000883335286984,1.0641621902284055,-7.1301237974429865,LARETS,728.39059,-6750.48189,1957.447773,7514.2021815399785,-6492.430335527573,1.9361263143991891,9930.503000116558
2026-07-15 22:12:00,-7037.62140238759,-62.95787700692675,644.1315952309511,-0.6892269480169892,1.096924932555776,-7.3961535427886895,LARETS,459.158016,-7022.2538159999995,646.046956,7496.77941838759,-6959.295938993073,1.9153607690489025,10229.052022697515
2026-07-15 22:15:00,-7032.415577389333,134.43498183108215,-690.8342483936432,0.7468585707187606,1.0896299497743154,-7.391377235568366,LARETS,169.54523,-7031.370403,-689.015367,7201.960807389332,-7165.805384831082,1.8188813936432098,10159.577234943177
2026-07-15 22:18:00,-6770.410692049039,326.91909645484066,-2000.5090128161548,2.1553246636932357,1.0425539008240716,-7.116026827799001,LARETS,-123.013456,-6777.223754,-1998.8480989999998,6647.39723604904,-7104.14285045484,1.6609138161550163,9729.169461579737
2026-07-15 22:21:00,-6261.266171953313,507.4704503512455,-3236.971311268584,3.484436311756991,0.957455994572494,-6.580446008137029,LARETS,-401.097947,-6269.30027,-3235.516111,5860.168224953312,-6776.7707203512455,1.4552002685841217,8959.14031247252
2026-07-15 22:24:00,-5523.701760336628,669.5096247658337,-4355.039113309245,4.685578989873452,0.8374990901889044,-5.804616038305274,LARETS,-648.2014889999999,-5526.794398,-4353.823694,4875.5002713366275,-6196.304022765834,1.2154193092455898,7884.458631738243
2026-07-15 22:27:00,-4584.768452490868,807.1428373037211,-5313.930681269717,5.7150804533573485,0.6871118639513187,-4.817274418544022,LARETS,-849.578098,-4577.829215,-5312.978684000001,3735.1903544908682,-5384.972052303721,0.9519972697162302,6553.5922893229
2026-07-15 22:30:00,-3478.815391313222,915.3738168219829,-6078.736451817039,6.535756130863496,0.5118047484698,-3.6547100283411886,LARETS,-992.994347,-3458.330105,-6078.06405,2485.821044313222,-4373.703921821983,0.6724018170389172,5030.764625008377
2026-07-15 22:33:00,-2246.207006956648,990.2795047155647,-6621.65239248412,7.118134114051885,0.317954315940503,-2.3593330935192585,LARETS,-1069.3505930000001,-2210.615652,-6621.27175,1176.8564139566479,-3200.8951567155646,0.38064248412047164,3410.384284541078
2026-07-15 22:36:00,-931.8488905831249,1029.1451423257513,-6922.942708133512,7.441356178870763,0.11256957126057063,-0.9781114597182982,LARETS,-1073.145908,-881.7688989999999,-6922.865568,-141.29701741687506,-1910.9140413257512,0.07714013351142057,1916.13082184318
2026-07-15 22:39:00,416.421159521811,1030.556427748127,-6971.614296193056,7.493779048489523,-0.09694999254931463,0.43905894733223666,LARETS,-1002.771227,478.142536,-6971.853611,-1419.192386521811,-552.4138917481268,-0.23931480694318452,1522.9143754753127
2026-07-15 22:42:00,1749.5258735373989,994.4477955065285,-6765.794873690929,7.27330874920124,-0.3030592689425484,1.8410121023348405,LARETS,-860.6193000000001,1817.9353859999999,-6766.3632450000005,-2610.145173537399,823.4875904934714,-0.5683713090711535,2736.967292768269
2026-07-15 22:45:00,3018.8791911587077,922.1064743545573,-6312.811010777853,6.7874904018185855,-0.4983137940672927,3.1769866948920824,LARETS,-653.008013,3087.2103270000002,-6313.716639,-3671.887204158708,2165.103852645443,-0.9056282221472429,4262.678870495298
2026-07-15 22:48:00,4178.111130632355,816.132083922111,-5628.963160049279,6.053352563980884,-0.6756174023180663,4.398317449934759,LARETS,-389.919493,4238.232717,-5630.207403,-4568.030623632355,3422.100633077889,-1.2442429507209454,5707.685876911554
2026-07-15 22:51:00,5184.74066256149,680.3516020589961,-4738.995262541743,5.096980139397609,-0.8284700323842712,5.460134761085258,LARETS,-84.559125,5227.739656000001,-4740.570586,-5269.29978756149,4547.388053941005,-1.5753234582571167,6960.191150102482
2026-07-15 22:54:00,6001.7441831066035,519.6900631959131,-3675.259995937397,3.9527746811017765,-0.9512106896194703,6.3230394974306945,LARETS,247.250401,6018.60768,-3677.1476979999998,-5754.493782106603,5498.917616804087,-1.8877020626027843,7959.415632326344
2026-07-15 22:57:00,6598.959785196666,339.99868031252623,-2476.58963170769,2.66236448006719,-1.039245606843292,6.954686120212771,LARETS,587.818132,6581.314279,-2478.756023,-6011.141653196666,6241.3155986874735,-2.1663912923099815,8665.32452193608
2026-07-15 23:00:00,6954.262685122635,147.84428656229304,-1186.8973430904305,1.2731519898917418,-1.0892472483271167,7.3311767777785475,LARETS,918.447466,6895.121096,-1189.29048,-6035.815219122635,6747.276809437707,-2.393136909569421,9053.000355112805
2026-07-15 23:03:00,7054.448491385347,-49.733192151949794,146.44701035629456,-0.16347148991151378,-1.099307710938248,7.438153766043437,LARETS,1220.372291,6948.91583,143.89948,-5834.076200385347,6998.64902215195,-2.547530356294544,9111.396146424657
2026-07-15 23:06:00,6895.770759938961,-245.48562289956394,1474.4026249173892,-1.5941648676854792,-1.0690314099493503,7.271485519828769,LARETS,1475.7192420000001,6741.65598,1471.7950819999999,-5420.051517938961,6987.1416028995645,-2.60754291738931,8842.913153218367
2026-07-15 23:09:00,6484.097502770375,-432.2319602181038,2748.1246425140284,-2.9658087011604826,-0.999556794624617,6.8374731791728935,LARETS,1668.4402539999999,6282.383605000001,2745.57064,-4815.657248770375,6714.615565218105,-2.554002514028525,8262.966988269574
2026-07-15 23:12:00,5834.675654689116,-603.1307870481199,3920.822913159849,-4.227664191412865,-0.8935042308405589,6.152554365558088,LARETS,1785.165511,5589.816774,3918.445197,-4049.5101436891155,6192.9475610481195,-2.3777161598491148,7399.401161666195
2026-07-15 23:15:00,4971.518824113247,-751.9371603456016,4949.52414208574,-5.333377117444161,-0.7548553252759719,5.242536146009884,LARETS,1815.9341729999999,4691.538947,4947.4440700000005,-3155.5846511132477,5443.476107345601,-2.08007208573963,6291.991016227202
2026-07-15 23:18:00,3926.4572419616247,-873.2324241563526,5796.659195624433,-6.242711344360553,-0.5887758198411629,4.141436473492644,LARETS,1754.7637909999999,3622.82574,5794.990855999999,-2171.693450961625,4496.058164156353,-1.668339624433429,4993.074628301054
2026-07-15 23:21:00,2737.905775821442,-962.6182506178347,6431.414532014168,-6.922940796131371,-0.40139813343902675,2.890041440879231,LARETS,1600.029254,2425.182921,6430.255083999999,-1137.876521821442,3387.801171617835,-1.1594480141684471,3573.7880605384726
2026-07-15 23:24:00,1449.4142313348457,-1016.8691523235536,6830.806774749644,-7.349877362617481,-0.19957996204351544,1.5342893193549543,LARETS,1354.643042,1144.683503,6830.227012,-94.77118933484576,2161.5526553235536,-0.5797627496440327,2163.629311178117
2026-07-15 23:27:00,108.06437916185114,-1034.0404440776344,6980.458043613887,-7.508551872514861,0.009347527533521034,0.12357396282818155,LARETS,1026.029945,-169.834622,6980.496348000001,917.9655658381489,864.2058220776345,0.03830438611385034,1260.7586939794066
2026-07-15 23:30:00,-1237.2271977002667,-1013.530651261523,6875.063560532174,-7.39358644428651,0.21783310963843877,-1.290971343952331,LARETS,625.900003,-1468.631165,6875.722544,1863.1272007002667,-455.10051373847705,0.6589834678261468,1917.9050752979012
2026-07-15 23:33:00,-2537.44851774024,-956.0984964179893,6518.551001236899,-7.009296230022221,0.4183564859728068,-2.6581808278772914,LARETS,169.82703899999998,-2702.932572,6519.802718999999,2707.2755567402396,-1746.8340755820109,1.2517177631007144,3221.9205133794026
2026-07-15 23:36:00,-3745.227380941495,-863.8350023519506,5923.934038695337,-6.369541035108573,0.6036759247023409,-3.928546715823573,LARETS,-323.35539,-3826.751766,5925.725982,3421.871990941495,-2962.9167636480493,1.7919433046627091,4526.37679405475
2026-07-15 23:39:00,-4816.517230779042,-740.0913350711127,5112.863216027754,-5.497322329505697,0.7670720642757805,-5.055889591195207,LARETS,-832.315915,-4798.5928779999995,5115.116237,3984.2013157790416,-4058.501542928887,2.253020972246304,5687.292851147645
2026-07-15 23:42:00,-5712.185776499676,-589.3632732474291,4114.879081650778,-4.4241007194713164,0.9025851128617095,-5.998990003864941,LARETS,-1334.119497,-5582.99017,4117.490278,4378.066279499676,-4993.626896752571,2.611196349222155,6641.067741712113
2026-07-15 23:45:00,-6399.453169462868,-417.1340468304795,2966.378271567065,-3.188803150363551,1.005238609306955,-6.723135337919878,LARETS,-1805.231284,-6151.843798000001,2969.230886,4594.221885462868,-5734.709751169521,2.8526144329348426,7348.0459171424545
2026-07-15 23:48:00,-6853.121978807263,-229.67891738534453,1709.3142374637237,-1.8365029667273516,1.0712386372762759,-7.2015066832470485,LARETS,-2222.58563,-6485.478847,1712.2854069999999,4630.5363488072635,-6255.799929614655,2.971169536276193,7783.116886237829
2026-07-15 23:51:00,-7056.540866135083,-33.83715627268728,389.669855323279,-0.4167877432930827,1.0981346006726331,-7.416310897400738,LARETS,-2564.671746,-6573.3750310000005,392.638418,4491.869120135083,-6539.5378747273135,2.9685626767209783,7933.627960761742
2026-07-15 23:54:00,-7002.250283928843,163.24037905827657,-944.2434029063551,1.0181283777073757,1.0849276481283932,-7.359562003461523,LARETS,-2812.5778050000004,-6414.528676,-941.3902780000001,4189.672478928842,-6577.7690550582765,2.853124906354992,7798.7440888067185
2026-07-15 23:57:00,-6692.272488893564,354.3576139055709,-2243.589396296469,2.415450819403156,1.032116009629283,-7.0334367488380725,LARETS,-2950.940165,-6017.423663,-2240.950291,3741.3323238935636,-6371.781276905571,2.639105296469097,7388.989860827524
2026-07-16 00:00:00,-6138.028314546502,532.5416807662382,-3460.8338063193382,3.723884981650563,0.9416723260768894,-6.450168061621548,LARETS,-2968.750219,-5399.6095080000005,-3458.489163,3169.278095546502,-5932.151188766238,2.344643319338047,6725.6781718012535
2026-07-16 00:03:00,-5359.886344208936,691.3012591810185,-4551.510423789589,4.895620643643597,0.8169551403942613,-5.631488153507675,LARETS,-2859.975204,-4586.906451000001,-4549.52333,2499.911140208936,-5278.207710181019,1.9870937895893803,5840.2941954405715
2026-07-16 00:06:00,-4386.372332732476,824.8636921640693,-5475.850756602204,5.888106871883059,0.6625633090717316,-4.60767817782428,LARETS,-2623.959784,-3612.284025,-5474.268878999999,1762.412548732476,-4437.147717164069,1.5818776022042584,4774.346066028389
2026-07-16 00:09:00,-3253.0841931717428,928.3817535974879,-6200.213762180142,6.665538774713926,0.484146570519642,-3.416312584323241,LARETS,-2265.595952,-2514.481577,-6199.070706,987.4882411717426,-3442.863330597488,1.1430561801416843,3581.681483075054
2026-07-16 00:12:00,-2001.3682091729693,998.1034895539339,-6698.269595352629,7.200020271967529,0.28818690568961747,-2.100796837710781,LARETS,-1795.257229,-1336.437301,-6697.588906999999,206.11098017296922,-2334.5407905539337,0.6806883526296588,2343.621748969889
2026-07-16 00:15:00,-676.8149921776461,1031.5010734010498,-6951.908317598797,7.4724058364659225,0.08176362357733152,-0.7087865509065824,LARETS,-1228.49895,-123.59424800000001,-6951.707729000001,-551.6839578223538,-1155.09532140105,0.20058859879645752,1280.0782909950929
2026-07-16 00:18:00,672.3692421191328,1027.3566142471907,-6951.858202417553,7.472848623293282,-0.12768878567428865,0.7094496963680098,LARETS,-585.543447,1077.845464,-6952.148648,-1257.9126891191327,50.4888497528093,-0.2904455824473189,1258.9255505211281
2026-07-16 00:21:00,1997.066130661373,985.8040812299535,-6698.006758829275,7.201087196432849,-0.33262550734198154,2.1026920806924947,LARETS,109.433553,2222.657644,-6698.789107,-1887.632577661373,1236.8535627700464,-0.7823481707246174,2256.7596451669674
2026-07-16 00:24:00,3248.978210351935,908.3269911332933,-6199.421063178787,6.666489468147602,-0.5256378939723382,3.4204476651953404,LARETS,829.1946330000001,3268.277384,-6200.684338,-2419.783577351935,2359.950392866707,-1.2632748212126899,3380.0473389994295
2026-07-16 00:27:00,4382.347680468557,797.7115688290579,-5474.064515339465,5.887847970638615,-0.6997015945499707,4.614644597300258,LARETS,1544.491045,4176.380274,-5475.786875,-2837.856635468557,3378.6687051709423,-1.7223596605344937,4412.350333926037
2026-07-16 00:30:00,5355.61373884078,657.9552090992046,-4548.207954894533,4.892896504125706,-0.8484245554988902,5.6413305456569,LARETS,2225.237082,4914.3076040000005,-4550.355431,-3130.3766568407796,4256.352394900796,-2.1474761054669216,5283.540322068624
2026-07-16 00:33:00,6132.954657814454,494.13072275549104,-3455.537453197716,3.7175060635569714,-0.9662890461093574,6.462336134532192,LARETS,2841.767964,5456.287398,-3458.062591,-3291.1866938144535,4962.15667524451,-2.525137802284007,5954.403001102283
2026-07-16 00:36:00,6685.653559355165,312.20834451958,-2235.971163162211,2.4045256270185362,-1.0488768529067989,7.046830060190523,LARETS,3366.131421,5784.39718,-2238.810234,-3319.522138355165,5472.18883548042,-2.8390708377892224,6400.319205985731
2026-07-16 00:39:00,6993.222935178663,118.83982492658619,-934.213498814577,1.002262381113182,-1.0930626744314995,7.372664170610821,LARETS,3773.356284,5889.219037999999,-937.28467,-3219.866651178663,5770.379213073413,-3.0711711854230543,6607.936663296243
2026-07-16 00:42:00,7044.225783179352,-78.88819061427931,401.9054391792591,-0.4373594451824666,-1.0971591993900334,7.427395497575633,LARETS,4042.631602,5770.145573,398.703782,-3001.5941811793523,5849.033763614279,-3.2016571792590867,6574.250820207445
2026-07-16 00:45:00,6836.7426768469695,-273.7214369999628,1723.2376547164251,-1.8608731253481103,-1.0609993259280344,7.208884770986088,LARETS,4158.329035,5435.311508000001,1720.026942,-2678.4136418469698,5709.032944999964,-3.210712716425178,6306.105542456696
2026-07-16 00:48:00,6378.453720321334,-458.51371577659717,2981.189517880948,-3.2154497910159128,-0.9859463799233364,6.725406908965488,LARETS,4110.813819999999,4901.150638,2978.104192,-2267.6399003213346,5359.664353776598,-3.085325880948403,5819.6393549694
2026-07-16 00:51:00,5686.329408973795,-626.4977674131648,4129.5686094327475,-4.451038145458066,-0.8748308545652562,5.995260696457669,LARETS,3897.000576,4191.6060800000005,4126.746916,-1789.3288329737948,4818.103847413166,-2.821693432747452,5139.633286424503
2026-07-16 00:54:00,4785.950566625349,-771.5385730059666,5126.317954142137,-5.522324379259947,-0.7318202451918848,5.045919704267664,LARETS,3520.621877,3337.02848,5123.891474,-1265.328689625349,4108.567053005967,-2.4264801421368247,4298.998233267957
2026-07-16 00:57:00,3710.50010062828,-888.3581348970512,5935.062294136807,-6.390404431263189,-0.562234990939445,3.9128108346998616,LARETS,2992.2030299999997,2372.836063,5933.148227,-718.2970706282804,3261.1941978970513,-1.9140671368077165,3339.3625052880325
2026-07-16 01:00:00,2499.484702682157,-972.723488364472,6526.409129931791,-7.024106869001049,-0.3723268680158277,2.6378304228720255,LARETS,2328.744421,1338.002331,6525.102532,-170.74028168215727,2310.725819364472,-1.3065979317907477,2317.0256285299624
2026-07-16 01:03:00,1197.251312963379,-1021.5926694989853,6878.967343064047,-7.400952491115874,-0.1690358924445513,1.2677068268914493,LARETS,1553.144796,273.45231,6878.33244,355.8934830366211,1295.0449794989854,-0.634903064046739,1343.0569881041408
2026-07-16 01:06:00,-148.63793054034568,-1033.2159910122089,6980.064107536258,-7.507773443090634,0.04026152310941991,-0.14770330269258167,LARETS,693.38566,-779.561314,6980.127944,842.0235905403457,253.65467701220882,0.0638364637416089,879.4000376800753
2026-07-16 01:09:00,-1489.1145291112207,-1007.19183715907,6826.153584628815,-7.341031714235789,0.2480052796449143,-1.5571305281126677,LARETS,-218.489028,-1781.046969,6826.907888000001,1270.6255011112207,-773.85513184093,0.754303371185415,1487.7303176732871
2026-07-16 01:12:00,-2775.345607858867,-944.4771708046344,6422.917754632208,-6.90687275701443,0.4467018636700483,-2.9095964104254763,LARETS,-1147.5663459999998,-2693.7812200000003,6424.3239029999995,1627.7792618588671,-1749.304049195366,1.406148367791502,2389.5045426034103
2026-07-16 01:15:00,-3960.463181097065,-847.3532593996114,5785.062027570535,-6.2209301363160545,0.6291715483650164,-4.1561005379421365,LARETS,-2057.388759,-3484.680025,5787.0510429999995,1903.074422097065,-2637.3267656003886,1.9890154294644162,3252.259011944569
2026-07-16 01:18:00,-5001.235378780076,-719.347207434915,4935.8089119318665,-5.307872083950693,0.7887918071374295,-5.251285611494745,LARETS,-2911.365406,-4125.994085,4938.283803,2089.869972780076,-3406.646877565085,2.4748910681337293,3996.599251443349
2026-07-16 01:21:00,-5859.6308098800855,-565.1102283452833,3906.095384183326,-4.20066251229822,0.9197335244666841,-6.155057432672153,LARETS,-3674.242167,-4596.2997350000005,3908.940793,2185.3886428800856,-4031.189506654717,2.8454088166740803,4585.457496841913
2026-07-16 01:24:00,-6504.2218160949,-390.2545807422521,2733.486316921963,-2.939506797350203,1.0171823516772762,-6.834107990112418,LARETS,-4313.567034,-4881.240348,2736.5753640000003,2190.6547820949,-4490.985767257748,3.0890470780373107,4996.792078748002
2026-07-16 01:27:00,-6911.36835883447,-201.15286262132025,1460.828323232604,-1.5704702603069638,1.077533416768473,-7.263261559536052,LARETS,-4801.079466,-4973.9857,1464.028675,2110.28889283447,-4772.83283737868,3.200351767396114,5218.549870129842
2026-07-16 01:30:00,-7066.125068181884,-4.705729242765651,134.6845288804909,-0.14379175172431657,1.0985452206322657,-7.426547156500584,LARETS,-5113.967284,-4875.387224,137.866348,1952.1577841818835,-4870.681494757235,3.1818191195091003,5247.329641035086
2026-07-16 01:33:00,-6962.821845508687,191.91335540157053,-1196.3918022148173,1.288042766350349,1.0794390853228277,-7.317903732871518,LARETS,-5235.925682,-4593.812922,-1193.347106,1726.896163508687,-4785.726277401571,3.0446962148173498,5087.765288604414
2026-07-16 01:36:00,-6605.283723725201,381.525566560619,-2483.6719808050952,2.6723631092623017,1.02093422434348,-6.941449134618584,LARETS,-5157.959258000001,-4144.6671209999995,-2480.866033,1447.3244657251998,-4526.192687560619,2.8059478050954567,4751.965512012585
2026-07-16 01:39:00,-6006.676709592096,557.2143454476003,-3680.0733098972805,3.9583870772847383,0.9252146624209994,-6.311285332444466,LARETS,-4878.877955,-3549.614063,-3677.590642,1127.798754592096,-4106.8284084476,2.4826678972804075,4258.870245843564
2026-07-16 01:42:00,-5188.989665818257,712.5811475059178,-4741.904983956468,5.099173152533019,0.7958313646464079,-5.450860866951469,LARETS,-4405.464198,-2835.552015,-4739.813338999999,783.5254678182573,-3548.133162505918,2.0916449564683717,3633.6160326281984
2026-07-16 01:45:00,-4182.183863017048,841.978450310115,-5630.464051094711,6.053345652656708,0.6375492605971911,-4.391954733746678,LARETS,-3752.3111400000003,-2033.397376,-5628.815474999999,429.8727230170475,-2875.375826310115,1.6485760947116432,2907.3320103362475
2026-07-16 01:48:00,-3023.0580779392812,940.7112967931354,-6313.421307023746,6.786521547187766,0.45615283491919006,-3.1733735781591226,LARETS,-2941.343693,-1176.739509,-6312.2550120000005,81.71438493928144,-2117.4508057931353,1.1662950237450787,2119.0272569988533
2026-07-16 01:51:00,-1753.8860008828422,1005.2012254642395,-6765.954371481563,7.2724111357501355,0.2582247882092098,-1.8394603970938233,LARETS,-2001.050696,-300.430947,-6765.301114,-247.16469511715786,-1305.6321724642396,0.6532574815628323,1328.8213510594207
2026-07-16 01:54:00,-420.8842870078394,1033.1088885806216,-6971.601839049868,7.49360153609143,0.050910101523481514,-0.43849880603673275,LARETS,-965.462152,560.824284,-6971.485848,-544.5778649921606,-472.2846045806216,0.1159910498681711,720.8452068351552
2026-07-16 01:57:00,927.4341358454492,1023.4135274871528,-6922.82518182875,7.442052874122535,-0.1583262789904474,0.9789306433832972,LARETS,127.08193399999999,1373.827008,-6923.260116,-800.3522018454491,350.4134805128472,-0.4349341712504611,873.7010034855857
2026-07-16 02:00:00,2241.972621645678,976.4485518806401,-6621.272538443203,7.119338060929683,-0.3619443618648758,2.36161566514664,LARETS,1235.330807,2108.1441,-6622.257369,-1006.6418146456779,1131.69554811936,-0.9848305567966236,1514.6166269117566
2026-07-16 02:03:00,3474.784640317071,893.892848595869,-6077.741226188143,6.5366406404913,-0.5525759550583085,3.659393705623439,LARETS,2316.658373,2737.239129,-6079.261581000001,-1158.1262673170709,1843.346280404131,-1.520354811857942,2176.966759509265
2026-07-16 02:06:00,4580.784728364877,778.717479985251,-5311.836131244275,5.714499849008123,-0.7232733279087885,4.824848603364411,LARETS,3328.691662,3239.4388339999996,-5313.86434,-1252.093066364877,2460.7213540147486,-2.0282087557252453,2760.9583014913383
2026-07-16 02:09:00,5519.388327954386,635.0876148378194,-4351.322401485966,4.682269404825577,-0.8677573308273997,5.815006383308159,LARETS,4230.972671,3598.699079,-4353.815011,-1288.4156569543857,2963.6114641621807,-2.4926095140335747,3231.5652598548736
2026-07-16 02:12:00,6256.025232331668,468.2203254106762,-3231.176221764995,3.4772477473308108,-0.9806582390135293,6.592984593819597,LARETS,4986.601379,3805.146197,-3234.0732799999996,-1269.4238533316684,3336.925871589324,-2.897058235004806,3570.2268254042356
2026-07-16 02:15:00,6763.464480429662,284.200541942752,-1992.348687175379,2.1434492957365676,-1.0577375921989842,7.129515633705636,LARETS,5563.789863,3855.363953,-1995.571482,-1199.6746174296622,3571.163411057248,-3.2227948246211326,3767.285187317988
2026-07-16 02:18:00,7022.885686592529,89.75993274353472,-680.2746169855172,0.7300189093978878,-1.0960755271777747,7.404238606942917,LARETS,5937.248133,3752.408368,-683.7234100000001,-1085.637553592529,3662.6484352564653,-3.448793014482817,3820.158943320325
2026-07-16 02:21:00,7024.6361825941885,-107.97359290587306,656.8218854432056,-0.7106618736770746,-1.0942071245444234,7.406647190434979,LARETS,6089.330526,3505.542125,653.267908,-935.3056565941888,3613.515717905873,-3.5539774432055538,3732.6003195581425
2026-07-16 02:24:00,6768.626466160457,-301.745270461983,1969.7542149871188,-2.1250801492706874,-1.0521939043863702,7.136598286531371,LARETS,6010.877224000001,3129.696722,1966.232226,-757.7492421604566,3431.4419924619833,-3.521988987118675,3514.113041157418
2026-07-16 02:27:00,6264.33739543665,-484.4492522459163,3210.2475787747503,-3.4607754997554503,-0.9716225117920161,6.604325990744258,LARETS,5701.699176,2644.688343,3206.902479,-562.6382194366497,3129.137595245916,-3.3450997747504516,3179.31990300516
2026-07-16 02:30:00,5530.43820245405,-649.3975198624615,4332.770709762237,-4.668455296028685,-0.8555305104188008,5.82995877669593,LARETS,5170.678913,2074.231854,4329.745915,-359.7592894540503,2723.6293738624618,-3.0247947622365245,2747.2882742621427
2026-07-16 02:33:00,4594.040205711064,-790.5694039607779,5296.239421676291,-5.703906644923453,-0.7082671055896396,4.842591623939085,LARETS,4435.482042000001,1444.804663,5293.66762,-158.55816371106357,2235.374066960778,-2.5718016762912157,2240.9918618067436
2026-07-16 02:36:00,3489.632519880157,-902.8311716771154,6065.519764181989,-6.529605184574881,-0.535302593151513,3.6790057874759836,LARETS,3521.910038,784.426559,6063.512541,32.27751811984308,1687.2577306771154,-2.007223181988593,1687.5676332670546
2026-07-16 02:39:00,2257.759825490363,-982.1179300872614,6612.677339199332,-7.11596844162594,-0.3430030334196921,2.3821478067691135,LARETS,2462.9266009999997,121.417109,6611.319182,205.16677550963686,1103.5350390872613,-1.3581571993317993,1122.4459153372704
2026-07-16 02:42:00,943.5073215626633,-1025.5730377948541,6917.939302430285,-7.442248061643146,-0.1383857620232197,0.9994738719575537,LARETS,1297.415637,-516.807945,6917.279101,353.9083154373368,508.7650927948541,-0.6602014302852695,619.7527339578088
2026-07-16 02:45:00,-405.1443142333386,-1031.6427227895244,6970.352654316215,-7.497088624295207,0.07113235336463193,-0.41875905935601854,LARETS,68.728429,-1104.855214,6970.402505,473.8727432333386,-73.21249121047549,0.04985068378482538,479.49499281413176
2026-07-16 02:48:00,-1739.037633848958,-1000.1253017871643,6768.134067337972,-7.278793670272215,0.2779869389672354,-1.8212073165469473,LARETS,-1176.936641,-1620.350793,6768.87269,562.100992848958,-620.2254912128358,0.7386226620283196,837.0410573415288
2026-07-16 02:51:00,-3009.58134589554,-932.1752331806418,6318.712312406379,-6.795331817558195,0.47471577827342515,-3.1571410429342786,LARETS,-2392.260116,-2044.780803,6320.085898,617.32122989554,-1112.6055698193582,1.373585593621101,1272.3908761108687
2026-07-16 02:54:00,-4170.472061251967,-830.2624712620576,5638.466059397842,-6.064094103571352,0.6542056770652318,-4.378127661652768,LARETS,-3530.577034,-2364.147432,5640.3890329999995,639.8950272519669,-1533.8849607379425,1.9229736021570716,1662.008548867096
2026-07-16 02:57:00,-5179.349146486562,-698.0876826110843,4752.160536280589,-5.111389037470229,0.8099354969016356,-5.439690914923209,LARETS,-4547.66334,-2569.429753,4754.525933,631.6858064865619,-1871.3420703889155,2.3653967194104553,1975.083212835776
2026-07-16 03:00:00,-5999.332882560017,-540.4543258760414,3692.089562869707,-3.971646001528766,0.9362112429314439,-6.302917378489303,LARETS,-5403.471018,-2656.833111,3694.776747,595.8618645600172,-2116.3787851239586,2.687184130292735,2198.6627173621364
2026-07-16 03:03:00,-6600.390690123545,-363.099728882693,2496.9371891173305,-2.686299093835202,1.0283847347748274,-6.935952844860036,LARETS,-6063.733556,-2627.8099709999997,2499.8164380000003,536.6571341235449,-2264.7102421173067,2.879248882669799,2327.428119283355
2026-07-16 03:06:00,-6960.472836965968,-172.48919972644015,1210.3861123283352,-1.3023447767277854,1.08304343959357,-7.315304092388834,LARETS,-6501.3803689999995,-2488.855168,1213.3278030000001,459.09246796596835,-2316.3659682735597,2.941690671664901,2361.424537575359
2026-07-16 03:09:00,-7066.361046068011,24.420344028685744,-120.48328737078049,0.12939646951234562,1.0981571133779806,-7.426848260762516,LARETS,-6697.6933420000005,-2251.08323,-117.59950199999999,368.6677040680106,-2275.5035740286858,2.883785370780501,2305.17693630189
2026-07-16 03:12:00,-6914.1827388918655,220.43821693293188,-1446.9422152149937,1.556241567794028,1.073167992448231,-7.266459273275526,LARETS,-6643.1338080000005,-1929.5987420000001,-1444.22098,271.048930891865,-2150.036958932932,2.7212352149936123,2167.056495072588
2026-07-16 03:15:00,-6509.560243340726,408.4082253109356,-2720.4359768299537,2.925719852325529,1.0090154886615843,-6.840189147348392,LARETS,-6337.794439,-1542.6938759999998,-2717.9637340000004,171.76580434072548,-1951.1021013109355,2.472242829953302,1958.6497934202976
2026-07-16 03:18:00,-5867.386058734923,581.4752274678332,-3894.397310923544,4.187632360601988,0.908092793262821,-6.16398574290431,LARETS,-5791.448576999999,-1110.916612,-3892.241802,75.9374817349235,-1692.391839467833,2.155508923543948,1694.096008391578
2026-07-16 03:21:00,-5011.238589248951,733.3380551412642,-4925.969172871696,5.295968870233855,0.7741399158600462,-5.262976896743361,LARETS,-5023.202730000001,-656.0591400000001,-4924.180448,-11.964140751049854,-1389.3971951412643,1.788724871696104,1389.4498573417432
2026-07-16 03:24:00,-3972.473562872692,858.4782370983188,-5777.564846762448,6.210580711445889,0.6120836985085115,-4.170391907813667,LARETS,-4060.774352,-200.116755,-5776.179677,-88.30078912730778,-1058.594992098319,1.385169762447731,1062.2722369295998
2026-07-16 03:27:00,-2789.0413017383908,952.3562123151775,-6418.2084349549805,6.898546641416686,0.42783881396724677,-2.9262151804491485,LARETS,-2939.4335920000003,235.72907500000002,-6417.256622000001,-150.39229026160956,-716.6271373151774,0.9518129549796868,732.238486324353
2026-07-16 03:30:00,-1504.0874396146094,1011.5693060311619,-6824.616308305655,7.335211780117345,0.2280840280926514,-1.5756689932603547,LARETS,-1700.667695,632.055624,-6824.123383,-196.58025538539073,-379.5136820311619,0.4929253056552625,427.4045795631959
2026-07-16 03:33:00,-164.39504211252932,1033.968109878719,-6981.9962119338015,7.504913961414568,0.02002540188995314,-0.16760495891357266,LARETS,-390.629927,972.031067,-6981.982908,-226.23488488747068,-61.9370428787189,0.01330393380158057,234.56005754945156
2026-07-16 03:36:00,1181.2782924589767,1018.7296380001658,-6884.552548628161,7.401429127380038,-0.18884618335077738,1.2471452168886252,LARETS,941.569943,1242.1074939999999,-6885.0300640000005,-239.70834945897673,223.37785599983408,-0.47751537183921755,327.6552874170656
2026-07-16 03:39:00,2483.920481829178,966.3865667562804,-6535.692810310025,7.028164680222834,-0.3910001033813838,2.61743825819057,LARETS,2245.67943,1432.551726,-6536.661497,-238.24105182917765,466.1651592437195,-0.9686866899746747,523.5166595470469
2026-07-16 03:42:00,3695.9979898461597,878.8121502072913,-5947.932152924248,6.398110812327216,-0.5791133024403292,3.893504114142111,LARETS,3472.181574,1537.799737,-5949.3839100000005,-223.81641584615954,658.9875867927087,-1.451757075752539,695.9601534195085
2026-07-16 03:45:00,4773.157218758019,759.1604268175371,-5142.49334519153,5.533534079750182,-0.7463195277371325,5.0286445061295755,LARETS,4574.170943,1556.620099,-5144.408625,-198.98627575801856,797.4596721824629,-1.915279808469677,821.9130945508485
2026-07-16 03:48:00,5675.844836829942,611.7615948170975,-4148.601158541729,4.465376730144013,-0.8864574622154556,5.980924394517657,LARETS,5509.1665060000005,1492.080598,-4150.945432,-166.67833082994184,880.3190031829025,-2.3442734582713456,895.9624484046426
2026-07-16 03:51:00,6370.790317373596,441.97336950163634,-3002.4766629820906,3.232320091673236,-0.9943101121116052,6.714804259518357,LARETS,6240.800011,1351.3188089999999,-3005.196362,-129.99030637359556,909.3454394983635,-2.7196990179095337,918.5934927106338
2026-07-16 03:54:00,6832.287565461774,255.99095591804874,-1746.049287725648,1.8794863568675975,-1.0658228841347421,7.202627709911709,LARETS,6740.301017,1145.120912,-1749.0695959999998,-91.98654846177396,889.1299560819514,-3.020308274351919,893.8807113716434
2026-07-16 03:57:00,7043.210828734962,60.62086798000978,-425.4221772725928,0.4567890630972467,-1.0982844003462162,7.4258559223812615,LARETS,6987.708394,887.3256160000001,-428.647496,-55.50243473496175,826.7047480199903,-3.2253187274071706,828.5720628534356
2026-07-16 04:00:00,6995.706100834607,-136.97321583869507,910.853495430837,-0.9830096879183887,-1.0904537222594695,7.375937806332413,LARETS,6972.7317060000005,594.0785139999999,907.538707,-22.974394834606755,731.051729838695,-3.314788430836984,731.4201544533115
2026-07-16 04:03:00,6691.513980383105,-329.54166280589686,2213.6211683117463,-2.3864303853498203,-1.0426208985761276,7.054726748998721,LARETS,6695.210786000001,282.976538,2210.346729,3.69680561689529,612.5182008058969,-3.2744393117463915,612.5381087271783
2026-07-16 04:06:00,6141.90208499676,-510.02443741173226,3434.991929065099,-3.7014580207759753,-0.9565941214828371,6.474398014816396,LARETS,6165.148735000001,-27.854984,3431.8941120000004,23.246650003240575,482.16945341173226,-3.097817065098752,482.739458725212
2026-07-16 04:09:00,5367.211150533481,-671.817769208399,4530.15794730717,-4.879628012933472,-0.83561480549135,5.656875401572335,LARETS,5402.308159,-320.701495,4527.370927,35.09700846651958,351.116274208399,-2.787020307169769,352.8770401988193
2026-07-16 04:12:00,4396.044238245413,-809.0196640335965,5459.062703534572,-5.8778865407243295,-0.6842095961916931,4.632828064466852,LARETS,4435.404732,-579.160767,5456.707531,39.36049375458697,229.85889703359658,-2.3551725345723753,233.2164399260353
2026-07-16 04:15:00,3264.1486169356854,-916.6441508355033,6187.859084081521,-6.6601340083285585,-0.5079937866374022,3.4403356868122206,LARETS,3300.946635,-788.963757,6186.034783,36.79801806431442,127.68039383550331,-1.8243010815212983,132.88982345494662
2026-07-16 04:18:00,2013.0519921501834,-990.7970095559805,6690.105776030838,-7.198408754474173,-0.3134426831926295,2.123334347325844,LARETS,2041.7839439999998,-938.6724849999999,6688.880648,28.73195184981637,52.12452455598054,-1.225128030837368,59.53143754336131
2026-07-16 04:21:00,688.5182369018365,-1028.808621793825,6947.67208420655,-7.473713025289953,-0.10764600061396296,0.7299456655262243,LARETS,705.444727,-1020.228456,6947.079589,16.926490098163413,8.580165793825017,-0.5924952065497564,18.986215069426905
2026-07-16 04:24:00,-661.1156036469135,-1029.3219603190007,6951.337464229008,-7.476513070898148,0.1019436750491726,-0.6892354975166068,LARETS,-657.680938,-1029.3319549999999,6951.377926,3.4346656469135723,-0.009994680999170669,0.04046177099189663,3.434918507715766
2026-07-16 04:27:00,-1986.666124402368,-992.3352674668637,6701.082549696242,-7.206953975345249,0.3077622671410776,-2.0828530207023275,LARETS,-1996.237987,-965.638733,6701.723984,-9.571862597631934,26.69653446686368,0.641434303758615,28.36788578823639
2026-07-16 04:30:00,-3239.8458198814697,-919.199673601569,6206.073289810263,-6.674818708859206,0.5023833754099208,-3.4004867459871764,LARETS,-3259.8204419999997,-832.768645,6207.251737,-19.97462211853008,86.43102860156898,1.1784471897362891,88.71694861570873
2026-07-16 04:33:00,-4374.975690438758,-812.5721796436214,5484.341066754494,-5.899237657591962,0.6787648959699148,-4.594332198025277,LARETS,-4400.851756,-638.1261559999999,5485.966135,-25.876065561242285,174.44602364362152,1.6250682455056449,176.36220337930465
2026-07-16 04:36:00,-5350.621947925391,-676.3245497034528,4562.162569325206,-4.908131052136396,0.8304916613166018,-5.620852617109423,LARETS,-5376.382051,-392.54187800000005,4564.127927,-25.760103074608196,283.78267170345276,1.965357674794177,284.9562252353051
2026-07-16 04:39:00,-6131.105985370973,-515.409206844797,3473.146987859623,-3.737353664292833,0.9520092425589965,-6.442369928941665,LARETS,-6149.733223,-109.74632399999999,3475.3382549999997,-18.62723762902715,405.6628828447971,2.191267140376567,406.0962326238946
2026-07-16 04:42:00,-6687.831453503761,-335.68450169627505,2257.046829760627,-2.4295163875077246,1.0388396327881175,-7.028531335681326,LARETS,-6691.921909,194.305181,2259.347417,-4.090455496238974,529.989682696275,2.300587239372817,530.0104605498943
2026-07-16 04:45:00,-7000.369727937837,-143.70375380534796,958.3224887252388,-1.0324840851728527,1.087765821281489,-7.357563148689894,LARETS,-6982.802955,502.228823,960.622147,17.566772937836504,645.9325768053479,2.2996582747612138,646.1754976150263
2026-07-16 04:48:00,-7057.248345029802,53.525025670869226,-375.4922399998755,0.4024120720586795,1.0969708115750025,-7.417213727732493,LARETS,-7011.873407,796.09181,-373.289868,45.37493802980225,742.5667843291308,2.2023719998754814,743.9550824025198
2026-07-16 04:51:00,-6856.3977538886975,248.7993290539477,-1695.5595849271506,1.8223670563798624,1.066118298632274,-7.205298806345372,LARETS,-6778.6849139999995,1058.3311999999999,-1693.533061,77.712839888698,809.5318709460521,2.0265239271504925,813.2559513217283
2026-07-16 04:54:00,-6405.229532306927,434.99095334448737,-2953.5651014647397,3.1751843913384077,0.9963669122892298,-6.729794442225038,LARETS,-6292.839024,1272.66453,-2951.772013,112.39050830692668,837.6735766555126,1.793088464739867,845.1815559692312
2026-07-16 04:57:00,-5720.341586713364,605.311228277741,-4103.519939152011,4.411317898770043,0.8903166308568413,-6.00846836011205,LARETS,-5573.572866,1424.946057,-4101.997319,146.76872071336402,819.6348287222592,1.5226201520108589,832.6731821108039
2026-07-16 05:00:00,-4826.869010745022,753.5608838225231,-5103.45786544856,5.485749343169002,0.751893024091421,-5.068088372391535,LARETS,-4648.945613,1503.922132,-5102.229779,177.92339774502216,750.3612481774768,1.2280864485601342,771.1681051676861
2026-07-16 05:03:00,-3757.5191917527527,874.3543245034604,-5916.957439906768,6.359606613613802,0.5861806412489532,-3.9432849467618483,LARETS,-3554.681651,1501.846949,-5916.0419790000005,202.83754075275283,627.4926244965396,0.9154609067672936,659.4625840825632
2026-07-16 05:06:00,-2551.343344023304,963.3104170694409,-6514.435655727075,7.001467939544602,0.39921979210306213,-2.6751648611718064,LARETS,-2332.739011,1414.9322379999999,-6513.848996000001,218.60433302330375,451.621820930559,0.5866597270742204,501.7474142702011
2026-07-16 05:09:00,-1252.3026369595739,1017.2044766700982,-6874.176911850809,7.388339632165025,0.19778068877539468,-1.3097709566353566,LARETS,-1029.670477,1243.612789,-6873.9364479999995,222.63215995957398,226.40831232990183,0.24046385080964683,317.53088095995207
2026-07-16 05:12:00,92.31367948128599,1034.0784104385887,-6983.076654230604,7.506326477874622,-0.01087408426823945,0.10353736943606272,LARETS,305.156532,992.620858,-6983.199259,212.84285251871404,-41.457552438588664,-0.12260476939627551,216.8428545155013
2026-07-16 05:15:00,1433.565656581919,1013.3075661269097,-6837.089853151682,7.351027405490588,-0.21923221892124548,1.5137382063231166,LARETS,1621.4095,670.8670960000001,-6837.5875080000005,187.84384341808095,-342.44047012690964,-0.49765484831823414,390.5778190721581
2026-07-16 05:18:00,2722.5886013338118,955.6236324481001,-6441.3799587418,6.927682770227542,-0.41977702303957215,2.869818898720767,LARETS,2869.665501,291.131183,-6442.261319,147.07689966618818,-664.4924494481002,-0.8813602582004023,680.5752027401959
2026-07-16 05:21:00,3912.323693828754,863.0931410997865,-5810.165422771366,6.251078557586231,-0.6052353058814146,4.122464107254941,LARETS,4003.255158,-130.43169500000002,-5811.434969,90.9314641712458,-993.5248360997865,-1.2695462286337715,997.678176002192
2026-07-16 05:24:00,4959.2080290570975,739.0511490760686,-4966.26115366841,5.345187085063638,-0.7688272030801391,5.225755488524348,LARETS,4980.011854,-574.953314,-4967.913637,20.803824942902793,-1314.0044630760685,-1.6524833315897922,1314.1701787885931
2026-07-16 05:27:00,5824.773364053078,587.9900355027554,-3940.31478643955,4.242505286266638,-0.9045141866077814,6.138856905125767,LARETS,5763.873775,-1021.6636729999999,-3942.330892,-60.89958905307776,-1609.6537085027553,-2.016105560449887,1610.8065948229594
2026-07-16 05:30:00,6477.0954377989365,415.4044357179742,-2769.745142297838,2.9830502656934663,-1.007236692999291,6.8276264692193545,LARETS,6326.278668999999,-1448.8226969999998,-2772.087055,-150.81676879893712,-1864.227132717974,-2.3419127021620625,1870.3192199910516
2026-07-16 05:33:00,6892.029949706017,227.59531513634593,-1497.4037780447718,1.6129919656594858,-1.0731280127950338,7.266064390736783,LARETS,6647.281568,-1834.734307,-1500.011749,-244.74838170601652,-2062.3296221363457,-2.607970955228211,2076.803322946412
2026-07-16 05:36:00,7054.170890626112,31.438891256229876,-169.9989357005934,0.18294180517701975,-1.0996881333534796,7.437485864603672,LARETS,6716.336678000001,-2158.794962,-172.790234,-337.83421262611137,-2190.23385325623,-2.7912982994066056,2216.137197584241
2026-07-16 05:39:00,6957.4745921458725,-165.87091778935144,1163.658654091275,-1.254035237538652,-1.0859014693573268,7.335310222817359,LARETS,6532.694199,-2402.521766,1160.786545,-424.78039314587295,-2236.6508482106483,-2.8721090912749787,2276.6320845084315
2026-07-16 05:42:00,6605.509200238745,-357.0952361513973,2454.5110701472167,-2.6445725283362322,-1.0322862727126134,6.963384084570317,LARETS,6105.384212,-2550.504663,2451.6742910000003,-500.12498823874466,-2193.409426848603,-2.8367791472164754,2249.7061952541826
2026-07-16 05:45:00,6011.3124761739855,-535.2252554401144,3655.121642885957,-3.9371763246865465,-0.9408703022261907,6.335802541709686,LARETS,5452.781376,-2591.230035,3652.442751,-558.5311001739856,-2056.0047795598857,-2.6788918859570003,2130.521020759099
2026-07-16 05:48:00,5196.8670819361705,-693.7463806534294,4721.467029003697,-5.084277554510076,-0.8150954513577383,5.4762475932643495,LARETS,4601.775177,-2517.729505,4719.066232,-595.0919049361701,-1823.9831243465705,-2.4007970036964252,1918.6074577797017
2026-07-16 05:51:00,4192.227120598839,-826.8795181968592,5614.571591430998,-6.044037209025568,-0.6596614566772683,4.416913355397862,LARETS,3586.601759,-2328.0222710000003,5612.554277,-605.6253615988389,-1501.142752803141,-2.0173144309974305,1618.7080380546179
2026-07-16 05:54:00,3034.3484659080236,-929.7898477935894,6301.918637008659,-6.781822964774587,-0.4803237390667574,3.197120834748718,LARETS,2447.402799,-2025.3352849999999,6300.367259,-586.9456669080237,-1095.5454372064105,-1.5513780086594124,1242.87063995398
2026-07-16 05:57:00,1765.6858398965692,-998.7563183784484,6758.592827149284,-7.271323407390117,-0.28366185228613583,1.861734467886451,LARETS,1228.582645,-1618.0911939999999,6757.561042,-537.1031948965692,-619.3348756215514,-1.031785149283678,819.7905797884353
2026-07-16 06:00:00,432.62156928064394,-1031.2979393873584,6968.127345989468,-7.495309014137021,-0.07683300822596997,0.4594788159416491,LARETS,-22.953208,-1119.6716370000001,6967.637389,-455.57477728064396,-88.37369761264176,-0.48995698946782795,464.06737461481873
2026-07-16 06:03:00,-916.2133865372132,-1026.2551721632733,6923.044593153429,-7.4460751099460625,0.13267917735603102,-0.958775653718998,LARETS,-1259.610129,-547.966326,6923.086758,-343.39674246278673,478.2888461632733,0.04216484657172259,588.7966923107866
2026-07-16 06:06:00,-2231.6726262474563,-983.8260981689384,6625.088496203219,-7.125606642952651,0.3373154787393193,-2.3417220157294114,LARETS,-2434.900071,75.2741,6625.621632,-203.22744475254376,1059.1001981689385,0.5331357967816075,1078.422416447243
2026-07-16 06:09:00,-3465.834300593218,-905.5576166777025,6085.150476547821,-6.545490425126,0.529689846163148,-3.639310791956892,LARETS,-3505.169147,725.260904,6086.105666,-39.33484640678216,1630.8185206777025,0.9551894521791837,1631.2931036187656
2026-07-16 06:12:00,-4573.702939478861,-794.2920507533807,5322.892018456331,-5.726576188056814,0.7028358582955052,-4.804425636067694,LARETS,-4431.209883,1375.140467,5324.180319,142.49305647886013,2169.4325177533806,1.2883005436688109,2174.107490431131
2026-07-16 06:15:00,-5514.82619572587,-654.0697071159346,4366.068017393638,-4.698365213950415,0.8504489302717351,-5.794527201577276,LARETS,-5179.7097539999995,1997.086473,4367.590002999999,335.1164417258706,2651.1561801159346,1.5219856063613406,2672.252689646342
2026-07-16 06:18:00,-6254.7746053419805,-489.98859957950646,3249.5597075856913,-3.4980953250581743,0.9671186398067537,-6.573226280458811,LARETS,-5724.481385,2563.475288,3251.2129109999996,530.2932203419805,3053.4638875795067,1.6532034143083365,3099.170105911315
2026-07-16 06:21:00,-6766.427387483612,-308.0239679029017,2014.1357300942243,-2.169500100551959,1.048541099247483,-7.111717363866291,LARETS,-6047.420456,3048.095665,2015.8206189999999,719.0069314836119,3356.1196329029017,1.6848889057755514,3432.2751633178264
2026-07-16 06:24:00,-7031.005650756931,-114.81237347183544,704.974556876127,-0.761248254105157,1.091697881904037,-7.389980915514189,LARETS,-6139.151471,3427.340473,706.602939,891.8541797569305,3542.152846471836,1.6283821238729388,3652.7049316016173
2026-07-16 06:27:00,-7038.799019502378,82.59229197839245,-630.0011850417786,0.6748904413078785,1.0949870589665605,-7.397656654163028,LARETS,-5999.323026,3681.322228,-628.499605,1039.4759935023776,3598.7299360216075,1.5015800417786522,3745.8470001093824
2026-07-16 06:30:00,-6789.543901348518,276.98110831377056,-1941.9114844704234,2.086064458561003,1.0582941298761093,-7.13450573096212,LARETS,-5636.528254,3794.8504019999996,-1940.584288,1153.0156473485185,3517.869293686229,1.3271964704233596,3702.006376539814
2026-07-16 06:33:00,-6292.430533135178,461.2591977745505,-3182.7480040404685,3.4204255550456537,0.9829957700442187,-6.610414947168454,LARETS,-5067.8551370000005,3758.220652,-3181.620548,1224.5753961351775,3296.9614542254494,1.1274560404685872,3517.0358261787924
2026-07-16 06:36:00,-5565.7387843158085,628.7093592871341,-4307.162343211616,4.6291484572610955,0.8718962107051315,-5.844943091827504,LARETS,-4318.081569,3567.77073,-4306.245355,1247.6572153158086,2939.061370712866,0.9169882116157169,3192.9189010392306
2026-07-16 06:39:00,-4636.125538053843,773.238663561212,-5274.134750124097,5.668265622867479,0.7291030000436727,-4.866456472114812,LARETS,-3418.566003,3226.175793,-5273.433073,1217.5595350538433,2452.937129438788,0.701677124096932,2738.4945270587486
2026-07-16 06:42:00,-3537.6053795211988,889.5981240174983,-6048.4563900504,6.500228804826471,0.5598541529369347,-3.7109361250807966,LARETS,-2405.901023,2742.4754550000002,-6047.97374,1131.7043565211989,1852.877330982502,0.4826500503995703,2171.1539298697758
2026-07-16 06:45:00,-2310.2785034074727,973.5679734999677,-6601.974815852753,7.09515116814321,0.3703110768541618,-2.42055497494774,LARETS,-1320.401113,2131.838348,-6601.716702,989.8773904074728,1158.2703745000326,0.2581138527530129,1523.6297368806881
2026-07-16 06:48:00,-998.8643325583017,1022.1036314067597,-6914.569706870979,7.431724560128102,0.16733084631094916,-1.0421173039611362,LARETS,-204.48597700000002,1415.074632,-6914.545757,794.3783555583017,392.9710005932403,0.023949870978867693,886.2636061919503
2026-07-16 06:51:00,348.9024552166343,1033.4396139211788,-6974.840686036244,7.497835160618297,-0.041771956707931525,0.37457009852445955,LARETS,898.9680870000001,617.920701,-6975.063229,550.0656317833658,-415.51891292117875,-0.22254296375649574,689.3679828580686
2026-07-16 06:54:00,1683.9621017121158,1007.150084042177,-6780.498827938874,7.290910393564718,-0.24946810112928408,1.778356195533038,LARETS,1948.255298,-229.877229,-6780.983332000001,264.29319628788426,-1237.027313042177,-0.4845040611271543,1264.9457306780396
2026-07-16 06:57:00,2957.66004904727,944.1654071770206,-6338.4580222083405,6.818020323375057,-0.44825942090840154,3.1184206995772774,LARETS,2904.401594,-1095.658324,-6339.222704,-53.25845504727022,-2039.8237311770206,-0.7646817916593136,2040.5190276116532
2026-07-16 07:00:00,4123.473511863772,846.7442141230177,-5664.623330480111,6.095733948824131,-0.6309273722520271,4.345965253152016,LARETS,3732.605928,-1945.0862350000002,-5665.684536999999,-390.86758386377187,-2791.830449123018,-1.061206519888401,2819.0593911667083
2026-07-16 07:03:00,5138.688327504409,718.4005238830406,-4783.3739250292865,5.149705556307924,-0.790783443101792,5.415913289557707,LARETS,4403.521312,-2743.4954270000003,-4784.741180999999,-735.1670155044094,-3461.8959508830408,-1.367255970712904,3539.0953624923623
2026-07-16 07:06:00,5965.974000213986,563.7859416765522,-3726.7414923791407,4.013950430059938,-0.9219168735890962,6.288586809580281,LARETS,4894.3332359999995,-3457.3077310000003,-3728.41198,-1071.6407642139866,-4021.0936726765526,-1.6704876208591486,4161.443384511368
2026-07-16 07:09:00,6574.797458896564,388.5281944003931,-2533.2936131098404,2.7297717944702713,-1.0194301942595323,6.931294799049218,LARETS,5189.583987,-4055.457335,-2535.2456660000003,-1385.2134718965644,-4443.985529400393,-1.9520528901598482,4654.871379399683
2026-07-16 07:12:00,6942.611024840831,199.0294007064652,-1246.7462422754213,1.3443250416522425,-1.079648488103695,7.319737189879921,LARETS,5281.709149,-4510.761177,-1248.935873,-1660.901875840831,-4709.790577706465,-2.189630724578592,4994.069194705547
2026-07-16 07:15:00,7055.751081831123,2.2302727933785467,85.65155479551784,-0.09115298146423868,-1.1002858112390774,7.439112146687132,LARETS,5171.249992,-4801.167858,83.291073,-1884.501089831123,-4803.398130793378,-2.360481795517842,5159.843363161164
2026-07-16 07:18:00,6909.993294602624,-194.65059160725625,1414.897462199694,-1.523372860068398,-1.080553082073069,7.28482115490077,LARETS,4866.720382,-4910.817696,1412.453257,-2043.2729126026234,-4716.167104392744,-2.4442051996941245,5139.76675794446
2026-07-16 07:21:00,6510.72807950237,-384.39068775027255,2692.100620597703,-2.89916003118347,-1.0211961995111163,6.862697261936558,LARETS,4384.128227,-4830.8484610000005,2689.6767,-2126.5998525023697,-4446.457773249728,-2.4239205977028178,4928.835515347118
2026-07-16 07:24:00,5872.744145664015,-560.0377989813396,3870.3421706745844,-4.167616597060381,-0.9244603072546868,6.188730799990264,LARETS,3746.177674,-4559.900876000001,3868.0523470000003,-2126.5664716640154,-3999.863077018661,-2.289823674584113,4530.032542553662
2026-07-16 07:27:00,5019.63422706367,-715.1713517080174,4906.442980262698,-5.282134415740153,-0.7939842642919978,5.288322226770313,LARETS,2981.1991860000003,-4104.302536,4904.4007759999995,-2038.4350410636694,-3389.1311842919827,-2.0422042626987604,3954.925002016457
2026-07-16 07:30:00,3982.860902873943,-844.1392778389379,5762.55978312657,-6.202142561897974,-0.6346364805171523,4.195139580363144,LARETS,2121.866359,-3477.922082,5760.867765999999,-1860.9945438739428,-2633.782804161062,-1.692017126571045,3224.9209935663616
2026-07-16 07:33:00,2800.537694535014,-942.2611903967783,6407.547907433105,-6.8945159393843785,-0.45230763373842436,2.9496870470442564,LARETS,1203.772004,-2701.709072,6406.288928,-1596.765690535014,-1759.447881603222,-1.2589794331051962,2375.988026816852
2026-07-16 07:36:00,1515.989369427931,-1005.9916011729049,6818.048767959726,-7.334620447489378,-0.25367656909504227,1.5976958254688631,LARETS,263.93219799999997,-1802.947521,6817.279467,-1252.057171427931,-796.9559198270952,-0.7693009597260243,1484.1787259274165
2026-07-16 07:39:00,176.15592390755032,-1033.0396593731705,6979.279011930802,-7.507010363282433,-0.0459631696611396,0.18843089910810357,LARETS,-660.712071,-814.264289,6979.0242929999995,-836.8679949075504,218.77537037317052,-0.25471893080248265,864.9917736396314
2026-07-16 07:42:00,-1170.1004408947456,-1022.4439748535991,6885.512336034956,-7.405815703170935,0.16332256667632955,-1.2270238349235036,LARETS,-1534.736862,227.56984500000002,6885.763944,-364.6364211052544,1250.0138198535992,0.2516079650440588,1302.1114901297824
2026-07-16 07:45:00,-2473.7331999323515,-974.6023024713564,6540.253182330677,-7.034857939047484,0.36663080954459876,-2.597472159833601,LARETS,-2325.57664,1283.006104,6540.972233,148.15655993235123,2257.6084064713564,0.7190506693232237,2262.4647180132974
2026-07-16 07:48:00,-3687.2476400239407,-891.2563267663088,5956.104649411511,-6.4075154921037445,0.5566204162528193,-3.873296116240112,LARETS,-3004.724913,2311.206285,5957.225767,682.5227270239407,3202.4626117663092,1.1211175884891418,3274.3862492946573
2026-07-16 07:51:00,-4766.390242903623,-775.4318821076699,5154.333659609818,-5.546335511756984,0.726405278258199,-5.008127235212838,LARETS,-3548.7582110000003,3271.609121,5155.770796,1217.632031903623,4047.04100310767,1.4371363901818768,4226.247828903729
2026-07-16 07:54:00,-5671.743612119938,-631.3351702926651,4164.138085335889,-4.4823675087903325,0.8697960323255164,-5.960480874677866,LARETS,-3940.154235,4125.527009,4165.792392,1731.589377119938,4756.862179292665,1.654306664111573,5062.227009970031
2026-07-16 07:57:00,-6370.173971043732,-464.206327845297,3021.6260625367413,-3.254187751649284,0.9815306924229389,-6.695309031146454,LARETS,-4167.873802,4837.715655,3023.3946650000003,2202.3001690437322,5301.921982845297,1.7686024632589579,5741.124095044709
2026-07-16 08:00:00,-6836.073558940677,-280.1332626385243,1768.5284996033654,-1.9065962589852496,1.057483367429551,-7.1853975039496625,LARETS,-4227.678655000001,5377.85343,1770.312673,2608.394903940676,5657.986692638525,1.7841733966345146,6230.292173907499
2026-07-16 08:03:00,-7052.33960606896,-85.8309389007883,450.6811828261002,-0.4889993379285639,1.0948371465376379,-7.412512997862322,LARETS,-4122.165701,5721.856481,452.392996,2930.1739050689603,5807.687419900788,1.7118131738997704,6505.0100085645745
2026-07-16 08:06:00,-7011.037616609715,111.60612539957893,-883.6696539477538,0.9464677209962651,1.0922068102459184,-7.36820369562826,LARETS,-3860.517099,5852.96551,-882.0982700000001,3150.5205176097147,5741.359384600421,1.5713839477537022,6548.968589347992
2026-07-16 08:09:00,-6713.710303784737,304.9680143218221,-2185.66856875953,2.3469824551709526,1.0496998084745113,-7.054176526886745,LARETS,-3457.972425,5762.546515999999,-2184.282001,3255.7378787847374,5457.578501678177,1.386567759529953,6354.918894832861
2026-07-16 08:12:00,-6171.313450795212,487.1984814679866,-3407.6786838359676,3.66111810870883,0.9689095017002888,-6.482212624706827,LARETS,-2935.040629,5450.550285,-3406.502762,3236.2728217952117,4963.351803532014,1.1759218359675288,5925.227783427993
2026-07-16 08:15:00,-5403.783138046197,651.6567338083737,-4505.053058017556,4.8408368781487985,0.8528416931172255,-5.673630369088372,LARETS,-2316.4990860000003,4925.611669,-4504.101981,3087.2840520461964,4273.954935191627,0.9510770175565995,5272.382242460721
2026-07-16 08:18:00,-4439.26115926484,792.3605451223472,-5437.77263394646,5.843278562582507,0.705782239593139,-4.65835105175424,LARETS,-1630.240429,4204.788781,-5437.05405,2809.02073026484,3412.428235877653,0.7185839464600576,4419.871541621495
2026-07-16 08:21:00,-3313.023249215215,904.2011802688667,-6171.886755147351,6.632263826764447,0.5331183515761865,-3.4736543430419937,LARETS,-906.027382,3312.968361,-6171.401981999999,2406.995867215215,2408.7671807311335,0.4847731473519161,3405.258972642689
2026-07-16 08:24:00,-2066.1654883366414,983.1230850121349,-6680.709259920736,7.179474040234315,0.34112801059001846,-2.16272234425185,LARETS,-174.213405,2281.968438,-6680.45683,1891.9520833366414,1298.845352987865,0.2524299207361764,2294.8816963714917
2026-07-16 08:27:00,-744.1074651774703,1026.2638106578052,-6945.740322430998,7.465308950192074,0.13675060359844363,-0.7730613146387356,LARETS,535.516775,1149.375273,-6945.7196380000005,1279.6242401774703,123.11146234219495,0.020684430997789605,1285.532818965602
2026-07-16 08:30:00,605.0319402699536,1032.051694936953,-6957.298138397102,7.479448810914835,-0.07265179106840866,0.6451351172872497,LARETS,1195.333159,-42.830851,-6957.512610000001,590.3012187300465,-1074.882545936953,-0.2144716028988114,1226.306675506642
2026-07-16 08:33:00,1932.1358648893915,1000.2601187837142,-6714.853318851786,7.221153393627975,-0.27953752705893803,2.0406479973411695,LARETS,1780.337759,-1249.819149,-6715.312849000001,-151.79810588939154,-2250.0792677837144,-0.4595301482149807,2255.193913487188
2026-07-16 08:36:00,3188.822492828359,932.0177060198064,-6227.062545896841,6.69931749232821,-0.4764315954281528,3.362911285141846,LARETS,2269.4951579999997,-2425.572572,-6227.780033,-919.3273348283592,-3357.5902780198066,-0.7174871031593284,3481.1744768689027
2026-07-16 08:39:00,4329.165920323993,829.7739166152096,-5511.498660388896,5.93227835870512,-0.6561749390067458,4.563705902286129,LARETS,2646.39143,-3524.6213650000004,-5512.485315000001,-1682.7744903239932,-4354.3952816152105,-0.986654611105223,4668.242627298339
2026-07-16 08:42:00,5311.357921348967,697.219573313508,-4594.075098252277,4.947346163516132,-0.8121754145397784,5.598858608488543,LARETS,2899.800366,-4503.805741,-4595.338247000001,-2411.5575553489666,-5201.025314313508,-1.2631487477237897,5732.911630091237
2026-07-16 08:45:00,6099.257115301147,539.1624441864493,-3508.166760766403,3.7800156845890918,-0.9386550258258999,6.4299079215564765,LARETS,3024.030471,-5323.997665,-3509.7010750000004,-3075.2266443011467,-5863.1601091864495,-1.5343142335973425,6620.699942898418
2026-07-16 08:48:00,6663.764796770043,361.3594130573291,-2293.4391911214575,2.4728240905021464,-1.0308830153181454,7.025665330470751,LARETS,3019.036657,-5951.709968,-2295.221132,-3644.728139770043,-6313.069381057329,-1.7819408785426276,7289.64274832371
2026-07-16 08:51:00,6983.962559081195,170.30905333139393,-994.4135714034519,1.0738477391095183,-1.085380047485781,7.363571188869324,LARETS,2890.2902289999997,-6360.527977,-996.4004769999999,-4093.672330081195,-6530.837030331394,-1.986905596548013,7707.787582089561
2026-07-16 08:54:00,7047.94931421011,-26.988700605759085,341.1854251988163,-0.36512505091941244,-1.1000767650290517,7.4307324752335004,LARETS,2648.406264,-6532.280594,339.054656,-4399.54305021011,-6505.291893394241,-2.1307691988162674,7853.330898993769
2026-07-16 08:57:00,6853.3263520263645,-223.2961575585713,1664.2322103729532,-1.7906594265004645,-1.0744115149148794,7.224541052072009,LARETS,2308.5380099999998,-6457.878746,1662.036067,-4544.788342026364,-6234.582588441429,-2.196143372953202,7715.252811733489
2026-07-16 09:00:00,6407.298372530058,-411.4127826343628,2926.0711088237326,-3.149851602603166,-1.009357058299811,6.752806069886796,LARETS,1889.572439,-6137.773663,2923.902598,-4517.725933530059,-5726.360880365637,-2.168510823732504,7293.905760640943
2026-07-16 09:03:00,5726.383304159156,-584.4482615181569,4080.365734504288,-4.392472659975633,-0.9073735486302008,6.033385368021276,LARETS,1413.167395,-5582.003559999999,4078.3289959999997,-4313.215909159157,-4997.555298481842,-2.0367385042882233,6601.469123514198
2026-07-16 09:06:00,4835.749894719464,-736.0808045179726,5084.839476608939,-5.472938658258814,-0.7722931664865404,5.093355645678332,LARETS,902.686556,-4809.835225,5083.040501,-3933.0633387194634,-4073.754420482027,-1.7989756089382354,5662.549385311283
2026-07-16 09:09:00,3768.2248547728163,-860.7893936299569,5902.831141203892,-6.3519975170796315,-0.6091485198997844,3.967806156180499,LARETS,382.090391,-3849.0311269999997,5901.367005,-3386.134463772816,-2988.2417333700428,-1.4641362038919397,4516.137443380044
2026-07-16 09:12:00,2563.0270755489214,-954.0512530467562,6504.607662655435,-6.9980687901560135,-0.4239606786975457,2.6983652187188123,LARETS,-125.16191099999999,-2734.7772170000003,6503.559569,-2688.1889865489215,-1780.725963953244,-1.0480936554349682,3224.4916009505187
2026-07-16 09:15:00,1264.293516310794,-1012.4987516866662,6868.395865798401,-7.3882204437147925,-0.22350286821418375,1.3315688766658906,LARETS,-597.144235,-1508.332287,6867.8199460000005,-1861.437751310794,-495.83353531333375,-0.5759197984007187,1926.3441355141917
2026-07-16 09:18:00,-80.5394352632579,-1034.032600093112,6981.11329833246,-7.508804121251745,-0.015052869429452562,-0.08283997012589904,LARETS,-1014.3873580000001,-215.471043,6981.032901,-933.8479227367421,818.561557093112,-0.08039733246005198,1241.8192187328073
2026-07-16 09:21:00,-1422.4411676478303,-1017.89013425654,6838.791175821695,-7.355788398194016,0.1938575515294792,-1.493626041755242,LARETS,-1360.663535,1095.231056,6839.197382,61.77763264783039,2113.12119025654,0.40620617830518313,2114.0240787678476
2026-07-16 09:24:00,-2712.527759563414,-964.6685374965293,6446.689567679481,-6.934826271818165,0.39569250332623795,-2.849765212500672,LARETS,-1623.606339,2374.214317,6447.545488,1088.921420563414,3338.882854496529,0.855920320518635,3511.9637396778926
2026-07-16 09:27:00,-3903.792663958997,-876.3032140024728,5819.107370849175,-6.261073787757939,0.5831603361280688,-4.102131726044636,LARETS,-1795.146465,3572.792576,5820.353148,2108.646198958997,4449.095790002472,1.2457771508252335,4923.499131000498
2026-07-16 09:30:00,-4952.781952329809,-756.001609992937,4978.890238285435,-5.358751615362629,0.7494599250690581,-5.2051644123846,LARETS,-1871.752315,4644.997445,4980.44786,3081.0296373298097,5400.999054992937,1.5576217145653573,6218.001032833998
2026-07-16 09:33:00,-5821.1655285589495,-608.1330799341324,3956.6418369627213,-4.260422482655129,0.8885217922429426,-6.118489910746679,LARETS,-1854.468646,5549.351801,3958.421798,3966.6968825589493,6157.484880934132,1.7799610372785537,7324.568750806877
2026-07-16 09:36:00,-6477.15028383109,-438.0763192673237,2789.650289244118,-3.0059542371889516,0.9952367994457276,-6.8084524589409305,LARETS,-1748.751304,6250.507764999999,2791.5580529999997,4728.39897983109,6688.584084267323,1.9077637558816605,8191.148735332816
2026-07-16 09:39:00,-6896.676970403396,-252.0275957622692,1520.5534278819298,-1.641155011676232,1.0656608514464858,-7.249471190033294,LARETS,-1564.105292,6720.67562,1522.495643,5332.571678403396,6972.703215762269,1.9422151180701803,8778.09288015404
2026-07-16 09:42:00,-7064.343035837844,-56.77536993490164,195.78253230868376,-0.21610085886352443,1.0971813462775442,-7.425128494360417,LARETS,-1313.536777,6940.77753,197.673163,5750.806258837843,6997.552899934902,1.8906306913162325,9057.456750576304
2026-07-16 09:45:00,-6974.001141680997,140.55050655222337,-1136.1583184135327,1.2167813360870996,1.0886312314473354,-7.328895023496058,LARETS,-1012.842383,6901.262943,-1134.3905619999998,5961.1587586809965,6760.712436447777,1.7677564135328794,9013.470448140468
2026-07-16 09:48:00,-6628.9980688725,332.744541799229,-2426.505021215791,2.6047736759762703,1.0403398530334536,-6.964420597595735,LARETS,-679.77229,6602.539825,-2424.914912,5949.2257788725,6269.79528320077,1.590109215791017,8643.125753435213
2026-07-16 09:51:00,-6042.039541926371,512.7943951379804,-3628.0568994020073,3.896943192220491,0.9541157125831108,-6.34536121678531,LARETS,-333.111342,6054.980024,-3626.6879219999996,5708.928199926371,5542.18562886202,1.3689774020076584,7956.612634204231
2026-07-16 09:54:00,-5234.689847015879,674.1405594089438,-4696.928361103233,5.046104443265162,0.8331633656892582,-5.494760816573834,LARETS,8.268548000000001,5278.516351,-4695.813417,5242.958395015879,4604.375791591056,1.1149441032330287,6977.742500634256
2026-07-16 09:57:00,-4236.536901671537,810.9157930866892,-5594.153734811026,6.010559098191195,0.6819432293233899,-4.444050266112644,LARETS,326.34045199999997,4301.863351,-5593.314770999999,4562.877353671537,3490.947557913311,0.8389638110265878,5745.1340541896625
2026-07-16 10:00:00,-3084.070032593795,918.1551654049132,-6287.0843129214845,6.755539518105649,0.5059874182217325,-3.231754720821474,LARETS,604.794003,3161.399309,-6286.534544,3688.864035593795,2243.244143595087,0.5497689214844286,4317.3907007725
2026-07-16 10:03:00,-1819.3270030581234,991.9700923129408,-6750.533977550037,7.2543263842330274,0.3116859830090903,-1.9020078408527152,LARETS,829.804378,1899.764348,-6750.282545,2649.131381058123,907.7942556870591,0.2514325500369523,2800.354896791417
2026-07-16 10:06:00,-488.36874133078794,1029.6822000285022,-6967.646562886546,7.489047771518405,0.1060561049734325,-0.5029581060229721,LARETS,990.665743,564.2434109999999,-6967.701542000001,1479.034484330788,-465.43878902850224,-0.05497911345446482,1550.540639646269
2026-07-16 10:09:00,860.3633051894453,1029.9147805199186,-6930.471147355623,7.45118896097639,-0.10349712403558954,0.9148747140838127,LARETS,1080.2670830000002,-795.0026580000001,-6930.842404,219.90377781055486,-1824.9174385199187,-0.37125664437735395,1838.1190023338945
2026-07-16 10:12:00,2177.75797957763,992.6407562655381,-6640.239201207363,7.141844266098776,-0.30942416238685755,2.3002650891098235,LARETS,1095.393385,-2126.80324,-6640.937645,-1082.36459457763,-3119.4439962655383,-0.6984437926366809,3301.884984256121
2026-07-16 10:15:00,3415.7686154762473,919.1865069885354,-6107.340419193655,6.571726458819626,-0.5042778337465746,3.602963228669849,LARETS,1036.8437780000002,-3380.877523,-6108.372099,-2378.9248374762474,-4300.064029988535,-1.0316798063449824,4914.248173294249
2026-07-16 10:18:00,4529.126497276614,812.1909578526651,-5350.994445877919,5.760924244441273,-0.6809634687144447,4.7753916146394735,LARETS,909.3641409999999,-4509.72257,-5352.358605,-3619.762356276614,-5321.913527852665,-1.3641591220812188,6436.260169911447
2026-07-16 10:21:00,5476.985594691991,675.5194724620186,-4398.616867915047,4.738375246734527,-0.8329903602030204,5.774341500982002,LARETS,721.391723,-5470.432348,-4400.301849,-4755.593871691991,-6145.951820462019,-1.684981084953506,7770.997342109704
2026-07-16 10:24:00,6224.443632542913,514.1328080072246,-3284.882971765671,3.541012337381669,-0.9547182803926199,6.562625310824848,LARETS,484.621865,-6226.374818,-3286.8620180000003,-5739.821767542913,-6740.507626007225,-1.9790462343294166,8853.248042161984
2026-07-16 10:27:00,6743.877612340467,333.912964049708,-2050.503719837933,2.2125519713312287,-1.0415877449600435,7.110606897723453,LARETS,213.40907099999998,-6748.660721,-2052.73171,-6530.468541340467,-7082.573685049708,-2.227990162066817,9633.788161338001
2026-07-16 10:30:00,7016.028798907386,141.45018055295145,-740.744994225002,0.8019249094033016,-1.090318657989546,7.397505169559262,LARETS,-75.970968,-7017.330008000001,-743.157952,-7091.9997669073855,-7158.7801885529525,-2.4129577749980626,10076.934072633296
2026-07-16 10:33:00,7030.776204469277,-56.20171858203285,596.2589717695184,-0.6386043520179473,-1.09906057247299,7.412358553181174,LARETS,-366.165656,-7022.187096,593.743571,-7396.941860469277,-6965.985377417966,-2.5154007695184646,10160.694242659045
2026-07-16 10:36:00,6787.550317236439,-251.7915563429967,1911.3278490995915,-2.055534880266749,-1.067479959950145,7.15455397115445,LARETS,-639.65279,-6763.230605000001,1908.807051,-7427.203107236439,-6511.439048657004,-2.5207980995915023,9877.357482390767
2026-07-16 10:39:00,6295.359444881084,-438.1463464328466,3156.108849459741,-3.396311691886706,-0.9967754337300517,6.633862874488059,LARETS,-879.6625670000001,-6250.6543,3153.687574,-7175.022011881084,-5812.507953567154,-2.421275459741082,9233.969647114634
2026-07-16 10:42:00,5572.4265266351895,-608.4429300042926,4284.911712179922,-4.6114463767833715,-0.8896195968976481,5.869979840783956,LARETS,-1071.062233,-5504.410468,4282.698308,-6643.488759635189,-4895.967537995707,-2.213404179921781,8252.662960018719
2026-07-16 10:45:00,4645.460137831673,-756.4629786492736,5256.419161929663,-5.656440222179021,-0.7500341882821995,4.89161326886039,LARETS,-1201.1550379999999,-4553.36392,5254.5181299999995,-5846.615175831673,-3796.900941350726,-1.9010319296630769,6971.32479422797
2026-07-16 10:48:00,3548.6050836795957,-876.8204490359146,6035.199937302865,-6.493408216572557,-0.5832114917213611,3.7352194079157446,LARETS,-1260.3560730000002,-3434.099612,6033.702128999999,-4808.961156679596,-2557.279162964085,-1.497808302865451,5446.630735345766
2026-07-16 10:51:00,2322.132113186186,-965.1532516661074,6592.970119417253,-7.092349481697953,-0.39529811678699006,2.4434908889414957,LARETS,-1242.711859,-2189.442403,6591.947032,-3564.843972186186,-1224.2891513338927,-1.0230874172530093,3769.2170962699815
2026-07-16 10:54:00,1010.9317200379725,-1018.2738098902605,6909.568468308987,-7.432056548483194,-0.19315680381981876,1.063706444463166,LARETS,-1146.240609,-866.766334,6909.064476,-2157.1723290379723,151.50747589026048,-0.5039923089871081,2162.4863528878036
2026-07-16 10:57:00,-337.12502183265315,-1034.2757291202859,6973.628724561158,-7.500690048983205,0.015881493140441398,-0.3539755654085355,LARETS,-973.0866920000001,483.827256,6973.656847,-635.9616701673469,1518.102985120286,0.02812243884181953,1645.9295003565726
2026-07-16 11:00:00,-1672.9020215111975,-1012.5955679811968,6782.9437178998905,-7.296059268438092,0.2242678277765006,-1.7582303908517887,LARETS,-729.485791,1811.405445,6783.486751,943.4162305111976,2824.001012981197,0.5430331001098239,2977.417706704206
2026-07-16 11:03:00,-2947.740487314121,-954.0296137992702,6344.522154809758,-6.825642069036081,0.4244847993134172,-3.098267251501018,LARETS,-425.536246,3066.109715,6345.537764000001,2522.2042413141207,4020.1393287992705,1.0156091902426851,4745.844022860803
2026-07-16 11:06:00,-4115.182558143533,-860.705841130872,5674.340773568663,-6.10635634878463,0.6092948720264098,-4.325513106260638,LARETS,-74.786828,4201.013736,5675.766818,4040.3957301435335,5061.719577130872,1.426044431336777,6476.55809572297
2026-07-16 11:09:00,-5132.630680718249,-736.0113175470202,4796.795219045622,-5.164070382656031,0.7719866179922715,-5.395273122866816,LARETS,306.34269,5173.876513,4798.554072,5438.9733707182495,5909.887830547021,1.7588529543781988,8031.762483452416
2026-07-16 11:12:00,-5962.893173412022,-584.4757106401948,3743.8558438261507,-4.032822886341337,0.906615129540582,-6.2683409865635324,LARETS,699.291125,5948.735569,3745.8583169999997,6662.184298412022,6533.211279640195,2.002473173849012,9330.999585270829
2026-07-16 11:15:00,-6575.560934527762,-411.6126140103694,2553.9421149660902,-2.753724168478419,1.0082285020502344,-6.9125027841447,LARETS,1084.206172,6497.275574,2556.093253,7659.767106527762,6908.88818801037,2.151138033909774,10315.268913027365
2026-07-16 11:18:00,-6948.156693416126,-223.72226028783476,1270.5420404303388,-1.3735301399891027,1.0730681479996917,-7.303850882253244,LARETS,1440.886258,6799.927706,1272.75121,8389.042951416126,7023.649966287835,2.2091695696610714,10941.101652487738
2026-07-16 11:21:00,-7066.999865187629,-27.66163420863046,-59.380393396108474,0.05708271475575896,1.098728419792093,-7.427810050611311,LARETS,1749.765496,6846.61964,-57.198915,8816.76536118763,6874.281274208631,2.1814783961084743,11179.941825878232
2026-07-16 11:24:00,-6927.739005860977,169.40940632500758,-1387.1294534361566,1.485470512859806,1.084261700858114,-7.279784259409336,LARETS,1992.891245,6637.1373490000005,-1385.057101,8920.630250860977,6467.727942674993,2.072352436156507,11018.582173205385
2026-07-16 11:27:00,-6535.520146108758,360.2952128059114,-2664.0989947571074,2.8590951854458386,1.0302189791013832,-6.8653600928778475,LARETS,2154.8437740000004,6181.083428,-2662.210213,8690.363920108759,5820.7882151940885,1.8887817571076084,10459.636899891268
2026-07-16 11:30:00,-5904.7808891991435,538.0325897391688,-3843.5885688818375,4.127588745082449,0.9386221749382178,-6.200045973378357,LARETS,2223.551424,5497.4354840000005,-3841.946227,8128.332313199144,4959.402894260832,1.6423418818376376,9521.841521401568
2026-07-16 11:33:00,-5058.683527576041,696.1481307211908,-4882.532617474756,5.244681221956767,0.8128716467075001,-5.308574911626918,LARETS,2190.959731,4613.722288,-4881.187730000001,7249.643258576041,3917.5741572788093,1.3448874747555237,8240.43181290387
2026-07-16 11:36:00,-4028.2214811929425,828.8937795439371,-5743.069960595111,6.169888513460364,0.6575985530498473,-4.223840183518964,LARETS,2053.518696,3564.86217,-5742.063700000001,6081.740177192943,2735.968390456063,1.0062605951106889,6668.814559501408
2026-07-16 11:39:00,-2851.048678964738,931.4518742784151,-6393.895768209179,6.869895201072375,0.47847560705337266,-2.9855581892354626,LARETS,1812.4684750000001,2391.735013,-6393.261367,4663.517153964738,1460.283138721585,0.6344012091785771,4886.800537470588
2026-07-16 11:42:00,-1570.089329325296,1000.103470698084,-6811.3557359241895,7.319610260110497,0.28200044428131943,-1.638755965704178,LARETS,1473.9133060000001,1139.556264,-6811.120853,3044.002635325296,139.45279330191602,0.2348829241891508,3047.1952974164687
2026-07-16 11:45:00,-231.98620182059798,1032.3561301416246,-6980.258464228691,7.502908629621493,0.0752635510603049,-0.23216420766371998,LARETS,1048.6854509999998,-143.874423,-6980.446097,1280.6716528205977,-1176.2305531416246,-0.18763277130892675,1738.8611881596962
2026-07-16 11:48:00,1114.5586735161226,1027.0291526392516,-6894.394133168381,7.41308986706153,-0.134291438704249,1.1834320078425993,LARETS,552.002287,-1409.987115,-6895.023566,-562.5563865161225,-2437.0162676392515,-0.6294328316189421,2501.1034310747955
2026-07-16 11:51:00,2420.5027063021485,984.2952462537452,-6556.754280895874,7.053083358167202,-0.33911162894860863,2.55686204914667,LARETS,2.92724,-2611.257929,-6557.836894,-2417.5754663021485,-3595.553175253745,-1.0826131041258122,4332.744504744593
2026-07-16 11:54:00,3638.1965259070585,905.6779579285696,-5979.449698119708,6.435411287183852,-0.5317824030008519,3.8382544888804535,LARETS,-576.3465309999999,-3702.971656,-5980.985034,-4214.543056907059,-4608.64961392857,-1.535335880292223,6245.160270140688
2026-07-16 11:57:00,4723.0882996840655,794.0042171300801,-5183.323714170629,5.581894914847897,-0.7052784446771201,4.980735582914645,LARETS,-1161.3738759999999,-4644.888902,-5185.295774,-5884.462175684065,-5438.89311913008,-1.9720598293715739,8013.017992454338
2026-07-16 12:00:00,5635.349435374347,653.3115579470426,-4197.259855689312,4.523068489193645,-0.8532155985122758,5.942121766198235,LARETS,-1726.4665490000002,-5402.75731,-4199.6337029999995,-7361.815984374347,-6056.068867947042,-2.373847310687779,9532.696908863623
2026-07-16 12:03:00,6341.36528811992,488.7104405621525,-3057.189008495447,3.297259021883405,-0.9700964109632632,6.686555625252933,LARETS,-2245.802256,-5949.613701,-3059.908547,-8587.167544119919,-6438.324141562152,-2.7195385045529292,10732.728990266092
2026-07-16 12:06:00,6815.027988495889,306.2038324060436,-1804.813327915418,1.949305164321262,-1.0515371644771236,7.186001314942811,LARETS,-2694.586608,-6266.813949,-1807.800415,-9509.614596495889,-6573.017781406044,-2.9870870845818445,11560.161826343823
2026-07-16 12:09:00,7038.766552151467,112.4687640302861,-486.0816041922321,0.5289235566864884,-1.0944605188524192,7.421491722517125,LARETS,-3050.21374,-6344.739264000001,-489.23933500000004,-10088.980292151467,-6457.208028030287,-3.157730807767962,11978.441836229926
2026-07-16 12:12:00,7004.255057519129,-85.39244027191273,850.529136960599,-0.9112215853352137,-1.0972370591534317,7.384016057309059,LARETS,-3293.366635,-6183.133438,847.3121219999999,-10297.62169251913,-6097.740997728087,-3.2170149605990446,11967.600768190745
2026-07-16 12:15:00,6712.754036889356,-280.120742218801,2155.852453948859,-2.3176427682995144,-1.0597618465339136,7.074957425546673,LARETS,-3408.9936740000003,-5791.040008999999,2152.697728,-10121.747710889356,-5510.9192667811985,-3.154725948858868,11524.756736702513
2026-07-16 12:18:00,6175.062067523518,-464.57625838800476,3381.9056102733844,-3.6382109599526795,-0.9834581151144204,6.506032356839039,LARETS,-3387.107283,-5186.34046,3378.939966,-9562.169350523518,-4721.764201611995,-2.9656442733844415,10664.433818012181
2026-07-16 12:21:00,5411.0804690369405,-632.0081778398398,4483.707009609756,-4.824248039643728,-0.8712081815857206,5.698738482892149,LARETS,-3223.360766,-4394.920188,4481.055031000001,-8634.44123503694,-3762.91201016016,-2.651978609755133,9418.76261886371
2026-07-16 12:24:00,4449.019408807853,-776.3062243775275,5420.953953038254,-5.832399219735705,-0.7272194714110113,4.683369189161203,LARETS,-2919.3767510000002,-3449.5137330000002,5418.7289040000005,-7368.396159807853,-2673.2075086224727,-2.2250490382539283,7838.32286288782
2026-07-16 12:27:00,3324.2941455660734,-892.223154524826,6159.491081685462,-6.626192228209775,-0.5568393846124107,3.4976921407123407,LARETS,-2482.815149,-2388.293545,6157.785531,-5807.109294566073,-1496.070390475174,-1.7055506854612759,5996.728097987714
2026-07-16 12:30:00,2078.1726254018768,-975.5605395287732,6672.519095554214,-7.1772382045355325,-0.3663352365770977,2.1854038057520384,LARETS,-1927.180656,-1253.282208,6671.396962000001,-4005.3532814018768,-277.72166847122685,-1.1221335542131783,4014.970173383476
2026-07-16 12:33:00,756.2394912369232,-1023.3129600674545,6941.51307696778,-7.466074546784388,-0.16265446359415234,0.7944632861578437,LARETS,-1271.384057,-88.660538,6941.008809,-2027.6235482369232,934.6524220674545,-0.5042679677799242,2232.6738807375414
2026-07-16 12:36:00,-593.2615630168135,-1033.7681640003002,6956.8361093234,-7.4826806075294146,0.046823488701539386,-0.6246179752089628,LARETS,-539.079514,1060.9612379999999,6956.953426,54.182049016813494,2094.7294020003,0.11731667660023959,2095.4300216908696
2026-07-16 12:39:00,-1921.151939528527,-1006.5623488145317,6718.044610070995,-7.226706841630234,0.25453706420725064,-2.020487536261192,LARETS,242.192107,2152.239281,6718.75788,2163.344046528527,3158.8016298145317,0.7132699290050368,3828.5879523557187
2026-07-16 12:42:00,-3179.060243464322,-942.6905011783184,6233.886833812628,-6.707447642680952,0.4529919204357451,-3.342649088417828,LARETS,1042.034676,3144.715503,6235.14575,4221.094919464322,4087.406004178318,1.2589161873720514,5875.757972124996
2026-07-16 12:45:00,-4321.137247548254,-844.4719310969449,5521.997331292099,-5.943565162625356,0.635009298048585,-4.5431426219185305,LARETS,1828.36775,4002.306117,5523.730804,6149.504997548254,4846.778048096945,1.733472707900546,7829.921593944157
2026-07-16 12:48:00,-5305.697637030372,-715.4712434041186,4608.290983507329,-4.962547306045751,0.793972222493509,-5.578198234245753,LARETS,2568.699203,4694.618381,4610.411751000001,7874.396840030372,5410.089624404119,2.1207674926718028,9553.80551591983
2026-07-16 12:51:00,-6096.737947211652,-560.3754799316022,3526.06382272978,-3.7998693047719545,0.924065058032096,-6.4098315041712,LARETS,3231.459827,5198.050558,3528.4721630000004,9328.197774211652,5758.426037931602,2.4083402702203784,10962.424455805327
2026-07-16 12:54:00,-6665.274705079759,-384.829373673974,2314.8163436581635,-2.4978325814885376,1.0204974852202537,-7.007318415426998,LARETS,3787.345702,5496.63046,2317.407011,10452.62040707976,5881.459833673975,2.5906673418362516,11993.70042402168
2026-07-16 12:57:00,-6990.44398494402,-195.23264089498494,1018.828649069099,-1.1040785590462456,1.0797000387782307,-7.348462212755081,LARETS,4210.616625,5582.56038,1021.497205,11201.06060994402,5777.793020894985,2.668555930900993,12603.438344401618
2026-07-16 13:00:00,-7060.3065263036315,1.494244752654228,-314.4662230839877,0.3301864925648206,1.0994765154073565,-7.420553889975162,LARETS,4480.27494,5456.423883,-311.820735,11540.581466303633,5454.929638247346,2.6454880839876864,12764.845668366987
2026-07-16 13:03:00,-6872.312955933293,198.16677809393897,-1636.2473977615123,1.7521767949260632,1.0790998104566407,-7.220938387527741,LARETS,4581.068132,5127.045564,-1633.721786,11453.381087933292,4928.878785906061,2.5256117615122093,12468.912976290178
2026-07-16 13:06:00,-6433.401166928117,387.60456919384796,-2898.1330464422977,3.10960895882211,1.0193421004260093,-6.757129711822644,LARETS,4504.262548000001,4611.004366,-2895.8171159999997,10937.663714928118,4223.399796806152,2.3159304422979403,11724.743014158188
2026-07-16 13:09:00,-5759.720161281703,562.8987692107904,-4053.9861607926237,4.352749917648779,0.9224368300855487,-6.046463365795384,LARETS,4248.146669,3931.831998,-4051.959417,10007.866830281702,3368.93322878921,2.02674379262362,10559.692879074808
2026-07-16 13:12:00,-4875.997906229228,717.6668227540098,-5061.618612601611,5.436306403233544,0.7919770894800223,-5.115322632865701,LARETS,3818.235862,3118.936074,-5059.948585,8694.233768229227,2401.2692512459903,1.6700276016108546,9019.74487569294
2026-07-16 13:15:00,-3814.590942904607,846.2839784595024,-5884.323174956128,6.3210586898033005,0.6327608993156668,-3.9980143943893665,LARETS,3227.17661,2206.308138,-5883.064811,7041.767552904606,1360.0241595404975,1.2583639561280506,7171.900554745152
2026-07-16 13:18:00,-2614.267457810382,944.0832204740441,-6492.178946180467,6.975181853833167,0.4505972563084714,-2.73539107759052,LARETS,2494.357973,1231.083619,-6491.37682,5108.625430810382,287.0003985259559,0.8021261804669848,5116.680922676635
2026-07-16 13:21:00,-1318.7819042946198,1007.517828310835,-6863.093197847145,7.375240063047175,0.25208691876817146,-1.3733144274938773,LARETS,1645.2520749999999,232.02167300000002,-6862.7827259999995,2964.0339792946197,-775.4961553108349,0.31047184714589093,3063.803488102289
2026-07-16 13:24:00,24.70121338517623,1034.2830775067564,-6983.558335752748,7.506871808181178,0.04438921378876391,0.0389628654921318,LARETS,710.5187129999999,-752.027605,-6983.7648899999995,685.8174996148236,-1786.3106825067564,-0.2065542472519155,1913.4397142006694
2026-07-16 13:27:00,1367.2815589936154,1023.3952517393388,-6849.113764653479,7.36519849068628,-0.16501815024315383,1.450451380368563,LARETS,-275.09857500000004,-1683.618608,-6849.85307,-1642.3801339936153,-2707.013859739339,-0.7393053465211779,3166.2812711334022
2026-07-16 13:30:00,2660.0479606173008,975.2270082772313,-6464.508180448429,6.9549834186802215,-0.3685834930285982,2.810096993804124,LARETS,-1274.0482849999999,-2528.116473,-6465.782778,-3934.0962456173006,-3503.343481277231,-1.2745975515708778,5267.877223530056
2026-07-16 13:33:00,3855.810165021948,891.4983841939078,-5843.559412744235,6.290547762135565,-0.5589295426088902,4.068468845321564,LARETS,-2247.381577,-3254.976528,-5845.355485,-6103.191742021948,-4146.474912193908,-1.7960722557654663,7378.496246743906
2026-07-16 13:36:00,4910.792232270745,775.2227524248523,-5008.709216643888,5.395424279741836,-0.7291053676622989,5.179459050793098,LARETS,-3156.255998,-3838.858467,-5010.992454,-8067.048230270746,-4614.081219424852,-2.283237356112295,9293.385705012804
2026-07-16 13:39:00,5786.237150292357,630.6073368015591,-3990.2727686715375,4.301710572377899,-0.8728385240816569,6.10196932374404,LARETS,-3963.4886749999996,-4260.539989,-3992.987983,-9749.725825292357,-4891.147325801559,-2.71521432846248,10907.81752705175
2026-07-16 13:42:00,6449.864876157513,462.9089002642009,-2825.3898534368077,3.049081282707044,-0.9847793308416657,6.801527396808738,LARETS,-4635.100818,-4507.5906509999995,-2828.4604240000003,-11084.965694157512,-4970.499551264201,-3.070570563192632,12148.347198618014
2026-07-16 13:45:00,6877.120089970695,278.2471237228878,-1556.6979790596342,1.683437799599869,-1.0607242514216568,7.251743582080954,LARETS,-5141.7827290000005,-4574.770815000001,-1560.026633,-12018.902818970695,-4853.017938722888,-3.3286539403657116,12961.70587404933
2026-07-16 13:48:00,7052.145252236636,83.38086681371779,-230.76588297219286,0.2552122882050354,-1.0978020644936493,7.4354973308567365,LARETS,-5460.20805,-4464.130465,-234.237616,-12512.353302236635,-4547.511331813718,-3.471733027807147,13313.108447162009
2026-07-16 13:51:00,6968.421830681932,-114.54448744776818,1103.6539891908737,-1.1826087582091183,-1.0946062999673192,7.345744590533307,LARETS,-5574.125234,-4184.796964,1100.1654110000002,-12542.547064681932,-4070.252476552232,-3.488578190873568,13186.449645860659
2026-07-16 13:54:00,6629.038518209079,-308.2676762722435,2397.477685146564,-2.5766307629061522,-1.0512608414976599,6.985862211491724,LARETS,-5475.162807,-3752.456737,2394.103287,-12104.201325209078,-3444.1890607277564,-3.37439814656409,12584.678756082445
2026-07-16 13:57:00,6046.568195092508,-490.6874446193325,3603.1590304713654,-3.8752267358151697,-0.9694120964139259,6.3694912323840684,LARETS,-5163.296599,-3188.551907,3600.029573,-11209.864794092508,-2697.8644623806676,-3.1294574713656402,11529.941506907797
2026-07-16 14:00:00,5242.561571961147,-655.1304582297834,4676.4864210044,-5.030596739465096,-0.8521491925716381,5.5198958689357,LARETS,-4646.958004,-2519.240568,4673.725984000001,-9889.519575961147,-1864.1101097702167,-2.7604370043991366,10063.672866537283
2026-07-16 14:03:00,4246.690205115432,-795.5989965336187,5578.225330325712,-6.000586210866091,-0.7038612732422856,4.468905765071499,LARETS,-3942.78173,-1774.179249,5575.944436,-8189.471935115433,-978.5802524663814,-2.2808943257123246,8247.731511696982
2026-07-16 14:06:00,3095.5906492736663,-906.9883425108761,6275.540338049746,-6.750178730595372,-0.5300462669605965,3.2555432090892835,LARETS,-3075.017591,-985.19777,6273.825518000001,-6170.6082402736665,-78.20942748912387,-1.7148200497458674,6171.104091658903
2026-07-16 14:09:00,1831.472322247047,-985.2666039931537,6743.150146712909,-7.252627480126103,-0.3370873840980911,1.9244474909412421,LARETS,-2074.643218,-184.93218,6742.059219,-3906.115540247047,800.3344239931537,-1.0909277129094335,3987.2640988666917
2026-07-16 14:12:00,500.55397741038263,-1027.612529921702,6964.18840580773,-7.490232893083562,-0.13201198309184858,0.5241956624083594,LARETS,-978.2122489999999,594.5273599999999,6963.749681,-1478.7662264103826,1622.139889921702,-0.4387248077300683,2195.014252192147
2026-07-16 14:15:00,-848.6104350618615,-1032.509174047457,6930.758552339946,-7.454800934564546,0.07775664270168725,-0.8944100280611774,LARETS,173.50234700000001,1322.9105020000002,6930.969377,1022.1127820618615,2355.419676047457,0.21082466005464084,2567.6285623144136
2026-07-16 14:18:00,-2166.8627669764155,-999.7927091656537,6644.180448091737,-7.14782201670945,0.28464888860933324,-2.2800510899448874,LARETS,1337.021616,1972.927616,6645.009480000001,3503.8843829764155,2972.720325165654,0.8290319082634596,4595.02694096704
2026-07-16 14:21:00,-3406.180971590506,-930.6563353745912,6114.93071265301,-6.5803970404866154,0.48119806241703517,-3.5825866825209247,LARETS,2467.788603,2521.281558,6116.320954,5873.969574590506,3451.937893374591,1.3902413469895691,6813.178092175588
2026-07-16 14:24:00,-4521.383768251915,-827.6093753510644,5362.279615772088,-5.772912944666798,0.6602888892977755,-4.754729916700502,LARETS,3521.859536,2949.4968390000004,5364.152106,8043.243304251915,3777.106214351065,1.8724902279118396,8885.960708449164
2026-07-16 14:27:00,-5471.752950695527,-694.391790860042,4413.628518234879,-4.754447182327808,0.8154036474845617,-5.753693892550529,LARETS,4457.609235,3244.545713,4415.887366000001,9929.362185695527,3938.937503860042,2.2588477651215726,10682.109678168852
2026-07-16 14:30:00,-6222.52168493509,-535.8449575979608,3303.5562623682536,-3.561869771252522,0.9408606863656398,-6.542769901114648,LARETS,5237.386201,3399.2486919999997,3306.094486,11459.90788593509,3935.0936495979604,2.538223631746405,12116.701582023165
2026-07-16 14:33:00,-6746.171954761759,-357.7408903518567,2072.5924337794936,-2.2386197046392806,1.0320355802254706,-7.0927701784430806,LARETS,5829.062125,3412.433165,2075.299818,12575.234079761758,3770.1740553518566,2.7073842205063556,13128.241767212361
2026-07-16 14:36:00,-7023.482386545067,-166.57422248001035,765.7498976900396,-0.8331598116757631,1.0855514934814607,-7.3832441106060624,LARETS,6207.39249,3288.835357,768.517645,13230.874876545067,3455.4095794800105,2.7677473099604413,13674.644895615347
2026-07-16 14:39:00,-7044.271964330978,30.67617949471618,-569.1336819285973,0.6028456873796438,1.0994239937133758,-7.40336982164618,LARETS,6355.123412,3038.751767,-566.4092959999999,13399.395376330978,3008.075587505284,2.7243859285973713,13732.891997451374
2026-07-16 14:42:00,-6807.796986511492,226.80655009716992,-1883.1790109892472,2.0165445540229965,1.0731473678815968,-7.152437644861118,LARETS,6263.781082,2677.448298,-1880.595856,13071.578068511491,2450.64174790283,2.583154989247305,13299.315954230298
2026-07-16 14:45:00,-6322.777268644223,414.6571653182782,-3128.2945650408337,3.35598234750449,1.0077143308546785,-6.639876486938707,LARETS,5934.100303,2224.360149,-3125.941248,12256.877571644223,1809.702983681722,2.3533170408336446,12389.75698847733
2026-07-16 14:48:00,-5607.050358890316,587.3786836119627,-4258.969074753703,4.572129468102844,0.9055677913739502,-5.884820785596673,LARETS,5376.0750530000005,1702.1280689999999,-4256.921544,10983.125411890316,1114.7493853880371,2.0475307537035405,11039.552264377213
2026-07-16 14:51:00,-4686.87550134639,738.6840847537939,-5233.947873208571,5.620728612198204,0.7704903875934166,-4.915263099276816,LARETS,4608.626654,1135.513687,-5232.270122000001,9295.502155346388,396.82960224620604,1.6777512085700437,9303.968877211346
2026-07-16 14:54:00,-3595.9282931850657,863.0759607609048,-6017.725449612634,6.463872340730541,0.6074430698277989,-3.766873614468005,LARETS,3658.909097,550.255868,-6016.470466,7254.837390185066,-312.8200927609048,1.2549836126345326,7261.578584815155
2026-07-16 14:57:00,-2374.0395556589588,956.0412332130386,-6581.802971360366,7.071262269093784,0.42236680001069343,-2.481584699025286,LARETS,2561.300124,-28.071901,-6581.012735,4935.339679658959,-984.1131342130386,0.7902363603661797,5032.500078392479
2026-07-16 15:00:00,-1065.736895011725,1014.2079053966542,-6905.6770252822935,7.421142614836479,0.2219610192301262,-1.1060337199533194,LARETS,1356.123669,-575.154492,-6905.382702999999,2421.860564011725,-1589.3623973966542,0.2943222822941607,2896.8053970536644
2026-07-16 15:03:00,281.35410154366247,1035.4606664357152,-6977.540787014118,7.500930299330679,0.013449451472311583,0.31006504095513776,LARETS,88.16067,-1068.936436,-6977.763323,-193.19343154366248,-2104.397102435715,-0.22253598588213208,2113.2465346602876
2026-07-16 15:06:00,1618.1973019241912,1019.0136812957081,-6794.688908630016,7.307574467725414,-0.19566059196003513,1.7155789097636498,LARETS,-1195.005155,-1490.495067,-6795.439072,-2813.202456924191,-2509.5087482957083,-0.7501633699839658,3769.8465199742654
2026-07-16 15:09:00,2896.0757378884027,965.4396384452186,-6363.622210046951,6.847669499138924,-0.3978232544511633,3.05963201498805,LARETS,-2444.7507969999997,-1824.757298,-6364.898794,-5340.826534888402,-2790.196936445219,-1.27658395304843,6025.747144511039
2026-07-16 15:12:00,4068.3197057029183,876.654297058394,-5699.849359635222,6.1373232103758335,-0.5857034576222466,4.293296331923929,LARETS,-3613.2371630000002,-2061.0405060000003,-5701.634322,-7681.556868702919,-2937.6948030583944,-1.784962364778039,8224.133381039243
2026-07-16 15:15:00,5091.987407440515,755.8558095965144,-4827.383144834696,5.2017565814615185,-0.7524297537690199,5.371291725355996,LARETS,-4655.235472,-2193.4003,-4829.638127,-9747.222879440516,-2949.2561095965143,-2.2549821653037725,10183.637392721012
2026-07-16 15:18:00,5929.446368510007,607.4184957015352,-3777.932044930597,4.074594813174118,-0.8918466093301658,6.253664579370368,LARETS,-5529.905949,-2220.774481,-3780.5979079999997,-11459.352317510007,-2828.1929767015354,-2.6658630694028034,11803.19609923989
2026-07-16 15:21:00,6549.796478472111,436.74190522470195,-2589.7961745872285,2.796811125290103,-0.9987570968075924,6.907381330502978,LARETS,-6202.452244,-2146.9118390000003,-2592.793674,-12752.248722472112,-2583.653744224702,-2.9974994127715036,13011.345938635275
2026-07-16 15:24:00,6930.070305563751,250.05807211033215,-1306.4910152270538,1.4153078922811917,-1.069142183936669,7.307742068809305,LARETS,-6645.576551,-1980.084562,-1309.7224059999999,-13575.646856563751,-2230.142634110332,-3.2313907729460425,13757.606411890558
2026-07-16 15:27:00,7056.147003410624,54.202640575571714,24.85877843616797,-0.01883923936540611,-1.1003399679175263,7.439502429174096,LARETS,-6840.657472,-1732.593115,21.50639,-13896.804475410623,-1786.7957555755715,-3.3523884361679706,14011.20355067486
2026-07-16 15:30:00,6923.32507885294,-143.64143775996695,1355.2932004597317,-1.4523997361745549,-1.0911686209820148,7.29759760921846,LARETS,-6778.583199,-1420.0847239999998,1351.942768,-13701.908277852941,-1276.4432862400329,-3.350432459731792,13761.235741861263
2026-07-16 15:33:00,6536.516777927081,-336.2163198785308,2635.8792408013637,-2.832151173326486,-1.0419808498137035,6.887392212075819,LARETS,-6460.186847,-1060.71881,2632.658082,-12996.703624927082,-724.5024901214692,-3.2211588013637993,13016.88209012623
2026-07-16 15:36:00,5910.050728733123,-516.4648716736615,3819.573029008394,-4.107043457669295,-0.9546445768998496,6.224427952853078,LARETS,-5896.256265999999,-674.226001,3816.6066800000003,-11806.306994733122,-157.7611293263385,-2.9663490083935358,11807.361357519174
2026-07-16 15:39:00,5067.0957519592375,-677.7962979694421,4862.99297647773,-5.230220717959457,-0.8324526823254095,5.333696512297245,LARETS,-5107.120926,-280.911137,4860.400253,-10174.216677959237,396.8851609694421,-2.5927234777300328,10181.955095328041
2026-07-16 15:42:00,4038.7427057579634,-814.3298489449452,5728.0246142365295,-6.160782460838975,-0.6799719720297576,4.248513206414801,LARETS,-4121.8419380000005,99.344171,5725.910722,-8160.584643757964,913.6740199449451,-2.113892236529864,8211.5739302037
2026-07-16 15:45:00,2862.7988547705845,-921.1069630749959,6383.194523501448,-6.865208681814632,-0.5028462958927283,3.0090970844019385,LARETS,-2977.066289,448.0285,6381.641889,-5839.865143770585,1369.1354630749959,-1.5526345014477556,5998.213002582528
2026-07-16 15:48:00,1582.3583809087427,-994.2650641675571,6804.770688137616,-7.31842225203055,-0.30756997530329716,1.6609688054112555,LARETS,-1715.599475,748.8525189999999,6803.833587,-3297.9578559087427,1743.1175831675569,-0.9371011376160823,3730.2795882154246
2026-07-16 15:51:00,244.21352764298544,-1031.1689907134314,6977.565425378237,-7.504502736320959,-0.10124556045444336,0.2532609074713337,LARETS,-384.763164,988.46902,6977.268604,-628.9766916429854,2019.6380107134314,-0.29682137823692756,2115.3130881861416
2026-07-16 15:54:00,-1102.8340976567758,-1030.4981831925538,6895.431401455305,-7.417088809731071,0.10866442031871319,-1.1629957168156333,LARETS,965.3924440000001,1157.0377520000002,6895.769421,2068.226541656776,2187.535935192554,0.3380195446952712,3010.4608633279927
2026-07-16 15:57:00,-2409.709680183816,-992.289046498735,6561.449666818528,-7.05950796893275,0.3145868744067276,-2.536578041294139,LARETS,2283.959104,1248.615999,6562.387814000001,4693.668784183816,2240.905045498735,0.9381471814722318,5201.171306415835
2026-07-16 16:00:00,-3628.802098399445,-917.9324256226606,5987.811933368745,-6.444655884088973,0.5090873837848563,-3.8177615526286,LARETS,3521.070966,1261.364115,5989.2894670000005,7149.873064399446,2179.296540622661,1.4775336312559375,7474.6251031138845
2026-07-16 16:03:00,-4715.6566314155125,-810.1262428202898,5195.400040222337,-5.59462290035452,0.6851189161202427,-4.9599923068787195,LARETS,4629.78039,1197.559314,5197.334729,9345.437021415513,2007.68555682029,1.9346887776628137,9558.66089781038
2026-07-16 16:06:00,-5630.575985387671,-672.7835375016228,4213.067090204683,-4.540043792632584,0.8362678436787648,-5.921523879770036,LARETS,5567.845544,1063.418774,4215.3599970000005,11198.42152938767,1736.2023115016227,2.2929067953173217,11332.212867473785
2026-07-16 16:09:00,-6340.076904797922,-510.89687532529825,3076.6300395627477,-3.3191393670468274,0.956991219536735,-6.6669759471371295,LARETS,6299.373832,868.738884,3079.174257,12639.450736797922,1379.6357593252983,2.5442174372524278,12714.52383022632
2026-07-16 16:12:00,-6818.144790526074,-330.3615958103075,1827.5940685503567,-1.97643049065865,1.0428347678798535,-7.168741526245082,LARETS,6796.2463689999995,626.363945,1830.279503,13614.391159526072,956.7255408103074,2.685434449643253,13647.96606152648
2026-07-16 16:15:00,-7047.2278060791605,-137.76259869998665,511.64430405529833,-0.5611355561267031,1.090617673446679,-7.408148905153283,LARETS,7039.253962000001,351.504865,514.362794,14086.48176807916,489.26746369998665,2.7184899447016733,14094.97636194008
2026-07-16 16:18:00,-7018.917625246066,59.86801070909634,-823.0420577629739,0.8746961403834045,1.098569430684409,-7.376281225977226,LARETS,7018.888244,60.941372,-820.3919350000001,14037.805869246065,1.0733612909036623,2.6501227629737514,14037.806160433132
2026-07-16 16:21:00,-6734.277234792791,255.31261800780862,-2127.5941265901924,2.2782214944421204,1.0664063989386847,-7.074375390109468,LARETS,6735.738916,-227.85446900000002,-2125.104227,13470.016150792791,-483.1670870078086,2.4898995901926355,13478.67915398932
2026-07-16 16:24:00,-6203.795902577083,441.4375610556108,-3354.276190939529,3.597888532945775,0.9953409868903478,-6.513759550151932,LARETS,6200.47101,-497.626938,-3352.02739,12404.266912577084,-939.0644990556108,2.248800939528792,12439.762249695405
2026-07-16 16:27:00,-5446.974547421587,611.458122692638,-4458.264011677633,4.78543814471523,0.8880233479470389,-5.715336230052975,LARETS,5433.387576,-732.230833,-4456.3250530000005,10880.362123421586,-1343.688955692638,1.9389586776323995,10963.018913875785
2026-07-16 16:30:00,-4491.567294243877,759.1874346571768,-5399.290975539314,5.79770621068613,0.7484223810910393,-4.708664200685487,LARETS,4463.603557,-917.462095,-5397.718392,8955.170851243878,-1676.6495296571768,1.5725835393141097,9110.77609719867
2026-07-16 16:33:00,-3372.5231240233506,879.2593901824869,-6143.0993029166,6.5981432312008605,0.5816579888042779,-3.530725283427857,LARETS,3327.8817799999997,-1041.783743,-6141.9370420000005,6700.40490402335,-1921.0431331824868,1.1622609165997346,6970.353932782624
2026-07-16 16:36:00,-2130.682667693894,967.3180551672283,-6662.648432356019,7.158011199182581,0.39379878043461447,-2.2244749337227527,LARETS,2069.191953,-1096.918271,-6661.92933,4199.874620693894,-2064.236326167228,0.7191023560189933,4679.745608142098
2026-07-16 16:39:00,-811.2887699363529,1020.1685745713232,-6939.049968323683,7.45725724325017,0.19163846143691834,-0.8372666980576092,LARETS,735.0585520000001,-1078.277541,-6938.797063,1546.347321936353,-2098.4461155713234,0.2529053236830805,2606.658052752069
2026-07-16 16:42:00,537.633034389767,1035.8866720056856,-6962.212740033041,7.485089822410578,-0.017539276152758156,0.5807841176203522,LARETS,-624.234102,-985.217525,-6962.440454,-1161.867136389767,-2021.1041970056856,-0.22771396695861768,2331.2652079139784
2026-07-16 16:45:00,1866.9735042682303,1013.8852133697757,-6731.190564408454,7.240290065136899,-0.22620200186888223,1.9784628049328423,LARETS,-1957.520028,-821.108566,-6731.905489,-3824.4935322682304,-1834.9937793697757,-0.7149245915461506,4241.9280356701565
2026-07-16 16:48:00,3128.2725344403343,954.936917136676,-6254.2292234528595,6.731278840366868,-0.4268143365585394,3.3051336178204895,LARETS,-3214.6561690000003,-593.217981,-6255.428429,-6342.928703440335,-1548.154898136676,-1.1992055471400818,6529.129311297626
2026-07-16 16:51:00,4275.441946382606,861.1524028169547,-5548.509879412519,5.975936305616015,-0.6120883131910687,4.512433668117007,LARETS,-4348.392905000001,-312.40772999999996,-5550.1748370000005,-8623.834851382606,-1173.5601328169546,-1.6649575874816946,8703.31969430874
2026-07-16 16:54:00,5266.431495633947,735.9128320696201,-4639.586832352682,5.001146108338476,-0.7752371334429685,5.555972182721597,LARETS,-5316.160667,7.34354,-4641.679763,-10582.592162633948,-728.5692920696201,-2.0929306473180986,10607.642267457315
2026-07-16 16:57:00,6064.784931559702,583.7569104807698,-3560.521486672247,3.8420227833486336,-0.9102274071104619,6.396998778301489,LARETS,-6081.710789,349.579096,-3562.983665,-12146.495720559702,-234.17781448076977,-2.4621783277530085,12148.75317062176
2026-07-16 17:00:00,6641.025678534561,410.22334208630167,-2350.7239019888393,2.540786550734776,-1.0120199137479062,7.003970575203345,LARETS,-6616.545026,696.1420870000001,-2353.477898,-13257.57070453456,285.9187449136984,-2.7539960111607797,13260.653758352944
2026-07-16 17:03:00,6973.807372345949,221.65204814276137,-1054.5286939089833,1.1452768151563506,-1.07678434563509,7.353918675663875,LARETS,-6901.06033,1028.061326,-1057.482527,-13874.86770234595,806.4092778572386,-2.953833091016577,13898.282570380663
2026-07-16 17:06:00,7050.766606861788,24.950332764069778,280.44856014350603,-0.2928608761160337,-1.1020711445121982,7.433501437344979,LARETS,-6925.345548,1326.5017209999999,277.397176,-13976.112154861788,1301.55138823593,-3.051384143506027,14036.586347557568
2026-07-16 17:09:00,6869.025880764505,-172.6668181253155,1605.1085210066922,-1.720230789477054,-1.0869246016701248,7.239642325825409,LARETS,-6689.5720870000005,1573.728113,1602.0710689999999,-13558.597967764505,1746.3949311253155,-3.0374520066923196,13670.606545908731
2026-07-16 17:12:00,6435.313673849715,-363.95062837546726,2870.7373029165487,-3.083861445722778,-1.0319260157592898,6.779684179799664,LARETS,-6203.957099,1754.032859,2867.829537,-12639.270772849715,2117.983487375467,-2.9077659165486693,12815.499528980943
2026-07-16 17:15:00,5765.693264065984,-541.8935404051431,4030.858202334908,-4.333353097929647,-0.9391629625116467,6.071042391909397,LARETS,-5488.301415,1854.575918,4028.19523,-11253.994679065985,2396.469458405143,-2.662972334908318,11506.323009238695
2026-07-16 17:18:00,4884.918081069468,-699.9922917042674,5042.978276689203,-5.42285770164654,-0.8121288690420733,5.140394483551719,LARETS,-4571.123624,1866.089626,5040.66955,-9456.041705069467,2566.081917704267,-2.3087266892034677,9798.035847382924
2026-07-16 17:21:00,3825.4543992200324,-832.4874295228203,5870.153227418503,-6.312780180197454,-0.6555640731382725,4.0224891549291995,LARETS,-3488.450105,1783.414423,5868.293517,-7313.904504220032,2615.9018525228203,-1.8597104185028002,7767.634456989157
2026-07-16 17:24:00,2626.228265906904,-934.5700805036128,6482.31169364913,-6.971134972375033,-0.4752537271636837,2.758683421026422,LARETS,-2282.334053,1605.844225,6480.972848,-4908.562318906905,2540.414305503613,-1.3388456491293255,5526.996532901735
2026-07-16 17:27:00,1331.161017876638,-1002.5496695357745,6857.300101551169,-7.374539963681897,-0.27779850918356747,1.3953175152533723,LARETS,-999.168514,1337.268239,6856.529213000001,-2330.3295318766377,2339.817908535774,-0.7708885511683548,3302.2998298928387
2026-07-16 17:30:00,-12.442743323217082,-1033.9789584396522,6981.627391984218,-7.508867933263257,-0.07037147137242912,-0.017982999374176967,LARETS,312.127387,986.103566,6981.444280000001,324.5701303232171,2020.0825244396522,-0.1831119842172484,2045.991008918296
2026-07-16 17:33:00,-1355.5965269449098,-1027.7347738748624,6850.902205216214,-7.369594608807675,0.13953021161938656,-1.4300206219359057,LARETS,1601.9706910000002,565.026235,6851.296396,2957.56721794491,1592.7610088748625,0.3941907837861436,3359.180202882965
2026-07-16 17:36:00,-2649.371605884589,-984.0539297285723,6469.962416985143,-6.961880042920664,0.3443345279641776,-2.7897291756043003,LARETS,2821.971005,90.511348,6470.893354000001,5471.342610884589,1074.5652777285723,0.9309370148575908,5575.865974754504
2026-07-16 17:39:00,-3846.628927783146,-904.5242630133235,5852.699474180216,-6.300401193408286,0.5366439968682502,-4.047861186643007,LARETS,3926.728443,-417.804249,5854.101514999999,7773.357370783146,486.7200140133235,1.4020408197829966,7788.5803039879
2026-07-16 17:42:00,-4903.698178820732,-792.0307895001501,5021.580589336606,-5.408928471984659,0.709484639479681,-5.158655170003897,LARETS,4875.520509999999,-937.918293,5023.369602,9779.218688820732,-145.8875034998498,1.7890126633938053,9780.306975142674
2026-07-16 17:45:00,-5781.9556415397865,-650.6572452533552,4006.8739101849606,-4.319619566639788,0.8565518030553766,-6.081461961818621,LARETS,5633.819943,-1446.3919939999998,4008.9537609999998,11415.775584539788,-795.7347487466446,2.079850815039208,11443.475447289473
2026-07-16 17:48:00,-6449.247043080431,-485.54413654883564,2845.5880255427865,-3.0719998066926544,0.9724459613621206,-6.782281026407972,LARETS,6174.5899119999995,-1919.376945,2847.857143,12623.836955080431,-1433.8328084511643,2.2691174572137243,12705.004570638272
2026-07-16 17:51:00,-6881.097221112793,-302.7060707411302,1580.1487193091398,-1.7116141378903458,1.052887182555862,-7.235128730706776,LARETS,6479.299921,-2333.699094,1582.505432,13360.397142112794,-2030.99302325887,2.3567126908601495,13513.887301942274
2026-07-16 17:54:00,-7061.648581755756,-108.81348046995556,256.8517983974103,-0.28836904870630264,1.094893935861948,-7.423142407409117,LARETS,6538.609491,-2667.9485959999997,259.199744,13600.258072755756,-2559.135115530044,2.347945602589732,13838.937737339007
2026-07-16 17:57:00,-6984.277425726672,89.05349944220818,-1075.8516664406902,1.1453748449243695,1.096911621306758,-7.33932501710311,LARETS,6352.682183,-2903.522026,-1073.598811,13336.959608726673,-2992.5755254422083,2.252855440690155,13668.577283522967
2026-07-16 18:00:00,-6651.85185810577,283.6688377456835,-2369.1660001133137,2.5368591500014914,1.0588791506516537,-6.986857951500301,LARETS,5931.106174,-3025.560711,-2367.0826770000003,12582.95803210577,-3309.2295487456836,2.0833231133133268,13010.835383796915
2026-07-16 18:03:00,-6076.615626776283,467.9303151675345,-3575.776227760441,3.835006968264475,0.9822275909175608,-6.37894988150445,LARETS,5292.420404,-3023.734684,-3573.925027,11369.036030776282,-3491.6649991675345,1.8512007604413157,11893.137019409352
2026-07-16 18:06:00,-5279.70557666381,635.1229099466982,-4651.605332990414,4.992395053028902,0.8698119693268119,-5.5382379750732715,LARETS,4463.278974000001,-2892.831537,-4650.036358,9742.98455066381,-3527.954446946698,1.5689749904140626,10362.056407677348
2026-07-16 18:09:00,-4290.332390140188,779.1644541825187,-5557.427840825859,5.967007582147348,0.7257840635593771,-4.495802220427961,LARETS,3477.299857,-2633.125287,-5556.179945,7767.632247140188,-3412.289741182519,1.2478958258589046,8484.092972253167
2026-07-16 18:12:00,-3144.6712299835503,894.8240199102468,-6260.277924576551,6.723696382143524,0.5554187131914554,-3.2898831594138414,LARETS,2373.657238,-2250.506564,-6259.379556,5518.328467983551,-3145.330583910247,0.8983685765515474,6351.775686349838
2026-07-16 18:15:00,-1884.518584558884,977.9059412127274,-6734.60753222042,7.2353154879454795,0.36490786123732505,-1.9644018102910483,LARETS,1195.498859,-1756.375255,-6734.0766490000005,3080.017443558884,-2734.281196212727,0.5308832204191276,4118.592161701193
2026-07-16 18:18:00,-555.7738679068145,1025.3948421186683,-6963.166939563643,7.483535849553382,0.16113507908597868,-0.5673681531626965,LARETS,-11.751065,-1167.3004580000002,-6963.016135,544.0228029068145,-2192.6953001186685,0.15080456364285055,2259.175405316528
2026-07-16 18:21:00,793.198995866905,1035.559024067715,-6937.593426708766,7.459368831128593,-0.04856039303412761,0.8507621958080505,LARETS,-1202.136886,-504.462705,-6937.832952,-1995.3358818669049,-1540.0217290677151,-0.23952529123380373,2520.5222206595718
2026-07-16 18:24:00,2113.2804630364726,1008.0107951420307,-6658.701783298642,7.163430125007044,-0.25662550985438043,2.238753841072395,LARETS,-2330.9018309999997,207.099573,-6659.339815,-4444.182294036473,-800.9112221420307,-0.6380317013581589,4515.774070462868
2026-07-16 18:27:00,3356.32976453214,943.7228175269794,-6136.473458870141,6.605960744427225,-0.4555400771448144,3.5462731580572036,LARETS,-3356.153515,939.420904,-6137.511731,-6712.48327953214,-4.301913526979433,-1.038272129858342,6712.484738341501
2026-07-16 18:30:00,4476.90069759212,844.9996125312205,-5389.741619510942,5.80659685665829,-0.6380682301805246,4.725584686782613,LARETS,-4240.412923000001,1662.688513,-5391.16945,-8717.313620592122,817.6889004687796,-1.4278304890585787,8755.579588834236
2026-07-16 18:33:00,5433.891065486512,715.4034709503303,-4445.570442963644,4.7938568900431795,-0.7975130516466941,5.733248265882526,LARETS,-4952.007256,2346.440023,-4447.362132,-10385.898321486511,1631.0365520496698,-1.7916890363558196,10513.1901622927
2026-07-16 18:36:00,6192.071170321638,559.6346558828773,-3338.331881476102,3.604303911713272,-0.9279685543354765,6.531774345062233,LARETS,-5466.25275,2960.842206,-3340.44437,-11658.323920321638,2401.2075501171225,-2.1124885238982642,11903.038216879375
2026-07-16 18:39:00,6723.429759156858,383.36727493383705,-2108.493795270816,2.2813510766675322,-1.0245581400424326,7.091160975313213,LARETS,-5766.371461,3477.992827,-2110.864981,-12489.801220156858,3094.625552066163,-2.3711857291841625,12867.47245767615
2026-07-16 18:42:00,7008.272481555799,193.04456677084397,-801.1497202700772,0.8737087630673588,-1.0836443310009047,7.390208971785006,LARETS,-5844.099727,3873.189538,-803.701064,-12852.372208555798,3680.144971229156,-2.5513437299227917,13368.879717682987
2026-07-16 18:45:00,7036.011567656952,-4.359706362777336,535.6596945451907,-0.5664825362448704,-1.102992756231509,7.41750276905221,LARETS,-5699.946537,4126.09994,533.0185379999999,-12735.958104656951,4130.459646362778,-2.6411565451908245,13389.000437281205
2026-07-16 18:48:00,6805.597746543977,-201.60409830017858,1852.764250189321,-1.985741133315596,-1.0818750775282369,7.171959587314988,LARETS,-5343.079752000001,4221.767181,1850.131421,-12148.677498543977,4423.371279300179,-2.6328291893210007,12928.905033681545
2026-07-16 18:51:00,6325.565719426705,-391.4545450072658,3101.7369755923796,-3.3314246506882843,-1.0211007245936796,6.662887498551664,LARETS,-4790.835999,4151.390372,3099.216139,-11116.401718426705,4542.844917007265,-2.52083659237951,12008.823150502138
2026-07-16 18:54:00,5613.689824842323,-566.9584802270375,4236.732211041605,-4.553855571636327,-0.9229748679313027,5.909545515620362,LARETS,-4067.8854109999997,3912.8402960000003,4234.427297,-9681.575235842323,4479.798776227038,-2.304914041605116,10667.778655155409
2026-07-16 18:57:00,4696.2724552170575,-721.7050967064723,5216.202814176892,-5.608255217697685,-0.7911881406701219,4.940253019561737,LARETS,-3205.1015380000003,3510.885369,5214.211239,-7901.373993217057,4232.590465706472,-1.9915751768921837,8963.622983897074
2026-07-16 19:00:00,3607.1097034970967,-850.0604760378757,6004.422942377463,-6.456382747285186,-0.6306502162307243,3.7911382606236947,LARETS,-2238.201035,2957.1204559999996,6002.828594,-5845.310738497097,3807.180932037875,-1.5943483774635752,6975.83592272704
2026-07-16 19:03:00,2386.193218211814,-947.3688706814585,6572.7613127847235,-7.067822562830281,-0.44728292589971386,2.5046366217977014,LARETS,-1206.223796,2269.608977,6571.629563,-3592.4170142118137,3216.977847681458,-1.1317497847230698,4822.282421979174
2026-07-16 19:06:00,1078.2130586969915,-1010.1142995668388,6900.669827158619,-7.420910623164567,-0.2477885814502655,1.1278458587353208,LARETS,-149.929496,1472.259376,6900.04204,-1228.1425546969915,2482.3736755668388,-0.6277871586189576,2769.5692072814477
2026-07-16 19:09:00,-269.0753912675861,-1036.0391960633726,6976.369862246124,-7.503325050411144,-0.039406084190422644,-0.2891778612606934,LARETS,889.8146260000001,593.969457,6976.257381,1158.8900172675862,1630.0086530633725,-0.1124812461239344,1999.98857342635
2026-07-16 19:12:00,-1606.5636467341078,-1024.2186919673281,6797.230650955884,-7.312381246633633,0.17033731704314467,-1.6951323338668354,LARETS,1873.60274,-332.428268,6797.612593000001,3480.1663867341076,691.7904239673281,0.3819420441168404,3548.257630996734
2026-07-16 19:15:00,-2885.531636672512,-975.0901065503633,6369.840427654984,-6.8550656333609465,0.3738752766434433,-3.039169491365352,LARETS,2764.966622,-1271.386759,6370.666348000001,5650.498258672512,-296.29665244963667,0.8259203450170389,5658.261478551372
2026-07-16 19:18:00,-4059.3730285855354,-890.437529627184,5709.7729376135085,-6.1478211969399394,0.5638519598386715,-4.272579448304898,LARETS,3531.7163309999996,-2185.9957969999996,5710.970144,7591.089359585535,-1295.5582673728156,1.1972063864914162,7700.851272597979
2026-07-16 19:21:00,-5085.2589294557165,-773.3314686151892,4841.052536078756,-5.216073069963543,0.733371307494493,-5.350452327633699,LARETS,4147.1066200000005,-3039.422122,4842.534503999999,9232.365549455717,-2266.0906533848106,1.4819679212432675,9506.405350307954
2026-07-16 19:24:00,-5925.69064707939,-628.0238707857559,3795.3237843492766,-4.093465231155297,0.8762425594344451,-6.233292226052255,LARETS,4590.786837000001,-3796.3897,3796.997933,10516.47748407939,-3168.3658292142445,1.6741486507235095,10983.389436037263
2026-07-16 19:27:00,-6549.886674483574,-459.7998264875311,2610.7386828300455,-2.820779009637677,0.9872143178897502,-6.888528404329201,LARETS,4849.500279,-4424.647078,2612.5138500000003,11399.386953483574,-3964.847251512469,1.7751671699547842,12069.218690300379
2026-07-16 19:30:00,-6934.945294580271,-274.789054040721,1330.5872026112777,-1.444523601952948,1.0621851169298164,-7.2918410542502485,LARETS,4917.500967,-4896.355815000001,1332.378429,11852.446261580271,-4621.56676095928,1.7912263887224071,12721.610154306089
2026-07-16 19:33:00,-7066.725528364085,-79.74270437333882,1.7132595907387398,-0.015224622532379158,1.098375838545118,-7.428203969131086,LARETS,4796.660408,-5189.331755,3.444207,11863.385936364084,-5109.589050626661,1.7309474092612602,12916.958974061346
2026-07-16 19:36:00,-6940.397705082714,118.21631949220593,-1327.2243155966223,1.4145204678014014,1.0944495837095176,-7.292551582997123,LARETS,4496.25605,-5288.0766220000005,-1325.618149,11436.653755082714,-5406.292941492206,1.6061665966224155,12650.10099021534
2026-07-16 19:39:00,-6560.630894538727,311.85901856076214,-2607.5717518258643,2.79211337246184,1.050568094867624,-6.890004454208353,LARETS,4032.451981,-5184.543253,-2606.140253,10593.082875538727,-5496.402271560762,1.4314988258643098,11934.146169208712
2026-07-16 19:42:00,-5941.405883776171,494.1199790515733,-3792.499045101184,4.0670238068590585,0.9683798751121254,-6.235630041415151,LARETS,3427.4930550000004,-4878.5916449999995,-3791.2770809999997,9368.898938776172,-5372.7116240515725,1.2219641011843123,10800.10643528185
2026-07-16 19:45:00,-5105.465788130555,658.3588971862451,-4838.735408436038,5.192728007649253,0.8509423108236254,-5.353764236559781,LARETS,2708.657656,-4378.1133660000005,-4837.744975,7814.123444130555,-5036.472263186246,0.9904334360380744,9296.589645612716
2026-07-16 19:48:00,-4083.437669551247,798.6027846001386,-5708.148017688511,6.128411400821201,0.7025865901104307,-4.276961451056879,LARETS,1907.025244,-3698.82235,-5707.403575,5990.462913551247,-4497.425134600138,0.7444426885103894,7490.826343879618
2026-07-16 19:51:00,-2912.674218346497,909.759690062837,-6369.10538638894,6.840368260425599,0.5287384437097976,-3.0446669100889268,LARETS,1056.125898,-2863.727631,-6368.616752999999,3968.800116346497,-3773.487321062837,0.4886333889407979,5476.365689441907
2026-07-16 19:54:00,-1635.8727748091273,987.7972581504498,-6797.584224391321,7.30307418975222,0.33570884118359284,-1.7017090855602341,LARETS,190.53805799999998,-1902.3256259999998,-6797.359539,1826.4108328091274,-2890.12288415045,0.2246853913211453,3418.857538151622
2026-07-16 19:57:00,-299.5299649478606,1029.8818503296459,-6977.9950738184725,7.499942964312448,0.13046683893259564,-0.29669438710733304,LARETS,-655.510176,-849.5393240000001,-6978.045523,-355.9802110521394,-1879.421174329646,-0.05044918152725586,1912.837124201763
2026-07-16 20:00:00,1047.7138199067688,1034.47581229407,-6903.714371404464,7.4237985090161835,-0.07959719215554646,1.1196421084090837,LARETS,-1449.4780449999998,255.55219200000002,-6904.055813,-2497.1918649067684,-778.92362029407,-0.3414415955357981,2615.8534616814695
2026-07-16 20:03:00,2356.791601543275,1001.3915563988513,-6577.317573100499,7.077091995571459,-0.28691412552970924,2.496105796026807,LARETS,-2161.748086,1371.14821,-6577.968266,-4518.539687543275,369.75665360114874,-0.6506928995004273,4533.64327160698
2026-07-16 20:06:00,3579.9441726659015,931.8015149111128,-6010.510364747992,6.47187643133716,-0.4839837204193726,3.7827272788641833,LARETS,-2766.722733,2454.284642,-6011.484909,-6346.666905665901,1522.4831270888872,-0.974544252007945,6526.72480142082
2026-07-16 20:09:00,4672.42716091294,828.203052368815,-5223.755282264169,5.6295255781863425,-0.663627281977562,4.932460758294027,LARETS,-3243.749088,3462.473163,-5225.059286999999,-7916.17624891294,2634.270110631185,-1.304004735829949,8342.974716493303
2026-07-16 20:12:00,5594.141913176276,694.3375955222095,-4245.5926451167725,4.580162374773189,-0.8192430691895922,5.902877473717041,LARETS,-3577.846066,4355.374325,-4247.220098,-9171.987979176276,3661.0367294777902,-1.6274528832273063,9875.654716186791
2026-07-16 20:15:00,6311.134167897321,535.0640154988884,-3111.6606120841902,3.3617550694182743,-0.9450577765814084,6.6578052086846595,LARETS,-3760.2026039999996,5096.440994,-3113.5886729999997,-10071.33677189732,4561.376978501111,-1.9280609158095103,11056.128980361524
2026-07-16 20:18:00,6796.897883437081,356.18795423784667,-1863.4310028830107,2.0188532450472167,-1.0363622936720864,7.16883130235615,LARETS,-3788.416006,5654.456176,-1865.613615,-10585.31388943708,5298.268221762153,-2.182612116989276,11837.251414557348
2026-07-16 20:21:00,7033.419365912624,164.25129516170682,-546.6947750041043,0.6009702103116142,-1.089715951283398,7.416562308680154,LARETS,-3666.462872,6004.8978099999995,-549.0636310000001,-10699.882237912625,5840.646514838292,-2.368855995895842,12190.186103090038
2026-07-16 20:24:00,7011.902082493218,-33.71101684468105,790.1489472593576,-0.83933475498897,-1.1031022161482242,7.391528815021904,LARETS,-3404.3942340000003,6131.057666000001,787.679312,-10416.296316493219,6164.768682844681,-2.469635259357574,12103.867479655875
2026-07-16 20:27:00,6733.126506815606,-230.43668466813926,2097.927702713714,-2.2485734604481062,-1.076021143087842,7.094643729837745,LARETS,-3017.766834,6024.844104000001,2095.452706,-9750.893340815606,6255.28078866814,-2.474996713714063,11584.837712054994
2026-07-16 20:30:00,6207.420881813364,-418.7119951605097,3328.568714619815,-3.574509957188218,-1.0095096047732566,6.5371639259655145,LARETS,-2526.830431,5687.2201430000005,3326.1919550000002,-8734.251312813363,6105.9321381605105,-2.3767596198149477,10656.901938189618
2026-07-16 20:33:00,5454.244582876509,-591.6447437764657,4436.920154895507,-4.768259127737381,-0.9060881193930991,5.740159038885315,LARETS,-1955.5173160000002,5128.245787999999,4434.750463,-7409.76189887651,5719.890531776465,-2.1696918955067304,9360.647616544007
2026-07-16 20:36:00,4501.411252094341,-742.9214282150151,5382.436281098496,-5.786170891627315,-0.7696410598357962,4.733544124322054,LARETS,-1330.3001740000002,4366.738625,5380.579297,-5831.711426094341,5109.660053215015,-1.856984098495559,7753.546766806176
2026-07-16 20:39:00,3383.999578821009,-867.0378126237716,6130.656114499314,-6.59140491367973,-0.6052431833911635,3.5547717547324686,LARETS,-678.975342,3429.577667,6129.205025,-4062.9749208210087,4296.6154796237715,-1.451089499313639,5913.431482026644
2026-07-16 20:42:00,2143.012462260144,-959.4946193720491,6654.424409131986,-7.155148606551676,-0.41894837813809455,2.2472954031607144,LARETS,-29.434971,2350.688996,6653.450619,-2172.447433260144,3310.1836153720487,-0.9737901319858793,3959.399495633571
2026-07-16 20:45:00,823.8495057420321,-1016.9529643301702,6934.823440811892,-7.4574768553926445,-0.21755589869744882,0.8589081143173886,LARETS,591.514504,1169.769027,6934.368565000001,-232.3350017420321,2186.72199133017,-0.4548758118917249,2199.02997417349
2026-07-16 20:48:00,-525.3450784871135,-1037.3466167957056,6961.800693020917,-7.487883354615568,-0.008365875059287486,-0.5599656900197212,LARETS,1159.243367,-69.199785,6961.8724,1684.5884454871134,968.1468317957056,0.07170697908350121,1942.9736291897125
2026-07-16 20:51:00,-1855.4037575645084,-1019.9498527188608,6734.488488407544,-7.245524108662446,0.20106893331968037,-1.9579808745468263,LARETS,1652.260178,-1319.586104,6735.0601560000005,3507.6639355645084,-299.63625128113915,0.5716675924568335,3520.4386793048316
2026-07-16 20:54:00,-3117.87744213328,-965.4005116714465,6261.216854390843,-6.739204053059661,0.40319245769549156,-3.2845686161940106,LARETS,2053.014108,-2533.851183,6262.233465,5170.891550133279,-1568.4506713285537,1.0166106091573965,5403.531989831084
2026-07-16 20:57:00,-4266.752615607986,-875.6781083934538,5559.222324732471,-5.987115127613867,0.5906952698510449,-4.491616980703428,LARETS,2348.515492,-3665.343534,5560.609576999999,6615.268107607986,-2789.6654256065463,1.3872522675283108,7179.415522647282
2026-07-16 21:00:00,-5260.09791661299,-754.0369412966596,4654.056145459466,-5.016309788381622,0.7567641531591981,-5.535126421328337,LARETS,2530.755075,-4670.089443,4655.727872,7790.85299161299,-3916.05250170334,1.6717265405341095,8719.682352453654
2026-07-16 21:03:00,-6061.589835841583,-604.8945762346044,3578.6987545102265,-3.8618794432568264,0.8953271901536791,-6.376809407384857,LARETS,2596.908585,-5508.514961,3580.562619,8658.498420841584,-4903.620384765395,1.8638644897732775,9950.632706295302
2026-07-16 21:06:00,-6641.861717588121,-433.67722230083547,2372.3956531989643,-2.565810658734983,1.0012858017274038,-6.985573478051185,LARETS,2549.3214,-6147.0383,2374.3578930000003,9191.18311758812,-5713.3610776991645,1.9622398010360484,10822.215381131058
2026-07-16 21:09:00,-6979.61721893659,-246.62545207200696,1079.2432317689959,-1.175515098751172,1.0707210274311578,-7.3388009012126805,LARETS,2395.2655729999997,-6559.459119,1081.211629,9374.88279193659,-6312.833666927993,1.968397231004019,11302.22545092054
2026-07-16 21:12:00,-7062.451965573211,-50.5662409414038,-253.42995035912818,0.25793283641544607,1.1010591452716532,-7.423326519352163,LARETS,2146.481847,-6728.072730000001,-251.540163,9208.93381257321,-6677.506489058597,1.889787359128178,11375.12894199754
2026-07-16 21:15:00,-6887.337159351537,147.34005002891422,-1576.8237660096552,1.6817738667972824,1.091182563794157,-7.23602470318438,LARETS,1818.5276569999999,-6644.4600310000005,-1575.081482,8705.864816351537,-6791.800081028915,1.7422840096551226,11041.767683519045
2026-07-16 21:18:00,-6460.736106923723,339.86691644215114,-2842.4928031899785,3.0436448104920966,1.0414759324211842,-6.783946627961293,LARETS,1429.95501,-6309.895343,-2840.949584,7890.691116923723,-6649.762259442151,1.543219189978572,10319.028384074036
2026-07-16 21:21:00,-5798.34676382499,519.9910909231469,-4004.155471867474,4.293632317418358,0.953803786044491,-6.08399388737736,LARETS,1001.362852,-5735.346659,-4002.848409,6799.709615824991,-6255.3377499231465,1.3070628674736327,9239.334550365073
2026-07-16 21:24:00,-4924.486710513607,681.1519596861506,-5019.404952119377,5.386173868465333,0.8314232197699496,-5.162162821082594,LARETS,554.3831339999999,-4941.072257,-5018.360562,5478.869844513607,-5622.224216686151,1.0443901193775673,7850.313433651136
2026-07-16 21:27:00,-3871.157430654747,817.4901232238408,-5851.250951243263,6.281706885335846,0.6788412862393919,-4.0524338038416605,LARETS,110.650345,-3955.849843,-5850.488415,3981.807775654747,-4773.339966223841,0.7625362432636393,6216.07337286779
2026-07-16 21:30:00,-2676.8391129120623,924.0563260453214,-6469.436838869214,6.948006954574211,0.501630536677225,-2.7954017006581093,LARETS,-309.19660600000003,-2815.879436,-6468.971585,2367.6425069120623,-3739.9357620453216,0.465253869213484,4426.381226377086
2026-07-16 21:33:00,-1385.07396344561,996.9844854175496,-6851.494334152387,7.36119867589836,0.3062166683858002,-1.4367438229884402,LARETS,-686.433771,-1563.413757,-6851.341298,698.64019244561,-2560.3982424175497,0.15303615238644852,2654.004013127218
2026-07-16 21:36:00,-42.895839340508,1033.624880890298,-6983.5137731734385,7.506455791593483,0.09964985603583194,-0.02560278530297017,LARETS,-1005.055981,-245.17713899999998,-6983.6894,-962.160141659492,-1278.802019890298,-0.1756268265617109,1600.3395811884743
2026-07-16 21:39:00,1300.840627861945,1032.6352922541412,-6860.619358664326,7.378422753024247,-0.1106328212398263,1.3870678531517604,LARETS,-1252.43573,1089.369928,-6861.142019999999,-2553.276357861945,56.734635745858895,-0.522661335673547,2553.9066646384804
2026-07-16 21:42:00,2597.183898055458,994.0288179448822,-6487.144787552047,6.981385448839758,-0.3170507268776935,2.7501758873311024,LARETS,-1419.816465,2389.863426,-6488.030989,-4017.0003630554584,1395.8346080551178,-0.8862014479527716,4252.604725951505
2026-07-16 21:45:00,3798.8182406903115,919.1773967810673,-5876.506410555369,6.329198880143451,-0.5121284100632488,4.014178346456492,LARETS,-1502.6250519999999,3606.913085,-5877.765746,-5301.443292690312,2687.735688218933,-1.2593354446307785,5943.839306480498
2026-07-16 21:48:00,4861.760299717752,810.7700744865904,-5050.771358468255,5.444953843987407,-0.6887494925153462,5.132781209794827,LARETS,-1500.594431,4693.975117,-5052.403451,-6362.354730717752,3883.2050425134094,-1.632092531745002,7453.780368740024
2026-07-16 21:51:00,5746.969380324518,672.7253040694172,-4039.920273250383,4.360345088359769,-0.8404127652125043,6.064627340088473,LARETS,-1417.690585,5609.158227,-4041.9120660000003,-7164.659965324518,4936.432922930582,-1.9917927496171615,8700.616437273584
2026-07-16 21:54:00,6421.814007906186,510.05749183949064,-2880.81125526068,3.114700138907394,-0.9614828936411363,6.774917112184199,LARETS,-1261.8446569999999,6316.892364,-2883.131738,-7683.658664906186,5806.83487216051,-2.3204827393201413,9631.09272595625
2026-07-16 21:57:00,6861.3312585308395,328.6998257859499,-1615.8646137305554,1.7536461179344598,-1.0474230590155658,7.236873465567696,LARETS,-1044.496019,6789.381457,-1618.4592949999999,-7905.82727753084,6460.681631214051,-2.594681269444436,10209.922566524598
2026-07-16 22:00:00,7049.214368140801,135.2880604188194,-291.5060386788087,0.32742936235439407,-1.0949932408603802,7.432941909553653,LARETS,-779.9657950000001,7007.771308,-294.295406,-7829.180163140801,6872.483247581181,-2.789367321191321,10417.633886625668
2026-07-16 22:03:00,6978.471008298334,-63.08702232522453,1043.574097101233,-1.1110492438621817,-1.1023971933701275,7.355615901048759,LARETS,-484.688528,6962.96524,1040.690222,-7463.1595362983335,7026.052262325225,-2.883875101233116,10250.08141303774
2026-07-16 22:06:00,6651.710183632538,-259.14791428089643,2340.2696694315177,-2.5083744649101414,-1.0693641553272528,7.007802410324669,LARETS,-176.339996,6656.036837000001,2337.407575,-6828.050179632538,6915.184751280897,-2.862094431517562,9718.130354729366
2026-07-16 22:09:00,6081.038363874675,-445.70688094406984,3550.928747894228,-3.812793092143005,-0.9971575307189879,6.402687317119471,LARETS,127.088904,6098.19928,3548.217666,-5953.949459874675,6543.90616094407,-2.7110818942278456,8847.159395192828
2026-07-16 22:12:00,5287.5715648466685,-615.9374020359556,4631.154935817645,-4.976280722870223,-0.888510758243345,5.563115068949769,LARETS,408.220447,5310.348379999999,4628.725737,-4879.351117846669,5926.285782035955,-2.429198817645556,7676.518507930527
2026-07-16 22:15:00,4300.594979157025,-763.6280553807379,5541.457863106588,-5.95637272689023,-0.7474983696618345,4.520548162595392,LARETS,651.17453,4322.213383,5539.435467,-3649.4204491570244,5085.8414383807385,-2.022396106587621,6259.716993695652
2026-07-16 22:18:00,3156.4211336395424,-883.4083470522031,6248.685900354115,-6.717672992927508,-0.5793559081480429,3.3137070199834158,LARETS,842.3638070000001,3171.147423,6247.180042,-2314.057326639542,4054.555770052203,-1.5058583541149346,4668.435077308792
2026-07-16 22:21:00,1897.0087430975043,-970.9387214183627,6727.193715167798,-7.2330025581202655,-0.39026470309588596,1.987002360403354,LARETS,971.16276,1900.651326,6726.287362,-925.8459830975042,2871.5900474183627,-0.9063531677975334,3017.154455165669
2026-07-16 22:24:00,568.4071044232528,-1023.0598061331112,6959.716716372965,-7.4841939420349295,-0.18711629295201804,0.5888601697828907,LARETS,1030.419998,558.6867830000001,6959.458627,462.0128935767473,1581.7465891331112,-0.258089372964605,1647.8404815623128
2026-07-16 22:27:00,-780.9130093056857,-1037.8982884305879,6937.940026721316,-7.462564792501856,0.02273255698162174,-0.8299891314644696,LARETS,1016.7983889999999,-804.148919,6938.34009,1797.7113983056856,233.74936943058788,0.4000632786837741,1812.844505013601
2026-07-16 22:30:00,-2101.78796319407,-1014.9283476950859,6662.759438885208,-7.169110970987214,0.23170813991281547,-2.218219118011956,LARETS,930.931884,-2136.520314,6663.79078,3032.71984719407,-1121.591966304914,1.0313411147926672,3233.4747987434575
2026-07-16 22:33:00,-3346.1016752088103,-954.9882759096694,6144.236113195614,-6.614446388013079,0.43226930806733643,-3.5256012211707066,LARETS,777.3936550000001,-3388.273287,6145.843389000001,4123.495330208811,-2433.2850110903305,1.6072758043865178,4787.911054602649
2026-07-16 22:36:00,-4468.492923356531,-860.252093626471,5401.247795596619,-5.818493003905853,0.6171578573338574,-4.704681606002388,LARETS,564.476616,-4512.31455,5403.352686,5032.969539356531,-3652.062456373529,2.1048904033814324,6218.387813566098
2026-07-16 22:39:00,-5427.983014950388,-734.1560877257997,4460.8403655535085,-4.809901104815035,0.7796483932639894,-5.712429281085717,LARETS,303.797718,-5466.382046,4463.341879,5731.780732950388,-4732.2259582742,2.501513446491117,7432.851347118075
2026-07-16 22:42:00,-6189.472413142945,-581.2807401764109,3357.287727368018,-3.6251684082672346,0.9137928188373925,-6.51181920206353,LARETS,9.741165,-6214.659359,3360.068421,6199.213578142945,-5633.378618823589,2.7806936319821034,8376.46771513552
2026-07-16 22:45:00,-6725.049624942861,-407.18980332892454,2130.877337362511,-2.3074337463700147,1.014650037257618,-7.073284009785171,LARETS,-301.245026,-6729.173084,2133.811455,6423.804598942861,-6321.983280671076,2.93411763748918,9012.9210989296
2026-07-16 22:48:00,-7015.05346559375,-218.2303478639166,826.4529635337193,-0.9049475998768138,1.0784875403690153,-7.375943948266202,LARETS,-611.467802,-6990.896552,829.4149030000001,6403.58566359375,-6772.666204136083,2.9619394662807963,9320.671951995515
2026-07-16 22:51:00,-7048.833728227425,-21.300202763921313,-508.2364527138144,0.5307384146997257,1.1029398316339847,-7.408516578202695,LARETS,-902.88428,-6990.509381,-505.36208799999997,6145.949448227425,-6969.2091782360785,2.8743647138144297,9292.070783853807
2026-07-16 22:54:00,-6825.166757701888,176.4081684764511,-1824.3161898121998,1.9467786032808185,1.0871100403602878,-7.169821444421317,LARETS,-1158.0286899999999,-6728.760792,-1821.630924,5667.138067701888,-6905.1689604764515,2.6852658121997592,8932.962524368711
2026-07-16 22:57:00,-6352.30081054729,367.67622787723815,-3073.6153064084415,3.2911193781425716,1.031605597870136,-6.6688285955648405,LARETS,-1360.918118,-6216.411335,-3071.20469,4991.3826925472895,-6584.087562877238,2.410616408441456,8262.210117769146
2026-07-16 23:00:00,-5647.628754072609,545.5281704674237,-4210.463179657835,4.514533284757063,0.9385054899885431,-5.924246276016975,LARETS,-1497.893683,-5473.765939,-4208.395509999999,4149.735071072609,-6019.294109467423,2.0676696578357223,7311.101627772454
2026-07-16 23:03:00,-4737.008743829602,703.4879919344606,-5193.373346389902,5.572478861112911,0.8112637425819451,-4.963690766824761,LARETS,-1558.353652,-4529.819093,-5191.702098000001,3178.6550918296025,-5233.30708493446,1.6712483899009385,6123.0183758593
2026-07-16 23:06:00,-3653.773023148463,835.8142206647096,-5986.546238716602,6.426694036910303,0.6545596575316537,-3.8225184127780976,LARETS,-1535.340827,-3421.063787,-5985.312076,2118.432196148463,-4256.87800766471,1.2341627166015314,4754.867702152762
2026-07-16 23:09:00,-2437.4779519629956,937.7039378074415,-6561.138693675289,7.046472336559678,0.4741085165575443,-2.5424177793164295,LARETS,-1425.958854,-2190.03307,-6560.372168,1011.5190979629956,-3127.7370078074414,0.7665256752889036,3287.2344399378835
2026-07-16 23:12:00,-1132.453706963132,1005.4602168104078,-6896.265665568198,7.4096127286614335,0.27644645497592224,-1.1698559698270896,LARETS,-1231.60098,-883.638161,-6895.991199,-99.147273036868,-1889.0983778104078,0.27446656819756754,1891.6984268451613
2026-07-16 23:15:00,213.78916465892578,1036.6193593230255,-6979.71473731181,7.503064241606559,0.06870040901726485,0.24554861121242713,LARETS,-957.98538,448.625002,-6979.9518339999995,-1171.7745446589258,-587.9943573230255,-0.23709668818992213,1311.0274611804248
2026-07-16 23:18:00,1552.2442651913188,1030.035892504134,-6808.36438602049,7.323298145048178,-0.1416502689076097,1.6526850259893089,LARETS,-614.995435,1756.5348880000001,-6809.125374,-2167.2397001913187,726.4989954958662,-0.7609879795099914,2285.7666739290266
2026-07-16 23:21:00,2834.1383113737984,985.924100908774,-6388.302000711993,6.876432584421391,-0.3470180497640202,3.000625209719109,LARETS,-216.329353,2991.0117880000003,-6389.587925,-3050.4676643737985,2005.0876870912261,-1.285924288006754,3650.4426112344586
2026-07-16 23:24:00,4012.6605891370846,905.8550736133532,-5734.638882585132,6.178112653943345,-0.539957183434371,4.240314884028064,LARETS,221.030133,4105.944692,-5736.437665,-3791.6304561370844,3200.089618386647,-1.7987824148685831,4961.556037900861
2026-07-16 23:27:00,5044.647201097785,792.7082684042855,-4871.019846598077,5.253123422364329,-0.7134188355399728,5.326273738836987,LARETS,677.5156049999999,5059.924377,-4873.304642,-4367.131596097785,4267.216108595715,-2.284795401923475,6105.815008283856
2026-07-16 23:30:00,5892.16865983403,650.5769349726129,-3828.827976230744,4.134696275435148,-0.8610077408190542,6.218275801940384,LARETS,1131.818564,5817.819238,-3831.5553059999997,-4760.35009583403,5167.242303027388,-2.7273297692559026,7025.762128867623
2026-07-16 23:33:00,6523.962007646034,484.62781649364416,-2646.0931702981256,2.8634695671842727,-0.9772318259972139,6.8829479052076294,LARETS,1561.84744,6352.134375,-2649.200374,-4962.114567646035,5867.506558506356,-3.1072037018743686,7684.414346667867
2026-07-16 23:36:00,6916.6432818569665,300.9175395560932,-1366.1272019347577,1.4860867622979508,-1.0577312943005244,7.295192700667339,LARETS,1945.7592450000002,6644.086324,-1369.530608,-4970.884036856966,6343.168784443907,-3.4034060652422795,8058.8764675354
2026-07-16 23:39:00,7055.636490526036,106.17085715537797,-35.92671350180676,0.05345560332217422,-1.0994704640425603,7.439324933826942,LARETS,2263.0168009999998,6684.33661,-39.520302,-4792.619689526036,6578.165752844622,-3.5935884981932418,8138.88696777445
2026-07-16 23:42:00,6935.763811769525,-92.47102357542794,1295.5944141161533,-1.3812594426490055,-1.100875618310811,7.309814221003995,LARETS,2495.4149049999996,6473.332079,1291.940471,-4440.3489067695255,6565.803102575428,-3.653943116153414,7926.315799092207
2026-07-16 23:45:00,6561.458843552498,-287.7210491946939,2579.4648719633255,-2.764795355682617,-1.0619057374928333,6.911556415665089,LARETS,2628.0183930000003,6021.229589,2575.9002179999998,-3933.440450552498,6308.950638194693,-3.5646539633257817,7434.704072118658
2026-07-16 23:48:00,5946.588370677836,-472.42307614048656,3768.5194859551857,-4.045956784784284,-0.984049626159701,6.259643330655114,LARETS,2649.962803,5347.411768,3765.20224,-3296.625567677836,5819.834844140487,-3.3172459551856264,6688.664197779678
2026-07-16 23:51:00,5113.894346583296,-639.8215399515848,4819.177608368151,-5.177646377333966,-0.870251045264395,5.378655737150351,LARETS,2555.0768390000003,4479.620801,4816.261358,-2558.817507583296,5119.442340951585,-2.9162503681509406,5723.307210342535
2026-07-16 23:54:00,4094.091912349091,-783.8117978602742,5693.056519138522,-6.118639366537188,-0.7247710004718089,4.301553447316598,LARETS,2342.289832,3452.7532730000003,5690.683115,-1751.8020803490913,4236.565070860274,-2.3734041385223463,4584.4628650907325
2026-07-16 23:57:00,2924.677224434598,-899.1610688156651,6358.356461194378,-6.83502503298054,-0.5530014853620752,3.0682671588717327,LARETS,2015.807065,2307.387269,6356.645393,-908.870159434598,3206.548337815665,-1.7110681943786403,3332.866654580324
2026-07-17 00:00:00,1648.5083762011757,-981.6926808924394,6790.973793028378,-7.3012862677996795,-0.361246666096275,1.7241035332782584,LARETS,1585.058732,1088.132745,6790.011868,-63.449644201175715,2069.8254258924394,-0.9619250283785732,2070.7979322763085
2026-07-17 00:03:00,312.2239082731274,-1028.4291021939928,6975.317673315298,-7.50102984949425,-0.15648573651848002,0.3180590925347572,LARETS,1064.421449,-158.133139,6975.15254,752.1975407268726,870.2959631939927,-0.16513331529768038,1150.3113626737443
2026-07-17 00:06:00,-1035.4413646086125,-1037.6914387266881,6904.820262072532,-7.4274039587514915,0.053872475080556224,-1.09889188961864,LARETS,472.728304,-1384.066958,6905.456818,1508.1696686086125,-346.37551927331197,0.6365559274672705,1547.4340550945353
2026-07-17 00:09:00,-2345.390594119121,-1009.1544526943599,6582.139090062445,-7.083241908629442,0.26223788609025583,-2.475503210074056,LARETS,-167.41575500000002,-2543.6446140000003,6583.544701999999,2177.974839119121,-1534.4901613056404,1.4056119375545677,2664.251570464901
2026-07-17 00:12:00,-3569.9023733670756,-943.8567361182594,6019.053700270998,-6.480955339145053,0.4610889552015469,-3.7619474333193876,LARETS,-830.4941530000001,-3593.8767059999996,6021.16396,2739.4082203670755,-2650.01996988174,2.110259729001882,3811.425939433016
2026-07-17 00:15:00,-4664.32657200377,-844.165802192232,5236.05941609672,-5.642175395926554,0.6432235814678768,-4.91148872076466,LARETS,-1489.079899,-4496.392603,5238.776815,3175.2466730037695,-3652.226800807768,2.7173989032799,4839.520577827607
2026-07-17 00:18:00,-5588.691256986651,-713.6980186870092,4261.662506017258,-4.597118564304242,0.8020092285242945,-5.882122285373398,LARETS,-2114.948579,-5218.848286,4264.860925,3473.742677986651,-4505.150267312991,3.198418982741714,5688.873118098186
2026-07-17 00:21:00,-6309.168207995176,-557.193968808318,3131.3860932222065,-3.383645482916208,0.9316266192408476,-6.638138568142488,LARETS,-2680.275476,-5736.1229539999995,3134.9231630000004,3628.8927319951763,-5178.928985191682,3.5370697777939313,6323.77896552754
2026-07-17 00:24:00,-6799.339557398511,-380.351261357916,1886.5064669201952,-2.0459921089156237,1.0272967667160895,-7.151540342108483,LARETS,-3158.860759,-6031.239619,1890.232055,3640.4787983985107,-5650.888357642084,3.7255880798047656,6722.026405194378
2026-07-17 00:27:00,-7041.206855401957,-189.6190102030312,572.5545406374772,-0.6331823214827776,1.0854774587093454,-7.403219253376124,LARETS,-3527.3222809999997,-6095.961068,576.3174710000001,3513.8845744019573,-5906.342057796968,3.762930362522866,6872.574151332691
2026-07-17 00:30:00,-7025.889158602796,8.039147616737468,-762.3653185606969,0.8028276971037511,1.1040140914168006,-7.383794247953038,LARETS,-3766.200521,-5931.035366,-758.709111,3259.6886376027956,-5939.074513616738,3.6562075606968847,6774.820252985491
2026-07-17 00:33:00,-6753.969641340802,205.40404369217183,-2069.3706247653795,2.2091814486904773,1.0822317307271982,-7.0940320347451,LARETS,-3860.918541,-5546.0720120000005,-2065.950048,2893.051100340802,-5751.476055692172,3.4205767653793373,6438.107888869906
2026-07-17 00:36:00,-6235.469684937103,395.270584009923,-3300.6305664593287,3.5342087120241232,1.0209602648091003,-6.544806643080593,LARETS,-3802.544828,-4959.047354,-3297.555258,2432.924856937103,-5354.317938009924,3.0753084593288804,5881.143885190991
2026-07-17 00:39:00,-5489.452474204001,570.7157140033706,-4411.147055720328,4.729435396015382,0.9224913789437466,-5.756602751435107,LARETS,-3588.316199,-4195.463966,-4408.507518,1901.1362752040013,-4766.179680003371,2.6395377203280077,5131.354094791447
2026-07-17 00:42:00,-4543.280832760017,725.3529040369626,-5360.408953286592,5.751398881653843,0.7904731326379424,-4.7586139756424295,LARETS,-3221.895341,-3287.21582,-5358.277573,1321.385491760017,-4012.5687240369625,2.131380286591593,4224.543990271069
2026-07-17 00:45:00,-3431.5724741410368,853.5628788840394,-6113.853871377868,6.563183862363942,0.6297534001912728,-3.5875212337918105,LARETS,-2713.357747,-2271.224199,-6112.286312,718.2147271410367,-3124.7870778840397,1.5675593778678376,3206.264046150247
2026-07-17 00:48:00,-2194.907380844397,950.6926200385388,-6644.088791746979,7.135636209967787,0.4461860891709672,-2.286050060471487,LARETS,-2078.913665,-1187.9115390000002,-6643.12702,115.99371584439677,-2138.604159038539,0.9617717469791387,2141.7477013358084
2026-07-17 00:51:00,-878.3459653433476,1013.2171632360198,-6931.838093848083,7.448252623238579,0.24641349212408828,-0.9013979331620671,LARETS,-1340.377417,-79.581662,-6931.514602,-462.0314516566523,-1092.7988252360199,0.3234918480829947,1186.4579383206783
2026-07-17 00:54:00,470.1855740542021,1038.8608604810531,-6966.601979088983,7.489770951798064,0.03763495522968948,0.5164015347802142,LARETS,-524.410846,1011.2255690000001,-6966.938002000001,-994.5964200542021,-27.63529148105306,-0.33602291101760784,994.9803319821324
2026-07-17 00:57:00,1801.5917369511537,1026.6762226721924,-6747.017601854536,7.25849391113358,-0.17263235138945787,1.916141255538376,LARETS,338.430112,2043.34576,-6748.018596,-1463.1616249511537,1016.6695373278076,-1.0009941454636646,1781.701403392083
2026-07-17 01:00:00,3067.340202841506,977.0791369078655,-6280.919366274349,6.762367719142059,-0.3767986784023488,3.2471191727913795,LARETS,1214.820416,2978.524319,-6282.572786000001,-1852.5197868415062,2001.4451820921345,-1.6534197256514744,2727.1991330586598
2026-07-17 01:03:00,4221.1863722610615,891.8393903162494,-5585.095664837091,6.018813708423525,-0.5674529669795026,4.460832003383197,LARETS,2069.936807,3782.8327769999996,-5587.372042,-2151.2495652610614,2890.99338668375,-2.2763771629088296,3603.570817366862
2026-07-17 01:06:00,5220.843428354311,774.0254728149918,-4684.739957891277,5.054286193567152,-0.7376192351354682,5.512674820431173,LARETS,2868.831744,4427.916951,-4687.591152,-2352.011684354311,3653.8914781850085,-2.851194108722666,4345.44474444217
2026-07-17 01:09:00,6029.54508905001,627.9030780233478,-3612.5978533225402,3.9035155228975555,-0.8810136238394173,6.363611555271343,LARETS,3577.863141,4892.034665,-3615.955507,-2451.68194805001,4264.131586976652,-3.3576536774598935,4918.696355670325
2026-07-17 01:12:00,6617.4409355967555,458.78796032169373,-2407.8210777546064,2.608399904102863,-0.9922926021831519,6.9817478188024475,LARETS,4166.125816,5160.8414649999995,-2411.595219,-2451.3151195967557,4702.053504678306,-3.7741412453933663,5302.666048372586
2026-07-17 01:15:00,6962.759669372504,272.8559584931726,-1114.5543655191045,1.216535725054738,-1.0672780396721628,7.343707736047259,LARETS,4606.820753,5227.878643,-1118.631643,-2355.9389163725036,4955.022684506827,-4.077277480895418,5486.594080652163
2026-07-17 01:18:00,7052.677425392213,76.9158548701011,219.69945672265632,-0.2205810594075901,-1.1031421222977422,7.43570251659691,LARETS,4878.489406000001,5094.734527,215.455922,-2174.1880193922125,5017.818672129899,-4.243534722656335,5468.602726257506
2026-07-17 01:21:00,6883.838499995223,-121.84619227108625,1545.8711348240465,-1.6496010667590137,-1.09853568831084,7.254187745131689,LARETS,4966.044946000001,4770.860949,1541.6200959999999,-1917.7935539952223,4892.707141271087,-4.2510388240466455,5255.1435144362895
2026-07-17 01:24:00,6462.494433265361,-316.13927112111696,2815.1924102794615,-3.0174923590456624,-1.0536477833453302,6.80603945029637,LARETS,4861.54036,4273.054238,2811.10498,-1600.9540732653613,4589.193509121116,-4.087430279461387,4860.428758448233
2026-07-17 01:27:00,5804.251860981131,-498.84442157673556,3981.0499221276664,-4.273691195150397,-0.9701912680651547,6.1082291183626936,LARETS,4564.638610999999,3624.627494,3977.298221,-1239.613249981132,4123.471915576735,-3.751701127666365,4305.772372448433
2026-07-17 01:30:00,4933.445735454576,-663.282252591069,5000.737717368491,-5.372091513064144,-0.8513174657713812,5.187032820003248,LARETS,4082.749268,2854.3130180000003,4997.484325,-850.6964674545757,3517.5952705910695,-3.253392368490495,3619.0014578590954
2026-07-17 01:33:00,3882.1777261898965,-803.4595230977857,5837.0312469126775,-6.272760337124801,-0.7014700773700214,4.0768558217199775,LARETS,3430.8370290000003,1994.964267,5834.418570000001,-451.3406971898962,2798.423790097786,-2.6126769126767613,2834.5883228443895
2026-07-17 01:36:00,2689.0760499015114,-914.2850480569645,6459.523151606968,-6.943310972789137,-0.526193181930028,2.8187805605102834,LARETS,2630.912543,1082.126837,6457.665522,-58.16350690151148,1996.4118850569644,-1.8576296069677483,1997.2598376574695
2026-07-17 01:39:00,1397.840820494364,-991.7481122168027,6845.681145008123,-7.3599140625195245,-0.33190919208439834,1.458947972316882,LARETS,1711.244081,152.54969599999998,6844.65516,313.4032605056361,1144.2978082168027,-1.025985008122916,1186.440108151515
2026-07-17 01:42:00,55.63884328761542,-1033.0552683607864,6981.606609607003,-7.507965245206671,-0.1256803570186775,0.04686270105155416,LARETS,705.329717,-757.2932519999999,6981.444076999999,649.6908737123846,275.76201636078645,-0.16253260700341343,705.7924251997727
2026-07-17 01:45:00,-1288.5937351204655,-1036.7234618281475,6862.486010336227,-7.38244805323069,0.0850369899281054,-1.366319150054629,LARETS,-349.335312,-1612.6235889999998,6863.176431,939.2584231204655,-575.9001271718523,0.6904206637727839,1101.7566966258894
2026-07-17 01:48:00,-2585.8896277487192,-1002.6286366111378,6492.734776373351,-6.988029191835589,0.2926409787177661,-2.7294929870261675,LARETS,-1412.654598,-2381.675976,6494.230141,1173.2350297487192,-1379.0473393888622,1.495364626648552,1810.5949948622813
2026-07-17 01:51:00,-3788.983354067077,-932.0094458982421,5885.835997688203,-6.338905050387329,0.4896344088900757,-3.9932932458338906,LARETS,-2443.439895,-3036.865809,5888.051308,1345.543459067077,-2104.856363101758,2.2153103117971114,2498.1818222715356
2026-07-17 01:54:00,-4853.993925074499,-827.4257852507856,5063.876891307369,-5.458393176210771,0.6688762268945726,-5.111761686247063,LARETS,-3400.98776,-3555.7746740000002,5066.695634,1453.0061650744992,-2728.348888749215,2.8187426926306216,3091.136121201062
2026-07-17 01:57:00,-5742.009138472444,-692.6720874788197,4056.787904429261,-4.378242447560639,0.8238318449214342,-6.043976711848665,LARETS,-4246.690501,-3921.9307510000003,4060.0731140000003,1495.3186374724437,-3229.2586635211806,3.2852095707394255,3558.6654993270963
2026-07-17 02:00:00,-6420.5179114634775,-532.6461072777332,2901.2953346083664,-3.137630764111452,0.9488158201514768,-6.755596011713856,LARETS,-4945.6082750000005,-4125.345462,2904.895782,1474.909636463477,-3592.699354722267,3.600447391633679,3883.665800809338
2026-07-17 02:03:00,-6864.632542284011,-353.17551086728525,1639.609669238537,-1.7818339503979643,1.0392158571003705,-7.2202355944547465,LARETS,-5467.934206,-4162.786801,1643.367744,1396.698336284011,-3809.611290132715,3.7580747614629217,4057.5754518691438
2026-07-17 02:06:00,-7058.042627055351,-160.80690257645037,317.88763095290204,-0.3605822077861987,1.0916837694750374,-7.420589342856917,LARETS,-5790.292469999999,-4037.775408,321.649107,1267.7501570553513,-3876.9685054235497,3.761476047097972,4078.9814171508597
2026-07-17 02:09:00,-6993.649080640311,37.43539005221726,-1015.4765346481469,1.0738372912354823,1.1042783434730556,-7.349193181304815,LARETS,-5896.7973839999995,-3760.293928,-1011.85322,1096.8516966403113,-3797.7293180522174,3.623314648146902,3952.9539266256484
2026-07-17 02:12:00,-6673.8410051353785,234.31092948910802,-2311.6594239226997,2.4686328838483367,1.0765475968497351,-7.008759716354089,LARETS,-5779.815639,-3346.222239,-2308.297203,894.0253661353781,-3580.533168489108,3.3622209226996347,3690.462089017266
2026-07-17 02:15:00,-6110.398570141897,422.6335452306481,-3523.235454960127,3.772590616348296,1.0095433517722066,-6.412048972481466,LARETS,-5440.382901999999,-2816.523167,-3520.238329,670.0156681418975,-3239.156712230648,2.9971259601270503,3307.728251339356
2026-07-17 02:18:00,-5324.0283990249145,595.5381902009334,-4605.939565023793,4.938055611831575,0.9057680773768787,-5.581289220772211,LARETS,-4888.257693,-2196.226673,-4603.392846,435.77070602491494,-2791.7648632009336,2.54671902379323,2825.5713838815977
2026-07-17 02:21:00,-4343.560129771008,746.7326188096503,-5520.289413206759,5.92269978541849,0.7690608589709964,-4.5472068371451195,LARETS,-4141.617796,-1513.268904,-5518.260678000001,201.94233377100772,-2260.0015228096504,2.0287352067580287,2269.0067661947064
2026-07-17 02:24:00,-3204.8501065783153,870.7239500839835,-6233.004462640584,6.690998582193918,0.6044344123532174,-3.347754639737334,LARETS,-3226.4182069999997,-797.2451110000001,-6231.547275000001,-21.56810042168445,-1667.9690610839834,1.45718764058347,1668.1091376420802
2026-07-17 02:27:00,-1949.4482396538267,963.0125533246558,-6718.176557075301,7.215382444863557,0.4178771555060446,-2.026637706089016,LARETS,-2175.446224,-78.13535300000001,-6717.334535,-225.9979843461731,-1041.1479063246557,0.8420220753014291,1065.394180936766
2026-07-17 02:30:00,-623.0866713980766,1020.2481565059161,-6958.163643100944,7.477067197762359,0.21613326531143648,-0.6317241548908216,LARETS,-1027.119834,614.937004,-6957.971718999999,-404.03316260192344,-405.3111525059161,0.19192410094456136,572.2935991802169
2026-07-17 02:33:00,725.9542248556303,1040.3451150917915,-6944.191825315637,7.46659129634789,0.006470145738737021,0.7865979211645214,LARETS,175.91935500000002,1254.865224,-6944.672178999999,-550.0348698556303,214.52010890820839,-0.48035368436194403,590.3875556977398
2026-07-17 02:36:00,2048.5526416669118,1022.5550825165012,-6676.659228278302,7.1840918680699115,-0.2035616998919364,2.1770866384981704,LARETS,1388.369187,1817.603038,-6677.816151999999,-660.1834546669118,795.0479554834988,-1.1569237216972397,1033.4141395427719
2026-07-17 02:39:00,3296.4797543234367,967.4958790309116,-6165.138461796997,6.639337261999432,-0.40637503685700993,3.4893279385431986,LARETS,2563.9500669999998,2283.0616019999998,-6166.959242999999,-732.529687323437,1315.5657229690883,-1.8207812030022978,1505.7610134100103
2026-07-17 02:42:00,4424.117666161718,877.1354382903592,-5428.075005101408,5.851509183570955,-0.5945985728912573,4.675431833530358,LARETS,3657.160787,2635.8329759999997,-5430.529423999999,-766.9568791617185,1758.6975377096405,-2.4544188985910296,1918.6573190154527
2026-07-17 02:45:00,5390.113363428343,754.7297877777163,-4492.179807548733,4.848703849142713,-0.7613345675167544,5.691730106516175,LARETS,4625.042877999999,2865.712565,-4495.216955,-765.070485428344,2110.9827772222834,-3.037147451266719,2245.348604931383
2026-07-17 02:48:00,6158.914429633974,604.7145859033873,-3391.5190781357906,3.667110366011215,-0.900416074706564,6.500434397860523,LARETS,5428.899158,2968.004434,-3395.065463,-730.0152716339735,2363.289848096613,-3.546384864209358,2473.474030545083
2026-07-17 02:51:00,6702.125212759365,432.55114363579384,-2166.3146290698387,2.349833326515912,-1.0066533669963258,7.0711797212822365,LARETS,6035.89228,2943.591806,-2170.271592,-666.2329327593652,2511.040662364206,-3.956962930161353,2597.9236298042415
2026-07-17 02:54:00,6999.6185656128155,244.53016714018162,-861.4842597688163,0.9453564995261272,-1.0760545258459864,7.382350935717961,LARETS,6420.449030000001,2798.7672850000004,-865.728382,-579.1695356128148,2554.2371178598187,-4.244122231183724,2619.0804908991076
2026-07-17 02:57:00,7040.341566419881,47.53940509690855,475.0286675200366,-0.4943105520246782,-1.1060029618705334,7.422079782868857,LARETS,6565.393252999999,2544.8213250000003,470.64423,-474.94831341988174,2497.281919903092,-4.384437520036613,2542.0488018894584
2026-07-17 03:00:00,6822.765532331941,-151.19556507027292,1794.06793390745,-1.9157126486510168,-1.0953758736048924,7.188814104020365,LARETS,6462.7384919999995,2197.405277,1789.709644,-360.02704033194186,2348.600842070273,-4.358289907449944,2376.039641890322
2026-07-17 03:03:00,6354.9505981418115,-344.38567644672804,3047.136202634121,-3.2661272086852504,-1.0445924618391274,6.6913979030221835,LARETS,6114.096332,1775.704563,3042.979366,-240.85426614181142,2120.090239446728,-4.156836634121191,2133.7316326583336
2026-07-17 03:06:00,5654.220284303854,-524.9547209461668,4188.236021672914,-4.495694326070577,-0.9555880911890535,5.948652999366074,LARETS,5530.6784800000005,1301.46576,4184.453465,-123.5418043038535,1826.420480946167,-3.7825566729143247,1830.5978964167045
2026-07-17 03:09:00,4746.467441478076,-686.3046418816295,5175.593622308654,-5.559361273488866,-0.8317187354887834,4.988507350745407,LARETS,4732.888272,797.928728,5172.344918,-13.579169478075528,1484.2333698816296,-3.2487043086539416,1484.2990413638277
2026-07-17 03:12:00,3665.1351157936338,-822.5581443391296,5973.191333994423,-6.418536275179532,-0.6776069286736665,3.8467582370308384,LARETS,3749.53669,288.725028,5970.611135,84.40157420636615,1111.2831723391296,-2.5801989944229717,1114.486685555051
2026-07-17 03:15:00,2449.930740105528,-928.769435373016,6552.05269324728,-7.042392783468594,-0.49894444826647805,2.565580466673675,LARETS,2616.728337,-203.202601,6550.24238,166.797596894472,725.566834373016,-1.8103132472806465,744.4944235559483
2026-07-17 03:18:00,1145.338248790222,-1001.0967422841562,6891.244309201156,-7.408812813813849,-0.30226737964050865,1.191887305947657,LARETS,1376.4791329999998,-656.605527,6890.263432,231.14088420977782,344.49121528415617,-0.9808772011565452,414.85089837351984
2026-07-17 03:21:00,-201.00872806504236,-1036.932863880786,6978.576119915475,-7.504993502474538,-0.0947164525277227,-0.22437086250940513,LARETS,75.129741,-1052.822652,6978.44114,276.1384690650424,-15.889788119214018,-0.13497991547501442,276.59529584509653
2026-07-17 03:24:00,-1540.0355529859357,-1034.9919257108565,6810.994037034986,-7.3277568269085736,0.11620904548572854,-1.631918002328701,LARETS,-1238.394209,-1376.5318459999999,6811.681449,301.6413439859357,-341.5399202891433,0.68741196501378,455.67256894393546
2026-07-17 03:27:00,-2822.9671047692914,-995.3515712175595,6394.665445086177,-6.883597170117741,0.32290007086070366,-2.9798523932081626,LARETS,-2514.4088509999997,-1616.332574,6396.112983,308.5582537692917,-620.9810027824406,1.4475379138229982,693.417404707909
2026-07-17 03:30:00,-4003.0546041067164,-919.4501870498815,5744.760065020999,-6.188480922721743,0.5178885542560386,-4.219330925710058,LARETS,-3704.3284670000003,-1765.1402549999998,5746.868493,298.7261371067161,-845.6900679501183,2.108427979001135,896.9021359595031
2026-07-17 03:33:00,-5037.243438283548,-810.038840526111,4884.929285577444,-5.267387255032469,0.6940995016769202,-5.305232212907432,LARETS,-4762.508956000001,-1820.387014,4887.573393000001,274.73448228354755,-1010.3481734738889,2.644107422556772,1047.0384227437378
2026-07-17 03:36:00,-5887.732912126385,-671.087902122443,3846.489580752124,-4.153561423462812,0.8451014162579112,-6.1977740778799895,LARETS,-5648.017392,-1784.0239210000002,3849.528538,239.71552012638494,-1112.9360188775572,3.0389572478761693,1138.463590970587
2026-07-17 03:39:00,-6523.373300677836,-507.64925111062803,2667.322625376549,-2.8874506638460162,0.9653477113223423,-6.864031857952699,LARETS,-6326.24899,-1662.317514,2670.605968,197.12431067783564,-1154.668262889372,3.2833426234510625,1171.3784920011785
2026-07-17 03:42:00,-6920.841615075723,-325.6766992096763,1390.517025908162,-1.5153113562685723,1.0503973078784943,-7.279275840060401,LARETS,-6770.327112,-1465.45028,1393.894253,150.51450307572304,-1139.7735807903236,3.3772270918379945,1149.6737958075578
2026-07-17 03:45:00,-7065.538487705802,-131.80969192072126,62.79296401055819,-0.08751141035610684,1.0970996517431064,-7.428030276173636,LARETS,-6962.2258329999995,-1206.943637,66.124043,103.31265470580274,-1075.1339450792789,3.3310789894418136,1080.0914778718181
2026-07-17 03:48:00,-6952.156756205959,66.87193943026976,-1267.2314678246387,1.3434053499381466,1.103729239088331,-7.304760527040946,LARETS,-6893.540269,-902.924655,-1264.070092,58.61648720595895,-969.7965944302698,3.1613758246387533,971.5715729878167
2026-07-17 03:51:00,-6584.887962231259,263.11195852883134,-2550.85869989341,2.7247875899612226,1.0700578519314774,-6.914120577890427,LARETS,-6565.861821,-571.275235,-2547.9708020000003,19.026141231258407,-834.3871935288313,2.8878978934098996,834.6090837807326
2026-07-17 03:54:00,-5977.2542478973355,449.74859624703817,-3741.1328153354934,4.0059494951701184,0.9973585287291485,-6.270735437597167,LARETS,-5990.740614,-230.710634,-3738.599616,-13.48636610266476,-680.4592302470381,2.533199335493464,680.5975780135573
2026-07-17 03:57:00,-5151.576568523609,619.9800363906106,-4794.581101012537,5.1401195221685585,0.8883424496881961,-5.398541617937099,LARETS,-5189.239216,100.166009,-4792.463678,-37.6626474763907,-519.8140273906106,2.117423012537074,521.1809489680061
2026-07-17 04:00:00,-4138.111648509608,767.6130696053202,-5672.801930576647,6.08615766011175,0.7470366157558384,-4.329751845570823,LARETS,-4191.100155,403.78707199999997,-5671.146941999999,-52.988506490391956,-363.82599760532025,1.6549885766471562,367.668161989555
2026-07-17 04:03:00,-2973.906150732072,887.2853364688398,-6343.83946218373,6.809971823986857,0.578614806141617,-3.103537011772834,LARETS,-3033.5805419999997,664.47217,-6342.685708,-59.674391267927604,-222.81316646883977,1.1537541837296885,230.66874793474972
2026-07-17 04:06:00,-1701.4251464559745,974.6540062955141,-6783.303136052705,7.285607099667962,0.3891958260567206,-1.764523705381503,LARETS,-1760.014453,869.167177,-6782.684381,-58.589306544025476,-105.4868292955141,0.6187550527047279,120.6671490255155
2026-07-17 04:09:00,-367.013297900548,1026.5461541817829,-6975.206549440276,7.496017911546658,0.18562146976746166,-0.3611906857042539,LARETS,-418.17191499999996,1008.043354,-6975.151001,-51.15861709945193,-18.502800181782845,0.055548440275742905,54.40184559116111
2026-07-17 04:12:00,980.7567000133824,1041.0680173417852,-6912.512902708579,7.433553383973052,-0.024777159999149766,1.0557803407348323,LARETS,941.5253349999999,1074.9355870000002,-6913.0380350000005,-39.231365013382515,33.86756965821496,-0.525132291421869,51.83037757233484
2026-07-17 04:15:00,2292.79960315731,1017.6714719296937,-6597.381468997839,7.100186357036838,-0.2344207487169455,2.4351741759471364,LARETS,2267.872019,1067.604838,-6598.492074,-24.927584157309866,49.933366070306306,-1.1106050021608098,55.82077518721688
2026-07-17 04:18:00,3521.2523815834425,957.176513599777,-6041.112117881901,6.5074995740464665,-0.4357293816474357,3.7269268582829578,LARETS,3510.7903199999996,987.817452,-6042.802141,-10.462061583442846,30.640938400223035,-1.6900231180989067,32.42187558981932
2026-07-17 04:21:00,4621.183849442389,861.7485680464689,-5263.785266331481,5.676417178184554,-0.621376697057136,4.883823945530006,LARETS,4623.216142,841.2365450000001,-5266.034364,2.032292557611072,-20.512023046468812,-2.2490976685194255,20.734795461280264
2026-07-17 04:24:00,5552.230538662997,734.8295872329627,-4293.596092309592,4.636647573146431,-0.7845486640978654,5.8631948168368835,LARETS,5562.899301,637.127499,-4296.3651979999995,10.6687623370035,-97.70208823296275,-2.7691056904077413,98.32186166468652
2026-07-17 04:27:00,6280.103133562165,581.0225857744103,-3165.887511022776,3.4257958775613453,-0.9192007934212906,6.628555557624525,LARETS,6294.059026,387.887952,-3169.114505,13.955892437835246,-193.13463377441036,-3.226993977224083,193.6650902642009
2026-07-17 04:30:00,6777.901097362011,405.9308463184224,-1921.89796772466,2.0881171491846935,-1.0203023905253248,7.151119354222412,LARETS,6788.818058,108.417501,-1925.4948430000002,10.916960637989177,-297.5133453184224,-3.596875275340153,297.735298854329
2026-07-17 04:33:00,7027.1706352160445,215.9554800881937,-607.2571261153656,0.6729149846357498,-1.0840521833072783,7.411068418418911,LARETS,7028.347981,-184.64641699999999,-611.1104780000001,1.1773457839553885,-400.6018970881937,-3.853351884634435,400.6221591655928
2026-07-17 04:36:00,7018.646000790462,18.058048295255855,729.7175346644677,-0.7673632910493413,-1.1080479817773576,7.398475836522626,LARETS,7003.653635,-473.789571,725.744564,-14.992365790461918,-491.84761929525587,-3.9729706644677663,492.09210127201465
2026-07-17 04:39:00,6752.627713783183,-180.5020380113363,2039.851391421374,-2.1792360718951094,-1.091394923634454,7.113784448765964,LARETS,6715.950649,-741.534969,2035.9121810000001,-36.677064783182686,-561.0329309886638,-3.9392104213739003,562.2443188806664
2026-07-17 04:42:00,6238.972484170641,-372.44327164594705,3274.9854170814715,-3.5103676224861227,-1.0347422222502622,6.567790594008751,LARETS,6176.6110659999995,-971.3622439999999,3271.240864,-62.36141817064163,-598.9189723540528,-3.744553081471622,602.1685010025584
2026-07-17 04:45:00,5496.6953041370425,-550.7377371252156,4389.801099473291,-4.711672418166718,-0.9402459932348637,5.781134120012029,LARETS,5406.673622,-1148.579935,4386.410064000001,-90.02168213704226,-597.8421978747843,-3.3910354732906853,604.5913462299279
2026-07-17 04:48:00,4553.209737789898,-708.8738139672384,5343.512808229398,-5.7392108252356175,-0.8114638072102738,4.783349222408127,LARETS,4435.95684,-1261.105506,5340.619917999999,-117.25289778989827,-552.2316920327617,-2.89289022939829,564.5497786195426
2026-07-17 04:51:00,3443.253411460274,-841.0946194117304,6101.356594265953,-6.55577913650512,-0.6531930951802698,3.611570326585097,LARETS,3301.826792,-1300.1127749999998,6099.080723,-141.4266194602742,-459.01815558826945,-2.2758712659533558,480.3169114674572
2026-07-17 04:54:00,2207.5589410006683,-942.6034625353562,6635.823333697261,-7.132144594570951,-0.4712689304879922,2.309004537356875,LARETS,2047.689686,-1260.515916,6634.2483059999995,-159.86925500066832,-317.9124534646438,-1.5750276972612482,355.8496697688859
2026-07-17 04:57:00,891.3351161939081,-1009.7304135895877,6927.603940296681,-7.447921993082787,-0.2723365154193925,0.9232753086506549,LARETS,721.284533,-1141.2756140000001,6926.773781000001,-170.0505831939081,-131.54520041041246,-0.8301592966799944,214.99309235429334
2026-07-17 05:00:00,-457.3794427886201,-1040.0565972232791,6966.231099173576,-7.492120693997887,-0.06361050670260068,-0.495283558614457,LARETS,-627.155751,-945.514616,6966.15073,-169.7763082113799,94.5419812232791,-0.080369173575491,194.3249533711828
2026-07-17 05:03:00,-1789.4345212664614,-1032.4945806377532,6750.413189211478,-7.2634025164601335,0.14737140519095754,-1.8953378615417336,LARETS,-1946.8029609999999,-680.439247,6751.048887,-157.36843973353848,352.05533363775317,0.6356977885216111,385.62700615832955
2026-07-17 05:06:00,-3056.3095413148058,-987.3241418278387,6288.061508078656,-6.770082143719053,0.3529976512862991,-3.22624989731001,LARETS,-3188.128526,-357.07183000000003,6289.342310999999,-131.8189846851942,630.2523118278386,1.2808029213438203,643.8911878135109
2026-07-17 05:09:00,-4211.832662305008,-906.1829817199674,5596.013417073042,-6.029879413883596,0.5458341459113162,-4.439759418250904,LARETS,-4304.744551,10.19837,5597.837734,-92.91188869499183,916.3813517199674,1.8243169269580903,921.0812825007547
2026-07-17 05:12:00,-5213.831999047611,-792.0120250428098,4699.454729520851,-5.069408300028484,0.7188770365456681,-5.491640738420145,LARETS,-5255.141060999999,404.230256,4701.701153,-41.30906195238822,1196.2422810428097,2.246423479148689,1196.9574261319149
2026-07-17 05:15:00,-6025.668869168553,-648.9553378170531,3631.0478803205383,-3.92337218605834,0.8658031079150834,-6.34330646989807,LARETS,-6004.256146,805.891123,3633.584475,21.412723168553384,1454.846460817053,2.536594679461814,1455.0062417659815
2026-07-17 05:18:00,-6617.597448043041,-482.21575768230275,2429.78042072307,-2.6334374708093113,0.981209650413361,-6.963298506074626,LARETS,-6524.8137130000005,1194.934714,2432.471924,92.7837350430409,1677.1504716823029,2.6915032769297795,1679.7171697469184
2026-07-17 05:21:00,-6967.891944240981,-297.8692166718838,1139.5616254312533,-1.2467797982262072,1.0608312594661637,-7.328580262697585,LARETS,-6798.372235999999,1550.959963,1142.2781129999998,169.51970824098134,1848.8291796718838,2.7164875687465155,1856.5865577432767
2026-07-17 05:24:00,-7063.684645657559,-102.64325713546485,-192.3881343556883,0.18566523560733555,1.1017184852127462,-7.425531688217488,LARETS,-6816.032888000001,1854.405097,-189.76217499999998,247.65175765755794,1957.048354135465,2.625959355688309,1972.657230528849
2026-07-17 05:27:00,-6901.467823469866,96.33203864564848,-1517.2933272738499,1.6111720902524391,1.102363669820915,-7.250556853233999,LARETS,-6578.759831,2087.527834,-1514.853601,322.70799246986553,1991.1957953543515,2.4397262738498284,2017.1780030788236
2026-07-17 05:30:00,-6487.2293919341555,291.79013663774134,-2786.648763107724,2.9773049304036605,1.0627629675337609,-6.810243366712029,LARETS,-6097.290744,2235.317778,-2784.467706,389.9386479341556,1943.5276413622587,2.181057107723973,1982.2604770569303
2026-07-17 05:33:00,-5836.2142081745515,476.5991416598107,-3954.03185863905,4.2339767710871055,0.9844097241886013,-6.121057264282161,LARETS,-5391.644345,2286.29671,-3952.160207,444.56986317455176,1809.6975683401893,1.8716516390500146,1863.5050724855278
2026-07-17 05:36:00,-4972.326285917627,644.0256555086486,-4976.8203246723915,5.335361686581973,0.8702216084007455,-5.208605556411114,LARETS,-4490.245312,2233.1606690000003,-4975.294701999999,482.0809739176266,1589.1350134913519,1.5256226723922737,1660.6488141813925
2026-07-17 05:39:00,-3927.2079080511126,787.9801989076086,-5817.743546254196,6.241559083258876,0.7244103325772935,-4.106539210275305,LARETS,-3428.7235419999997,2073.232682,-5816.593533,498.48436605111283,1285.2524830923912,1.1500132541959829,1378.5361551381313
2026-07-17 05:42:00,-2739.0463492365043,903.2349909112755,-6446.211355982075,6.91994880147309,0.5523069204258988,-2.855192327599655,LARETS,-2248.458693,1808.710461,-6445.46291,490.58765623650424,905.4754700887244,0.7484459820743723,1029.8362178304913
2026-07-17 05:45:00,-1451.1660765146055,985.6073387800701,-6839.381522332566,7.34621853031953,0.36015643561664934,-1.500054453102143,LARETS,-994.938237,1446.7006629999998,-6839.060264000001,456.22783951460553,461.09332421992974,0.3212583325657761,648.6532189045747
2026-07-17 05:48:00,-110.46442284961603,1032.1042454809005,-6982.943309408737,7.505078891681549,0.15489402596550345,-0.09015475802430618,LARETS,284.003346,999.0388320000001,-6983.073085,394.46776884961605,-33.065413480900474,-0.12977559126284177,395.85118298618374
2026-07-17 05:51:00,1234.255767031048,1041.0256334904677,-6871.606108976102,7.390698043898683,-0.05608987985146749,1.3235924306903306,LARETS,1539.991531,481.90602,-6872.204898,305.7357639689519,-559.1196134904677,-0.5987890238975524,637.2514873326729
2026-07-17 05:54:00,2534.008699837122,1012.0246018595667,-6509.288402137305,7.006884163943831,-0.2651917242257142,2.6900602103333098,LARETS,2725.920065,-84.747311,-6510.368991,191.9113651628777,-1096.7719128595668,-1.0805888626955493,1113.4360190817445
2026-07-17 05:57:00,3741.3591425823447,946.123472662357,-5909.004232313045,6.367024812742889,-0.46484379553099564,3.9595969085214335,LARETS,3797.705602,-677.956942,-5910.572343999999,56.346459417655296,-1624.080414662357,-1.5681116869545804,1625.0583299540426
2026-07-17 06:00:00,4812.121975789171,845.6844023277926,-5092.44466346104,5.493766506901345,-0.6477699183303812,5.0857257727594085,LARETS,4715.929571000001,-1272.65509,-5094.492633000001,-96.19240478917072,-2118.3394923277924,-2.0479695389603876,2120.523373526905
2026-07-17 06:03:00,5706.977957241837,714.3335317887475,-4089.253754750881,4.418397705299563,-0.8072453158276581,6.026834120131997,LARETS,5447.317657,-1842.709263,-4091.755467,-259.66030024183783,-2557.0427947887474,-2.5017122491190094,2570.1940752532496
2026-07-17 06:06:00,6392.9485946771965,556.8384909227026,-2936.005300432428,3.1798942405739536,-0.9373535275784465,6.747798005497004,LARETS,5966.003374,-2362.05402,-2938.912225,-426.94522067719663,-2918.8925109227025,-2.9069245675718776,2949.9532474244706
2026-07-17 06:09:00,6844.666852495874,378.940817830603,-1674.8992826405602,1.8236033234370717,-1.0332280779523648,7.221455547677019,LARETS,6254.513594,-2805.865982,-1678.137253,-590.1532584958741,-3184.806799830603,-3.2379703594399416,3239.025425218609
2026-07-17 06:12:00,7045.379135710555,187.14745020330605,-352.2148173702154,0.39957893817649087,-1.0912626520230733,7.429820152412089,LARETS,6304.421542,-3151.7271,-355.68243199999995,-740.9575937105546,-3338.874550203306,-3.4676146297845207,3420.104302798949
2026-07-17 06:15:00,6987.620482180785,-11.511479567876869,983.4235743085583,-1.0393707386949336,-1.1092724421588462,7.36492372406867,LARETS,6116.627841,-3380.715274,979.851525,-870.9926411807846,-3369.2037944321232,-3.5720493085582348,3479.9676936637156
2026-07-17 06:18:00,6673.520070151503,-209.74836127332298,2282.89145476659,-2.439817096646655,-1.0865918737061662,7.029203287914428,LARETS,5701.2492520000005,-3478.364381,2279.35621,-972.2708181515027,-3268.6160197266768,-3.53524476659004,3410.1574342247623
2026-07-17 06:21:00,6114.716523759134,-400.29496912490583,3498.434893924163,-3.7498877651258438,-1.0240997997665442,6.435388502938895,LARETS,5077.110644,-3435.437533,3495.085956,-1037.605879759134,-3035.142563875094,-3.3489379241632378,3207.6046452364144
2026-07-17 06:24:00,5331.8885079149095,-576.1771890175656,4585.476185746826,-4.921340327424947,-0.9241711406614626,5.605902100624958,LARETS,4270.869811,-3248.470093,4582.460118,-1061.01869691491,-2672.2929039824344,-3.0160677468256836,2875.225058415869
2026-07-17 06:27:00,4353.931111085917,-730.9748772268,5504.272182820074,-5.911405641753717,-0.7905618782387381,4.571836783450417,LARETS,3315.8345099999997,-2920.0590610000004,5501.719406,-1038.0966010859174,-2189.0841837732005,-2.552776820073632,2422.754761320594
2026-07-17 06:30:00,3216.828186395096,-859.0559503106206,6221.357589713522,-6.68431238872401,-0.6282403402377383,3.3716079771029004,LARETS,2250.531241,-2458.889731,6219.372647,-966.2969453950959,-1599.8337806893796,-1.9849427135222868,1869.0109289440613
2026-07-17 06:33:00,1962.2823949824076,-955.7764441433574,6710.7249903727115,-7.21245280585368,-0.4431804832636167,2.0493944164196316,LARETS,1117.104842,-1879.4996939999999,6709.379037,-845.1775529824076,-923.7232498566425,-1.345953372711847,1252.0349635619323
2026-07-17 06:36:00,636.1677268160573,-1017.64108839427,6954.712875583314,-7.477193714553908,-0.24213208891609717,0.6534674701618955,LARETS,-40.375012000000005,-1201.800514,6954.039578,-676.5427388160573,-184.15942560573,-0.6732975833137971,701.1599138668724
2026-07-17 06:39:00,-713.1343728562965,-1042.4213329527092,6944.5887315450045,-7.4693655742156055,-0.03237920380226682,-0.7655178756022804,LARETS,-1177.631314,-450.376784,6944.582835,-464.49694114370345,592.0445489527092,-0.005896545004361542,752.5118977871667
2026-07-17 06:42:00,-2036.4610409921272,-1029.2293686019161,6680.824308246796,-7.189469767392654,0.17850663874534725,-2.156230889062525,LARETS,-2251.859179,346.41051500000003,6681.442663,-215.39813800787283,1375.6398836019162,0.6183547532036755,1392.4014613523475
2026-07-17 06:45:00,-3285.6083364790625,-978.5474588088091,6173.064679372004,-6.6476322221867745,0.3829160349450165,-3.4683589071665,LARETS,-3223.3183280000003,1157.4878259999998,6174.230642,62.29000847906218,2136.0352848088087,1.165962627996123,2136.9436451561887
2026-07-17 06:48:00,-4415.0409950648145,-892.2121051922446,5439.793787790324,-5.8633078233803175,0.5734538033489919,-4.654284747962851,LARETS,-4056.793241,1950.267456,5441.404625,358.24775406481467,2842.4795611922445,1.6108372096759922,2864.9666846029213
2026-07-17 06:51:00,-5383.525256083355,-773.3526682789239,4507.700114186527,-4.864716440063475,0.7431923854406226,-5.670736798340094,LARETS,-4722.878715,2691.943733,4509.637569,660.6465410833553,3465.296401278924,1.937454813473778,3527.709845592919
2026-07-17 06:54:00,-6155.633608141636,-626.284549582901,3410.750105733902,-3.687979076301242,0.8859220818042577,-6.480376860644922,LARETS,-5199.04528,3350.844388,3412.889957,956.5883281416354,3977.128937582901,2.1398512660980487,4090.5525781561037
2026-07-17 06:57:00,-6703.064915192909,-456.35825768080184,2188.9860387603176,-2.375928899393792,0.9963890709086806,-7.053260667309971,LARETS,-5470.436326999999,3897.781027,2191.2055189999996,1232.6285881929098,4354.139284680802,2.2194802396820705,4525.252155728301
2026-07-17 07:00:00,-7005.720938951808,-269.7677063794289,887.0791109045629,-0.976597631186678,1.0705080024355766,-7.368081292569531,LARETS,-5530.363627000001,4307.342303,889.266265,1475.3573119518078,4577.110009379429,2.1871540954371085,4809.014454078306
2026-07-17 07:03:00,-7052.48382505939,-73.3236973236672,-447.3142084385439,0.45858273675462996,1.105533859318831,-7.413096808875178,LARETS,-5380.471283,4559.065202,-445.25301,1672.0125420593904,4632.388899323667,2.0611984385438973,4924.901735458287
2026-07-17 07:06:00,-6841.650217546064,125.79875193389347,-1765.3276237544706,1.8767803077070107,1.100178775807482,-7.186656048308705,LARETS,-5030.552288,4638.418866,-1763.4616350000001,1811.0979295460638,4512.620114066107,1.865988754470436,4862.4910782637
2026-07-17 07:09:00,-6380.99577122434,320.32833756648137,-3018.714553293418,3.2258494222052736,1.0546636811872154,-6.697269281879545,LARETS,-4498.025054,4537.5518569999995,-3017.088804,1882.9707172243407,4217.223519433518,1.6257492934178117,4618.5014428760705
2026-07-17 07:12:00,-5687.466401534604,503.1685020960096,-4161.648549586858,4.456371289916261,0.9707011329099668,-5.963216755664609,LARETS,-3807.0904360000004,4255.754432,-4160.291687,1880.375965534604,3752.5859299039903,1.3568625868583695,4197.346396730876
2026-07-17 07:15:00,-4786.51580427046,667.6594137084068,-5152.414491493528,5.523525958711751,0.8514129230779199,-5.01173597209618,LARETS,-2987.620516,3799.616495,-5151.347525,1798.8952882704598,3131.9570812915936,1.066966493527616,3611.8112569224486
2026-07-17 07:18:00,-3711.128568510733,807.8199577324141,-5954.92139647168,6.388701364172518,0.7011921854547781,-3.8778664605485287,LARETS,-2073.846989,3182.882886,-5954.160956000001,1637.281579510733,2375.062928267586,0.7604404716794306,2884.7210371378847
2026-07-17 07:21:00,-2500.581556167535,918.5609185533285,-6539.983852138365,7.020786479531657,0.5255233342244606,-2.603049747018794,LARETS,-1102.9178279999999,2426.021412,-6539.544556,1397.663728167535,1507.4604934466715,0.4392961383655347,2055.699693369329
2026-07-17 07:24:00,-1199.0019379200232,995.8630059926869,-6886.3366671656195,7.397137487005169,0.3307735584424198,-1.2335793265480757,LARETS,-113.380753,1555.5196669999998,-6886.23406,1085.6211849200233,559.6566610073129,0.10260716561970185,1221.388122541414
2026-07-17 07:27:00,146.22070664036337,1036.9156582411088,-6981.362713677842,7.504236968034679,0.12396709509064745,0.18102564201216115,LARETS,856.337932,602.946851,-6981.61307,710.1172253596367,-433.9688072411087,-0.2503563221580407,832.2232044884519
2026-07-17 07:30:00,1486.1158149465807,1040.2142114968983,-6821.524568990991,7.338078799794783,-0.08745069523709098,1.5896793284197825,LARETS,1769.407688,-396.184748,-6822.145834,283.2918730534193,-1436.3989594968984,-0.6212650090092211,1464.0685237215157
2026-07-17 07:33:00,2771.859891030328,1005.61390611253,-6412.495858004772,6.904304426074489,-0.2958566347378801,2.9414048629422718,LARETS,2591.978981,-1403.72829,-6413.506507,-179.88091003032787,-2409.34219611253,-1.0106489952277116,2416.048008871736
2026-07-17 07:36:00,3956.507140130164,934.3394471696544,-5768.989569205951,6.218094760357353,-0.4937001825231893,4.187025125267858,LARETS,3294.431485,-2380.338738,-5770.402914,-662.0756551301638,-3314.678185169654,-1.413344794049408,3380.1534938370974
2026-07-17 07:39:00,4996.677137844507,828.9488496825812,-4914.28098585564,5.3037964395096004,-0.6737606991459583,5.2808630257017715,LARETS,3852.452799,-3286.995857,-4916.100762,-1144.2243388445072,-4115.944706682581,-1.819776144359821,4272.031539871601
2026-07-17 07:42:00,5854.148401711136,693.2505817152631,-3879.4256346330167,4.1942433861883925,-0.8294082787896417,6.182423504570569,LARETS,4247.911588000001,-4086.573028,-3881.6403530000002,-1606.2368137111353,-4779.823609715263,-2.2147183669835613,5042.490986277496
2026-07-17 07:45:00,6497.299385228584,532.1740124073099,-2702.18047379058,2.9297343052295877,-0.9548600814200079,6.85799675172886,LARETS,4469.48067,-4745.379440000001,-2704.755173,-2027.8187152285836,-5277.55345240731,-2.5746992094200323,5653.7267190697885
2026-07-17 07:48:00,6902.3328962785745,351.59508706197454,-1425.650354544342,1.5566479246381075,-1.0454189800897775,7.282090413772554,LARETS,4512.989649,-5234.61391,-1428.523829,-2389.3432472785744,-5586.2089970619745,-2.87347445565797,6075.746898038736
2026-07-17 07:51:00,7054.2199713894715,158.12187658515379,-96.70032011294248,0.12571742547656278,-1.0976777916337133,7.438580025574005,LARETS,4381.47926,-5531.660481,-99.785565,-2672.7407113894715,-5689.7823575851535,-3.0852448870575273,6286.268822261897
2026-07-17 07:54:00,6947.307384687303,-41.15224076632079,1235.8056813703429,-1.3099659553053695,-1.1096718729716446,7.321470373364418,LARETS,4084.943353,-5621.1485410000005,1232.6191569999999,-2862.364031687303,-5579.99630023368,-3.1865243703430224,6271.3233622941425
2026-07-17 07:57:00,6585.549705275552,-238.91713433495005,2522.861894655189,-2.697105875327204,-1.0809660519971367,6.935188301858523,LARETS,3639.770196,-5495.716524,2519.7035950000004,-2945.779509275552,-5256.7993896650505,-3.1582996551887845,6025.907957752696
2026-07-17 08:00:00,5982.350205886997,-427.9235835362152,3717.185558492891,-3.9843686956889113,-1.0126682215516536,6.294374479338176,LARETS,3067.908235,-5156.432895,3714.197443,-2914.4419708869973,-4728.509311463785,-2.9881154928907563,5554.527994267524
2026-07-17 08:03:00,5160.021104319966,-601.2567489711527,4775.000379407429,-5.1244218850717305,-0.9073699751356868,5.4231966702248275,LARETS,2395.805833,-4612.857826,4772.325486,-2764.215271319966,-4011.6010770288476,-2.6748934074294084,4871.738542088672
2026-07-17 08:06:00,4148.897902654658,-752.5929409919385,5657.658359496645,-6.075721768980203,-0.7690223986005101,4.354256426944726,LARETS,1653.187258,-3882.746022,5655.427897,-2495.7106446546577,-3130.1530810080612,-2.2304624966454867,4003.3029996928503
2026-07-17 08:09:00,2986.1608581273103,-876.4291836255866,6333.03583744747,-6.803971187455168,-0.6027606605826902,3.1271928978033294,LARETS,871.729169,-2991.412614,6331.358899,-2114.43168912731,-2114.9834303744133,-1.6769384474700928,2990.648607052766
2026-07-17 08:12:00,1714.4265177991845,-968.277780248382,6776.659379552469,-7.283216185076178,-0.414693183241005,1.7870952974735133,LARETS,83.700983,-1970.798615,6775.614949,-1630.7255347991845,-1002.5208347516179,-1.0444305524688389,1914.2400279986693
2026-07-17 08:15:00,380.17379927578736,-1024.820853929569,6972.5361861905985,-7.49659276624869,-0.2116698074753661,0.3828205658411383,LARETS,-679.3647550000001,-858.288263,6972.164663,-1059.5385542757874,166.53259092956898,-0.371523190598964,1072.5461248207566
2026-07-17 08:18:00,-967.9354598867205,-1044.0220996462942,6913.678464825551,-7.436759550515674,-0.0010394434935487812,-1.034717253949568,LARETS,-1387.92054,304.67501,6913.979179999999,-419.98508011327954,1348.6971096462942,0.30071517444866913,1412.5761754736068
2026-07-17 08:21:00,-2280.788635345312,-1025.1944337329674,6602.32012827293,-7.10605554550108,0.2095971095800947,-2.414252412359613,LARETS,-2015.533095,1474.1306140000002,6603.254384,265.25554034531183,2499.3250477329675,0.9342557270701946,2513.361706707383
2026-07-17 08:24:00,-3510.560174756923,-969.022869893958,6049.8277984634005,-6.516407169693702,0.41263735451436556,-3.7058581828061175,LARETS,-2539.858432,2605.248482,6051.323614,970.7017427569231,3574.271351893958,1.4958155365993662,3703.7386257436297
2026-07-17 08:27:00,-4612.410364298518,-877.5420992692959,5276.308880495418,-5.688984062532197,0.6007300076148523,-4.862620415245328,LARETS,-2943.433432,3654.0331269999997,5278.266688,1668.9769322985185,4531.575226269296,1.9578075045819787,4829.147115681238
2026-07-17 08:30:00,-5546.097938583733,-754.0683856738129,4309.920772641325,-4.653580953249267,0.7670290273639095,-5.842279388600945,LARETS,-3214.2618780000003,4579.03269,4312.221788,2331.8360605837324,5333.101075673813,2.3010153586747037,5820.604074446529
2026-07-17 08:33:00,-6277.454290507046,-603.0859850342995,3185.890138073117,-3.447693688843566,0.9054435024955495,-6.608799413371053,LARETS,-3346.175249,5342.994825,3188.40641,2931.279041507046,5946.080810034299,2.516271926882837,6629.349904044968
2026-07-17 08:36:00,-6779.661931273993,-430.0896665093069,1945.2612342078758,-2.1152676268330457,1.0108734909787287,-7.133795585052272,LARETS,-3338.948676,5914.400873,1947.864475,3440.713255273993,6344.4905395093065,2.603240792124325,7217.414681712827
2026-07-17 08:39:00,-7034.278339434032,-241.3870739866909,633.4072233341869,-0.7051255833914478,1.0794179874262988,-7.39772472085151,LARETS,-3198.164134,6268.80317,635.976586,3836.114205434032,6510.190243986691,2.5693626658130597,7556.345400499951
2026-07-17 08:42:00,-7031.951262550088,-43.86733970714799,-701.6441394570794,0.7308764676732172,1.1085395828678903,-7.390742459798157,LARETS,-2934.825391,6389.901992,-699.211519,4097.125871550088,6433.769331707148,2.4326204570794516,7627.570657724699
2026-07-17 08:45:00,-6772.784073566735,155.2549586096466,-2011.0026251201525,2.139875884804228,1.097171954525381,-7.11314520033016,LARETS,-2564.741059,6270.3041969999995,-2008.784527,4208.043014566735,6115.049238390353,2.21809812015249,7423.035640514035
2026-07-17 08:48:00,-6266.328990237037,348.7092982434537,-3246.746063603574,3.4700911964515813,1.0457610045058126,-6.575351748569272,LARETS,-2107.7005019999997,5911.907551,-3244.800241,4158.628488237037,5563.198252756547,1.9458226035740154,6945.744703692741
2026-07-17 08:51:00,-5531.208977813357,529.4399109276948,-4363.705982242676,4.672839710790226,0.9562372242339271,-5.797426983441341,LARETS,-1586.485789,5325.890724000001,-4362.076042000001,3944.7231888133565,4796.450813072306,1.6299402426757297,6210.216106971559
2026-07-17 08:54:00,-4594.392002155599,690.8656386873906,-5321.129766068218,5.704365794981714,0.8319240299560059,-4.80819675703575,LARETS,-1025.784216,4532.327281999999,-5319.847343,3568.6077861555987,3841.4616433126084,1.2824230682172129,5243.261459536545
2026-07-17 08:57:00,-3490.160058563926,827.1183058703635,-6084.152958120232,6.527392770633376,0.6773926085976112,-3.6440380454606305,LARETS,-451.054974,3559.448041,-6083.237526,3039.105084563926,2732.3297351296364,0.9154321202322535,4086.7819044465614
2026-07-17 09:00:00,-2258.827330651906,933.2511793696937,-6625.032052425813,7.112353725461692,0.4982768807003324,-2.3474431952013566,LARETS,112.599773,2442.590948,-6624.494834,2371.427103651906,1509.3397686303065,0.5372184258130801,2811.009308719466
2026-07-17 09:03:00,-945.2661441003763,1005.41156376181,-6924.105575153227,7.43829719868101,0.30106202371086077,-0.9654502614583242,LARETS,641.508352,1222.8836019999999,-6923.953754,1586.7744961003764,217.47203823818984,0.1518211532265923,1601.607758453904
2026-07-17 09:06:00,402.70261152338554,1040.9737669464798,-6970.465865993001,7.49349169668464,0.09285709436258421,0.45199220364498194,LARETS,1114.401996,-54.278597999999995,-6970.706158,711.6993844766146,-1095.25236494648,-0.24029200699897046,1306.1752617951
2026-07-17 09:09:00,1736.0032901684456,1038.6301916392295,-6762.33357602398,7.2757618314510495,-0.1188420379550201,1.8536881058634103,LARETS,1513.255682,-1340.9112819999998,-6762.974775000001,-222.7476081684456,-2379.5414736392295,-0.6411989760208598,2389.9444622940605
2026-07-17 09:12:00,3006.037439851124,998.4390540005362,-6307.131281772163,6.792578524606596,-0.32639726145904296,3.1888724716126036,LARETS,1823.968011,-2588.222198,-6308.180454,-1182.069428851124,-3586.661252000536,-1.0491722278375164,3776.430612627331
2026-07-17 09:15:00,4166.409918323642,921.8274007873525,-5621.253543242657,6.060902636020966,-0.5222802642095736,4.408905036113935,LARETS,2036.862721,-3748.439625,-5622.710983,-2129.547197323642,-4670.267025787352,-1.4574397573433089,5132.871270733006
2026-07-17 09:18:00,5174.602821808057,811.5481184240554,-4729.531305560693,5.106756422316919,-0.6993313875094336,5.468970100381276,LARETS,2146.997067,-4776.646839999999,-4731.3882189999995,-3027.6057548080576,-5588.194958424055,-1.8569134393064815,6355.652834133596
2026-07-17 09:21:00,5993.544729947773,671.5900100939538,-3664.392107710435,3.9644821847539027,-0.8510212810475354,6.329749136302831,LARETS,2154.2621129999998,-5632.550378,-3666.623251,-3839.282616947773,-6304.140388093953,-2.2311432895648977,7381.211419787073
2026-07-17 09:24:00,6593.015476881851,507.04117065492306,-2464.72651847163,2.675651130650886,-0.9717063258810458,6.958999124557624,LARETS,2063.2692509999997,-6282.110785,-2467.2850240000002,-4529.746225881851,-6789.151955654923,-2.5585055283704605,8161.567967848732
2026-07-17 09:27:00,6950.82193416904,323.9079719842965,-1174.486096107972,1.287610629672197,-1.0568638046052872,7.332939517896346,LARETS,1883.022872,-6698.968572,-1177.302283,-5067.799062169041,-7022.876543984296,-2.8161868920280995,8660.449769929668
2026-07-17 09:30:00,7053.6817281340045,128.89481222209088,158.94272488016068,-0.14829973509925756,-1.103289692089355,7.437335890493877,LARETS,1626.390472,-6865.58354,155.95990799999998,-5427.2912561340045,-6994.4783522220905,-2.982816880160698,8853.147841068092
2026-07-17 09:33:00,6897.761637808473,-70.84708993259021,1486.5246053523497,-1.578784147493579,-1.1092420830056844,7.26817650756728,LARETS,1309.3965600000001,-6774.0188849999995,1483.484778,-5588.365077808473,-6703.171795067409,-3.0398273523496755,8727.104078536411
2026-07-17 09:36:00,6488.83564073873,-267.99080155426884,2759.4407542309823,-2.95075745727517,-1.074517086913391,6.8318701354818465,LARETS,950.372743,-6426.324055,2756.4663990000004,-5538.46289773873,-6158.333253445731,-2.974355230981928,8282.490481546782
2026-07-17 09:39:00,5842.051831178646,-455.31182859050364,3930.9448236056937,-4.213498799519537,-1.000450813300854,6.144942936177721,LARETS,569.0110520000001,-5834.488596,3928.1667540000003,-5273.0407791786465,-5379.176767409496,-2.7780696056934175,7532.629651827425
2026-07-17 09:42:00,4981.323608571578,-625.9600407986557,4958.121188635619,-5.320650239485105,-0.8898492206451764,5.233267290368474,LARETS,185.37004199999998,-5019.975149,4955.670055,-4795.953566571578,-4394.015108201344,-2.451133635619044,6504.501932651601
2026-07-17 09:45:00,3938.383940636309,-773.7131149996537,5803.467926243465,-6.231946073229944,-0.7468550800259961,4.130902174280293,LARETS,-181.11017199999998,-4012.868934,5801.46289,-4119.494112636309,-3239.155819000346,-2.0050362434649287,5240.4547688134235
2026-07-17 09:48:00,2751.558284195929,-893.2014118413789,6436.244001887822,-6.914602536553869,-0.5767662979090122,2.878652187991465,LARETS,-512.532989,-2850.6897289999997,6434.783563,-3264.091273195929,-1957.4883171586207,-1.46043888782242,3806.0549765404144
2026-07-17 09:51:00,1464.3199724359076,-980.096959962206,6833.5401304972265,-7.344345952217111,-0.3858213429977562,1.5224554904251906,LARETS,-793.3674030000001,-1576.9293559999999,6832.6931859999995,-2257.6873754359076,-596.8323960377938,-0.8469444972270139,2335.243437305385
2026-07-17 09:54:00,123.6920313343142,-1031.2619286519532,6981.051213616668,-7.506096629236904,-0.18096561143917642,0.11169222814700724,LARETS,-1011.1353029999999,-239.39277600000003,6980.8481600000005,-1134.8273343343142,791.8691526519532,-0.2030536166676029,1383.795459923474
2026-07-17 09:57:00,-1221.4459486237404,-1044.854098845755,6873.541970312579,-7.394346643318013,0.030391644662930678,-1.3025265096211294,LARETS,-1156.940335,1111.602147,6873.974474000001,64.50561362374037,2156.456245845755,0.4325036874215584,2157.4208447810042
2026-07-17 10:00:00,-2522.0943706087724,-1020.3881336371555,6515.005160199726,-7.013269036401708,0.24062496310195422,-2.6690613439174733,LARETS,-1225.8197890000001,2425.1083360000002,6516.030926,1296.2745816087722,3445.4964696371558,1.025765800274712,3681.273524937067
2026-07-17 10:03:00,-3730.867422897195,-958.7519732600266,5918.514639550981,-6.376578236788678,0.4421435530684368,-3.938432247361546,LARETS,-1216.9081939999999,3651.454134,5920.063679999999,2513.9592288971953,4610.206107260026,1.549040449018321,5251.094529286379
2026-07-17 10:06:00,-4803.679187183839,-862.1777861930583,5105.7761046100595,-5.5071364092831745,0.6276450992949026,-5.064487788212406,LARETS,-1133.411212,4744.112343999999,5107.75684,3670.2679751838386,5606.290130193058,1.9807353899404916,6700.847704348522
2026-07-17 10:09:00,-5701.3341644003685,-734.1670924369771,4106.380149292667,-4.436279939164401,0.790370369545465,-6.00603731893178,LARETS,-982.390077,5661.475626,4108.685921,4718.9440874003685,6395.642718436978,2.305771707333406,7948.124583729799
2026-07-17 10:12:00,-6390.968882504302,-579.3703972267064,2956.768047910867,-3.202834464298457,0.924352544502118,-6.728399772021058,LARETS,-774.3651729999999,6368.474102,2959.2827570000004,5616.603709504302,6947.844499226707,2.514709089133248,8934.136037626364
2026-07-17 10:15:00,-6847.286555159307,-403.42319557899754,1698.9317648475637,-1.8518008193140094,1.0246505232506482,-7.204793236370855,LARETS,-522.755726,6837.968655000001,1701.539467,6324.530829159306,7241.391850578998,2.6077021524363317,9614.43981429646
2026-07-17 10:18:00,-7053.526289719869,-212.74249711813093,378.8853413951856,-0.4327262408631649,1.0875518357200133,-7.41746979240113,LARETS,-243.17395800000003,7051.854480000001,381.476385,6810.352331719869,7264.596977118132,2.591043604814388,9957.674167978339
2026-07-17 10:21:00,-7002.1146858601205,-14.290747195478172,-955.0376118248448,1.0021826962081255,1.110729694171713,-7.358499028374335,LARETS,47.394901,7001.804915,-952.561654,7049.50958686012,7016.095662195478,2.4759578248448406,9945.913225374434
2026-07-17 10:24:00,-6694.961612399406,184.68334724917716,-2253.9898073964114,2.400108292592826,1.0933408700031964,-7.030124454965669,LARETS,331.481343,6689.6195020000005,-2251.714292,7026.442955399406,6504.936154750823,2.275515396411265,9575.233687009246
2026-07-17 10:27:00,-6143.382152118029,376.91561455192965,-3470.438756723768,3.7097064467282017,1.036056231808873,-6.444656174724294,LARETS,592.0389690000001,6127.1458,-3468.436816,6735.421121118029,5750.23018544807,2.001940723768257,8856.130581253172
2026-07-17 10:30:00,-5367.650011605355,555.39651162223,-4559.934744941233,4.883096881316493,0.9410227510315173,-5.6239114661187255,LARETS,813.324258,5335.791872000001,-4558.266053,6180.9742696053545,4780.395360377771,1.6686919412322823,7813.873911676433
2026-07-17 10:33:00,-4396.210048953017,713.6286187596903,-5482.741523974698,5.877644547432918,0.8117628422890758,-4.598260384920877,LARETS,981.708889,4345.657291,-5481.452637,5377.918937953016,3632.0286722403102,1.2888869746975615,6489.502757561556
2026-07-17 10:36:00,-3264.5951953737786,845.8612130067393,-6205.266280226748,6.657452740542079,0.6530223068556202,-3.405364929346384,LARETS,1086.3829520000002,3194.329125,-6204.392842,4350.9781473737785,2348.4679119932607,0.8734382267475667,4944.321301804776
2026-07-17 10:39:00,-2014.1035254520496,947.2938917204908,-6701.242609473158,7.194531446847088,0.4705806616837174,-2.088710943981448,LARETS,1119.91491,1925.4069220000001,-6700.813349,3134.0184354520497,978.1130302795093,0.42926047315813776,3283.1047558706427
2026-07-17 10:42:00,-690.2941835895174,1014.2436748156231,-6952.637385389894,7.469643445601492,0.27103693117503846,-0.6960213268397087,LARETS,1078.6461399999998,586.826123,-6952.676162,1768.9403235895172,-427.417551815623,-0.03877661010574229,1819.8449476602868
2026-07-17 10:45:00,658.6420185782106,1044.272101805806,-6950.26618732339,7.472855371751414,0.06158071212545318,0.7223867215737735,LARETS,962.906824,-770.951238,-6950.793691,304.26480542178945,-1815.223339805806,-0.5275036766097401,1840.5469631210808
2026-07-17 10:48:00,1983.5871308039546,1036.2702181024931,-6694.110517993674,7.203825923899731,-0.15024607772702683,2.1152682048769544,LARETS,777.044847,-2096.82245,-6695.142701000001,-1206.5422838039544,-3133.092668102493,-1.0321830063267043,3357.382166945881
2026-07-17 10:51:00,3236.230332091195,990.4999637928405,-6193.333581092404,6.671849962607274,-0.3567951505084689,3.432132028299075,LARETS,529.267914,-3340.941245,-6194.875115,-2706.962418091195,-4331.44120879284,-1.5415339075962038,5107.742246287855
2026-07-17 10:54:00,4370.787852223834,908.5905842866296,-5465.991989063559,5.895652891032811,-0.5505655774040605,4.624937089459825,LARETS,231.302726,-4456.5810870000005,-5468.033593,-4139.485126223834,-5365.17167128663,-2.041603936440879,6776.459867862537
2026-07-17 10:57:00,5345.661252084619,793.4887309255397,-4538.441671636827,4.90290578150941,-0.7244642203610009,5.64979047940385,LARETS,-102.120696,-5401.907325,-4540.955451000001,-5447.781948084619,-6195.39605592554,-2.513779363173853,8249.925258009376
2026-07-17 11:00:00,6124.980157996323,649.3614160573097,-3444.4407123951846,3.729419708336491,-0.8720680307220099,6.468608205036142,LARETS,-453.941456,-6141.590926,-3447.3762629999997,-6578.921613996323,-6790.95234205731,-2.9355506048150346,9455.117764082
2026-07-17 11:03:00,6679.968445666117,481.4523069563653,-2223.961953541778,2.4179855124200667,-0.9878782095840362,7.0506650301955975,LARETS,-805.574392,-6648.199371000001,-2227.243802,-7485.542837666117,-7129.651677956366,-3.281848458222157,10337.567189336658
2026-07-17 11:06:00,6990.069073133405,295.89408905035026,-921.7440865571886,1.0168541855497166,-1.067551427898474,7.373932026814945,LARETS,-1137.8157150000002,-6903.295214,-925.2727269999999,-8127.884788133406,-7199.18930305035,-3.5286404428113656,10857.755302162062
2026-07-17 11:09:00,7043.765689107585,99.48257131726447,414.3705032222996,-0.4221025283010432,-1.108090684698415,7.426089584403755,LARETS,-1431.8036129999998,-6898.180235999999,410.715992,-8475.569302107584,-6997.662807317263,-3.6545112222995613,10991.022387166357
2026-07-17 11:12:00,6839.050642656592,-100.57866858144797,1735.2434227614285,-1.8454632106182651,-1.1079791692140883,7.205116534698542,LARETS,-1669.984309,-6634.233899,1731.6003289999999,-8509.034951656591,-6533.655230418552,-3.643093761428645,10728.109793930213
2026-07-17 11:15:00,6383.508638423277,-296.9516482154133,2992.310790697259,-3.2004322813767687,-1.0672449148043204,6.719392169863721,LARETS,-1837.032545,-6122.825291,2988.825011,-8220.541183423276,-5825.873642784587,-3.485779697259204,10075.61974276076
2026-07-17 11:18:00,5694.010252403882,-482.4423144126674,4139.426981230934,-4.436974203775214,-0.9874512062959863,5.987299527806053,LARETS,-1920.6741299999999,-5384.798656999999,4136.2451630000005,-7614.684382403882,-4902.356342587332,-3.181818230933459,9056.297592134386
2026-07-17 11:21:00,4796.03551629891,-650.270638442965,5134.59485833505,-5.509768180039246,-0.8716158912751222,5.036372769198082,LARETS,-1912.3642949999999,-4449.564514000001,5131.85471,-6708.39981129891,-3799.293875557036,-2.740148335050435,7709.55702290951
2026-07-17 11:24:00,3722.6701640894407,-794.3205096199208,5941.507700069508,-6.379876471590671,-0.7240699056779769,3.9020752542469865,LARETS,-1807.791928,-3353.8576209999997,5939.326867,-5530.462092089441,-2559.537111380079,-2.1808330695084805,6094.033634022959
2026-07-17 11:27:00,2513.3323526257436,-909.3597755438288,6530.846072084093,-7.016065432875784,-0.5502697511184342,2.6263179036476134,LARETS,-1607.1882420000002,-2140.225253,6529.314671,-4120.520594625744,-1230.8654774561712,-1.5314010840929768,4300.432785141233
2026-07-17 11:30:00,1212.294240335216,-991.2235660760657,6881.292884716587,-7.395765850574465,-0.35657952542799276,1.2558259887852745,LARETS,-1315.424493,-855.326935,6880.466294,-2527.718733335216,135.89663107606566,-0.8265907165869066,2531.3693077944645
2026-07-17 11:33:00,-132.93833585011834,-1036.9566695498502,6980.247591575173,-7.505695485396866,-0.15003568934866274,-0.1595594806999508,LARETS,-941.905238,451.87937900000003,6980.143229,-808.9669021498817,1488.8360485498501,-0.10436257517267222,1694.4203253995317
2026-07-17 11:36:00,-1473.3308188325193,-1044.912715028595,6824.233088173469,-7.342183434981735,0.061896687150633393,-1.5685922565509063,LARETS,-500.263167,1731.9998970000001,6824.830645999999,973.0676518325192,2776.912612028595,0.5975578265306467,2942.4657460982758
2026-07-17 11:39:00,-2760.0592733949284,-1014.8090516405724,6418.995561412843,-6.91123153289452,0.2715721158015414,-2.9203205990576366,LARETS,-7.859680999999999,2937.055942,6420.242536000001,2752.1995923949285,3951.8649936405723,1.2469745871576379,4815.790805183115
2026-07-17 11:42:00,-3946.2385207602715,-947.7366313156249,5779.299706698187,-6.228327978192839,0.4714163779511304,-4.165771795517609,LARETS,514.891759,4022.2671299999997,5781.117480000001,4461.130279760271,4970.003761315625,1.8177733018137587,6678.519601287788
2026-07-17 11:45:00,-4988.593887236226,-846.1242830470424,4928.4222990361295,-5.318003247547588,0.6541812778538758,-5.259616488958992,LARETS,1045.354333,4947.7124890000005,4930.711821999999,6033.948220236226,5793.836772047043,2.2895229638697856,8365.230475458033
2026-07-17 11:48:00,-5849.027736729582,-713.657017593306,3897.349457231539,-4.213099975306612,0.8131997519267857,-6.161789556318865,LARETS,1559.623857,5679.817508,3899.996058,7408.651593729583,6393.474525593306,2.6466007684612123,9785.94103554574
2026-07-17 11:51:00,-6496.026382770479,-555.1488575255632,2723.689696639125,-2.9537262674971925,0.942634400691366,-6.839015336452089,LARETS,2033.5759879999998,6192.610563,2726.5707089999996,8529.602370770479,6747.759420525564,2.8810123608745926,10875.954307598808
2026-07-17 11:54:00,-6905.848821241393,-376.3723634356937,1450.3269513497182,-1.5858796479095978,1.0377078854531867,-7.266156514149757,LARETS,2443.967007,6468.701916,1453.321723,9349.815828241393,6845.074279435694,2.994771650281791,11587.670468290104
2026-07-17 11:57:00,-7063.439392635627,-183.8494345125998,123.8540183612092,-0.15976352734484134,1.0949003504466683,-7.427289276268917,LARETS,2769.529061,6499.922371000001,126.846304,9832.968453635627,6683.771805512601,2.992285638790804,11889.49465335394
2026-07-17 12:00:00,-6963.014274409553,15.389274447842421,-1207.1555782222174,1.272139106905048,1.1120984716588775,-7.316410418989316,LARETS,2992.0047250000002,6287.58181,-1204.277472,9955.018999409553,6272.192535552157,2.8781062222174114,11766.172307302693
2026-07-17 12:03:00,-6608.287009284741,214.06641034111905,-2493.964300611935,2.6571310841609384,1.0886834624753534,-6.937706852678354,LARETS,3097.0697450000002,5842.3393080000005,-2491.304074,9705.356754284741,5628.272897658881,2.6602266119348315,11219.242960880541
2026-07-17 12:06:00,-6012.319357659753,404.92973767187016,-3689.493972391982,3.9443778648943817,1.0255509492531931,-6.305359690767054,LARETS,3075.09652,5183.689187,-3687.1427940000003,9087.415877659754,4778.759449328129,2.351178391981648,10267.310978835954
2026-07-17 12:09:00,-5197.007215113965,581.0213557503289,-4750.0732739491195,5.086866197394705,0.9250627592807251,-5.442903835192659,LARETS,2921.715766,4339.085440000001,-4748.108974999999,8118.722981113964,3758.064084249672,1.964298949120348,8946.323958133067
2026-07-17 12:12:00,-4192.233060310419,735.9326027121897,-5637.034640688644,6.043135740744957,0.7909375613929104,-4.3822075292036775,LARETS,2638.146671,3342.7555,-5635.522177,6830.379731310419,2606.8228972878105,1.5124636886439475,7310.924372421494
2026-07-17 12:15:00,-3034.732797471152,864.0346607472924,-6318.100201459968,6.778712078792282,0.6280922688321718,-3.162164183540219,LARETS,2231.286423,2234.2726669999997,-6317.093175,5266.019220471152,1370.2380062527072,1.007026459968074,5441.370382381013
2026-07-17 12:18:00,-1766.733871013256,960.6772369138475,-6768.51386951506,7.267212716311682,0.4424480626586671,-1.8271951914790074,LARETS,1713.559403,1056.9545309999999,-6768.056937,3480.293274013256,96.27729408615232,0.45693251505963417,3481.6247355632377
2026-07-17 12:21:00,-434.4231874729781,1022.3501161322027,-6971.893437952769,7.491134620018527,0.24071366692834545,-0.42564829877906596,LARETS,1102.536347,-143.83876999999998,-6972.022008999999,1536.959534472978,-1166.1888861322027,-0.1285710472302526,1929.3110545674524
2026-07-17 12:24:00,913.7002984152327,1046.8043588760308,-6920.789405180822,7.442353025544463,0.03015492258747701,0.9918515271364172,LARETS,420.337809,-1322.441774,-6921.529831,-493.36248941523274,-2369.246132876031,-0.7404258191781992,2420.069075943994
2026-07-17 12:27:00,2228.5391990075764,1033.1311515064717,-6616.944788704652,7.122362403670787,-0.1816447105487309,2.374071873455597,LARETS,-307.160806,-2434.6008650000003,-6618.310383,-2535.7000050075762,-3467.732016506472,-1.3655942953482736,4295.92152146047
2026-07-17 12:30:00,3462.1326906627255,981.7968169259117,-6071.252958642018,6.542274228044899,-0.38703160613426696,3.6708576161534165,LARETS,-1051.294017,-3439.11615,-6073.239493,-4513.426707662726,-4420.912966925912,-1.9865343579822365,6317.871164632563
2026-07-17 12:33:00,4569.368530168622,894.6325504601799,-5303.4109159406835,5.722560987082601,-0.5785374731933848,4.834829080121176,LARETS,-1781.718101,-4299.3687549999995,-5305.992028,-6351.086631168622,-5194.0013054601795,-2.581112059316183,8204.508371613152
2026-07-17 12:36:00,5509.623725404392,774.7775381851832,-4341.266790810218,4.692513408406011,-0.7491413283288763,5.823077124635039,LARETS,-2467.633108,-4984.679667,-4344.390627999999,-7977.256833404392,-5759.457205185184,-3.123837189781625,9839.104819180218
2026-07-17 12:39:00,6248.278529147292,626.5747380676561,-3219.865764789471,3.489369195729344,-0.8925322252668918,6.59880925547835,LARETS,-3079.077417,-5471.454508999999,-3223.453586,-9327.355946147292,-6098.029247067655,-3.5878212105290004,11143.856716446187
2026-07-17 12:42:00,6758.041660417742,455.4200948020407,-1980.2098928554215,2.1570834966282426,-1.0033617707457683,7.132867193194502,LARETS,-3588.239136,-5744.056598,-1984.155504,-10346.280796417741,-6199.476692802041,-3.9456111445786064,12061.469775726571
2026-07-17 12:45:00,7020.021917358605,267.5683623076223,-667.7641016455773,0.7447438705049794,-1.0774709075795563,7.405010833097636,LARETS,-3970.723815,-5795.365557,-671.9376090000001,-10990.745732358604,-6062.933919307622,-4.173507354422782,12552.118422059815
2026-07-17 12:48:00,7024.485831290746,69.90173622075416,669.2395078378453,-0.6953212985644156,-1.1120733535622165,7.404856923870993,LARETS,-4206.713231,-5626.984947,664.985707,-11231.199062290747,-5696.886683220754,-4.253800837845233,12593.42560041072
2026-07-17 12:51:00,6771.2541696254475,-130.32940006800047,1981.6280052693185,-2.109644264228849,-1.1058795263455108,7.132378413301145,LARETS,-4281.947211,-5249.078122000001,1977.452493,-11053.201380625447,-5118.748721932,-4.17551226931846,12180.922242336312
2026-07-17 12:54:00,6269.711006360474,-325.78179706774336,3221.1599086993233,-3.4457966556210247,-1.0591497880411018,6.5979102739697995,LARETS,-4188.473913,-4679.835404,3217.225613,-10458.184919360474,-4354.053606932257,-3.934295699323229,11328.346309071827
2026-07-17 12:57:00,5538.424601032215,-509.2975454642258,4342.3535827543155,-4.654499176064462,-0.9736733449784107,5.821660813384035,LARETS,-3925.127259,-3944.6022319999997,4338.818946,-9463.551860032214,-3435.3046865357737,-3.5346367543152155,10067.777539780604
2026-07-17 13:00:00,4604.404966635512,-674.1720653219425,5304.186684145992,-5.691528442821737,-0.8526772996536575,4.832780866789638,LARETS,-3497.710318,-3074.7217880000003,5301.196027,-8102.115284635513,-2400.549722678058,-2.9906571459923725,8450.26153444994
2026-07-17 13:03:00,3502.0442394967145,-814.4002368892451,6071.594966914651,-6.5193221451095535,-0.7006771406121008,3.6680836783657544,LARETS,-2918.879388,-2106.155654,6069.267307,-6420.923627496714,-1291.755417110755,-2.3276599146511217,6549.572329990808
2026-07-17 13:06:00,2271.7995677485947,-924.8914665578777,6616.7175241331515,-7.1082309960155055,-0.5232837892067553,2.3705266235298343,LARETS,-2207.743781,-1077.963375,6615.13646,-4479.543348748595,-153.07190844212232,-1.5810641331518127,4482.158199153137
2026-07-17 13:09:00,958.6831904107419,-1001.6472807057891,6919.855380407032,-7.437412205137179,-0.32698255848465446,0.9875600379050887,LARETS,-1389.2021399999999,-30.7054,6919.067785,-2347.8853304107415,970.941880705789,-0.7875954070314037,2540.7271165500983
2026-07-17 13:12:00,-389.37795357689134,-1041.8975805062157,6970.127253207994,-7.4953922138652755,-0.1188964930810798,-0.4305764950340813,LARETS,-493.044195,995.162447,6970.142141,-103.66624142310866,2037.0600275062156,0.014887792006447853,2039.6961159682744
2026-07-17 13:15:00,-1723.2572152134442,-1044.1935265806262,6765.817758346011,-7.280339007441791,0.0934580529606715,-1.8325633282749505,LARETS,447.137733,1960.837645,6766.607175,2170.394948213444,3005.0311715806265,0.7894166539890648,3706.862176636774
2026-07-17 13:18:00,-2994.368743815991,-1008.4560098973279,6314.418991155671,-6.800076309824806,0.302420245326985,-3.167697512598305,LARETS,1395.200959,2830.6244279999996,6315.9228729999995,4389.569702815991,3839.0804378973276,1.5038818443281343,5831.5403665058
2026-07-17 13:21:00,-4156.388365653811,-935.9789851543328,5632.368015051189,-6.071850056321776,0.5004373759075109,-4.387574098998017,LARETS,2313.828691,3573.242054,5634.498436,6470.217056653812,4509.221039154332,2.1304209488107517,7886.494004236572
2026-07-17 13:24:00,-5166.909236169114,-829.3870165818247,4744.4834423925195,-5.121832790907184,0.6803206023520285,-5.447744773523837,LARETS,3165.986541,4162.952681,4747.130973,8332.895777169113,4992.339697581824,2.647530607480803,9713.939195745079
2026-07-17 13:27:00,-5988.982428726202,-692.5467182111016,3683.107323998532,-3.9843357579811354,0.8355004529496118,-6.309325557536133,LARETS,3916.4143480000002,4580.4715719999995,3686.146319,9905.396776726202,5273.018290211101,3.0389950014678107,11221.48013538184
2026-07-17 13:30:00,-6592.487035276384,-530.4327684336774,2486.96632858871,-2.7006999522565365,0.9602742917989683,-6.9404955217919975,LARETS,4533.0925369999995,4813.622993,2490.2632289999997,11125.579572276383,5344.055761433678,3.2969004112896982,12342.506377147161
2026-07-17 13:33:00,-6955.270868457754,-348.9510066759492,1199.7792311838523,-1.3178587953304544,1.0500334118944012,-7.317801389144893,LARETS,4988.627764000001,4857.714542000001,1203.199271,11943.898632457755,5206.66554867595,3.420039816147664,13029.431774826853
2026-07-17 13:36:00,-7064.004746888457,-154.72363482549747,-131.34548304661465,0.1133978190962785,1.1014545283885164,-7.4271695137164615,LARETS,5261.477818,4715.601528,-127.932712,12325.482564888458,4870.3251628254975,3.412771046614651,13252.833632700094
2026-07-17 13:39:00,-6914.702601987234,45.155669871005536,-1457.66072263694,1.540385321286619,1.112640444943007,-7.26453398175781,LARETS,5336.959768,4397.4350970000005,-1454.379126,12251.662369987233,4352.279427128995,3.2815966369398666,13001.752874472271
2026-07-17 13:42:00,-6512.8762456446475,243.3864394620153,-2730.60532881433,2.910602379164523,1.0831979584725064,-6.836018145714067,LARETS,5207.9766629999995,3920.1003050000004,-2727.570866,11720.852908644647,3676.713865537985,3.0344628143297996,12283.998818100217
2026-07-17 13:45:00,-5873.31547518923,432.73397101452974,-3903.619325714452,4.173795063462345,1.0142470444822214,-6.157650873277309,LARETS,4875.432975,3306.3783599999997,-3900.936336,10748.748450189229,2873.64438898547,2.682989714451651,11126.249705908403
2026-07-17 13:48:00,-5019.5076388417565,606.2974016999694,-4933.86819553196,5.283879947512403,0.9083625982642217,-5.25464749014635,LARETS,4348.3153839999995,2583.879133,-4931.626488,9367.823022841756,1977.5817313000305,2.241707531959946,9574.285493785337
2026-07-17 13:51:00,-3982.731744323411,757.7618004782399,-5783.803767269451,6.200623333533205,0.7694566883735325,-4.160326674626084,LARETS,3643.438298,1783.798186,-5782.078659,7626.170042323411,1026.0363855217602,1.7251082694510842,7694.8829201518165
2026-07-17 13:54:00,-2800.877291067325,881.6246455827521,-6422.504553557249,6.8910131396766285,0.6026137806136315,-2.9147585748573612,LARETS,2784.873996,939.562999,-6421.357781000001,5585.751287067325,57.93835341724787,1.1467725572483687,5586.051880251229
2026-07-17 13:57:00,-1517.0455554048285,973.3894647995322,-6826.7560006581,7.3303028834676045,0.41389276813926784,-1.563241640260951,LARETS,1803.096748,85.436929,-6826.23662,3320.1423034048285,-887.9525357995323,0.5193806581000899,3436.830646169143
2026-07-17 14:00:00,-177.99149493765424,1029.7217873580682,-6981.847325699875,7.502741775173254,0.21010791918371247,-0.15468823328271455,LARETS,733.8851040000001,-744.860745,-6981.990605000001,911.8765989376543,-1774.5825323580682,-0.14327930012586876,1995.1596718983258
2026-07-17 14:03:00,1167.5399032862547,1048.5644112159464,-6882.073528068031,7.402022416896054,-0.0014029998887042303,1.260029920549117,LARETS,-382.979966,-1519.47106,-6882.901159,-1550.5198692862546,-2568.0354712159465,-0.8276309319689972,2999.8197831616035
2026-07-17 14:06:00,2470.534710890093,1029.2100823418891,-6530.937684050563,7.031475061830445,-0.21301954794504258,2.6297546026567753,LARETS,-1505.179716,-2209.601685,-6532.454350999999,-3975.714426890093,-3238.811767341889,-1.5166669494365124,5127.982953241259
2026-07-17 14:09:00,3683.4441850445983,972.3300729246117,-5941.050729623832,6.404018641393185,-0.4170876851840455,3.904728845635951,LARETS,-2589.440354,-2790.5901150000004,-5943.240274,-6272.884539044599,-3762.920187924612,-2.1895443761677598,7314.960941452793
2026-07-17 14:12:00,4761.887128135536,879.9571695048595,-5133.726247863774,5.541853157077012,-0.606177117406146,5.0382965705274705,LARETS,-3593.18744,-3242.792026,-5136.546705,-8355.074568135537,-4122.74919550486,-2.820457136225741,9316.884668338427
2026-07-17 14:15:00,5666.270933767958,755.4217346020558,-4138.26969476704,4.475857426659776,-0.773344741867021,5.988592860433999,LARETS,-4476.224324,-3552.267816,-4141.652376999999,-10142.495257767958,-4307.6895506020555,-3.3826822329592687,11019.3652612458
2026-07-17 14:18:00,6363.274568694047,603.240267175019,-2990.9679625774356,3.244651093719568,-0.9123975619168507,6.720172503551681,LARETS,-5202.373154,-3711.237722,-2994.8169470000003,-11565.647722694048,-4314.477989175019,-3.8489844225646266,12344.186582323471
2026-07-17 14:21:00,6827.130454243703,428.9575510154166,-1733.797600270005,1.8932958815056378,-1.0181431499452156,7.205491376231493,LARETS,-5741.004349000001,-3718.280448,-1737.991065,-12568.134803243704,-4147.237999015417,-4.1934647299949575,13234.712427481356
2026-07-17 14:24:00,7040.640645290678,238.94603217836823,-412.8876397791437,0.47164694886243613,-1.0866114955098742,7.426132655350751,LARETS,-6068.3798320000005,-3578.26087,-417.281271,-13109.020477290678,-3817.206902178368,-4.393631220856321,13653.479619205495
2026-07-17 14:27:00,6995.868802869673,40.169163959671444,923.2070191615085,-0.967587305358286,-1.1152305473628616,7.373667674286024,LARETS,-6168.736138,-3301.983792,918.772817,-13164.604940869674,-3342.1529559596715,-4.434202161508438,13582.224754890085
2026-07-17 14:30:00,6694.464237784573,-160.08148501283506,2225.347482801749,-2.3709721791886613,-1.102939856871111,7.050063494768536,LARETS,-6035.04575,-2905.588332,2221.038685,-12729.509987784573,-2745.506846987165,-4.308797801748824,13022.221428838442
2026-07-17 14:33:00,6147.596388339817,-354.46320539301115,3445.6815848085084,-3.6865232226790554,-1.0502322834660491,6.467592537290394,LARETS,-5669.404398,-2409.709614,3441.663514,-11817.000786339817,-2055.2464086069886,-4.018070808508583,11994.397089030395
2026-07-17 14:36:00,5375.504000387814,-535.8599190778356,4539.453807442566,-4.865786505813822,-0.9591214950458344,5.648253906907791,LARETS,-5083.027865,-1838.4573,4535.882876000001,-10458.531865387813,-1302.5973809221646,-3.5709314425657794,10539.338758559237
2026-07-17 14:39:00,4406.688395147906,-697.6477943904847,5466.671312750301,-5.86569399827308,-0.833041066063871,4.622767892833327,LARETS,-4295.861915,-1218.265643,5463.687475,-8702.550310147906,-520.6178486095152,-2.9838377503010634,8718.109528345807
2026-07-17 14:42:00,3276.8001702572983,-833.9374123886291,6193.557706919301,-6.650103735158872,-0.6766873429389266,3.42924181319261,LARETS,-3335.838773,-576.682191,6191.2727429999995,-6612.638943257298,257.25522138862914,-2.2849639193018447,6617.641518235542
2026-07-17 14:45:00,2027.2806318333185,-939.7837320477478,6693.745468706678,-7.1909825835080605,-0.49582146472230487,2.111619015152461,LARETS,-2237.8257230000004,58.845988,6692.236347,-4265.106354833319,998.6297200477478,-1.509121706678343,4380.456119315719
2026-07-17 14:48:00,703.8226463686362,-1011.3578919723401,6949.17752208386,-7.469233968579871,-0.29704555020530843,0.7180127043329542,LARETS,-1042.308242,662.135128,6948.483897,-1746.1308883686363,1673.49301997234,-0.6936250838598426,2418.5848027983106
2026-07-17 14:51:00,-645.2878010710899,-1046.077321709906,6950.704423694964,-7.475202376292731,-0.08756475283624163,-0.7010011709800715,LARETS,206.12610800000002,1209.3252679999998,6950.827364,851.41390907109,2255.402589709906,0.1229403050356268,2410.7564168418558
2026-07-17 14:54:00,-1970.8948749671147,-1042.6923177472727,6698.373936996352,-7.208894868425304,0.1250578406873166,-2.0940911987522597,LARETS,1460.447622,1679.8087150000001,6699.277883000001,3431.3424969671146,2722.501032747273,0.9039460036483433,4380.1968017340105
2026-07-17 14:57:00,-3224.712964109445,-1001.3280833242391,6201.414451655217,-6.67994848613542,0.33315078160058503,-3.4108642540928735,LARETS,2672.940522,2056.99698,6203.030949,5897.653486109444,3058.3250633242387,1.6164973447830562,6643.468329738597
2026-07-17 15:00:00,-4361.038689660932,-923.481469619589,5477.91485821575,-5.907349030203376,0.5291878895302972,-4.603543408586741,LARETS,3797.002047,2328.900863,5480.147551,8158.0407366609315,3252.382332619589,2.2326927842495934,8782.46118599293
2026-07-17 15:03:00,-5338.388685993979,-811.9717384056802,4554.204350345163,-4.918882790539069,0.7060449935584032,-5.628619904739479,LARETS,4788.931529,2488.5086189999997,4556.9350269999995,10127.320214993979,3300.48035740568,2.7306766548363157,10651.562926784098
2026-07-17 15:06:00,-6121.0122555359185,-670.8450937502812,3463.939426139677,-3.7502897278312513,0.8572556966409469,-6.448445589816232,LARETS,5609.644853,2533.951915,3467.036662,11730.657108535917,3204.7970087502813,3.097235860323053,12160.553016134134
2026-07-17 15:09:00,-6680.22252711035,-505.23387632564385,2246.9141545283765,-2.4440919133401944,0.9772574770090032,-7.0327020010221615,LARETS,6226.255905,2468.449889,2250.2415469999996,12906.47843211035,2973.683765325644,3.3273924716231704,13244.621237552685
2026-07-17 15:12:00,-6995.487052250681,-321.17329060622353,947.6237073275962,-1.0480959545311255,1.061615065731803,-7.359657051332466,LARETS,6613.439490000001,2300.02887,951.045495,13608.926542250681,2621.2021606062235,3.4217876724037524,13859.061804746118
2026-07-17 15:15:00,-7055.221966153574,-125.38114504656934,-386.37165711702016,0.38639277157830926,1.1072055723483614,-7.417110443533421,LARETS,6754.5163569999995,2041.031078,-382.985243,13809.738323153573,2166.412223046569,3.386414117020138,13978.634623665595
2026-07-17 15:18:00,-6857.244561638509,74.99112787012425,-1706.217920614422,1.8065634137687712,1.1123504063294989,-7.202940418994512,LARETS,6642.191853,1707.432443,-1702.989,13499.436414638509,1632.4413151298756,3.228920614421895,13597.781384701677
2026-07-17 15:21:00,-6408.856944420955,272.62552099270806,-2963.5966434635598,3.1601853382860527,1.076882881346887,-6.725196595590655,LARETS,6278.909277,1318.0040290000002,-2960.635779,12687.766221420956,1045.378508007292,2.960864463559574,12730.759469927649
2026-07-17 15:24:00,-5726.555896141377,460.310467795019,-4112.5290958001815,4.397654984054575,1.002146716791963,-6.001729453504934,LARETS,5676.806044,893.359549,-4109.932562,11403.361940141378,433.049081204981,2.5965338001815326,11411.581914291515
2026-07-17 15:27:00,-4835.387360694789,631.2075141237725,-5111.074656007982,5.473879641285262,0.890927931391266,-5.059395243229279,LARETS,4857.2644740000005,454.94066200000003,-5108.925329,9692.651834694789,-176.26685212377248,2.14932700798272,9694.254701181339
2026-07-17 15:30:00,-3767.9840389242054,779.1003846689097,-5922.853592638048,6.349901964108085,0.7473290365134859,-3.9329137228631046,LARETS,3850.092071,23.99468,-5921.221365,7618.076109924205,-755.1057046689097,1.6322276380478797,7655.4079516370975
2026-07-17 15:33:00,-2563.3383102828097,898.617182820435,-6518.340350566628,6.994209995137376,0.5765984400659124,-2.6634761512733744,LARETS,2692.384258,-379.404437,-6517.281463,5255.72256828281,-1278.021619820435,1.0588875666280728,5408.877896267264
2026-07-17 15:36:00,-1265.3688005933413,985.4189004100473,-6875.891106611593,7.383719674329903,0.38492877735860076,-1.2971990742172679,LARETS,1427.120497,-737.24975,-6875.448932,2692.4892975933412,-1722.6686504100471,0.44217461159314553,3196.41769677848
2026-07-17 15:39:00,78.66178267656824,1036.3497202963351,-6982.484931344243,7.5044486626629,0.1792356939687735,0.11650096186154663,LARETS,101.55685700000001,-1034.374852,-6982.689764000001,22.89507432343177,-2070.7245722963353,-0.2048326557578548,2070.851148850765
2026-07-17 15:42:00,1419.82480427195,1049.5463210525593,-6834.168805023247,7.351914007505372,-0.03307546704828848,1.526566604186461,LARETS,-1234.5302339999998,-1259.0778,-6835.037699,-2654.3550382719495,-2308.6241210525595,-0.8688939767534976,3517.861105342581
2026-07-17 15:45:00,2709.252663571616,1024.5043452776677,-6436.202283145378,6.93128006340403,-0.24435190723179284,2.8819755640685694,LARETS,-2530.691852,-1403.575525,-6437.737212,-5239.944515571616,-2428.0798702776674,-1.5349288546221942,5775.170364476122
2026-07-17 15:48:00,3899.8704351705646,962.100484985555,-5802.8991242871725,6.257262187416993,-0.44694419289380055,4.133431289111408,LARETS,-3737.692082,-1464.2758600000002,-5805.081296,-7637.562517170565,-2426.376344985555,-2.182171712827767,8013.717497707767
2026-07-17 15:51:00,4948.086775536363,864.5686448129733,-4957.163549218194,5.353766148325929,-0.6334654925333997,5.235063306637148,LARETS,-4809.372606,-1441.858625,-4959.948528,-9757.459381536362,-2306.4272698129735,-2.7849787818058758,10026.346697046522
2026-07-17 15:54:00,5815.393275592622,735.4288729031153,-3929.721394443092,4.25322484152464,-0.7970563987688881,6.146110746357076,LARETS,-5704.446024,-1341.163232,-3933.037616,-11519.839299592622,-2076.5921049031153,-3.3162215569082036,11705.50909853604
2026-07-17 15:57:00,6469.814123825573,579.3686601921465,-2758.053978287613,2.995592617672451,-0.9316477492746518,6.832530136298092,LARETS,-6388.142186,-1170.8828,-2761.803467,-12857.956309825573,-1750.2514601921466,-3.7494887123871194,12976.5340017261
2026-07-17 16:00:00,6887.142278610536,402.0780466302596,-1485.0560376696562,1.626977707648354,-1.032208603707962,7.268436578474948,LARETS,-6833.635031999999,-943.0750790000001,-1489.117389,-13720.777310610534,-1345.1531256302596,-4.0613513303437685,13786.558070574842
2026-07-17 16:03:00,7051.898067807821,210.04266386365865,-157.45744512425347,0.19793212102491672,-1.0949626513611954,7.437268113852792,LARETS,-7023.173016,-672.509095,-161.690756,-14075.07108380782,-882.5517588636586,-4.233310875746525,14102.713977892246
2026-07-17 16:06:00,6957.953881549816,10.301992318005853,1175.9315838405887,-1.2385332759776513,-1.1175553914805694,7.332565494294335,LARETS,-6948.8468490000005,-375.875741,1171.6799350000001,-13906.800730549818,-386.17773331800583,-4.251648840588587,13912.162228692183
2026-07-17 16:09:00,6608.784976291831,-189.816897235583,2466.074700825185,-2.6290960953078133,-1.0991571811988023,6.958286342987835,LARETS,-6612.943102,-70.903761,2461.9652400000004,-13221.728078291831,118.91313623558301,-4.109460825184669,13222.263444581955
2026-07-17 16:12:00,6017.329537789597,-382.977662628803,3665.5752824471665,-3.9222914106515114,-1.0404933112227783,6.328618984459557,LARETS,-6027.86568,224.567589,3661.7673309999996,-12045.195217789598,607.545251628803,-3.8079514471669427,12060.508014504709
2026-07-17 16:15:00,5205.467266034583,-562.1117246317265,4730.464818625059,-5.070557867985216,-0.9438002520860279,5.467316114979775,LARETS,-5215.627163,493.51216700000003,4727.109286,-10421.094429034583,1055.6238916317266,-3.3555326250589133,10474.424192242672
2026-07-17 16:18:00,4203.150177228856,-720.6812489533326,5621.833028215794,-6.0320383208505,-0.8127151282195594,4.4066182976586346,LARETS,-4206.944203,720.585189,5619.063851,-8410.094380228857,1441.2664379533326,-2.769177215794116,8532.698523788951
2026-07-17 16:21:00,3047.2378997487904,-852.9171579961555,6307.234804958542,-6.772053523366099,-0.6521113756584858,3.1858699503073225,LARETS,-3039.998074,892.89326,6305.157974000001,-6087.2359737487905,1745.8104179961556,-2.076830958540995,6332.637691271476
2026-07-17 16:24:00,1780.1000230515187,-954.0238795997628,6761.82878367771,-7.2642158919397515,-0.46789612773991035,1.8499394010206403,LARETS,-1758.92601,1000.630044,6760.515409,-3539.0260330515184,1954.653923599763,-1.3133746777102715,4042.9418680724757
2026-07-17 16:27:00,448.04995260583024,-1020.3453017349631,6969.221435471947,-7.491192755236039,-0.26678390390960816,0.4475404461890074,LARETS,-412.108845,1037.5534790000002,6968.706408,-860.1587976058302,2057.898780734963,-0.5150274719471781,2230.4306342279406
2026-07-17 16:30:00,-900.3296202321538,-1049.488720109715,6922.00559830091,-7.4451541909802454,-0.05605749186118622,-0.9704767107218688,LARETS,949.669547,1001.287242,6922.286086,1849.999167232154,2050.775962109715,0.2804876990903722,2761.915828587113
2026-07-17 16:33:00,-2215.9165526091965,-1040.4050915370747,6621.991498562994,-7.127944866056198,0.15667786635546993,-2.352830402349453,LARETS,2275.124375,893.436983,6623.027351,4491.040927609196,1933.8420745370747,1.0358524370058149,4889.702941457794
2026-07-17 16:36:00,-3450.7873022805134,-993.4246143192005,6080.1321150447,-6.551004873769214,0.3637448990603774,-3.6494982413942028,LARETS,3514.381112,719.519806,6081.849819,6965.168414280513,1712.9444203192006,1.7177039552998394,7172.708873006103
2026-07-17 16:39:00,-4559.918429475674,-910.2468289247711,5316.145561906185,-5.735040129470026,0.5576490550742085,-4.813391352130956,LARETS,4620.841309,488.70867599999997,5318.444691,9180.759738475674,1398.955504924771,2.299129093814372,9286.734149655078
2026-07-17 16:42:00,-5502.804690819625,-793.8845404799202,4357.838360288046,-4.7094202273052606,0.7313362374740543,-5.801998517128253,LARETS,5552.941552,213.399702,4360.598164,11055.746242819625,1007.2842424799203,2.7598037119541914,11101.538368500338
2026-07-17 16:45:00,-6244.941733235795,-648.5614004679403,3240.1381129518863,-3.5112716802968027,0.878448660979134,-6.578961038715964,LARETS,6275.746664,-91.38342,3243.2265610000004,12520.688397235795,557.1779804679403,3.08844804811406,12533.08001973596
2026-07-17 16:48:00,-6759.116170677438,-479.56428403728836,2003.8539271518846,-2.184243626366077,0.9935692655620807,-7.115508929919204,LARETS,6762.312822,-408.720649,2007.135159,13521.428992677438,70.84363503728838,3.2812318481153397,13521.614977181009
2026-07-17 16:51:00,-7026.444039213654,-293.0537195865754,694.1976924151453,-0.7769513201600697,1.0724409519982838,-7.391666030007565,LARETS,6994.749178,-720.635418,697.537298,14021.193217213655,-427.58169841342453,3.3396055848546666,14027.711734143306
2026-07-17 16:54:00,-7037.103180110292,-95.83831849993754,-640.8832220827326,0.6588565407380319,1.1121449040484848,-7.397125604539682,LARETS,6964.927206,-1009.0026330000001,-637.6114749999999,14002.030386110291,-913.1643145000626,3.271747082732645,14031.775892707283
2026-07-17 16:57:00,-6790.7172729240665,104.87807563533818,-1952.4946959790934,2.07031842206271,1.111223422743623,-7.131713669773633,LARETS,6674.794481,-1256.477877,-1949.405068,13465.511753924067,-1361.3559526353383,3.089627979093393,13534.15333039507
2026-07-17 17:00:00,-6296.368189289347,301.76553241826065,-3192.6269495959955,3.405548626771093,1.0697370622290916,-6.605392751807387,LARETS,6136.26688,-1447.400126,-3189.820389,12432.635069289347,-1749.1656584182606,2.8065605959955064,12555.078778864572
2026-07-17 17:03:00,-5572.236276813215,487.641229273694,-4315.944604181546,4.615662291397441,0.9892524878177021,-5.8378060116530275,LARETS,5370.709154,-1568.619365,-4313.508005,10942.945430813215,-2056.260594273694,2.436599181546626,11134.463088552326
2026-07-17 17:06:00,-4644.891164031271,655.7344641574933,-5281.456639464889,5.656616322150843,0.8727647476378,-4.857408954909871,LARETS,4408.036781000001,-1610.205932,-5279.461901,9052.927945031272,-2265.9403961574935,1.9947384648894513,9332.20200359208
2026-07-17 17:09:00,-3548.2747410862826,799.9324929842255,-6053.999092197937,6.490777180830763,0.7245637443014484,-3.7002715930611494,LARETS,3285.4911779999998,-1566.008174,-6052.503593,6833.765919086282,-2365.9406669842256,1.4954991979366241,7231.737973203454
2026-07-17 17:12:00,-2322.430291823682,914.9983115042169,-6605.479963790676,7.088168589157127,0.550058171651823,-2.4086498252580357,LARETS,2046.150426,-1434.035805,-6604.5273449999995,4368.580717823682,-2349.034116504217,0.9526187906767518,4960.086660142561
2026-07-17 17:15:00,-1012.0364354838199,996.7539516622983,-6915.853325837188,7.427393278442616,0.3555704201897354,-1.0294189342909608,LARETS,737.250725,-1216.649974,-6915.474853,1749.28716048382,-2213.403925662298,0.378472837188383,2821.1987968260064
2026-07-17 17:18:00,335.197198946331,1042.2250894619322,-6973.804449768115,7.496251758214909,0.14811333063181362,0.38756095623864817,LARETS,-591.617475,-920.5578290000001,-6974.020828,-926.814673946331,-1962.7829184619322,-0.21637823188484617,2170.5995189504033
2026-07-17 17:21:00,1670.2209274733382,1049.7443529384095,-6777.137670217986,7.292090926061883,-0.06484456367106073,1.7911081169175904,LARETS,-1890.373003,-556.61234,-6777.959607,-3560.5939304733383,-1606.3566929384097,-0.8219367820138359,3906.176088996971
2026-07-17 17:24:00,2944.376258824341,1019.0115343013966,-6332.863314394561,6.821905842804681,-0.2756228028615019,3.130398047485881,LARETS,-3110.3110619999998,-139.421291,-6334.289618,-6054.687320824341,-1158.4328253013966,-1.4263036054389886,6164.511918881234
2026-07-17 17:27:00,4111.123409282056,951.109116164135,-5656.981075481338,6.102195330680583,-0.4765816800687212,4.356656913418715,LARETS,-4205.914696000001,313.223454,-5658.992006,-8317.038105282056,-637.885662164135,-2.0109305186624624,8341.464200399703
2026-07-17 17:30:00,5127.718911856528,848.4715291082009,-4773.9577362303,5.158546947865893,-0.6603834011278971,5.4248616276815,LARETS,-5136.561357,781.078934,-4776.510108,-10264.280268856528,-67.39259510820091,-2.552371769700585,10264.501824936002
2026-07-17 17:33:00,5956.791154469625,714.8068791547832,-3715.900521657746,4.024911171350558,-0.8202581530479871,6.295414438253093,LARETS,-5868.0689919999995,1242.323272,-3718.9257749999997,-11824.860146469626,527.5163928452168,-3.0252533422535635,11836.62114711981
2026-07-17 17:36:00,6567.754388088997,554.9709527368932,-2521.4360425598275,2.742527296899408,-0.9502665199923355,6.935726594376429,LARETS,-6374.019177,1674.539157,-2524.8418580000002,-12941.773565088997,1119.5682042631067,-3.4058154401727734,12990.109605912188
2026-07-17 17:39:00,6937.996839682342,374.7953174649297,-1234.3194065640137,1.3584877379830798,-1.0455445188570425,7.321615211740052,LARETS,-6636.788842,2055.7630719999997,-1237.99306,-13574.785681682342,1680.96775453507,-3.6736534359863526,13678.467472312977
2026-07-17 17:42:00,7053.779667383834,180.87415533257024,98.18297143889585,-0.07603103001098435,-1.102514056651135,7.4384017812799685,LARETS,-6648.2359369999995,2365.5495260000002,94.369269,-13702.015604383832,2184.67537066743,-3.813702438895845,13875.087482329804
2026-07-17 17:45:00,6910.792913905456,-19.68235456866127,1427.0734910867734,-1.5077939543751213,-1.1190413004158075,7.281607855418189,LARETS,-6409.991309999999,2585.9938450000004,1423.2585660000002,-13320.784223905455,2605.6761995686616,-3.8149250867732007,13573.24041452521
2026-07-17 17:48:00,6514.332468213018,-219.51738020979786,2703.486670944499,-2.8836699281872384,-1.0945288481733368,6.857174532083618,LARETS,-5933.332695,2702.6585959999998,2699.815334,-12447.665163213018,2922.1759762097977,-3.6713369444992168,12786.066397845727
2026-07-17 17:51:00,5879.08607643205,-411.3067885874997,3880.546856698162,-4.152787868293676,-1.0299341239737505,6.181181272891259,LARETS,-5238.647814,2705.353532,3877.163377,-11117.73389043205,3116.6603205875,-3.3834796981623185,11546.323651289218
2026-07-17 17:54:00,5028.542594004446,-588.0351433986697,4915.1321071995035,-5.268544168907781,-0.9277145507555316,5.2790945634529445,LARETS,-4354.518595,2588.723335,4912.173127999999,-9383.061189004446,3176.75847839867,-2.9589791995040287,9906.242499668442
2026-07-17 17:57:00,3994.0622625788837,-743.2558042620011,5769.466024167337,-6.190345640894035,-0.7917077516974624,4.184624257566972,LARETS,-3316.482168,2352.617035,5767.0506239999995,-7310.544430578884,3095.8728392620014,-2.4154001673377934,7939.048705135022
2026-07-17 18:00:00,2813.6629085792943,-871.3246055385218,6412.4762463467005,-6.8850155955046475,-0.6269604191401544,2.9382938746847795,LARETS,-2165.54327,2002.22843,6410.696971,-4979.206178579294,2873.5530355385217,-1.7792753467001603,5748.8959272781785
2026-07-17 18:03:00,1530.5855702464648,-967.5992833095733,6820.878231867092,-7.327839044425144,-0.43952144028168494,1.5858353253905668,LARETS,-946.505238,1548.002689,6819.7974890000005,-2477.090808246465,2515.6019723095733,-1.0807428670914305,3530.4721105529334
2026-07-17 18:06:00,191.7035392460575,-1028.5995343758605,6979.961507670159,-7.5032628633062854,-0.23621333349850157,0.17650068473872113,LARETS,293.79955800000005,1005.315034,6979.607414,102.09601875394256,2033.9145683758604,-0.35409367015927273,2036.4754341457929
2026-07-17 18:09:00,-1154.1663493016179,-1052.1247808992064,6884.069505888497,-7.40528849590831,-0.02439204080508182,-1.2386475858883845,LARETS,1508.3047960000001,393.939799,6884.432226,2662.471145301618,1446.0645798992064,0.36272011150322214,3029.8276354222953
2026-07-17 18:12:00,-2457.998441619469,-1037.328083547283,6536.772123420858,-7.037595091621005,0.18829965207673016,-2.6084389529218126,LARETS,2651.478211,-262.67067,6537.804107,5109.476652619469,774.6574135472831,1.0319835791415244,5167.866758829733
2026-07-17 18:15:00,-3672.29271031999,-984.7452282162766,5950.733136138572,-6.413413813064221,0.39418351010561126,-3.883282552242238,LARETS,3681.0108689999997,-938.276941,5952.354994,7353.30357931999,46.46828721627662,1.6218578614279977,7353.450581990737
2026-07-17 18:18:00,-4752.7640881828565,-896.2781327754459,5147.275224050173,-5.555149013188189,0.5858018016727946,-5.016837327843244,LARETS,4559.379858,-1604.8869280000001,5149.384247999999,9312.143946182856,-708.6087952245542,2.1090239498262235,9339.066106794706
2026-07-17 18:21:00,-5659.939017818267,-775.1318708560738,4155.6470036496285,-4.493720987984504,0.7561759902739458,-5.9676469729766835,LARETS,5255.230317,-2233.9003620000003,4158.125134,10915.169334818267,-1458.7684911439264,2.47813035037143,11012.217454247868
2026-07-17 18:24:00,-6360.606124136356,-625.7052658293505,3012.0020199332466,-3.267598361455791,0.8990624875108425,-6.70069470218056,LARETS,5744.530032,-2797.321468,3014.725027,12105.136156136356,-2171.6162021706496,2.7230070667533255,12298.383865488067
2026-07-17 18:27:00,-6829.063069934714,-453.4364632482847,1758.1105091143595,-1.9215011764044474,1.0091950293567233,-7.18880315356017,LARETS,6011.446267,-3268.991679,1760.954307,12840.509336934714,-2815.5552157517154,2.8437978856404698,13145.57109037263
2026-07-17 18:30:00,-7048.100884180225,-264.6071470237122,439.8402491425142,-0.5047870740605568,1.0824993313374969,-7.413784292133225,LARETS,6048.896375,-3625.784549,442.686472,13096.997259180225,-3361.177401976288,2.8462228574857704,13521.42221940854
2026-07-17 18:33:00,-7009.673017417484,-66.11182237645937,-894.539586815589,0.9304251007167323,1.116264177530846,-7.367242115249448,LARETS,5858.745112,-3848.703981,-891.798101,12868.418129417483,-3782.592158623541,2.7414858155890443,13412.836989531534
2026-07-17 18:36:00,-6715.209971763121,134.7986735376947,-2196.1616732499006,2.331298850888929,1.1092548480649405,-7.050950773020446,LARETS,5451.630732,-3923.825489,-2193.6175630000002,12166.84070376312,-4058.6241625376947,2.5441102499003136,12825.928788044117
2026-07-17 18:39:00,-6175.560328124321,330.78813924872753,-3417.39032414489,3.646366866223167,1.0617596514133831,-6.476769212546915,LARETS,4846.423917,-3843.027574,-3415.121137,11021.98424512432,-4173.815713248728,2.269187144890111,11785.791422604636
2026-07-17 18:42:00,-5410.562266829717,514.7081036948645,-4513.594582510227,4.827529752378592,0.9755672127468951,-5.666101657899654,LARETS,4069.351573,-3604.479037,-4511.663012,9479.913839829718,-4119.187140694865,1.931570510227175,10336.173026881159
2026-07-17 18:45:00,-4448.272205183762,679.8609304459044,-5444.787272843391,5.831850864189196,0.8538793735952848,-4.64895916086366,LARETS,3152.833551,-3212.8580690000003,-5443.2430810000005,7601.105756183762,-3892.718999445905,1.544191843390763,8539.9105563153
2026-07-17 18:48:00,-3323.8951282990006,820.2422315446402,-6177.065762681433,6.623065657354301,0.7011702890658597,-3.462709817845397,LARETS,2134.0968679999996,-2679.295057,-6175.946988,5457.991996299001,-3499.53728854464,1.118774681433024,6483.551427823729
2026-07-17 18:51:00,-2078.4720645199,930.7541003512774,-6683.807282379874,7.17276687863757,0.5230052417023211,-2.1506169550503493,LARETS,1053.6427509999999,-2021.052516,-6683.14004,3132.1148155199,-2951.8066163512776,0.6672423798736418,4303.87104397272
2026-07-17 18:54:00,-757.3834661428403,1007.3831181302156,-6946.588916078462,7.46126642393299,0.3258323732117361,-0.7602548931463321,LARETS,-46.371282,-1260.954475,-6946.39288,711.0121841428404,-2268.3375931302157,0.19603607846147497,2377.1608697851093
2026-07-17 18:57:00,591.2754101067115,1047.3392236954462,-6955.816395540208,7.478160275849902,0.11675751706262578,0.6581334269462824,LARETS,-1123.770947,-426.587131,-6956.108464,-1715.0463571067116,-1473.9263546954462,-0.29206845979206264,2261.3807709881135
2026-07-17 19:00:00,1918.3965887316538,1049.1529878735619,-6711.054672579711,7.222628919886108,-0.09669203525917582,2.0533032693855526,LARETS,-2137.96435,450.694865,-6711.848418,-4056.3609387316537,-598.4581228735619,-0.79374542028836,4100.270335006349
2026-07-17 19:03:00,3175.5933228933436,1012.7295186474169,-6221.057006475287,6.703492984817266,-0.3068129389526526,3.3746898985625777,LARETS,-3051.4556740000003,1336.929829,-6222.357734,-6227.048996893343,324.2003103525831,-1.3007275247127836,6235.482879684235
2026-07-17 19:06:00,4316.92181506781,939.3573561159606,-5503.489991391016,5.939019814461496,-0.5059804416910376,4.574104509641464,LARETS,-3831.225632,2196.8444210000002,-5505.287876,-8148.1474470678095,1257.4870648840397,-1.797884608984532,8244.609376428783
2026-07-17 19:09:00,5300.543633490526,831.6707408668851,-4584.352774437128,4.956452489814145,-0.6869114706915571,5.60743286874064,LARETS,-4449.9436430000005,2995.246851,-4586.619904,-9750.487276490527,2163.5761101331145,-2.2671295628724693,9987.645811362097
2026-07-17 19:12:00,6090.27526488668,693.5640678039765,-3497.09295856436,3.7912200616505016,-0.8429317851572828,6.436298536593362,LARETS,-4886.967241,3698.472103,-3499.779734,-10977.24250588668,3004.908035196024,-2.6867754356403566,11381.095402104014
2026-07-17 19:15:00,6656.964109928654,530.0585720819549,-2281.4315180046433,2.485794505554251,-0.9682376445060022,7.029618836137416,LARETS,-5129.078769999999,4275.817703,-2284.463661,-11786.042879928653,3745.759130918045,-3.0321429953564802,12366.953037359846
2026-07-17 19:18:00,6979.626216581369,347.1234743433474,-981.9246840165174,1.0881879286383673,-1.0581374275812183,7.364953253733832,LARETS,-5170.925741,4700.906181,-985.204381,-12150.551957581369,4353.782706656653,-3.2796969834826086,12907.027058431358
2026-07-17 19:21:00,7046.283618150563,151.45674486512914,353.68981260543876,-0.34987259413952426,-1.1092556292123104,7.429532208321674,LARETS,-5015.1367549999995,4952.904055,350.278359,-12061.420373150562,4801.447310134871,-3.411453605438737,12981.978636859196
2026-07-17 19:24:00,6854.450235940248,-49.766161126314124,1676.295245762924,-1.7750066445756483,-1.1196819904943323,7.220865937234733,LARETS,-4672.096893,5017.530264,1672.87917,-11526.547128940249,5067.296425126314,-3.416075762924038,12591.218902288698
2026-07-17 19:27:00,6411.234577100864,-249.16444409009162,2937.265014201713,-3.1343528643161385,-1.0890525458574782,6.746868423045034,LARETS,-4159.3874240000005,4887.790675,2933.978076,-10570.622001100865,5136.955119090092,-3.2869382017129283,11752.717481062255
2026-07-17 19:30:00,5733.052238289506,-439.43203229443657,4090.3089483871213,-4.377706884022136,-1.0185563265172906,6.02548237455347,LARETS,-3500.916812,4564.398656,4087.286435,-9233.969050289506,5003.830688294437,-3.0225133871213075,10502.595637003686
2026-07-17 19:33:00,4844.967237477622,-613.6122491052741,5093.209822114708,-5.459485874087896,-0.9108696745077578,5.083845814045128,LARETS,-2725.798571,4055.865656,5090.579641,-7570.765808477621,4669.477905105274,-2.6301811147077387,8894.971936489335
2026-07-17 19:36:00,3779.7038013596966,-765.3547899322784,5909.3746616269245,-6.340411178960767,-0.770027541010138,3.957085255346529,LARETS,-1867.041153,3378.262446,5907.248514000001,-5646.744954359697,4143.617235932279,-2.126147626923739,7003.948664718031
2026-07-17 19:39:00,2576.385806429321,-889.1449013840321,6509.143297739263,-6.988845989871708,-0.6012459841860369,2.686844431860138,LARETS,-960.1157589999999,2554.666894,6507.6096179999995,-3536.5015654293206,3443.811795384032,-1.533679739263789,4936.262286030167
2026-07-17 19:42:00,1279.068024948555,-980.4973908926925,6870.816563937787,-7.381772664886213,-0.41071139110975313,1.319657121755449,LARETS,-41.47562,1614.331984,6869.932528,-1320.5436449485549,2594.8293748926926,-0.8840359377863933,2911.5246494817034
2026-07-17 19:45:00,-64.87751340459411,-1036.110746644117,6981.384412645642,-7.505431285556214,-0.20534987874147292,-0.09474862297054079,LARETS,852.905867,591.618394,6981.1692889999995,917.783380404594,1627.7291406441168,-0.2151236456429615,1868.6435012936795
2026-07-17 19:48:00,-1406.4625550188002,-1053.9787000158306,6836.9470579318795,-7.35565870062601,0.007413948392602365,-1.5051599600592236,LARETS,1688.9314180000001,-475.26913299999995,6837.379961000001,3095.3939730188004,578.7095670158305,0.43290306812104973,3149.0266430377865
2026-07-17 19:51:00,-2696.8205925379107,-1033.4577766769783,6442.829171191297,-6.937963770221562,0.21990441563385296,-2.860578761920554,LARETS,2435.663753,-1545.700077,6443.852334,5132.4843455379105,-512.2423003230217,1.0231628087030913,5157.983014541059
2026-07-17 19:54:00,-3888.9361165394816,-975.2898494271464,5813.389451124495,-6.267354994279428,0.42444725981888276,-4.1119063335082595,LARETS,3066.46004,-2578.1515329999997,5814.916485000001,6955.396156539482,-1602.8616835728535,1.5270338755053672,7137.69595898443
2026-07-17 19:57:00,-4939.320088529727,-881.5787929283364,4971.528441464527,-5.3679115132275586,0.6136268520063672,-5.21360889228936,LARETS,3559.924742,-3531.8091600000002,4973.454444,8499.244830529728,-2650.2303670716637,1.9260025354733443,8902.858383537327
2026-07-17 20:00:00,-5809.583046802469,-755.720549594491,3947.8996661569536,-4.272069525724381,0.7805457846652993,-6.1253417086642585,LARETS,3900.6468640000003,-4368.18223,3950.110509,9710.229910802469,-3612.4616804055095,2.210842843046521,10360.427076181135
2026-07-17 20:03:00,-6467.851667997795,-602.2867028545234,2779.8356723473257,-3.0195930496365797,0.9190802922005441,-6.813481069908094,LARETS,4079.696164,-5052.673864,2782.215801,10547.547831997796,-4450.387161145477,2.3801286526741023,11448.000559808786
2026-07-17 20:06:00,-6889.970270272452,-426.86326661027283,1510.0124343013088,-1.6562147761851425,1.0241202164979857,-7.252484393604738,LARETS,4094.853257,-5556.039347,1512.450275,10984.823527272452,-5129.176080389727,2.4378406986911614,12123.316424643373
2026-07-17 20:09:00,-7060.429089579072,-235.84878495990833,184.89172762395694,-0.23196686592151766,1.0917786344099283,-7.4259813185507495,LARETS,3950.559791,-5855.661072,187.283275,11010.988880579072,-5619.812287040091,2.3915473760430643,12362.2074076316
2026-07-17 20:12:00,-6972.96857065811,-36.21864476427687,-1147.0013164704392,1.200735713524985,1.119555293027517,-7.327500630761712,LARETS,3657.58737,-5936.572872000001,-1144.747605,10630.55594065811,-5900.354227235724,2.253711470439157,12158.244309666396
2026-07-17 20:15:00,-6630.823883102247,164.7348104951866,-2436.893025045107,2.589157167933508,1.106440335854411,-6.960761709645167,LARETS,3232.440523,-5792.182281,-2434.851671,9863.264406102247,-5956.9170914951865,2.041354045107255,11522.536619458293
2026-07-17 20:18:00,-6046.594761140818,359.67479258965574,-3637.5866257825833,3.882321073857808,1.0529501301715452,-6.33950036821165,LARETS,2696.518472,-5424.645514999999,-3635.813408,8743.113233140819,-5784.320307589655,1.7732177825832878,10483.338856138225
2026-07-17 20:21:00,-5241.749224781015,541.492785969332,-4705.215529162317,5.032978599896312,0.9610940920525411,-5.486847701041368,LARETS,2075.082676,-4844.876883999999,-4703.750940999999,7316.831900781015,-5386.369669969331,1.464588162317341,9085.648542116887
2026-07-17 20:24:00,-4245.791671016251,703.5695010061048,-5600.849118090243,5.999354253075275,0.8342784861196162,-4.434324691359316,LARETS,1396.0832890000001,-4072.193633,-5599.723953,5641.874960016251,-4775.763134006104,1.125165090243172,7391.797335059089
2026-07-17 20:27:00,-3095.1425728687104,840.0136791666256,-6291.889843043655,6.746595392983828,0.6771585011835832,-3.2205441354320192,LARETS,688.913843,-3133.625426,-6291.128808,3784.0564158687102,-3973.6391051666255,0.761035043654374,5487.156939231911
2026-07-17 20:30:00,-1831.7864342239402,945.8706547225131,-6753.217859490385,7.2478949610609105,0.49545227408337433,-1.8897189242058803,LARETS,-16.849520000000002,-2062.929099,-6752.842491,1814.9369142239402,-3008.799753722513,0.37536849038497166,3513.811620095032
2026-07-17 20:33:00,-501.7466436250985,1017.2950008944907,-6968.056324231353,7.485294440670003,0.2957296758315579,-0.49006242884064416,LARETS,-692.671314,-899.350903,-6968.087622999999,-190.92467037490155,-1916.6459038944909,-0.03129876864659309,1926.1318105604578
2026-07-17 20:36:00,846.5576131094875,1051.6836188256343,-6928.543595600103,7.450196170367634,0.0851853045162474,0.9278604897888441,LARETS,-1312.1923319999999,313.815413,-6929.003347,-2158.7499451094873,-737.8682058256343,-0.4597513998969589,2281.3704271884267
2026-07-17 20:39:00,2164.0229264732875,1047.7669383622685,-6636.00639040162,7.143616293773898,-0.12859927659337572,2.312803580166412,LARETS,-1852.24365,1530.824203,-6636.914784,-4016.2665764732874,483.05726463773135,-0.9083935983799165,4045.2122761846103
2026-07-17 20:42:00,3402.5967219186173,1005.656459467903,-6100.93092426145,6.576194090735775,-0.33790270307228265,3.614523955987783,LARETS,-2293.706906,2705.179089,-6102.300424999999,-5696.303627918617,1699.5226295320972,-1.3695007385495046,5944.430508069109
2026-07-17 20:45:00,4516.991483606746,926.8469383276888,-5342.6295135022465,5.767948442653636,-0.5351205170188486,4.785480119458421,LARETS,-2622.195581,3791.393976,-5344.459581,-7139.187064606746,2864.547037672311,-1.8300674977535891,7692.439471561187
2026-07-17 20:48:00,5466.330030176553,814.171580958275,-4388.601362422306,4.747749344664863,-0.7130301600634643,5.782527755169088,LARETS,-2828.537404,4746.763148,-4390.875266,-8294.867434176553,3932.5915670417253,-2.273903577694,9179.875127384243
2026-07-17 20:51:00,6215.666864359352,671.7091566797164,-3273.591455323531,3.552462882063629,-0.8650590135285221,6.568568920957868,LARETS,-2909.037867,5533.0752,-3276.2713009999998,-9124.704731359352,4861.366043320284,-2.6798456764686307,10338.913067784839
2026-07-17 20:54:00,6737.323784813464,504.64334975856417,-2038.3624643189241,2.225738979935528,-0.9855449457755454,7.11407658228323,LARETS,-2865.506593,6118.191599000001,-2041.3825530000001,-9602.830377813465,5613.548249241437,-3.020088681076004,11123.231739586941
2026-07-17 20:57:00,7011.974961273166,319.0770129217654,-728.2111537392456,0.8164428920161931,-1.0699740231671544,7.398390377761126,LARETS,-2705.044151,6477.42265,-731.4779080000001,-9717.019112273167,6158.345637078235,-3.26675426075451,11504.15977312928
2026-07-17 21:00:00,7029.420786818593,121.80701809577558,608.7194754189096,-0.6232228903140823,-1.1151775380591076,7.410671924093004,LARETS,-2439.594097,6594.623062,605.322366,-9469.014883818592,6472.816043904224,-3.397109418909622,11469.943415228969
2026-07-17 21:03:00,6789.002575052131,-79.93141581182533,1923.262037477038,-2.039811747442401,-1.119471492835816,7.150424498546503,LARETS,-2085.2823160000003,6462.948953,1919.86368,-8874.284891052132,6542.880368811825,-3.398357477037962,11025.526173247827
2026-07-17 21:06:00,6299.630756788751,-278.73936332806545,3167.096396278239,-3.3808098433081977,-1.0827263125961302,6.627520920159014,LARETS,-1661.5666019999999,6085.215783,3163.8363999999997,-7961.1973587887505,6363.955146328065,-3.259996278239214,10192.183236070483
2026-07-17 21:09:00,5579.424599586925,-467.3346714838549,4294.581366955709,-4.596750788201929,-1.0063618858104857,5.8617362429691555,LARETS,-1190.248277,5473.835798,4291.6042259999995,-6769.672876586925,5941.170469483855,-2.9771409557097286,9006.996517531912
2026-07-17 21:12:00,4654.987172532143,-638.8250092348267,5264.461087510051,-5.643133317936047,-0.893271265873251,4.881835472001166,LARETS,-694.4074109999999,4650.35862,5261.905827,-5349.394583532143,5289.183629234827,-2.5552605100510846,7522.73171151577
2026-07-17 21:15:00,3560.360762650155,-786.9614932097292,6041.373712351582,-6.48204136290215,-0.747683451306541,3.724307656845366,LARETS,-197.31057800000002,3644.6384980000003,6039.363547,-3757.671340650155,4431.5999912097295,-2.0101653515821454,5810.264746739029
2026-07-17 21:18:00,2335.7219191764293,-906.3632119863436,6597.108673121848,-7.083412830525447,-0.5749799256546904,2.43185709455535,LARETS,278.65007099999997,2493.682312,6595.739176,-2057.0718481764293,3400.0455239863436,-1.369497121848326,3973.8968317335475
2026-07-17 21:21:00,1025.8806311238402,-992.7057318305522,6911.57860645807,-7.425949939529161,-0.3814803108194768,1.0517574812616788,LARETS,712.936196,1240.235575,6910.9089460000005,-312.9444351238402,2232.941306830552,-0.669660458069302,2254.7641889275787
2026-07-17 21:24:00,-321.35391051795096,-1042.8692385544337,6973.489122088193,-7.497697708681414,-0.17420992046389908,-0.3658494103695618,LARETS,1087.72542,-68.83136400000001,6973.537093,1409.079330517951,974.0378745544336,0.047970911807169614,1712.966532965733
2026-07-17 21:27:00,-1656.884862916739,-1055.0438776348888,6780.701283058136,-7.296330726910455,0.039342489191351915,-1.7696621104690688,LARETS,1388.6247779999999,-1384.275031,6781.44243,3045.509640916739,-329.23115336511114,0.7411469418639172,3063.253609246501
2026-07-17 21:30:00,-2932.0673270689085,-1028.790916690044,6340.287539739177,-6.829181139022405,0.2514730610831572,-3.108916055365474,LARETS,1605.2137420000001,-2656.316653,6341.661652,4537.281069068908,-1627.5257363099558,1.374112260822585,4820.348681399186
2026-07-17 21:33:00,-4100.4308114764035,-965.0587182207569,5668.283562300967,-6.11301926494774,0.4545165220186062,-4.335065207586296,LARETS,1731.4010759999999,-3836.512821,5670.204389,5831.831887476404,-2871.454102779243,1.9208266990335687,6500.424256748905
2026-07-17 21:36:00,-5119.33911708006,-866.152580133218,4789.139023359027,-5.1735733620419735,0.6411047244367316,-5.403442142238554,LARETS,1765.583792,-4879.597926,4791.500833,6884.92290908006,-4013.445345866782,2.3618096409727514,7969.310671970315
2026-07-17 21:39:00,-5951.538057880577,-735.6577848008726,3734.873236400521,-4.044758504842319,0.804427037657513,-6.274869570320101,LARETS,1710.606699,-5745.231963,3737.556159,7662.144756880577,-5009.574178199127,2.682922599479298,9154.469013566306
2026-07-17 21:42:00,-6566.535798639449,-578.316124351264,2543.949079497847,-2.767585123436007,0.9384851774713179,-6.917166587037683,LARETS,1573.5247080000001,-6399.599715,2546.826,8140.060506639449,-5821.283590648736,2.876920502153098,10007.394064949132
2026-07-17 21:45:00,-6941.756891699416,-399.8579395706035,1259.8914630156376,-1.3887382748738224,1.0383303657482446,-7.306465415643373,LARETS,1365.1710449999998,-6816.781518,1262.832895,8306.927936699416,-6416.923578429396,2.9414319843624526,10496.759910036168
2026-07-17 21:48:00,-7063.412646903006,-206.79421322243195,-70.30669947641798,0.04114470966346636,1.1002674769253078,-7.4282401577299275,LARETS,1099.5521820000001,-6979.832832,-67.42294199999999,8162.9648289030065,-6773.038618777568,2.8837574764179834,10606.981438911685
2026-07-17 21:51:00,-6927.0393433306135,-6.176101141870518,-1397.9305962844198,1.4694274505395153,1.1220104112729987,-7.277955277038247,LARETS,793.094136,-6881.517054,-1395.210078,7720.133479330613,-6875.34095285813,2.720518284419768,10337.832536753014
2026-07-17 21:54:00,-6537.672076679473,194.66809995637107,-2674.3669137923025,2.8435502910296626,1.1027758524612914,-6.861269224294196,LARETS,463.77507,-6524.633481,-2671.898035,7001.447146679473,-6719.301580956371,2.4688787923023483,9704.085839426163
2026-07-17 21:57:00,-5909.643714157423,388.4067273949755,-3852.921895704176,4.1130990885195144,1.0433083229952187,-6.193772128668697,LARETS,130.19794100000001,-5921.922020999999,-3850.7763849999997,6039.841655157424,-6310.328748394975,2.1455107041765586,8734.983728399902
2026-07-17 22:00:00,-5066.021921622012,567.9768181198328,-4890.552054257097,5.231738881133077,0.9458366837539247,-5.300285305766113,LARETS,-189.34867000000003,-5095.565175,-4888.786643,4876.673251622012,-5663.541993119832,1.7654112570962752,7473.797764697294
2026-07-17 22:03:00,-4037.7184270837633,726.8426759573751,-5749.4344511147565,6.158907851230363,0.8139691255687506,-4.213792283874999,LARETS,-477.79717200000005,-4076.310628,-5748.093962,3559.9212550837633,-4803.153303957375,1.340489114756565,5978.571970012978
2026-07-17 22:06:00,-2862.3201495494523,859.2308926104693,-6398.318521281036,6.861205898451448,0.6525385788235785,-2.9740960783776593,LARETS,-720.1285330000001,-2902.26894,-6397.438718,2142.191616549452,-3761.499832610469,0.8798032810354925,4328.725757864218
2026-07-17 22:09:00,-1582.6997645108804,960.3341246453023,-6813.619043952925,7.313455189239747,0.4674122661878882,-1.6263007196452781,LARETS,-904.082941,-1617.445657,-6813.22986,678.6168235108804,-2577.779781645302,0.38918395292421337,2665.6086635654997
2026-07-17 22:12:00,-245.46402982130465,1026.4783134719873,-6980.226241519734,7.499445311664371,0.2652777463693377,-0.21919839753751008,LARETS,-1020.725897,-270.073332,-6980.35358,-775.2618671786954,-1296.5516454719873,-0.12733848026618944,1510.6545430020074
2026-07-17 22:15:00,1100.705983555802,1055.2499513644104,-6892.021167073087,7.412394128039402,0.05341412193900349,1.196385131498466,LARETS,-1064.849733,1089.193389,-6892.6867680000005,-2165.555716555802,33.94343763558959,-0.6656009269136121,2165.821821270307
2026-07-17 22:18:00,2406.774332208871,1045.5811643701732,-6552.091330916097,7.055153835705288,-0.16054732125431304,2.5692637126421913,LARETS,-1035.196276,2409.1598110000004,-6553.308761,-3441.9706082088705,1363.5786466298273,-1.2174300839033094,3702.230392000825
2026-07-17 22:21:00,3625.084772497431,997.790827194424,-5972.643789690743,6.440173629194865,-0.36887216135837014,3.8495784878074177,LARETS,-934.494991,3639.995872,-5974.413425,-4559.5797634974315,2642.205044805576,-1.7696353092569552,5269.82146282969
2026-07-17 22:24:00,4711.065745465269,913.5799577802005,-5174.613259967387,5.589204844383042,-0.5639816912061718,4.990497457228575,LARETS,-769.3141310000001,4735.113832,-5176.919381,-5480.379876465269,3821.5338742197996,-2.306121032612282,6681.219204633919
2026-07-17 22:27:00,5624.8565103898245,795.9797494412702,-4186.964602136044,4.5327133905586825,-0.7387197673057222,5.94990678780604,LARETS,-549.727632,5652.9564869999995,-4189.772843,-6174.584142389825,4856.976737558729,-2.808240863955689,7855.935351494134
2026-07-17 22:30:00,6332.798031362375,649.2512818990283,-3045.6952365376333,3.3089583067330097,-0.8866215073935738,6.692043069534252,LARETS,-288.809862,6358.628967000001,-3048.949104,-6621.607893362375,5709.3776851009725,-3.253867462366543,8743.151333027543
2026-07-17 22:33:00,6808.725830504422,478.73753385909305,-1792.5551953362278,1.9627103231389715,-1.0021723149793726,7.188982540181269,LARETS,-1.974844,6825.298546,-1796.172002,-6810.700674504423,6346.561012140907,-3.616806663772195,9309.376640775281
2026-07-17 22:36:00,7035.000179837067,290.6708230749584,-473.51993316044,0.5436193533557295,-1.081041176345079,7.421880058370124,LARETS,293.811642,7035.294258000001,-477.389558,-6741.188537837067,6744.623434925043,-3.8696248395600037,9535.910190202208
2026-07-17 22:39:00,7003.214714461084,91.94191453948783,862.9290315355177,-0.8957130218283922,-1.1202702186104652,7.381847411356141,LARETS,580.9102730000001,6980.842366999999,858.942289,-6422.304441461084,6888.900452460512,-3.986742535517692,9418.22486867018
2026-07-17 22:42:00,6714.538933689509,-110.15980714757784,2167.642204723982,-2.3018532893396424,-1.1184041665696485,7.070381725128415,LARETS,841.932141,6664.388631,2163.695549,-5872.606792689508,6774.548438147578,-3.946655723982076,8965.602749310397
2026-07-17 22:45:00,6179.671844852856,-308.2231749117378,3392.672953953341,-3.622712026372858,-1.0755485483643004,6.499297208196058,LARETS,1060.652264,6098.483215,3388.937265,-5119.019580852856,6406.706389911738,-3.735688953341196,8200.62571948402
2026-07-17 22:48:00,5418.409795151799,-494.99581277943054,4493.0914616149375,-4.809630338235626,-0.9933531414082735,5.690167466587146,LARETS,1222.864277,5305.243405,4489.737415,-4195.545518151799,5800.239217779431,-3.3540466149379426,7158.588438231303
2026-07-17 22:51:00,4458.856753633746,-663.6552870982848,5428.65830618297,-5.819246995382927,-0.8749253372984437,4.673337785904145,LARETS,1317.138976,4315.4257609999995,5425.845098,-3141.7177776337458,4979.081048098285,-2.813208182969902,5887.414253470849
2026-07-17 22:54:00,3336.325545762841,-808.0591631174868,6165.288587571134,-6.615054028056464,-0.724684800674407,3.4866042843512,LARETS,1335.439892,3167.150023,6163.156013000001,-2000.885653762841,3975.2091861174868,-2.1325745711328636,4450.374818001412
2026-07-17 22:57:00,2091.9908717140784,-922.964730413063,6676.256684928082,-7.168596445906482,-0.5481744565784117,2.1736715290857176,LARETS,1273.574068,1904.364979,6674.911905,-818.4168037140785,2827.329709413063,-1.3447799280820618,2943.3995920982898
2026-07-17 23:00:00,771.3586930223522,-1004.2119265674438,6943.111335182242,-7.4603166659075715,-0.3518428871414685,0.7824910220965189,LARETS,1131.4589839999999,575.1255659999999,6942.620441,360.10029097764766,1579.3374925674439,-0.4908941822423003,1619.8701725658466
2026-07-17 23:03:00,-577.3865781463867,-1048.86546533634,6956.286901667271,-7.480074501480073,-0.14281019553153354,-0.6364439265906374,LARETS,913.1980080000001,-770.250713,6956.669233,1490.5845861463868,278.6147523363401,0.3823313327284268,1516.399925762951
2026-07-17 23:06:00,-1905.1023853598037,-1055.313932634219,6715.407247145126,-7.227382938060462,0.07137524781839621,-2.0318048489183185,LARETS,626.962939,-2081.07773,6716.636933,2532.0653243598035,-1025.7637973657809,1.2296858548734235,2731.9494297916435
2026-07-17 23:09:00,-3163.4276477507874,-1023.3245285871537,6229.283509906816,-6.711389312779331,0.2829861704616957,-3.3531217894781236,LARETS,284.685916,-3308.195903,6231.2979239999995,3448.1135637507873,-2284.8713744128463,2.0144140931834045,4136.439097097592
2026-07-17 23:12:00,-4306.496826972023,-954.0524080805462,5515.608308909294,-5.950608422663742,0.48437139671745016,-4.5524616755317036,LARETS,-98.42881299999999,-4405.806161,5518.313081,4208.0680139720225,-3451.753752919454,2.7047720907066832,5442.650796881979
2026-07-17 23:15:00,-5292.582458756346,-850.00364139203,4600.349691859064,-4.972389904685973,0.6682157366384028,-5.586082089631518,LARETS,-504.552164,-5333.175445,4603.618804,4788.030294756346,-4483.17180360797,3.2691121409361585,6559.273908845725
2026-07-17 23:18:00,-6085.615506667237,-714.9511887156095,3516.8517430656434,-3.8120884301696623,0.8278010597333674,-6.416028137867604,LARETS,-914.017213,-6056.173599000001,3520.53643,5171.598293667237,-5341.222410284391,3.684686934356705,7434.655292890443
2026-07-17 23:21:00,-6656.527345520531,-553.8043569676636,2304.6573201997867,-2.511909616706817,0.9572602454074872,-7.01160990129204,LARETS,-1306.222588,-6548.582179999999,2308.596011,5350.304757520531,-5994.777823032336,3.938690800213408,8035.119019600915
2026-07-17 23:24:00,-6984.354245041566,-372.434131830598,1008.0821317040414,-1.1194286583450062,1.0518111218388169,-7.350672175982409,LARETS,-1660.608595,-6793.102592,1012.110535,5323.7456500415665,-6420.668460169402,4.028403295958583,8340.699458066076
2026-07-17 23:27:00,-7057.048060191859,-177.45938807564022,-325.41350336654466,0.3141826386201384,1.1079546752639635,-7.420557456836321,LARETS,-1957.662943,-6782.017634,-321.452227,5099.385117191859,-6604.55824592436,3.9612763665446664,8344.095750226967
2026-07-17 23:30:00,-6871.947178996076,23.9981597106349,-1646.991692810501,1.736141709974382,1.123621968231997,-7.2186735628074485,LARETS,-2179.89966,-6517.459275,-1643.2407779999999,4692.047518996076,-6541.457434710635,3.750914810501172,8050.216727517974
2026-07-17 23:33:00,-6435.87930622948,224.57987652156493,-2908.2659269707788,3.094140065485769,1.0982576905014543,-6.752608627405502,LARETS,-2312.759707,-6011.2689,-2904.8498539999996,4123.11959922948,-6235.848776521565,3.416072970779169,7475.689724884943
2026-07-17 23:36:00,-5764.889997418751,416.964961441362,-4063.1087488470766,4.338395982891131,1.0328344102639782,-6.039781635076814,LARETS,-2345.389897,-5284.457636,-4060.1309530000003,3419.5001004187507,-5701.422597441362,2.9777958470763224,6648.248599341557
2026-07-17 23:39:00,-4883.614232305603,594.1415905352261,-5069.357212789302,5.423549790138042,0.9297989161946146,-5.106665139416776,LARETS,-2271.2577,-4366.291983,-5066.901836,2612.3565323056027,-4960.433573535226,2.455376789302136,5606.274513276208
2026-07-17 23:42:00,-3824.3286568535464,749.662871159688,-5890.345527386221,6.310303647375508,0.7929587096002284,-3.9876561896227836,LARETS,-2088.571479,-3293.0624980000002,-5888.478477,1735.7571778535462,-4042.7253691596884,1.8670503862213081,4399.600536048084
2026-07-17 23:45:00,-2625.7362369911284,877.8779128265338,-6496.210127068616,6.966748367419182,0.6273211031797138,-2.723692559435268,LARETS,-1800.49182,-2106.60553,-6494.981047,825.2444169911284,-2984.4834428265335,1.2290800686159855,3096.477236945003
2026-07-17 23:48:00,-1331.541553612668,974.1307139036577,-6864.930097403202,7.3693622734380115,0.43889860517748325,-1.3607105083847968,LARETS,-1415.1249480000001,-852.643003,-6864.376735000001,-83.58339438733219,-1826.7737169036577,0.5533624032013904,1828.6849654320622
2026-07-17 23:51:00,11.125438287028494,1034.9218938248405,-6983.081643943413,7.503699712805206,0.2344923980069088,0.0519793947516474,LARETS,-945.302228,420.987185,-6983.230949,-956.4276662870285,-613.9347088248405,-0.14930505658685433,1136.516489027367
2026-07-17 23:54:00,1353.3841131134884,1058.0300932152895,-6846.2964801776625,7.364801545341042,0.021461789687354026,1.4633516430013966,LARETS,-408.15621600000003,1666.141262,-6847.161631,-1761.5403291134885,608.1111687847106,-0.8651508223374549,1863.551521471813
2026-07-17 23:57:00,2646.328878222458,1042.590890144411,-6459.419814813292,6.957354729048202,-0.19251683220539326,2.8223419123934415,LARETS,175.49515599999998,2836.1651620000002,-6460.996056,-2470.833722222458,1793.5742718555891,-1.5762411867081028,3053.1836558042614
2026-07-18 00:00:00,3842.7616468165334,989.1314195376688,-5836.365287626431,6.2956077712834215,-0.39970105504695647,4.079537626346564,LARETS,781.938363,3887.6283820000003,-5838.628767,-3060.823283816533,2898.496962462332,-2.263479373568771,4215.439353080016
2026-07-18 00:03:00,4898.885798365144,899.5588889801201,-4999.664554520359,5.403023221059497,-0.5925434984801764,5.188878326984382,LARETS,1385.5105800000001,4781.945242,-5002.571169,-3513.375218365144,3882.3863530198796,-2.906614479640666,5236.0994707458585
2026-07-18 00:06:00,5775.911115087298,777.1013624507243,-3979.71165612193,4.311629466604129,-0.7639604390829895,6.109340617908389,LARETS,1959.667175,5486.824591,-3983.195748,-3816.2439400872977,4709.7232285492755,-3.484091878070103,6061.783800061319
2026-07-18 00:09:00,6441.511908514661,626.2000126130949,-2813.7095969592347,3.061031878642092,-0.9076009008530872,6.806550362548188,LARETS,2478.133806,5977.494903,-2817.681799,-3963.378102514661,5351.294890386905,-3.9722020407652963,6659.18454210144
2026-07-18 00:12:00,6871.074745046039,452.35380098499354,-1544.339828721535,1.6970624980848863,-1.0181037281110283,7.25423260696178,LARETS,2916.093315,6237.643835,-1548.685765,-3954.9814300460393,5785.290034015006,-4.345936278464933,7007.9581745929745
2026-07-18 00:15:00,7048.671594924081,261.92019779794714,-218.19349729316403,0.2700856021316399,-1.0913259521967753,7.435389652508023,LARETS,3251.352403,6260.024267,-222.773988,-3797.3191919240808,5998.104069202052,-4.580490706835974,7099.07785921723
2026-07-18 00:18:00,6967.701579215348,61.878733549926594,1115.9767062211865,-1.1669754293958403,-1.124524388235754,7.3430990566691605,LARETS,3465.423477,6046.681606,1111.325654,-3502.278102215348,5984.802872450074,-4.651052221186546,6934.2511462760385
2026-07-18 00:21:00,6631.160454958892,-140.43272037831625,2409.1076934531784,-2.560779441634757,-1.1164747122823782,6.9808490546504,LARETS,3544.461966,5608.784891,2404.569505,-3086.698488958892,5749.217611378316,-4.5381884531784635,6525.429587381825
2026-07-18 00:24:00,6051.519840223773,-337.5966772607626,3613.6927121940084,-3.8597372501930463,-1.0675180264007469,6.362374471343655,LARETS,3480.0106379999997,4966.07439,3609.458322,-2571.509202223773,5303.671067260762,-4.234390194008483,5894.200904014112
2026-07-18 00:27:00,5250.224221926509,-522.3963925875355,4685.574480318715,-5.016065086084456,-0.9795328163284114,5.5110109096699915,LARETS,3269.510644,4145.950629,4681.828807,-1980.713577926509,4668.347021587535,-3.7456733187154896,5071.163990822644
2026-07-18 00:30:00,4256.8383594142715,-688.084844717154,5585.58344920435,-5.98759783555636,-0.8558382825310472,4.458635240569199,LARETS,2916.552752,3182.258911,5582.494433,-1340.2856074142715,3870.3437557171537,-3.0890162043497185,4095.8437273511445
2026-07-18 00:33:00,3107.89658503418,-828.631015510543,6280.955552009039,-6.739278600920482,-0.7010412830228502,3.244293987532162,LARETS,2430.853575,2113.836652,6278.664149,-677.04301003418,2942.467667510543,-2.2914030090387314,3019.355636937926
2026-07-18 00:36:00,1845.5161669460426,-938.9346838804344,6746.483380285304,-7.244289473305193,-0.5208421627143355,1.9126311618887244,LARETS,1827.9802220000001,982.9069939999999,6745.092366000001,-17.53594494604249,1921.8416778804344,-1.3910142853028447,1921.922183420592
2026-07-18 00:39:00,515.8391416236059,-1015.0036967618457,6965.373933571195,-7.484831289891022,-0.3218141803776864,0.5122138599935194,LARETS,1128.830975,-166.61173000000002,6964.940226,612.9918333763942,848.3919667618457,-0.4337075711955549,1046.6747848087498
2026-07-18 00:42:00,-832.63709806259,-1054.090050426209,6929.801292720566,-7.452586691908506,-0.1111678115167738,-0.9061751607981691,LARETS,358.895831,-1290.8079790000002,6930.332534,1191.53292906259,-236.71792857379114,0.5312412794337433,1214.8194849301844
2026-07-18 00:45:00,-2150.7871469412726,-1054.782718001428,6641.151959000208,-7.148906056639006,0.10349353142169208,-2.2912419418927494,LARETS,-452.675861,-2347.441985,6642.611729,1698.1112859412726,-1292.6592669985719,1.4597699997921154,2134.139651224085
2026-07-18 00:48:00,-3390.5956428270138,-1017.0559337386732,6109.964575997317,-6.584742136270468,0.3144239966970447,-3.5928720648109573,LARETS,-1274.1736429999999,-3297.5199700000003,6112.27781,2116.4219998270137,-2280.4640362613272,2.313234002682293,3111.2318546011047
2026-07-18 00:51:00,-4506.861307848263,-942.2718435858144,5355.566624222772,-5.780334993036686,0.5139917090272889,-4.763805516311402,LARETS,-2072.547631,-4106.723049,5358.619773,2434.313676848263,-3164.451205414186,3.053148777228671,3992.448350380411
2026-07-18 00:54:00,-5458.820321253213,-833.1365174673972,4405.4117697642305,-4.764625794946179,0.694940010746975,-5.761283028857632,LARETS,-2814.72123,-4746.653111,4409.059767,2644.0990912532125,-3913.516593532602,3.647997235769253,4723.016561489587
2026-07-18 00:57:00,-6211.63728650293,-693.6087937966703,3294.125981275047,-3.57436726126133,0.8506490653988902,-6.548626036475318,LARETS,-3468.9618739999996,-5195.859979,3298.20482,2742.67541250293,-4502.251185203329,4.07883872495313,5271.864071648495
2026-07-18 01:00:00,-6737.7067198424165,-528.7626550091295,2062.2801200516737,-2.2529067612510882,0.9753886120756198,-7.096682092685379,LARETS,-4006.241232,-5440.597209,2066.615404,2731.4654878424167,-4911.83455399087,4.335283948326378,5620.234976559237
2026-07-18 01:03:00,-7017.705930857265,-344.6059084031116,754.9212980383858,-0.8486455421216901,1.0645482515878144,-7.385043947264005,LARETS,-4401.520633,-5475.270335,759.336017,2616.185297857265,-5130.664426596889,4.414718961614199,5759.180710901057
2026-07-18 01:06:00,-7041.3443514584305,-147.86065035069674,-580.0872662086753,0.5867820139430318,1.1148292626419465,-7.402943469969744,LARETS,-4634.905938,-5302.554394000001,-575.7632600000001,2406.4384134584307,-5154.6937436493035,4.3240062086752005,5688.746094317736
2026-07-18 01:09:00,-6807.76617274736,54.28615040774273,-1893.8514117597683,2.000522729072645,1.1243826902172256,-7.149736269436836,LARETS,-4692.6101419999995,-4933.168143,-1889.772031,2115.15603074736,-4987.454293407743,4.079380759768355,5417.43500234065
2026-07-18 01:12:00,-6325.581832439584,254.45119325205917,-3138.277505332344,3.340593730753969,1.0928824826954848,-6.634927578242887,LARETS,-4567.667281999999,-4385.309797,-3134.576484,1757.9145504395847,-4639.760990252059,3.701021332343771,4961.618618038963
2026-07-18 01:15:00,-5612.526750491113,445.33029504710333,-4267.866754976522,4.557914461301464,1.0215289413420547,-5.877736957251371,LARETS,-4260.35692,-3683.781772,-4264.657496000001,1352.1698304911124,-4129.112067047103,3.209258976521596,4344.875143438248
2026-07-18 01:18:00,-4694.7688162465065,619.9683440538417,-5241.39282546188,5.608159984520834,0.9129851013397712,-4.906247009215648,LARETS,-3778.322584,-2858.86025,-5238.768512000001,916.4462322465065,-3478.8285940538417,2.624313461879865,3597.517056307947
2026-07-18 01:21:00,-3605.9054926173503,772.0124227765629,-6023.394833898363,6.453344490589862,0.7712550475183942,-3.7562177747967582,LARETS,-3136.38491,-1944.9703100000002,-6021.429751000001,469.5205826173501,-2716.982732776563,1.9650828983621977,2757.253816618654
2026-07-18 01:24:00,-2385.704113479344,895.938772223956,-6585.43431012385,7.063085834031017,0.6015170541409183,-2.469665454924005,LARETS,-2356.063196,-979.233229,-6584.186579,29.640917479343898,-1875.1720012239562,1.247731123849917,1875.4066692310314
2026-07-18 01:27:00,-1078.6440080535508,987.246690205015,-6907.082296821382,7.415543371110266,0.40992508440051895,-1.093299213129498,LARETS,-1464.829692,0.048076,-6906.5977410000005,-386.1856839464492,-987.198614205015,0.48455582138194586,1060.0475089201582
2026-07-18 01:30:00,267.68238556400587,1042.6147174441708,-6976.617817960896,7.4980510409761525,0.20338985449895872,0.32311262140744207,LARETS,-495.130108,954.900127,-6976.927806,-762.8124935640059,-87.71459044417077,-0.30998803910370043,767.8390754622413
2026-07-18 01:33:00,1604.2574459661025,1060.0161273714393,-6791.429106195633,7.307478495520769,-0.010653467461408165,1.728406053666118,LARETS,516.788347,1849.131798,-6792.5449610000005,-1087.4690989661026,789.1156706285606,-1.1158548043677001,1343.6122312518796
2026-07-18 01:36:00,2882.3687420245037,1038.7916218534394,-6358.113845672217,6.850344450840184,-0.22448809353917193,3.071700444917401,LARETS,1532.211004,2649.6891,-6360.024057,-1350.1577380245037,1610.8974781465606,-1.9102113277822355,2101.8849282379165
2026-07-18 01:39:00,4055.33777178452,979.6773800705422,-5692.275856787371,6.142684209544675,-0.4303687984648602,4.304091801137492,LARETS,2511.420864,3327.8753739999997,-5694.947057,-1543.91690778452,2348.1979939294574,-2.6712002126296284,2810.2883076559633
2026-07-18 01:42:00,5080.201065823412,884.7866042937239,-4818.016141122008,5.209648075640754,-0.6207852269032023,5.380353033444079,LARETS,3415.2449819999997,3860.394045,-4821.390735,-1664.9560838234124,2975.607440706276,-3.3745938779920834,3409.7404285562543
2026-07-18 01:45:00,5919.291819177757,757.5429691092318,-3767.119392036997,4.084791008443217,-0.7887321815199604,6.260610410697589,LARETS,4206.6286900000005,4230.178415,-3771.113893,-1712.6631291777567,3472.6354458907686,-3.9945009630032473,3872.00566762755
2026-07-18 01:48:00,6541.662930468117,602.5653655354772,-2577.945487063376,2.809015558590741,-0.9279788081476388,6.9119323685421445,LARETS,4852.182893,4426.977215,-2582.450152,-1689.4800374681172,3824.4118494645227,-4.504664936624067,4180.967481736029
2026-07-18 01:51:00,6924.28724708663,425.505267797704,-1294.0498291188987,1.4291533100964575,-1.0333232634174485,7.3097360505828854,LARETS,5323.63076,4447.659872,-1298.927374,-1600.6564870866296,4022.154604202296,-4.8775448811013575,4328.95514416612
2026-07-18 01:54:00,7052.971589248953,232.8408415796305,37.42479975850735,-0.0037890603412325478,-1.1008156275751417,7.438900455855691,LARETS,5599.079105999999,4296.220867999999,32.339141,-1453.8924832489538,4063.3800264203687,-5.08565875850735,4315.655970519987
2026-07-18 01:57:00,6922.930140013803,31.635139690603047,1367.5223551247072,-1.4366444405079466,-1.1279310620881873,7.294481075696827,LARETS,5664.0435800000005,3983.478995,1362.416612,-1258.8865600138024,3951.843855309397,-5.10574312470726,4147.516280419268
2026-07-18 02:00:00,6538.980270575523,-170.73123475134568,2647.3345091073174,-2.816243029659733,-1.1136781856866975,6.8819509795561205,LARETS,5512.173937,3526.482858,2642.40951,-1026.8063335755232,3697.2140927513456,-4.92499910731749,3837.1535739303126
2026-07-18 02:03:00,5915.347665491285,-366.8404297988029,3829.859991221989,-4.091570465401949,-1.0586339051335596,6.216941594963341,LARETS,5145.634681,2947.6493250000003,3825.3169199999998,-769.7129844912852,3314.489754798803,-4.5430712219890665,3402.6932057793338
2026-07-18 02:06:00,5075.093730154367,-549.5171787440345,4871.77391621042,-5.215783728024773,-0.9649040283432957,5.324511341772129,LARETS,4575.117032,2273.684802,4867.802694,-499.9766981543671,2823.2019807440347,-3.97122221041991,2867.134788143074
2026-07-18 02:09:00,4049.202029419024,-712.0953465379918,5735.028331405118,-6.147967457620863,-0.8360168885538353,4.2380181440517495,LARETS,3819.491905,1534.3499709999999,5731.794017,-229.71012441902394,2246.4453175379917,-3.234314405117402,2258.161590041475
2026-07-18 02:12:00,2875.377948590198,-848.6602390704403,6388.2219231492145,-6.854556266757442,-0.6767629815048343,2.9977012125225344,LARETS,2905.12971,761.138893,6385.855968000001,29.751761409802384,1609.7991320704405,-2.3659551492137325,1610.0757779264607
2026-07-18 02:15:00,1596.6247615292154,-954.2583423051674,6807.6966623703065,-7.310396949595715,-0.49299601747958943,1.649082746565824,LARETS,1864.921982,-14.068257,6806.2875810000005,268.2972204707846,940.1900853051674,-1.409081370306012,977.7232637760006
2026-07-18 02:18:00,259.6601000351648,-1025.068876599863,6978.337836603286,-7.499464930845349,-0.2914096388732816,0.24128317982491215,LARETS,737.06547,-760.311022,6977.923855,477.4053699648352,264.757854599863,-0.41398160328571976,545.9054682125388
2026-07-18 02:21:00,-1086.7681414990075,-1058.5337994851707,6894.068079415152,-7.415271933055734,-0.07930026096697973,-1.1746872655261338,LARETS,-436.354408,-1448.772702,6894.639657,650.4137334990075,-390.2389025148293,0.571577584847546,758.5016496099609
2026-07-18 02:24:00,-2393.614506814884,-1053.4443371518787,6558.034261655238,-7.061003070447746,0.13567827710366734,-2.547630529821105,LARETS,-1610.931662,-2053.880963,6559.538494,782.682844814884,-1000.4366258481214,1.5042323447623858,1270.2236577157744
2026-07-18 02:27:00,-3613.270885718366,-1009.9827677355153,5982.489262133764,-6.449405023351532,0.3457664577745637,-3.827848538413897,LARETS,-2741.6026970000003,-2554.246799,5984.830679,871.6681887183659,-1544.2640312644849,2.341416866235704,1773.2913781197199
2026-07-18 02:30:00,-4701.258875703818,-929.7183187552015,5188.3712790143345,-5.602421992501466,0.5433570095628139,-4.9688141815813625,LARETS,-3784.356295,-2933.415872,5191.419037,916.9025807038183,-2003.6975532447987,3.0477579856651573,2203.52524746354
2026-07-18 02:33:00,-5617.8321486997465,-815.5561605859215,4204.584855905058,-4.550554675652877,0.7212574800179432,-5.928808895386167,LARETS,-4697.953082999999,-3180.417398,4208.185082999999,919.8790656997471,-2364.8612374140785,3.600227094941147,2537.4710105479867
2026-07-18 02:36:00,-6329.435977190788,-671.6390687288391,3066.993128458646,-3.3319100118079676,0.8729521850922224,-6.672483234476435,LARETS,-5445.576508,-3290.0813700000003,3070.9757919999997,883.8594691907883,-2618.4423012711613,3.9826635413537588,2763.5961188229585
2026-07-18 02:39:00,-6809.966084753395,-503.2027139681253,1817.1414211562267,-1.9909215180463147,0.9928534229167658,-7.172266884953737,LARETS,-5996.348069000001,-3263.111074,1821.328946,813.6180157533945,-2759.9083600318745,4.187524843773417,2877.3400853386515
2026-07-18 02:42:00,-7041.767920856617,-316.38776020489604,500.747681972051,-0.5767506579705307,1.07652766078283,-7.409533422442936,LARETS,-6326.644276,-3105.909945,504.966292,715.1236448566169,-2789.522184795104,4.218610027949012,2879.731522827715
2026-07-18 02:45:00,-7016.3230480429565,-118.01473300447931,-833.9871481350127,0.8585785621865182,1.1208805057828983,-7.375422043532799,LARETS,-6421.140875,-2830.1609980000003,-829.898059,595.1821730429565,-2712.146264995521,4.089089135012728,2776.6879375412796
2026-07-18 02:48:00,-6734.582565182333,84.66954030882692,-2138.179551778018,2.262218089948176,1.124285609374152,-7.071237319174086,LARETS,-6273.52666,-2452.177622,-2134.361014,461.05590518233294,-2536.847162308827,3.8185377780177987,2578.4066114266407
2026-07-18 02:51:00,-6206.927230079091,284.26281968170616,-3364.0943633502975,3.58258437546193,1.0866472160621614,-6.50838584972692,LARETS,-5886.840509,-1992.05725,-3360.666829,320.08672107909115,-2276.320069681706,3.4275343502977194,2298.7171023504857
2026-07-18 02:54:00,-5452.757173700505,473.4833115749027,-4466.9228092018675,4.7713652427282085,1.009392848099954,-5.707856777472621,LARETS,-5273.41833,-1472.68643,-4463.985883,179.33884370050419,-1946.1697415749027,2.936926201867209,1954.417485957663
2026-07-18 02:57:00,-4499.736787138716,645.4381729117856,-5406.429786932244,5.785327886231502,0.8953999485830678,-4.699299490813337,LARETS,-4454.460514,-918.6504030000001,-5404.063491000001,45.276273138715624,-1564.0885759117857,2.3662959322427923,1564.745542752408
2026-07-18 03:00:00,-3382.7386385728278,793.8735927976826,-6148.405327368012,6.58784430914396,0.7488663551380206,-3.5197851171558403,LARETS,-3459.24533,-355.10187099999996,-6146.674631,-76.50669142717243,-1148.9754637976826,1.7306963680121044,1151.5211181529196
2026-07-18 03:03:00,-2142.5415474954457,913.3975029775919,-6665.872204194234,7.15009331681168,0.5751378263510447,-2.212351186032028,LARETS,-2324.0306729999998,193.355673,-6664.831133000001,-181.48912550455407,-720.0418299775919,1.0410711942331545,742.5628750638685
2026-07-18 03:06:00,-824.3416133457603,999.6683964359042,-6940.019022453608,7.451938164499097,0.38050591989317795,-0.8244200867638387,LARETS,-1090.701786,703.717405,-6939.711156,-266.3601726542398,-295.95099143590426,0.3078664536078577,398.1643199610487
2026-07-18 03:09:00,523.8674363734777,1049.5459114976704,-6960.842371374214,7.482505430550215,0.17198676555530792,0.5938428653654486,LARETS,194.77974700000001,1155.5186740000001,-6961.297136,-329.0876893734777,105.97276250232972,-0.45476462578608334,345.72986637028424
2026-07-18 03:12:00,1852.9937139322633,1061.200364576008,-6727.490750459209,7.240497682734789,-0.042913008122383,1.9911965665454687,LARETS,1484.069502,1531.6402549999998,-6728.7175480000005,-368.92421193226323,470.43989042399176,-1.2267975407912672,597.8463595976687
2026-07-18 03:15:00,3114.5806269927207,1034.1791660029746,-6248.306964331512,6.734260655766683,-0.2564410034624149,3.317006033277541,LARETS,2728.2350389999997,1818.952313,-6250.295838999999,-386.345587992721,784.7731469970254,-1.9888746684873695,874.7203903142439
2026-07-18 03:18:00,4262.530221665096,969.4282173316323,-5540.566465786276,5.981601960431124,-0.46085447855743045,4.522938169280078,LARETS,3879.602484,2008.778264,-5543.287327999999,-382.9277376650962,1039.3500466683677,-2.720862213723194,1107.6504750479876
2026-07-18 03:21:00,5254.769546119633,869.2663925200209,-4629.90988458491,5.009333923988536,-0.6486859247319803,5.564660786061144,LARETS,4893.5870159999995,2097.159629,-4633.308432,-361.18253011963316,1227.8932364799794,-3.3985474150895243,1279.9164700797592
2026-07-18 03:24:00,6054.806820120376,737.311568396944,-3549.4720148633287,3.8524996663144857,-0.8130148725183166,6.403508196419874,LARETS,5730.451652,2084.915005,-3553.4666749999997,-324.3551681203762,1347.6034366030558,-3.994660136670973,1386.09424453764
2026-07-18 03:27:00,6633.117035995599,578.3578191897243,-2338.7190890695338,2.5532472595405404,-0.9477368400863212,7.008043112475064,LARETS,6356.920633000001,1977.4863030000001,-2343.198156,-276.19640299559796,1399.1284838102758,-4.479066930466161,1426.1363992541233
2026-07-18 03:30:00,6968.292398221962,398.20550210412745,-1042.0215453901747,1.1593438800627516,-1.0478151196311762,7.355415668176503,LARETS,6747.5739060000005,1784.575844,-1046.84464,-220.71849222196124,1386.3703418958726,-4.823094609825375,1403.8385377025486
2026-07-18 03:33:00,7047.895230011634,203.44887822307385,292.9912046993886,-0.2776348755802066,-1.1094977089814255,7.432407734115025,LARETS,6885.946463,1519.587023,287.990255,-161.94876701163412,1316.1381447769263,-5.000949699388627,1326.0739152744593
2026-07-18 03:36:00,6868.961661489786,1.2291674733956552,1617.2279380668747,-1.7043568137801108,-1.1304815691962609,7.236061414005944,LARETS,6765.262894,1198.891753,1612.236349,-103.6987674897855,1197.6625855266045,-4.991589066874667,1202.153908245772
2026-07-18 03:39:00,6438.123331494499,-201.03612147316187,2882.003161545134,-3.0679020301901123,-1.1100100115005254,6.773824828656036,LARETS,6388.767067,840.965807,2877.217968,-49.356264494499555,1042.001928473162,-4.785193545134007,1043.1811721191598
2026-07-18 03:42:00,5771.338914426498,-395.93475323808633,4040.885803028852,-4.3179041590402205,-1.0488957404008856,6.063198851234675,LARETS,5769.627633,465.43454499999996,4036.5020950000003,-1.7112814264983172,861.3692982380862,-4.383708028851743,861.3821528957842
2026-07-18 03:45:00,4893.253302918348,-576.3387729309043,5051.441841097502,-5.408524436387264,-0.9494703017111497,5.1309230569846225,LARETS,4930.421585,92.083761,5047.640211,37.16828208165225,668.4225339309043,-3.8016300975023114,669.46591955895
2026-07-18 03:48:00,3836.225092399431,-735.6683640135549,5876.794872581663,-6.300148409045532,-0.8154683480525833,4.011784209646845,LARETS,3902.236546,-260.109571,5873.728166,66.01145360056898,475.55879301355486,-3.0667065816633112,480.12819361939916
2026-07-18 03:51:00,2639.0789317021686,-868.1300022577451,6486.946255661362,-6.960740121544912,-0.6518603824518494,2.7471555698024233,LARETS,2723.442559,-573.880864,6484.729447,84.3636272978315,294.24913825774513,-2.216808661361938,306.1122199731891
2026-07-18 03:54:00,1345.6466387142098,-968.9210278980689,6859.816396934352,-7.366836388713844,-0.46464939718557063,1.3833759315472562,LARETS,1438.2018910000002,-834.4702040000001,6858.517898,92.5552522857904,134.45082389806885,-1.2984989343522102,163.2335286393036
2026-07-18 03:57:00,3.1604482439744253,-1034.3954251711134,6981.986759910741,-7.5042013952675175,-0.2606451144301208,-0.02994319172658218,LARETS,94.78375,-1030.276336,6981.627359,91.62330175602557,4.119089171113501,-0.35940091074098746,91.71654970227534
2026-07-18 04:00:00,-1339.4439015700368,-1062.187715429398,6849.135241403546,-7.368180458003736,-0.047225435143978534,-1.4416259792534774,LARETS,-1256.257359,-1153.348317,6849.690877,83.18654257003686,-91.16060157060201,0.5556355964536124,123.41217474133842
2026-07-18 04:03:00,-2633.2635775955105,-1051.29316112103,6466.164709295638,-6.963789126459547,0.16791004194128004,-2.8006315454321427,LARETS,-2563.9702,-1199.698297,6467.568091,69.29337759551026,-148.40513587897,1.403381704361891,163.79141007408677
2026-07-18 04:06:00,-3831.1588288010585,-1002.1029988996794,5847.026924483273,-6.305554782194782,0.37699313226575554,-4.057738833853478,LARETS,-3778.90492,-1169.4248289999998,5849.1705010000005,52.253908801058515,-167.32183010032043,2.14357651672708,175.30448007222432
2026-07-18 04:09:00,-4889.4319842850055,-916.3935157920226,5014.244611583483,-5.4171026757558085,0.5724465763791742,-5.167213185291293,LARETS,-4854.974994,-1066.646659,5016.991623,34.456990285005304,-150.25314320797736,2.7470114165171253,154.17794036469803
2026-07-18 04:12:00,-5769.406924109494,-797.2679522604237,3998.1364883215615,-4.330458843124232,0.7471478970131328,-6.088433614932623,LARETS,-5751.224227,-899.2517330000001,4001.3331510000003,18.182697109494256,-101.98378073957633,3.19666267843877,103.64130769337733
2026-07-18 04:15:00,-6438.855079747136,-649.0509342964745,2835.756350230408,-3.0850383347022907,0.8946914784212655,-6.787431326798804,LARETS,-6433.422502,-678.465854,2839.239522,5.432577747135838,-29.414919703525584,3.4831717695919906,30.11449630526826
2026-07-18 04:18:00,-6873.209509303704,-477.13668370012516,1569.5689448489054,-1.726303097779524,1.009637869169702,-7.238260837953782,LARETS,-6875.424150999999,-418.258473,1573.175424,-2.2146416962950752,58.87821070012518,3.606479151094618,59.03011964208259
2026-07-18 04:21:00,-7056.508621609313,-287.7946141495018,245.90140360868998,-0.3041073354006223,1.0877354117734084,-7.424106796678896,LARETS,-7060.232158,-134.61102499999998,249.478623,-3.723536390686604,153.1835891495018,3.577219391310024,153.2705881979635
2026-07-18 04:24:00,-6982.018151912044,-87.93876806472292,-1086.773353440772,1.1292091686825052,1.126097922058567,-7.338030578767277,LARETS,-6980.6987819999995,155.316365,-1083.360825,1.319369912044749,243.2551330647229,3.412528440772121,243.28264601006777
2026-07-18 04:27:00,-6652.494619145516,115.12965153823815,-2379.6493533110825,2.5208792178482846,1.1233240795121566,-6.983283622282828,LARETS,-6639.820551,434.079293,-2376.5163,12.674068145515776,318.94964146176187,3.1330533110826764,319.21673172782425
2026-07-18 04:30:00,-6080.074179669692,313.9952405774775,-3585.41490138011,3.8197913801242036,1.079549246457953,-6.3731550758393105,LARETS,-6050.615135,684.856088,-3582.651643,29.459044669692048,370.8608474225225,2.7632583801100736,372.03929773705045
2026-07-18 04:33:00,-5285.7942466502445,501.40437874317576,-4660.011491436157,4.978467428581816,0.9964274588622524,-5.530370061706087,LARETS,-5235.586786000001,892.32203,-4657.687211,50.207460650243775,390.9176512568243,2.3242804361561866,394.13551152952937
2026-07-18 04:36:00,-4298.77737263679,670.5320285911712,-5564.24836121198,5.954821966463831,0.877048579048828,-4.486099548979865,LARETS,-4225.803898,1043.444707,-5562.418187,72.97347463678943,372.9126784088289,1.830174211980193,379.9899252036283
2026-07-18 04:39:00,-3155.123986581064,815.2285755486128,-6265.2106585179,6.7136283143696875,0.7258012701308394,-3.2786725985371037,LARETS,-3059.651589,1128.159684,-6263.921515,95.47239758106389,312.9311084513872,1.2891435178999018,327.17353075623396
2026-07-18 04:42:00,-1896.5703834898952,930.2381463979528,-6737.416576628045,7.2276579492605535,0.548195245587735,-1.9520902982838348,LARETS,-1781.325885,1139.895729,-6736.710094,115.24449848989525,209.65758260204723,0.706482628044796,239.24484423373778
2026-07-18 04:45:00,-568.9707022494425,1011.3822630058899,-6963.695831061187,7.478498926261005,0.35065576688860906,-0.5544282858984689,LARETS,-439.13699699999995,1075.931716,-6963.608319,129.83370524944257,64.5494529941102,0.08751206118722621,144.99458803348085
2026-07-18 04:48:00,779.3416527035353,1055.7047700328471,-6935.77522937694,7.457081758208129,0.1403002217653006,0.8638120503841257,LARETS,916.311137,937.573125,-6936.331953,136.96948429646477,-118.13164503284713,-0.5567236230599519,180.8757449958357
2026-07-18 04:51:00,2099.2633697514225,1061.575360912301,-6654.565170334471,7.163944383465753,-0.07529776303399242,2.251373994449654,LARETS,2234.0034360000004,730.141956,-6655.777626,134.74006624857793,-331.43340491230094,-1.212455665528978,357.7771057420713
2026-07-18 04:54:00,3342.656178779682,1028.7496485770405,-6130.144088177974,6.609253045379519,-0.2883550686187122,3.557930295407157,LARETS,3464.41655,462.778929,-6132.010843,121.76037122031812,-565.9707195770404,-1.8667548220264507,578.9230762301916
2026-07-18 04:57:00,4464.063103576709,958.3838243903517,-5381.438374410919,5.812571149888922,-0.49113685599236195,4.735781042467384,LARETS,4561.374951000001,148.063051,-5383.941094,97.31184742329151,-810.3207733903517,-2.502719589080698,816.1468097359772
2026-07-18 05:00:00,5422.3581510015065,853.0019776325419,-4435.596457406795,4.802344988206947,-0.6762244083898247,5.741550095146301,LARETS,5483.799946,-198.541076,-4438.694534,61.441794998493606,-1051.5430536325418,-3.0980765932054055,1053.3411061446643
2026-07-18 05:03:00,6182.274813046677,716.4146259147917,-3327.0606872719327,3.615064905984233,-0.8367882755042977,6.537837207794287,LARETS,6197.297173000001,-559.388744,-3330.687017,15.022359953323758,-1275.8033699147918,-3.6263297280675033,1275.8969630231913
2026-07-18 05:06:00,6715.751863773938,553.5883278229197,-2096.351384093284,2.2940703672122313,-0.966856621577109,7.094749324629997,LARETS,6675.509429,-915.4889109999999,-2100.408959,-40.24243477393793,-1469.0772388229198,-4.057574906715672,1469.6339173747429
2026-07-18 05:09:00,7003.031707020345,370.4685334536308,-788.593742918598,0.887998109618015,-1.0615636349248363,7.391207920991828,LARETS,6901.170057,-1247.42994,-792.9557110000001,-101.86165002034431,-1617.8984734536307,-4.361968081402097,1621.1077363685606
2026-07-18 05:12:00,7033.450274200534,173.76085804832923,548.16204566126,-0.5510821836469578,-1.1173599508583005,7.41592072913623,LARETS,6866.794245,-1536.3505759999998,543.649145,-166.65602920053425,-1710.111434048329,-4.512900661260005,1718.2187623245475
2026-07-18 05:15:00,6805.8698202676605,-29.32077455583008,1864.7579889379736,-1.969752276854749,-1.1321675687836699,7.167921623787598,LARETS,6574.965008,-1764.9063359999998,1860.2664040000002,-230.90481226766042,-1735.5855614441698,-4.491584937973357,1750.8839047055897
2026-07-18 05:18:00,6328.726221681405,-231.32784235157897,3112.7991020127884,-3.315420056276541,-1.1054659975311567,6.6566205283547015,LARETS,6038.191640999999,-1918.180161,3108.509492,-290.5345806814057,-1686.852318648421,-4.289610012788216,1711.6949168164683
2026-07-18 05:21:00,5619.687585286716,-424.8597306032824,4246.48823679954,-4.538438760418405,-1.0383034979721686,5.9013575697956275,LARETS,5278.345698,-1984.484665,4242.579068,-341.341887286716,-1559.6249343967174,-3.909168799539657,1596.5461163427524
2026-07-18 05:24:00,4704.946724627245,-602.8416138985185,5224.339225662885,-5.594035173238931,-0.9332355793467677,4.930509484005939,LARETS,4325.709167,-1956.014804,5220.973414,-379.2375576272452,-1353.1731901014814,-3.36581166288488,1405.3149597910954
2026-07-18 05:27:00,3618.1917867675784,-758.7853810765138,6010.695344253374,-6.443944386575267,-0.7942002724058923,3.7802381337509536,LARETS,3217.699162,-1829.318551,6008.0063820000005,-400.4926247675785,-1070.5331699234862,-2.6889622533735746,1142.99730573508
2026-07-18 05:30:00,2399.3136452129297,-887.0234612511855,6576.998510981653,-7.0576953087525345,-0.6263443897710487,2.4929914013262136,LARETS,1997.3337239999998,-1605.567453,6575.081796,-401.97992121292987,-718.5439917488144,-1.9167149816530582,823.3450060169155
2026-07-18 05:33:00,1092.9143788236925,-982.9081258050214,6902.774503997552,-7.413537846259744,-0.4358160965108642,1.115862828649043,LARETS,711.516267,-1290.6189399999998,6901.681963000001,-381.3981118236925,-307.7108141949784,-1.0925409975507137,490.0527099415386
2026-07-18 05:36:00,-253.32061233268686,-1042.9714399019845,6976.316714278009,-7.499037179070846,-0.2295368775733627,-0.3011072123922254,LARETS,-590.787017,-894.869599,6976.056288,-337.4664046673131,148.10184090198447,-0.2604262780096178,368.5346623853525
2026-07-18 05:39:00,-1590.3305239176295,-1065.0430144490604,6795.062892002895,-7.311375023495706,-0.014961637141091536,-1.7066390481824336,LARETS,-1860.407195,-432.9057,6795.599072999999,-270.07667108237047,632.1373144490603,0.5361809971045659,687.4149256976217
2026-07-18 05:42:00,-2869.4176403389915,-1048.3238465925876,6365.665429882428,-6.8573914124425,0.20016899407584673,-3.0499101310055248,LARETS,-3049.808312,77.03484,6366.921818,-180.39067166100858,1125.3586865925877,1.256388117571987,1139.7256452422248
2026-07-18 05:45:00,-4043.9711908642485,-993.4149474060356,5703.75753950418,-6.153379426440908,0.4080832562611162,-4.2822369485035,LARETS,-4114.849495,613.773712,5705.624357,-70.87830413575193,1607.1886594060356,1.866817495819305,1608.7518782982331
2026-07-18 05:48:00,-5071.131265917849,-902.2995241663156,4833.418244518766,-5.224620267603645,0.6012394184789576,-5.358736487403544,LARETS,-5016.424846,1154.053458,4835.76359,54.706419917849416,2056.3529821663155,2.3453454812333803,2057.0818846827547
2026-07-18 05:51:00,-5913.34346003129,-778.2777211705884,3786.3417956518806,-4.104628895909412,0.7725908433006862,-6.239941442180994,LARETS,-5721.924282999999,1673.521169,3789.0222949999998,191.41917703129093,2451.7988901705885,2.680499348119156,2459.261328987593
2026-07-18 05:54:00,-6539.749236658869,-625.853779064063,2600.7243968354196,-2.834080093347439,0.9158479486896938,-6.893313802941579,LARETS,-6206.45522,2147.798506,2603.59311,333.2940166588696,2773.652285064063,2.8687131645801855,2793.6070105684016
2026-07-18 05:57:00,-6927.353105776605,-450.57718119953836,1319.8937481605408,-1.4594044716839156,1.025725205269349,-7.294573520276669,LARETS,-6453.7720899999995,2553.592088,1322.8090419999999,473.58101577660545,3004.169269199538,2.915293839459082,3041.269549948682
2026-07-18 06:00:00,-7061.908920392479,-258.84184269327847,-9.276481369239821,-0.031079979238004915,1.0981577417254176,-7.4287438268147294,LARETS,-6456.870547,2869.793847,-6.441361,605.0383733924782,3128.6356896932784,2.8351203692398217,3186.6033248597882
2026-07-18 06:03:00,-6938.476090968923,-57.65029293233795,-1338.107595115367,1.3983124001853593,1.130471297059571,-7.290819971596184,LARETS,-6218.203829,3078.5142650000003,-1335.45809,720.272261968923,3136.164557932338,2.649505115366992,3217.814053930109
2026-07-18 06:06:00,-6561.612479467537,145.64745573277642,-2617.9379420011273,2.7761618709470612,1.1214917922616354,-6.885994903596869,LARETS,-5749.506677,3165.991997,-2615.554468,812.1058024675367,3020.3445412672236,2.3834740011275244,3127.6193283890016
2026-07-18 06:09:00,-5945.192244152873,343.6286554708191,-3801.9436088912903,4.051900846760043,1.0715863134587507,-6.229418482484867,LARETS,-5071.232328,3123.333008,-3799.884453,873.9599161528731,2779.704352529181,2.0591558912901746,2913.8576599817975
2026-07-18 06:12:00,-5111.860434326182,529.0736507800611,-4846.87541440408,5.178948854999861,0.9826345127775123,-5.345515719159515,LARETS,-4211.631057,2947.037785,-4845.184562,900.2293773261827,2417.964134219939,1.690852404080033,2580.1097544788513
2026-07-18 06:15:00,-4092.157564514628,695.2307245858148,-5714.638463899982,6.116421014684142,0.857936540384684,-4.266932151329109,LARETS,-3205.528277,2639.293071,-5713.353096,886.6292875146282,1944.0623464141854,1.285367899981793,2136.701091026717
2026-07-18 06:18:00,-2923.363225166817,836.0595052055033,-6373.655382279046,6.830533189817904,0.7020688678261862,-3.0332004939113872,LARETS,-2092.872927,2208.0198250000003,-6372.808897,830.490298166817,1371.960319794497,0.8464852790457371,1603.7424889854215
2026-07-18 06:21:00,-1648.1161233820153,946.4447633741084,-6799.9719634441935,7.295679097419807,0.5207015854028764,-1.6892270394875353,LARETS,-917.126053,1666.680271,-6799.5966100000005,730.9900703820153,720.2355076258915,0.3753534441930242,1026.1996932042211
2026-07-18 06:24:00,-312.8690209286708,1022.3748212856725,-6978.080514476661,7.495190573286058,0.3203897362304245,-0.2836804434268768,LARETS,276.443668,1033.8520330000001,-6978.206132,589.3126889286708,11.47721171432761,-0.12561752333931508,589.424454447589
2026-07-18 06:27:00,1033.766972145174,1061.080770213084,-6901.44861573636,7.421811635984141,0.10834776899074648,1.1326628732085038,LARETS,1442.486668,332.5908,-6902.099161,408.7196958548261,-728.489970213084,-0.6505452636401969,835.3142221283327
2026-07-18 06:30:00,2342.740018123185,1061.1339362882222,-6572.748078169195,7.077916374887315,-0.10778822481425379,2.508592196752582,LARETS,2537.2764070000003,-410.399796,-6573.941608,194.53638887681518,-1471.5337322882222,-1.1935298308053461,1484.3373458795659
2026-07-18 06:33:00,3566.2923969399476,1022.4995348516851,-6003.781335381111,6.475483222134169,-0.3202093998241341,3.7941501806088724,LARETS,3520.336863,-1165.770254,-6005.526926,-45.9555339399476,-2188.269788851685,-1.7455906188888548,2188.7529844610863
2026-07-18 06:36:00,4659.667935273243,946.5444988102041,-5215.102880280552,5.6358127817547015,-0.5211943678837497,4.9423323099098395,LARETS,4355.941046,-1902.665776,-5217.394107,-303.7268892732427,-2849.2102748102043,-2.2912267194478773,2865.354160146965
2026-07-18 06:39:00,5582.7430334844385,835.997537623987,-4235.335013126954,4.58895487198225,-0.7033792720498706,5.9107791590019305,LARETS,5014.436095,-2589.974084,-4238.144692,-568.3069384844384,-3425.9716216239867,-2.8096788730454136,3472.7888249644284
2026-07-18 06:42:00,6301.525251819747,694.86009047717,-3100.1831386371646,3.37280359300906,-0.8600320545720666,6.663412202731717,LARETS,5473.3445520000005,-3197.6383100000003,-3103.458184,-828.1806998197462,-3892.4984004771704,-3.275045362835499,3979.62784631847
2026-07-18 06:45:00,6789.456931418332,528.2683349242063,-1851.1677110775465,2.031833247836371,-0.9853198102063266,7.171930669399839,LARETS,5718.191153,-3697.9751060000003,-1854.8258289999999,-1071.265778418332,-4226.243440924207,-3.658117922453357,4359.903367253894
2026-07-18 06:48:00,7028.459214512906,342.30886317793613,-534.1071316341965,0.6154821394606516,-1.0745533065395214,7.4170630454287165,LARETS,5743.011056,-4066.936838,-538.0358630000001,-1285.448158512906,-4409.245701177936,-3.9287313658035146,4592.803071819047
2026-07-18 06:51:00,7009.657154767611,143.79376446873007,802.5942124848709,-0.8237619782642362,-1.1243903742441963,7.3894626398690555,LARETS,5550.505308,-4285.253656999999,798.533637,-1459.1518467676115,-4429.047421468729,-4.060575484870924,4663.217951352627
2026-07-18 06:54:00,6733.740592885146,-59.99590041762542,2109.7800809067144,-2.232474056577498,-1.132981066792728,7.0901567170373125,LARETS,5151.828076000001,-4339.393125,2105.745415,-1581.9125168851451,-4279.397224582374,-4.034665906714508,4562.423050898525
2026-07-18 06:57:00,6210.936955435362,-261.58654916720104,3339.4131515846957,-3.558466828588223,-1.1000423489568747,6.530500344408819,LARETS,4566.008811,-4222.278939,3335.572767,-1644.928144435362,-3960.6923898327987,-3.8403845846955846,4288.692989220465
2026-07-18 07:00:00,5460.597800508498,-453.59520901662864,4446.392832719522,-4.75288302987926,-1.0268575663781758,5.731639794527675,LARETS,3819.045929,-3933.7279700000004,4442.913109,-1641.5518715084982,-3480.1327609833716,-3.479723719521644,3847.8602741523714
2026-07-18 07:03:00,4510.426239049854,-629.0059815253361,5390.236246137022,-5.7720739860278405,-0.9162042354303878,4.723542788072229,LARETS,2942.7256749999997,-3480.5927549999997,5387.268032999999,-1567.7005640498546,-2851.5867734746635,-2.968213137022758,3254.111398748835
2026-07-18 07:06:00,3395.39287378517,-781.4278005349588,6136.552601858581,-6.579170440256629,-0.772220705176059,3.543691170360709,LARETS,1973.228907,-2876.601646,6134.219429,-1422.1639667851703,-2095.1738454650413,-2.333172858580838,2532.2537856302015
2026-07-18 07:09:00,2156.4005995519174,-905.3237688934527,6658.260212027802,-7.145299141410048,-0.6002263397572921,2.235547347341923,LARETS,949.60294,-2141.912345,6656.649877000001,-1206.7976595519174,-1236.5885761065474,-1.6103350278008293,1727.86414131323
2026-07-18 07:12:00,838.7627277639949,-996.2050958080716,6936.515034760169,-7.4504439716219695,-0.4065103441287059,0.8468975826012075,LARETS,-87.83104300000001,-1302.4066659999999,6935.673735,-926.5937707639949,-306.2015701919282,-0.8412997601690222,975.8771056807961
2026-07-18 07:15:00,-509.4439941934363,-1050.7851710427851,6961.336005542171,-7.483981458670766,-0.19810163255826319,-0.5718510495771433,LARETS,-1099.066402,-388.758535,6961.265746,-589.6224078065636,662.0266360427852,-0.07025954217078834,886.5291058697053
2026-07-18 07:18:00,-1839.096535146407,-1067.0911429907044,6731.9232019390065,-7.244930842301078,0.01747240571941007,-1.9693766471952092,LARETS,-2045.9392560000001,564.691816,6732.583291,-206.84272085359316,1631.7829589907044,0.660089060993414,1644.8404093224804
2026-07-18 07:21:00,-3101.7645552816534,-1044.5313547169508,6256.669973467275,-6.741949025915751,0.23243490498258662,-3.295136054450918,LARETS,-2893.551909,1521.220297,6257.981996,208.21264628165363,2565.7516517169506,1.3120225327256776,2574.1864279346582
2026-07-18 07:24:00,-4251.426337869763,-983.9173049524678,5552.87147825413,-5.993077971859358,0.43901572178990017,-4.501043657738611,LARETS,-3611.5492639999998,2443.118711,5554.726364,639.8770738697635,3427.036015952468,1.8548857458699786,3486.261889890177
2026-07-18 07:27:00,-5246.115868473412,-887.438859966704,4646.132788398199,-5.025227679034249,0.6297142809154622,-5.543126870954608,LARETS,-4175.211464,3293.170304,4648.400931,1070.904404473412,4180.609163966704,2.2681426018007187,4315.5920068785235
2026-07-18 07:30:00,-6049.450676876665,-758.5917610343417,3569.4831370938814,-3.8733633680109607,0.7975657406585378,-6.38312728812453,LARETS,-4566.326378,4036.15238,3572.024634,1483.1242988766653,4794.744141034342,2.541496906118482,5018.8878771205955
2026-07-18 07:33:00,-6631.984437234887,-602.0574747895433,2362.2111906084497,-2.579368919711344,0.9364025586831224,-6.989986298635469,LARETS,-4773.805703,4640.306392,2364.8857230000003,1858.178734234887,5242.363866789544,2.674532391550656,5561.943389976825
2026-07-18 07:36:00,-6972.325150083574,-423.537302922289,1068.449774701183,-1.1905818736682194,1.0410987671687495,-7.3411276614171745,LARETS,-4794.012501,5078.7140930000005,1071.125994,2178.312649083574,5502.25139592229,2.6762192988169318,5917.754944506913
2026-07-18 07:39:00,-7057.9622130641565,-229.54527277742872,-264.44444802988295,0.24196645560568955,1.1077810814916313,-7.423437868190547,LARETS,-4630.780212000001,5330.507539,-261.880672,2427.182001064156,5560.052811777429,2.563776029882945,6066.7459406993
2026-07-18 07:42:00,-6885.755652480416,-27.16725599980918,-1587.6535569708014,1.6655290237605467,1.1339907025623874,-7.233854529994822,LARETS,-4295.122845,5381.850415,-1585.2913899999999,2590.632807480416,5409.017670999809,2.3621669708015816,5997.404112465229
2026-07-18 07:45:00,-6462.058016051312,176.20357152487608,-2852.726765770834,3.0277266205052253,1.1187827935409567,-6.779503509175906,LARETS,-3804.638833,5226.635764000001,-2850.631115,2657.419183051312,5050.432192475125,2.0956507708337995,5706.903401757415
2026-07-18 07:48:00,-5802.4616310288275,373.1429789858322,-4013.391458197041,4.278606014761894,1.0627565555812777,-6.077370602722802,LARETS,-3182.638946,4866.856688,-4011.609297,2619.8226850288274,4493.713709014168,1.782161197041205,5201.628300414406
2026-07-18 07:51:00,-4931.187381347155,556.4710714444864,-5027.265559784233,5.3725464294032115,0.9680161746096002,-5.1535422511352,LARETS,-2457.0509810000003,4312.634177,-5025.834184,2474.1364003471544,3756.1631055555135,1.4313757842328414,4497.7899297205795
2026-07-18 07:54:00,-3880.1517598170226,719.5149421171878,-5857.39993104968,6.269914391943245,0.8380698220251813,-4.042089875824559,LARETS,-1659.1637,3581.911161,-5856.349494,2220.9880598170225,2862.3962188828123,1.050437049680113,3622.9961605199633
2026-07-18 07:57:00,-2687.763442178334,856.3484643468056,-6473.59515384234,6.938407266056453,0.6776786774129522,-2.78369455738761,LARETS,-822.276827,2699.8391549999997,-6472.949722,1865.486615178334,1843.4906906531942,0.6454318423393488,2622.689202806305
2026-07-18 08:00:00,-1397.507504214163,962.0014459038508,-6853.4547898578385,7.354068464713903,0.4926695839513651,-1.424108936347906,LARETS,19.686707,1697.8795149999999,-6853.235656999999,1417.194211214163,735.878069096149,0.2191328578392131,1596.8581693108565
2026-07-18 08:03:00,-56.37529346023249,1032.6327181337917,-6983.153143423386,7.5019907088071225,0.2897234106021774,-0.012534240157768892,LARETS,833.544369,612.6647909999999,-6983.3797460000005,889.9196624602324,-419.9679271337918,-0.2266025766148232,984.0376602565146
2026-07-18 08:06:00,1286.806645510857,1065.663589570702,-6857.907019065086,7.376739392380016,0.07614742208962898,1.400039236834568,LARETS,1588.1453999999999,-515.336361,-6858.59845,301.33875448914296,-1580.999950570702,-0.691430934914024,1609.4615145253915
2026-07-18 08:09:00,2583.1008440459386,1059.8691937747442,-6482.14702918005,6.982523849808227,-0.14036443884337516,2.7625085167559105,LARETS,2255.5508,-1643.3129339999998,-6483.320514999999,-327.55004404593865,-2703.182127774744,-1.1734858199497467,2722.9550169520353
2026-07-18 08:12:00,3785.192041210345,1015.4256498271047,-5869.385834131082,6.333124527842836,-0.35198270928440845,4.025348404721764,LARETS,2812.061614,-2727.714989,-5871.050364,-973.1304272103448,-3743.140638827105,-1.6645298689172705,3867.5686730892394
2026-07-18 08:15:00,4849.08401466415,933.9109629391744,-5041.781050986498,5.451558488639648,-0.5510051321832524,5.142311856387571,LARETS,3239.070129,-3725.922665,-5043.933286,-1610.0138856641502,-4659.833627939174,-2.152235013502832,4930.131720777823
2026-07-18 08:18:00,5735.709904137187,818.2577233835711,-4029.392846523309,4.369446217987743,-0.7301288988260792,6.072116241014081,LARETS,3523.7051269999997,-4597.9358600000005,-4032.011575,-2212.004777137187,-5416.193583383571,-2.6187284766911034,5850.480743024623
2026-07-18 08:21:00,6412.398595483755,672.6564104652032,-2869.1432631974963,3.1260395608434357,-0.8827257909869966,6.7800597712443125,LARETS,3659.237282,-5308.005272,-2872.180569,-2753.1613134837553,-5980.661682465204,-3.0373058025038517,6583.936558275577
2026-07-18 08:24:00,6854.1337973400005,502.409786293802,-1603.4973182203682,1.7668887440784615,-1.0031081158070878,7.239479953062842,LARETS,3645.2332930000002,-5826.145602,-1606.877037,-3208.90050434,-6328.555388293802,-3.3797187796317303,7095.609006417635
2026-07-18 08:27:00,7044.541560918618,313.7414738433822,-278.90389069271515,0.3421638022582329,-1.0867688110202398,7.432945139687147,LARETS,3487.441457,-6129.4549210000005,-282.522918,-3557.1001039186185,-6443.196394843382,-3.6190273072848527,7359.874593305191
2026-07-18 08:30:00,6976.548947724802,113.56501988872299,1055.9456359173344,-1.095306460033098,-1.130577285748229,7.353070578238702,LARETS,3197.406528,-6203.161814,1052.214446,-3779.142419724802,-6316.726833888723,-3.7311899173344045,7360.908180673869
2026-07-18 08:33:00,6652.672125615177,-90.77704402547674,2351.965286213899,-2.4921694002692014,-1.1329144325875837,7.00287499578992,LARETS,2791.828713,-6041.3395120000005,2348.2674509999997,-3860.843412615177,-5950.562467974523,-3.6978352138994524,7093.329205386306
2026-07-18 08:36:00,6084.914758800756,-291.79208378197836,3561.5419203083256,-3.7967186322772726,-1.0937356828067981,6.395638605265392,LARETS,2291.7018980000003,-5647.243651,3558.035548,-3793.212860800756,-5355.451567218021,-3.5063723083258083,6562.723336451795
2026-07-18 08:39:00,5294.283513348423,-482.12080228047694,4640.332943763809,-4.9609544301412685,-1.0145587700516956,5.554277927575567,LARETS,1721.275551,-5033.255745,4637.177965,-3573.0079623484235,-4551.134942719524,-3.154978763809595,5786.123496758333
2026-07-18 08:42:00,4309.952197566872,-654.812001734157,5548.912577126087,-5.942409285219601,-0.8983810884589035,4.510303465817267,LARETS,1106.904428,-4220.448943,5546.256128,-3203.0477695668724,-3565.6369412658432,-2.6564491260869545,4793.045886257392
2026-07-18 08:45:00,3168.125244090911,-803.5769514118246,6254.200302272608,-6.705653160880897,-0.7495381360812007,3.3024607029646083,LARETS,475.84533799999997,-3237.800829,6252.165832000001,-2692.279906090911,-2434.223877588175,-2.0344702726069954,3629.5758867987024
2026-07-18 08:48:00,1910.6622848802535,-923.0140846584854,6730.6245830324915,-7.2234412099153555,-0.5735180162725491,1.9751659133173989,LARETS,-144.94279600000002,-2121.0941159999998,6729.30323,-2055.6050808802534,-1198.0800313415143,-1.3213530324910607,2379.266642479113
2026-07-18 08:51:00,583.528163959764,-1008.7974850942754,6960.9942337691145,-7.477510047969348,-0.37674681840091867,0.5768359415865402,LARETS,-729.935689,-911.5710379999999,6960.434785,-1313.4638529597642,97.2264470942755,-0.5594487691141694,1317.0575492473404
2026-07-18 08:54:00,-764.8711585225802,-1057.8250371946745,6937.06521992891,-7.459056070962553,-0.16635653202924477,-0.8418175046222133,LARETS,-1256.075142,345.604566,6937.270879,-491.2039834774197,1403.4296031946744,0.20565907108993997,1486.9082173432562
2026-07-18 08:57:00,-2085.413268783734,-1068.323795674358,6659.800308657401,-7.168935504078554,0.05005753033322129,-2.2294918001209094,LARETS,-1703.6632849999999,1603.031589,6660.732437,381.74998378373425,2671.355384674358,0.932128342598844,2698.4946748531515
2026-07-18 09:00:00,-3329.99716778943,-1039.910970674966,6139.3231462874155,-6.617612830142335,0.264687142989338,-3.5359841238651364,LARETS,-2057.09064,2812.844102,6140.907150999999,1272.9065277894301,3852.755072674966,1.5840047125839192,4057.587360437549
2026-07-18 09:03:00,-4453.249656439339,-973.6091549219367,5394.569266917635,-5.824860218241343,0.4697690767702359,-4.7138669154058634,LARETS,-2305.376881,3928.518463,5396.700955,2147.8727754393385,4902.127617921937,2.1316880823651445,5352.029258698103
2026-07-18 09:06:00,-5414.153782274715,-871.8144854609646,4452.637532720847,-4.819187207489887,0.6578496515001719,-5.720136311580464,LARETS,-2442.508712,4906.660642,4455.191251,2971.645070274715,5778.475127460964,2.553718279153145,6497.803917005351
2026-07-18 09:09:00,-6177.547868404225,-738.2168484016377,3347.8497313324133,-3.6369683468417433,0.8220518637645416,-6.51779703507317,LARETS,-2467.5652659999996,5708.715547000001,3350.6885,3709.982602404225,6446.932395401638,2.838768667586919,7438.206523055721
2026-07-18 09:12:00,-6715.438207555492,-577.6723915243075,2120.5354051322543,-2.3212437599419826,0.9563362476585298,-7.077316830244417,LARETS,-2384.622299,6302.526915,2123.519432,4330.815908555493,6880.199306524308,2.984026867745797,8129.7673912425835
2026-07-18 09:15:00,-7008.066184953302,-396.0306365953217,815.5734006185015,-0.9201942947267984,1.0557419915344124,-7.377859282913,LARETS,-2202.4371570000003,6663.673705,818.56783,4805.629027953301,7059.704341595322,2.994429381498435,8540.111516347697
2026-07-18 09:18:00,-7044.6744138800705,-199.92119414456596,-519.2609693558909,0.5146669907815361,1.1165920750430893,-7.40819588862353,LARETS,-1933.925549,6776.518733,-516.376866,5110.74886488007,6976.439927144565,2.884103355890943,8648.148722991642
2026-07-18 09:21:00,-6823.927898762583,3.491978451586669,-1835.0773526158778,1.9305025207373017,1.1366465148592082,-7.167211869196704,LARETS,-1595.455003,6634.912523,-1832.401942,5228.472895762583,6631.420544548413,2.6754106158778086,8444.683204135292
2026-07-18 09:24:00,-6353.964650629295,206.77826280330058,-3083.7020249947414,3.2752393205296046,1.115191500317645,-6.663954193747312,LARETS,-1205.986762,6242.502343,-3081.314878,5147.977888629295,6035.724080196699,2.387146994741215,7932.946943762651
2026-07-18 09:27:00,-5652.072940392025,402.5178420080908,-4219.476288243157,4.499607662549876,1.0530585258352252,-5.917216977229706,LARETS,-786.113242,5612.620583,-4217.443394999999,4865.959698392025,5210.102740991909,2.0328932431575595,7129.006837612217
2026-07-18 09:30:00,-4744.01559486324,583.5763779504371,-5200.94160217224,5.559006451213812,0.9525750499408991,-4.954707390054922,LARETS,-357.04848499999997,4767.785506,-5199.31547,4386.96710986324,4184.209128049563,1.6261321722404318,6062.432605364034
2026-07-18 09:33:00,-3663.0413934825237,743.3652368347974,-5992.342774502244,6.415102268684247,0.8174548708982203,-3.8118725127338817,LARETS,60.380152,3738.840708,-5991.162206,3723.421545482524,2995.4754711652026,1.1805685022436592,4778.780461316239
2026-07-18 09:36:00,-2448.6367217182037,876.0774935494431,-6564.8969104019225,7.037110681361535,0.6526406985127912,-2.5304856057304335,LARETS,446.693505,2563.7768889999998,-6564.190527,2895.330226718204,1687.6993954505565,0.7063834019227215,3351.3082326353942
2026-07-18 09:39:00,-1145.0760723743915,976.8923297219349,-6897.79347622008,7.402750184328751,0.46411246092921266,-1.1570863698794638,LARETS,784.6289889999999,1286.290533,-6897.58341,1929.7050613743913,309.39820327806524,0.2100662200800798,1954.351277588923
2026-07-18 09:42:00,200.17121491253394,1042.1427315063727,-6978.906096567851,7.498889652861451,0.25867286047196203,0.25865202449295166,LARETS,1059.881378,-45.851592,-6979.210408,859.7101630874661,-1087.9943235063727,-0.3043114321490066,1386.6626500715358
2026-07-18 09:45:00,1538.1256735400677,1069.4431242483968,-6805.207144155654,7.321922041357618,0.04371767788437735,1.665586684709049,LARETS,1261.690805,-1382.589267,-6806.04137,-276.4348685400678,-2452.032391248397,-0.8342258443462924,2467.56555742879
2026-07-18 09:48:00,2820.0270379624612,1057.77453975465,-6382.881294270807,6.877889317813609,-0.17300599536617237,3.012784219356529,LARETS,1383.25772,-2673.42841,-6384.253632,-1436.7693179624612,-3731.20294975465,-1.3723377291926226,3998.2725530667567
2026-07-18 09:51:00,3999.0640319836193,1007.5251992150584,-5727.135516886393,6.182361866078782,-0.3836533093774809,4.251213883488509,LARETS,1421.975418,-3869.3256549999996,-5729.041150999999,-2577.0886139836193,-4876.850854215058,-1.9056341136065384,5515.891914280366
2026-07-18 09:54:00,5032.058780371404,920.4843844672804,-4861.703441980089,5.260050265161699,-0.5805469537491408,5.335447974443769,LARETS,1379.4712690000001,-4924.556162999999,-4864.121853000001,-3652.587511371404,-5845.04054746728,-2.4184110199112183,6892.452421197756
2026-07-18 09:57:00,5881.054335240968,799.7876775367979,-3818.045041010163,4.144110347507485,-0.7564514735598333,6.22534003561397,LARETS,1261.4533370000001,-5798.491768,-3820.934262,-4619.600998240968,-6598.2794455367975,-2.889220989837213,8054.68890596901
2026-07-18 10:00:00,6514.746539540567,649.8125498803623,-2634.250707957172,2.875103163465308,-0.9048490009991975,6.887618625448179,LARETS,1077.365679,-6457.22189,-2637.543761,-5437.380860540567,-7107.034439880362,-3.293053042827978,8948.46690760025
2026-07-18 10:03:00,6909.696205036065,476.02514261059883,-1353.6729076541924,1.4995936602458269,-1.0202033209534667,7.297303309728854,LARETS,839.863438,-6874.944224000001,-1357.276439,-6069.832767036065,-7350.9693666105995,-3.603531345807596,9533.081004275076
2026-07-18 10:06:00,7051.258033451598,284.78183806653374,-23.327190610186577,0.06841207146773959,-1.0981950250015533,7.438832225690856,LARETS,564.131479,-7035.051014000001,-27.122776,-6487.126554451598,-7319.8328520665345,-3.795585389813425,9780.735060420153
2026-07-18 10:09:00,6934.171320252328,83.09249089361437,1307.8757648387843,-1.365349586306675,-1.1359092968013604,7.306795500145849,LARETS,267.075904,-6930.844093999999,1304.027464,-6667.095416252328,-7013.936584893613,-3.8483008387843256,9677.059600712462
2026-07-18 10:12:00,6562.774586576334,-121.64465723638219,2590.988629586944,-2.748490086696763,-1.1319604158185128,6.906197860177678,LARETS,-33.567324,-6565.8375049999995,2587.239048,-6596.341910576333,-6444.1928477636175,-3.7495815869442595,9221.67892087746
2026-07-18 10:15:00,5950.829835521563,-321.92397903118655,3778.888216562626,-4.029858758721906,-1.086543042633278,6.252221407956468,LARETS,-320.159458,-5953.626217,3775.393406,-6270.989293521563,-5631.702237968813,-3.494810562625844,8428.605402455729
2026-07-18 10:18:00,5120.968202123219,-510.4158942736103,4828.050084993441,-5.162379479878132,-1.00140838278864,5.3695143617743115,LARETS,-576.0716620000001,-5117.322103,4824.962992,-5697.03986412322,-4606.90620872639,-3.0870929934408196,7326.653912909632
2026-07-18 10:21:00,4103.792698216947,-680.2396522990165,5700.157670412425,-6.104820104120205,-0.8797714147300846,4.291079933992397,LARETS,-786.534675,-4088.606664,5697.615731,-4890.327373216947,-3408.3670117009833,-2.541939412425563,5960.895399614259
2026-07-18 10:24:00,2936.691518098203,-825.2140972561532,6363.483106591887,-6.823230851279762,-0.7261615154162354,3.0568698144542545,LARETS,-939.381551,-2906.45564,6361.598185,-3876.0730690982027,-2081.241542743847,-1.8849215918871778,4399.490010121692
2026-07-18 10:27:00,1662.4247477734625,-940.077585662943,6793.9966745319325,-7.292023476068463,-0.5462316662229268,1.7121930371997927,LARETS,-1025.650964,-1615.5965660000002,6792.847207999999,-2688.0757117734624,-675.5189803370572,-1.1494665319332853,2771.6562280151797
2026-07-18 10:30:00,327.5484642083123,-1020.6709420900954,6976.1805863653535,-7.4947040204002615,-0.346540663063582,0.30603482891276634,LARETS,-1040.026755,-264.78317200000004,6975.802943,-1367.5752192083123,755.8877700900954,-0.37764336535383336,1562.5711003915794
2026-07-18 10:33:00,-1019.2645490949685,-1064.0796418646419,6903.537194854453,-7.42429548222875,-0.13431919121279556,-1.1106504362304281,LARETS,-981.102653,1095.0519680000002,6903.924615,38.16189609496848,2159.131609864642,0.3874201455464572,2159.468867366375
2026-07-18 10:36:00,-2328.95528826137,-1068.7329341106542,6578.790211246233,-7.0834888845398405,0.08277412719116595,-2.4866407991672954,LARETS,-851.460024,2412.707554,6579.897495,1477.4952642613698,3481.4404881106543,1.107283753766751,3781.986429675315
2026-07-18 10:39:00,-3553.813709137739,-1034.4583239350418,6013.780830668944,-6.484545296780405,0.2969046681396408,-3.7721346003522926,LARETS,-657.55505,3638.62439,6015.531293,2896.258659137739,4673.082713935042,1.7504623310560419,5497.8195074072055
2026-07-18 10:42:00,-4649.173919590139,-962.4899929721472,5229.061333671502,-5.64894651621244,0.5003215265450323,-4.920422250000642,LARETS,-409.423209,4726.739396,5231.353595,4239.7507105901395,5689.229388972147,2.2922613284972613,7095.26760473176
2026-07-18 10:45:00,-5575.022156479499,-855.4298287883596,4253.190124261878,-4.60677022119709,0.6856237691400839,-5.88952633872153,LARETS,-120.210613,5636.225399,4255.9045750000005,5454.811543479499,6491.655227788359,2.7144507381226504,8479.184155305977
2026-07-18 10:48:00,-6297.464953831556,-717.1602603063425,3121.7372748885273,-3.395757076284967,0.8460283543455983,-6.643767838351236,LARETS,194.45212899999999,6333.05588,3124.741418,6491.917082831556,7050.216140306342,3.0041431114727857,9583.868950495518
2026-07-18 10:51:00,-6789.9997846461365,-552.7094123281889,1876.0200366080658,-2.060048408215023,0.975629949498484,-7.155186011107575,LARETS,517.207304,6791.331362,1879.180265,7307.207088646137,7344.0407743281885,3.160228391934197,10360.029938103404
2026-07-18 10:54:00,-7034.52910565414,-368.0712724701898,561.6029764131373,-0.6486029707877262,1.0696384357551185,-7.404717807916062,LARETS,829.831404,6994.310530000001,564.791243,7864.36050965414,7362.38180247019,3.18826658686271,10772.782472332558
2026-07-18 10:57:00,-7022.063947228513,-169.98636697223887,-773.3849835753102,0.7866571514483363,1.124577599418573,-7.383038459488557,LARETS,1114.1570419999998,6935.066372,-770.2893959999999,8136.220989228513,7105.052738972239,3.095587575310333,10801.84595297498
2026-07-18 11:00:00,-6753.0760653188045,34.30862610360914,-2080.0479804849692,2.1928795945225086,1.1384294334190976,-7.090982785137052,LARETS,1353.0062890000002,6616.743142,-2077.157058,8106.082354318804,6582.4345158963915,2.890922484969451,10442.079469554696
2026-07-18 11:03:00,-6237.47716755515,237.3514377833002,-3310.555095122577,3.5183715660676094,1.1107127176493992,-6.539503889683515,LARETS,1531.0834169999998,6052.398708,-3307.968541,7768.56058455515,5815.0472702167,2.586554122576672,9703.881439971366
2026-07-18 11:06:00,-5494.226899417042,431.73259370592956,-4419.9231778680505,4.714614494432341,1.0424912076079538,-5.74917384099109,LARETS,1635.784657,5264.44203,-4417.725601,7130.011556417042,4832.709436294071,2.197576868050419,8613.486525190043
2026-07-18 11:09:00,-4550.59411668767,610.3691058136917,-5367.672220494719,5.738084916610412,0.9363142007851734,-4.749277729595987,LARETS,1657.884491,4283.692239,-5365.9340999999995,6208.47860768767,3673.323133186308,1.7381204947196238,7213.772416979895
2026-07-18 11:12:00,-3441.1145630699125,766.7620465111445,-6119.287423431368,6.551795847181807,0.7960986075629657,-3.576586661818168,LARETS,1592.0637849999998,3148.114494,-6118.06688,5033.178348069912,2381.3524474888554,1.2205434313673322,5568.098890318598
2026-07-18 11:15:00,-2206.2997356776104,895.2286020629775,-6647.439038573489,7.1265155286973485,0.6269654180525339,-2.2739090996152274,LARETS,1437.256169,1901.3032879999998,-6646.784498,3643.5559046776107,1006.0746859370223,0.6545405734887026,3779.9055983738167
2026-07-18 11:18:00,-891.155754852332,991.1016080298643,-6932.928529321434,7.441660899354391,0.4350439345455621,-0.8885121497737082,LARETS,1196.799831,590.7826729999999,-6932.879628,2087.955585852332,-400.3189350298644,0.04890132143464143,2125.9853669832114
2026-07-18 11:21:00,456.43113538160856,1050.891787139666,-6965.34407477069,7.485890461116058,0.2272546596496075,0.5295198627683414,LARETS,878.392694,-733.805231,-6965.932366,421.96155861839145,-1784.697018139666,-0.5882912293100162,1833.9016739168019
2026-07-18 11:24:00,1787.391242342186,1072.4095082011954,-6743.417848337315,7.257429238960459,0.011077527255591862,1.9289528358938983,LARETS,493.84948499999996,-2022.5657609999998,-6744.664656999999,-1293.541757342186,-3094.9752692011953,-1.2468086626840886,3354.4185411911203
2026-07-18 11:27:00,3053.204217253049,1054.8437048333878,-6275.081717766999,6.764147492185893,-0.20569202291187189,3.259084928755731,LARETS,58.670956,-3227.206293,-6276.991318,-2994.533261253049,-4282.049997833388,-1.9096002330015835,5225.244997439717
2026-07-18 11:30:00,4207.623844294895,998.7957909254186,-5577.21889977629,6.023391508213076,-0.415199113041972,4.471442163371116,LARETS,-408.564096,-4302.834483,-5579.774936,-4616.187940294895,-5301.630273925418,-2.55603622371018,7029.685710958045
2026-07-18 11:33:00,5208.348162822817,906.2663971714304,-4675.109800327753,5.061540183261052,-0.6097973321352441,5.5214777698991,LARETS,-886.9666729999999,-5209.645751,-4678.270393,-6095.314835822817,-6115.91214817143,-3.160592672246821,8634.654268776409
2026-07-18 11:36:00,6018.582052202363,780.593053179866,-3601.574103654206,3.9132468825417166,-0.7823249971791588,6.370240021990191,LARETS,-1354.239659,-5914.438633000001,-3605.268625,-7372.821711202363,-6695.0316861798665,-3.6945213457943282,9959.014153701026
2026-07-18 11:39:00,6608.432231531955,626.338004037142,-2395.8204509409993,2.620330813265178,-0.9263811549153622,6.985939871613076,LARETS,-1787.683112,-6391.896928,-2399.947797,-8396.115343531956,-7018.234932037142,-4.1273460590005016,10943.052200284188
2026-07-18 11:42:00,6956.070209472906,449.1273914415462,-1102.030174107679,1.2303082378997199,-1.0365873023187377,7.345320364727221,LARETS,-2165.256946,-6625.574797,-1106.46092,-9121.327155472905,-7074.702188441546,-4.430745892321056,11543.398102977138
2026-07-18 11:45:00,7048.600595094777,255.44592665612484,232.27928626383994,-0.20540349249600476,-1.1088170464827491,7.4347162860350435,LARETS,-2466.649897,-6608.531792999999,227.697459,-9515.250492094778,-6863.9777196561245,-4.5818272638399264,11732.612797513888
2026-07-18 11:48:00,6882.5824599689,52.39449270607628,1558.0460406256816,-1.6335276162834322,-1.1403753431426924,7.25070211190693,LARETS,-2674.2982650000004,-6343.571405000001,1553.481929,-9556.880724968902,-6395.965897706077,-4.564111625681562,11499.668246824174
2026-07-18 11:51:00,6464.1700004379145,-152.57880868882896,2826.529534758336,-3.001092925867969,-1.1301121634286078,6.8002595950274785,LARETS,-2774.29849,-5843.063106,2822.160556,-9238.468490437914,-5690.484297311171,-4.368978758336198,10850.388503400907
2026-07-18 11:54:00,5808.863118130223,-351.96146040595136,3991.1614459434873,-4.257577931348611,-1.0784619133815387,6.100446307683781,LARETS,-2757.16156,-5128.357193,3987.164424,-8566.024678130223,-4776.395732594048,-3.997021943487198,9807.688359489357
2026-07-18 11:57:00,4940.884552623395,-538.4596431965231,5009.294270035898,-5.356894089401967,-0.9874081415297546,5.177601102552637,LARETS,-2618.369085,-4228.828836,5005.833723000001,-7559.253637623395,-3690.369192803477,-3.4605470358974344,8411.9648306743
2026-07-18 12:00:00,3892.2232161723205,-705.268769564284,5843.771019513498,-6.259096341078504,-0.8603809622550542,4.0661681129953156,LARETS,-2358.708313,-3180.610483,5840.986928,-6250.931529172321,-2475.341713435716,-2.784091513497515,6723.203799665827
2026-07-18 12:03:00,2701.399640821025,-846.3204454469101,6464.256868121103,-6.931753681904151,-0.7021002688904834,2.807246855656026,LARETS,-1984.371742,-2025.079463,6462.254929,-4685.771382821025,-1178.75901755309,-2.0019391211035327,4831.762647449421
2026-07-18 12:06:00,1412.017164970762,-956.4974787294268,6848.293473505428,-7.350960353746581,-0.518380015277818,1.4469776573170126,LARETS,-1506.8187560000001,-807.183362,6847.138685999999,-2918.8359209707623,149.31411672942681,-1.1547875054284304,2922.652762908743
2026-07-18 12:09:00,71.16226875820489,-1031.811231366014,6982.054851464149,-7.502006512521873,-0.3159075027983757,0.0348519157145319,LARETS,-942.413034,426.328582,6981.770221,-1013.5753027582049,1458.139813366014,-0.28463046414890414,1775.8115583301517
2026-07-18 12:12:00,-1272.2880248654974,-1069.5377910274028,6860.796975225004,-7.379746745963692,-0.10200770155013397,-1.3779951830455341,LARETS,-311.85493699999995,1628.696453,6861.362956,960.4330878654974,2698.234244027403,0.5659807749962056,2864.0705424697944
2026-07-18 12:15:00,-2569.4008065333796,-1068.3108065812107,6489.0006510014,-6.988703042661682,0.11560213079031165,-2.740483623465379,LARETS,360.577087,2754.906132,6490.360533,2929.9778935333798,3823.216938581211,1.3598819986000308,4816.820534888926
2026-07-18 12:18:00,-3772.9181916350108,-1028.169409150053,5880.209790812588,-6.342920334845695,0.32906602847443867,-4.003273608731447,LARETS,1047.9540690000001,3763.3596260000004,5882.275961,4820.872260635011,4791.5290351500535,2.0661701874123537,6797.026123026552
2026-07-18 12:21:00,-4838.939644193359,-950.5597479881355,5056.56774204795,-5.465567518706248,0.5306509370455599,-5.120433155877382,LARETS,1721.759798,4617.4071859999995,5059.22797,6560.699442193359,5567.966933988135,2.6602279520502634,8604.942767130658
2026-07-18 12:24:00,-5728.507604328804,-838.2888037222285,4048.056233217279,-4.388256827656641,0.7130146337949993,-6.0510683875382325,LARETS,2353.0575980000003,5286.696012,4051.179731,8081.565202328804,6124.984815722229,3.123497782721188,10140.372028114061
2026-07-18 12:27:00,-6409.042716081069,-695.429791707975,2891.447550346768,-3.1500495452717474,0.8694742367569117,-6.760868413737381,LARETS,2913.719568,5748.282402,2894.8916910000003,9322.762284081069,6443.712193707975,3.4441406532323526,11332.931452317629
2026-07-18 12:30:00,-6855.570274463617,-527.1799475477759,1628.9919681235046,-1.7961310297138702,0.9942646119724413,-7.223487248998201,LARETS,3377.668807,5987.467365,1632.612877,10233.239081463616,6514.647312547776,3.6209088764953776,12130.944926767304
2026-07-18 12:33:00,-7051.679228046959,-339.6738139725809,306.87836535997457,-0.3761708651466077,1.0827717987079666,-7.421666148755856,LARETS,3722.074651,5998.305719999999,310.535028,10773.753879046959,6337.979533972581,3.656662640025445,12499.75082113705
2026-07-18 12:36:00,-6990.161721290366,-139.7580287912234,-1026.4763608258322,1.0575734922143858,1.1317247851430494,-7.347999723916026,LARETS,3928.436228,5783.75188,-1022.92013,10918.597949290366,5923.509908791223,3.5562308258322446,12421.906595389184
2026-07-18 12:39:00,-6673.295441659261,65.26347923540521,-2322.237774190554,2.452310671162197,1.13933049985212,-7.005271106612717,LARETS,3983.502398,5355.436654,-2318.910323,10656.79783965926,5290.1731747645945,3.327451190553802,11897.616714548196
2026-07-18 12:42:00,-6112.751509060174,267.90264890484474,-3532.98294107232,3.7568011392629703,1.105341655995067,-6.40632145835524,LARETS,3879.9776269999998,4733.085252000001,-3530.0007,9992.729136060174,4465.182603095156,2.9822410723199937,10944.976023701987
2026-07-18 12:45:00,-5329.13408378426,460.76630443892316,-4614.46480811653,4.923343512322099,1.0310540308762515,-5.5734677971431195,LARETS,3616.9738700000003,3943.6049759999996,-4611.930257,8946.10795378426,3482.8386715610764,2.5345511165296557,9600.157246463867
2026-07-18 12:48:00,-4351.1801851940145,636.828594651103,-5527.235396599695,5.909547807335779,0.9192371615990981,-4.537528346787605,LARETS,3200.188907,3019.895876,-5525.235436,7551.369092194014,2383.0672813488973,1.9999605996954415,7918.471369767089
2026-07-18 12:51:00,-3214.665646049903,789.6856997639511,-6238.0649519897315,6.679817568916087,0.7740084427426448,-3.3365453253158535,LARETS,2641.8082259999996,1999.449294,-6236.671997,5856.473872049903,1209.763594236049,1.3929549897311517,5980.118402528976
2026-07-18 12:54:00,-1961.0733304748258,913.7837795638366,-6721.111527355937,7.206505989238608,0.6006638273969633,-2.0143047230823226,LARETS,1960.1377069999999,922.802037,-6720.385535,3921.2110374748254,9.01825743616348,0.7259923559367962,3921.2214750567814
2026-07-18 12:57:00,-636.082427914588,1004.6135463324418,-6958.8126190290595,7.47074983089938,0.40547823843830455,-0.6187410877627276,LARETS,1178.9894920000002,-168.080939,-6958.799916,1815.0719199145883,-1172.694485332442,0.012703029059593973,2160.9485025221948
2026-07-18 13:00:00,712.0654336309718,1058.8669762910251,-6942.484100500867,7.463008932017535,0.1954859003515027,0.799711029814311,LARETS,326.847342,-1231.4315319999998,-6943.216763,-385.2180916309718,-2290.298508291025,-0.7326624991337667,2322.4686805195543
2026-07-18 13:03:00,2034.273157097578,1074.5531333246265,-6672.620062830999,7.183343227287651,-0.021753533737972553,2.1897878210642716,LARETS,-564.1660509999999,-2227.260561,-6674.112511,-2598.4392080975776,-3301.8136943246263,-1.4924481690013636,4201.649939917644
2026-07-18 13:06:00,3282.3228435475503,1051.0707654610328,-6158.890560083641,6.641445162196529,-0.23840118311528263,3.501081065830518,LARETS,-1459.4821880000002,-3118.8438020000003,-6161.134944,-4741.80503154755,-4169.914567461034,-2.244383916359766,6314.4997818031925
2026-07-18 13:09:00,4410.593894874005,989.2354569804796,-5419.834847179652,5.856420882638001,-0.44659763584931805,4.685735849257234,LARETS,-2323.4107230000004,-3874.076215,-5422.79609,-6734.004617874005,-4863.311671980479,-2.9612428203481613,8306.541240572338
2026-07-18 13:12:00,5377.716925155003,891.2591217869234,-4482.248754680314,4.856290089608267,-0.6387334710914522,5.70014755958787,LARETS,-3120.551227,-4466.64778,-4485.861491000001,-8498.268152155004,-5357.906901786923,-3.612736319686519,10046.279958572311
2026-07-18 13:15:00,6148.109211617413,760.6800324406868,-3380.2695882631647,3.6771633507463397,-0.8077273026015299,6.50661680443298,LARETS,-3817.2508700000003,-4877.002731,-3384.4377990000003,-9965.360081617413,-5637.682763440686,-4.16821073683559,11449.536491555926
2026-07-18 13:18:00,6693.330470460374,602.2428148248573,-2154.1723703774446,2.3620645049565208,-0.947301697379597,7.074887263282182,LARETS,-4383.043610000001,-5093.033527,-2158.769646,-11076.374080460375,-5695.276341824857,-4.597275622555571,12454.808569985631
2026-07-18 13:21:00,6993.194285241821,421.7300586514215,-848.907338405122,0.959395623167197,-1.0522420528265632,7.38346437476585,LARETS,-4792.005851,-5110.474194,-853.780339,-11785.20013624182,-5532.2042526514215,-4.873000594878022,13019.072543405828
2026-07-18 13:24:00,7036.573894277364,225.75021603854248,487.5718260981354,-0.4789132973501003,-1.1186202165357324,7.420603275818033,LARETS,-5023.957504,-4932.966751,482.596404,-12060.531398277364,-5158.716967038543,-4.975422098135368,13117.499880300002
2026-07-18 13:27:00,6821.852985549415,21.489792871332458,1806.1203678641864,-1.8994796500167213,-1.1439647045044863,7.184868752539201,LARETS,-5065.440876000001,-4571.7908449999995,1801.226627,-11887.293861549417,-4593.280637871332,-4.893740864186384,12743.861515167753
2026-07-18 13:30:00,6356.992066179175,-183.55918342689702,3058.2722631979063,-3.249640246417142,-1.127363236789618,6.685207135910496,LARETS,-4910.419138,-4045.2628130000003,3053.646991,-11267.411204179174,-3861.703629573103,-4.62527219790627,11910.807342907674
2026-07-18 13:33:00,5659.206004702962,-381.8834485606866,4198.0779991947575,-4.479574715008755,-1.069490236456067,5.940521992165955,LARETS,-4560.6552489999995,-3377.836266,4193.901457,-10219.861253702962,-2995.952817439313,-4.1765421947575305,10649.94435538357
2026-07-18 13:36:00,4754.274129358901,-566.2309866830429,5183.824334365661,-5.544243878300298,-0.9725602604700977,4.97879938044571,LARETS,-4025.7561809999997,-2598.95884,5180.260571000001,-8780.0303103589,-2032.727853316957,-3.563763365660634,9012.265390948098
2026-07-18 13:39:00,3675.526226239621,-729.879056102086,5979.562409846248,-6.405038984352784,-0.8402159650866469,3.8358710060668786,LARETS,-3322.884372,-1741.7485749999998,5976.747675,-6998.410598239621,-1011.8695188979138,-2.8147348462480295,7071.18368786723
2026-07-18 13:42:00,2462.5624716933876,-866.8771575063178,6556.388805515024,-7.031083831128852,-0.6773643128478486,2.5539250130385738,LARETS,-2476.1649049999996,-841.56634,6554.420623999999,-4938.727376693387,25.31081750631779,-1.9681815150242983,4938.792627001265
2026-07-18 13:45:00,1159.771414635506,-972.2570135131413,6893.443998699721,-7.400178776645754,-0.4899762837603739,1.1798712810983158,LARETS,-1515.8145849999999,65.455917,6892.379103,-2675.5859996355057,1037.7129305131411,-1.0648956997210917,2869.7752005344514
2026-07-18 13:48:00,-185.29135391343564,-1042.204249602388,6978.610079696721,-7.499410831657974,-0.2848634586068076,-0.2363548052583454,LARETS,-477.031949,943.865242,6978.4629589999995,-291.7405950865643,1986.069491602388,-0.14712069672168582,2007.3825300474573
2026-07-18 13:51:00,-1523.6072908805827,-1074.1885116722406,6808.901755264069,-7.325469449551437,-0.0694406436607222,-1.6434989854530775,LARETS,601.298423,1760.2579580000001,6809.645385,2124.905713880583,2834.4464696722407,0.743629735930881,3542.500760099419
2026-07-18 13:54:00,-2806.432101973419,-1067.0499685399257,6390.550977645042,-6.884702105637118,0.1485210111872374,-2.9906843566697274,LARETS,1678.052275,2484.53645,6392.12157,4484.484376973419,3551.586418539926,1.570592354958535,5720.521714182743
2026-07-18 13:57:00,-3987.02079760039,-1021.0406076378669,5738.787464551271,-6.1929231056420875,0.3611493578023289,-4.229093545705483,LARETS,2711.418792,3091.008673,5741.088883,6698.43958960039,4112.049280637867,2.301418448729237,7859.9012410110545
2026-07-18 14:00:00,-5022.295439630922,-937.8188033303576,4877.317910972262,-5.274963916874464,0.5607348396190118,-5.313631478779615,LARETS,3660.512795,3559.3001609999997,4880.2286730000005,8682.808234630922,4497.118964330357,2.910762027738201,9778.304878211247
2026-07-18 14:03:00,-5874.406496740537,-820.3958294313305,3837.509207454315,-4.163935526371228,0.7400000180544811,-6.2045441406321125,LARETS,4486.994812,3875.050733,3840.8884550000002,10361.401308740536,4695.446562431331,3.3792475456853026,11375.669954808476
2026-07-18 14:06:00,-6512.133025668241,-673.033772658138,2657.288024968856,-2.9001720623935157,0.8923684349536666,-6.8689393096971365,LARETS,5156.63642,4030.368291,2660.985071,11668.76944566824,4703.402063658138,3.6970460311440547,12581.024799941128
2026-07-18 14:09:00,-6912.062793344239,-501.0959485988417,1379.7815274616519,-1.5298436736387995,1.012221217051514,-7.282126923963184,LARETS,5640.77074,4024.019291,1383.64357,12552.83353334424,4525.115239598842,3.862042538348078,13343.54947391712
2026-07-18 14:12:00,-7059.494338806441,-310.8533876943304,51.74047924915208,-0.10326214661829425,1.0951259422271786,-7.4286807721393515,LARETS,5917.546815000001,3861.33718,55.618648,12977.041153806442,4172.190567694331,3.8781687508479195,13631.243020390197
2026-07-18 14:15:00,-6949.011083681598,-109.25390065294057,-1278.1963683584036,1.327054120822418,1.1380210370698698,-7.3031273422226874,LARETS,5972.925414,3553.852582,-1274.443824,12921.9364976816,3663.1064826529405,3.752544358403611,13431.113357981867
2026-07-18 14:18:00,-6584.693235049786,96.33690417948009,-2561.3228475275946,2.708450391628909,1.1393411171493721,-6.9101935266938,LARETS,5801.3580520000005,3118.658912,-2557.8284360000002,12386.051287049788,3022.32200782052,3.494411527594366,12749.459165599766
2026-07-18 14:21:00,-5979.954555370052,298.41109359866874,-3750.6885228719916,3.9902124425163965,1.099073948783103,-6.264587424678002,LARETS,5406.113932,2577.548651,-3747.57175,11386.068487370052,2279.1375574013314,3.116772871991543,11611.934951544974
2026-07-18 14:24:00,-5157.014626538738,489.59776958633853,-4802.841813211707,5.125520372025798,1.0187468887379911,-5.3903354788778675,LARETS,4799.243093,1955.967247,-4800.205914,9956.257719538738,1466.3694774136616,2.635899211706601,10063.66305925083
2026-07-18 14:27:00,-4146.0388875162835,662.9339949591979,-5679.418700764296,6.073171363616166,0.9013479556794549,-4.31974241688842,LARETS,4001.176371,1281.8357150000002,-5677.351738,8147.215258516284,618.9017200408023,2.0669627642955675,8170.6890823237845
2026-07-18 14:30:00,-2983.9949101644656,812.1164258280468,-6348.517292920284,6.79900130716202,0.7511922942170655,-3.0920674972776125,LARETS,3039.9897220000003,584.307267,-6347.091937,6023.984632164465,-227.80915882804675,1.4253559202834367,6028.290793669387
2026-07-18 14:33:00,-1713.2821093868806,931.7250090100024,-6785.816106606375,7.276978452780383,0.5737474396699012,-1.7520159613860926,LARETS,1950.37587,-107.480587,-6785.08982,3663.6579793868805,-1039.2055960100024,0.7262866063747424,3808.1936122256047
2026-07-18 14:36:00,-380.19348364832604,1017.4124983782112,-6975.41064021702,7.489978834331489,0.3754301384484924,-0.34812957006194684,LARETS,772.370522,-765.606839,-6975.424583,1152.5640056483262,-1783.0193373782113,-0.013942782979938784,2123.1019157768083
2026-07-18 14:39:00,966.7358479175113,1066.0555745190147,-6910.355502380118,7.430273602180513,0.16338420767058448,1.0688679558877736,LARETS,-450.118597,-1364.477886,-6911.13475,-1416.8544449175113,-2430.5334605190146,-0.7792476198819713,2813.355652599205
2026-07-18 14:42:00,2278.4442736165024,1075.864670471607,-6592.906699065313,7.099758765489065,-0.05475549382520121,2.4477447192625563,LARETS,-1670.933479,-1881.808604,-6594.457449,-3949.377752616502,-2957.6732744716073,-1.5507499346877012,4934.107643354686
2026-07-18 14:45:00,3507.0786353724834,1046.4501662096295,-6034.4613253325215,6.509941050329592,-0.27111166702857126,3.7384482847867897,LARETS,-2843.387625,-2299.446442,-6036.767072,-6350.466260372483,-3345.8966082096294,-2.305746667478161,7177.983780521217
2026-07-18 14:48:00,4607.703921582215,978.8426757949857,-5255.19232166288,5.681668346911974,-0.4778259997897438,4.893805028201556,LARETS,-3922.036973,-2604.01335,-5258.208184,-8529.740894582215,-3582.8560257949857,-3.01586233711987,9251.667207898763
2026-07-18 14:51:00,5539.938993380432,875.4651869266817,-4283.377491674982,4.644571285013458,-0.6673322897942108,5.871213260368601,LARETS,-4864.449681,-2787.347289,-4287.028849,-10404.388674380432,-3662.8124759266816,-3.65135732501858,11030.299735446462
2026-07-18 14:54:00,6269.46266544153,740.0553447895397,-3154.427706963672,3.43617477356993,-0.8326360721541084,6.634282438239438,LARETS,-5632.912026999999,-2846.7240380000003,-3158.610155,-11902.374692441528,-3586.7793827895403,-4.182448036327969,12431.071038046088
2026-07-18 14:57:00,6769.3278895441235,577.5375854913799,-1909.6308055781449,2.1006513265233155,-0.9675900687920629,7.154337434464912,LARETS,-6195.9939380000005,-2784.844332,-1914.211847,-12965.321827544125,-3362.38191749138,-4.581041421855161,13394.222755979747
2026-07-18 15:00:00,7021.019416243125,393.8472191523356,-594.6446765262958,0.6872213269385894,-1.0671497045342528,7.4116823443151,LARETS,-6529.898126,-2609.5823259999997,-599.467485,-13550.917542243125,-3003.4295451523353,-4.822808473704185,13879.768677065478
2026-07-18 15:03:00,7015.195255440027,195.71169493385077,742.20716386405,-0.7517482738321651,-1.1275901413877438,7.396513109321372,LARETS,-6619.518384,-2333.502848,737.3168909999999,-13634.713639440026,-2529.2145429338507,-4.890272864050075,13867.31286689994
2026-07-18 15:06:00,6752.065838928885,-9.602385853979037,2051.765580566973,-2.16284815999786,-1.1466670244605883,7.1093872524013015,LARETS,-6459.145482,-1973.168445,2046.990391,-13211.211320928884,-1963.566059146021,-4.775189566972813,13356.336287968537
2026-07-18 15:09:00,6241.38595833667,-214.56508334345293,3285.9063444228614,-3.493800369669484,-1.123707628955419,6.561199815556796,LARETS,-6052.774177,-1548.271618,3281.428621,-12294.160135336671,-1333.706534656547,-4.477723422861345,12366.291546130311
2026-07-18 15:12:00,5502.060081852701,-411.6685626702586,4399.361628685842,-4.695555908420809,-1.0596264249855263,5.772667941860459,LARETS,-5413.995226,-1080.639925,4395.354566999999,-10916.055307852701,-668.9713623297414,-4.0070616858429275,10936.535201985123
2026-07-18 15:15:00,4561.387036226573,-593.70864780947,5351.408245119507,-5.7241844750489355,-0.9568674454944477,4.773379255245716,LARETS,-4565.482342,-593.168271,5348.028362,-9126.869378226573,0.5403768094699899,-3.3798831195072125,9126.870020046681
2026-07-18 15:18:00,3453.990817961986,-754.0500893335242,6107.3521543741235,-6.542460319979313,-0.8192831580461791,3.600498274944952,LARETS,-3538.113131,-108.738023,6104.727528,-6992.103948961986,645.3120663335242,-2.6246263741231814,7021.819720322435
2026-07-18 15:21:00,2220.4973698544486,-886.865360446019,6639.757661078748,-7.12109561077307,-0.6519640698194745,2.2972418760006605,LARETS,-2369.779317,350.824405,6637.979497,-4590.276686854449,1237.689765446019,-1.7781640787479773,4754.210678886325
2026-07-18 15:24:00,906.0216455039936,-987.339496703584,6929.389381181394,-7.439618253489799,-0.4610342026256535,0.9112275546814171,LARETS,-1103.936517,765.7017480000001,6928.507981,-2009.9581625039937,1753.0412447035842,-0.8814001813943833,2667.036969656514
2026-07-18 15:27:00,-441.47334228906277,-1051.836042610946,6965.851616955131,-7.486922962849108,-0.2534251628811783,-0.5072274448693894,LARETS,212.037439,1118.9142109999998,6965.875455,653.5107812890628,2170.750253610946,0.023838044869080477,2266.987650028398
2026-07-18 15:30:00,-1772.8903271636816,-1078.0210713081997,6747.920805886446,-7.261535649672843,-0.0366370995246102,-1.9068114066742878,LARETS,1528.613153,1396.9972169999999,6748.817557,3301.5034801636816,2475.0182883081998,0.8967511135542736,4126.2139499976865
2026-07-18 15:33:00,-3039.735930035078,-1064.9433038908985,6283.57200126515,-6.7716221412841024,0.18150976677264338,-3.236911603351614,LARETS,2795.956253,1590.506752,6285.272091,5835.692183035078,2655.4500558908985,1.7000897348498256,6411.45234286061
2026-07-18 15:36:00,-4195.838261766949,-1013.0687093823866,5589.701741136386,-6.034749823276475,0.39313237503559273,-4.449293485079796,LARETS,3965.796699,1694.336183,5592.1040060000005,8161.634960766949,2707.4048923823866,2.4022648636146187,8598.972744170427
2026-07-18 15:39:00,-5198.998347091339,-924.2680183119577,4691.550321704124,-5.077386160285042,0.590550437543423,-5.499757794894206,LARETS,4993.264507,1707.835698,4694.527883000001,10192.26285409134,2632.1037163119577,2.9775612958765123,10526.642433662531
2026-07-18 15:42:00,-6012.5252437366735,-801.7558501654601,3621.829715193404,-3.9341028459404686,0.7665574803285696,-6.349745858652064,LARETS,5838.628226,1634.7331159999999,3625.23948,11851.153469736673,2436.4889661654597,3.409764806596286,12099.02180641037
2026-07-18 15:45:00,-6606.59904975966,-649.981085128088,2419.5714402396893,-2.6464568171537612,0.9146897908116048,-6.967833163479395,LARETS,6468.8767419999995,1482.857544,2423.262759,13075.47579175966,2132.838629128088,3.691318760310878,13248.285980632669
2026-07-18 15:48:00,-6959.402592594648,-474.46992119246636,1128.7220390995753,-1.2615417771850066,1.029480802221078,-7.331024545866113,LARETS,6859.060735999999,1263.67274,1132.543119,13818.463328594647,1738.1426611924662,3.821079900424593,13927.350188568675
2026-07-18 15:51:00,-7057.964727677844,-281.625652684449,-203.4691877701476,0.16975833536955734,1.1066849132170187,-7.425751741706001,LARETS,6993.333656999999,991.642301,-199.66519399999999,14051.298384677844,1273.267953684449,3.8039937701476276,14108.869977694832
2026-07-18 15:54:00,-6898.667759162523,-78.49219249830173,-1528.2081335783776,1.5947392184322247,1.1434540556047779,-7.248482414764499,LARETS,6865.631485,683.456402,-1524.5585409999999,13764.299244162523,761.9485944983018,3.6495925783776784,13785.373141958724
2026-07-18 15:57:00,-6487.388417511025,127.50883961737023,-2796.983533354698,2.9609580947342984,1.1384530691748078,-6.805879414032943,LARETS,6479.948422,357.156613,-2793.613717,12967.336839511026,229.64777338262977,3.369816354697832,12969.37061560127
2026-07-18 16:00:00,-5839.26389015794,328.8556159388149,-3963.3811919364166,4.218296918039745,1.091905670230181,-6.114493695764265,LARETS,5850.195973,31.205402999999997,-3960.4016519999996,11689.45986315794,-297.6502129388149,2.9795399364170407,11693.249181442307
2026-07-18 16:03:00,-4978.0979149793175,518.2055143073454,-4984.803119711291,5.3208797237825,1.0055701542656874,-5.2000232004183715,LARETS,4999.655583,-276.448375,-4982.309190000001,9977.753497979316,-794.6538893073455,2.493929711290548,10009.347925310378
2026-07-18 16:06:00,-3935.4428026037385,688.6642758950329,-5824.019563873564,6.228742341294329,0.8826511119318634,-4.09621082184255,LARETS,3960.054593,-549.25949,-5822.0913279999995,7895.497395603738,-1237.9237658950328,1.9282358735645175,7991.954585221737
2026-07-18 16:09:00,-2749.408117417795,834.0343653894338,-6450.497436981294,6.909192545060045,0.7276586040446404,-2.843477749826377,LARETS,2770.3266860000003,-772.889216,-6449.198918,5519.734803417796,-1606.9235813894338,1.2985189812943645,5748.884881665198
2026-07-18 16:12:00,-1463.25401092516,949.0342806057178,-6841.466370969805,7.3378416253233105,0.546228307196113,-1.4873896774588533,LARETS,1475.113037,-935.88716,-6840.846812,2938.36704792516,-1884.9214406057176,0.6195589698054391,3490.9783914313866
2026-07-18 16:15:00,-123.8273947400045,1029.4829232019176,-6982.699759960878,7.499322443768954,0.3449149491534112,-0.07703512886836195,LARETS,123.07154200000001,-1030.222816,-6982.793401999999,246.8989367400045,-2059.705739201918,-0.09364203912173252,2074.450969734762
2026-07-18 16:18:00,1220.1053268088808,1072.4450614813006,-6868.999884819668,7.3877257298748376,0.13096775333698688,1.33663417957487,LARETS,-1234.9437460000001,-1051.649384,-6869.825903,-2455.0490728088807,-2124.0944454813007,-0.82601818033163,3246.3893551960605
2026-07-18 16:21:00,2519.58092725249,1076.3350913159604,-6504.382539943115,7.006783047440604,-0.0879078176692022,2.702479995189254,LARETS,-2547.775374,-999.8866999999999,-6505.943838,-5067.35630125249,-2076.22179131596,-1.5612980568848798,5476.202995528032
2026-07-18 16:24:00,3727.172975591224,1040.9767426474377,-5901.958573907088,6.369805654017971,-0.3038011929999405,3.970867908603511,LARETS,-3765.8705440000003,-878.617839,-5904.236217000001,-7493.043519591224,-1919.5945816474377,-2.2776430929125127,7735.020991053373
2026-07-18 16:27:00,4798.6913546830565,967.6163947502132,-5083.510119399808,5.499362942512685,-0.5088609388199415,5.095367688434513,LARETS,-4843.144993,-695.29956,-5086.457759999999,-9641.836347683056,-1662.9159547502131,-2.9476406001913347,9784.186543430684
2026-07-18 16:30:00,5694.79777517675,858.8877499771214,-4078.7614191084235,4.4266641859131,-0.6955704357990128,6.03444076832646,LARETS,-5738.752957000001,-460.791874,-4082.302701,-11433.55073217675,-1319.6796239771215,-3.5412818915765456,11509.459118302533
2026-07-18 16:33:00,6382.480210635341,718.7262850431182,-2924.3509308859516,3.1906032382199383,-0.8570288564557169,6.7530607400139075,LARETS,-6418.691059999999,-188.818706,-2928.380102,-12801.17127063534,-907.5449910431182,-4.029171114048495,12833.301993061916
2026-07-18 16:36:00,6836.323121922367,552.2334948743955,-1662.5241100987182,1.8364429580723707,-0.9872257278130572,7.224180112054564,LARETS,-6857.16696,104.72182600000001,-1666.909768,-13693.490081922366,-447.5116688743955,-4.385657901281775,13700.80131056137
2026-07-18 16:39:00,7039.5091666657745,365.49350695377,-339.5840451057606,0.41415267933292105,-1.0812925521755126,7.4299351177292055,LARETS,-7037.660291,402.567974,-344.175971,-14077.169457665776,37.074467046229984,-4.5919258942394094,14077.21902726985
2026-07-18 16:42:00,6984.49465052354,165.34787024527864,995.8429627003732,-1.0235404289732133,-1.135712714824864,7.362479621612511,LARETS,-6953.609456,686.98698,991.209804,-13938.10410652354,521.6391097547214,-4.633158700373201,13947.862736321778
2026-07-18 16:45:00,6673.3161593674595,-40.86236343979795,2294.651903112546,-2.4232795140708396,-1.1484723304067503,7.024362768783593,LARETS,-6608.676367,940.701075,2290.151042,-13281.99252636746,981.5634384397979,-4.500861112545863,13318.21356308396
2026-07-18 16:48:00,6117.508112202328,-245.57542847077997,3509.126997255616,-3.7332480695285883,-1.1191397820230462,6.428409091600483,LARETS,-6016.582588,1147.7971499999999,3504.931604,-12134.090700202329,1393.37257847078,-4.195393255616182,12213.830761251585
2026-07-18 16:51:00,5337.636834588823,-441.29512465134974,4594.743812923875,-4.905236919228647,-1.0488693792929693,5.597114077226,LARETS,-5200.517247000001,1294.570453,4591.019212,-10538.154081588824,1735.8655776513497,-3.7246009238751867,10680.16547735259
2026-07-18 16:54:00,4362.481567242072,-620.8711420209316,5511.823397157136,-5.896481798637555,-0.9403329089404476,4.561619212839438,LARETS,-4192.155785,1370.2575490000002,5508.717534,-8554.637352242073,1991.128691020932,-3.1058631571359,8783.303668834862
2026-07-18 16:57:00,3227.912303935264,-777.7613311314103,6226.971314610187,-6.671184122991414,-0.7975897918329966,3.3603658127515366,LARETS,-3030.35602,1367.622439,6224.602635,-6258.268323935265,2145.3837701314105,-2.3686796101865184,6615.784121792206
2026-07-18 17:00:00,1975.5257753959968,-906.2661591618663,6714.253844217928,-7.201675577299181,-0.6259104843586297,2.037539004118932,LARETS,-1759.600037,1283.371966,6712.704188,-3735.125812395997,2189.6381251618664,-1.5496562179287139,4329.628431519687
2026-07-18 17:03:00,651.1038444294891,-1001.7283072994887,6956.082930134043,-7.469230911039215,-0.43156802945842937,0.6414018335755556,LARETS,-428.247529,1118.384823,6955.396012,-1079.351373429489,2120.113130299489,-0.6869181340425712,2379.0501349170736
2026-07-18 17:06:00,-697.0450765708626,-1060.6928233988708,6943.797093371615,-7.464561551746439,-0.22160977407268528,-0.7774086418911424,LARETS,913.317652,877.74587,6943.975772,1610.3627285708626,1938.4386933988708,0.17867862838465953,2520.081887074737
2026-07-18 17:09:00,-2019.8078151353918,-1081.0249983955816,6677.935387652008,-7.188029796285631,-0.0036166637859654967,-2.1675847531065524,LARETS,2214.58069,570.587357,6678.9411390000005,4234.388505135392,1651.6123553955817,1.0057513479923728,4545.0930019586895
2026-07-18 17:12:00,-3269.003930332811,-1061.984046992499,6168.205829985075,-6.649611017539679,0.21454691837478337,-3.478838904062877,LARETS,3426.776871,209.74365,6169.962503,6695.78080133281,1271.7276969924992,1.7566730149246723,6815.480537768044
2026-07-18 17:15:00,-4399.094246510495,-1004.250935497586,5433.15072522853,-5.868607540498957,0.4249923851336129,-4.663579579390238,LARETS,4504.707385,-188.771233,5435.552191,8903.801631510494,815.479702497586,2.4014657714697023,8941.06796783876
2026-07-18 17:18:00,-5368.814169004806,-909.9087498311332,4499.512211878519,-4.873094161249574,0.620074614258231,-5.678561782655207,LARETS,5408.431434,-606.447585,4502.430199,10777.245603004805,303.46116483113315,2.917987121481019,10781.517517524882
2026-07-18 17:21:00,-6142.680563122275,-782.374354803446,3401.305376589093,-3.6990629658474967,0.7926643796225463,-6.486476698771167,LARETS,6104.775693,-1023.101232,3404.597797,12247.456256122274,-240.72687719655403,3.292420410906743,12249.822244223202
2026-07-18 17:24:00,-6692.31544596974,-626.2811794281205,2178.6153928734975,-2.3892414284907884,0.9364170837532975,-7.057414940198282,LARETS,6568.603626,-1417.8004609999998,2182.1348820000003,13260.91907196974,-791.5192815718793,3.5194891265027763,13284.520683608973
2026-07-18 17:27:00,-6997.52716591368,-447.31493796248225,876.1493711876215,-0.9915836616181389,1.046024482723803,-7.370112890996672,LARETS,6783.78101,-1769.857502,879.749825,13781.30817591368,-1322.5425640375179,3.6004538123785323,13844.623029770939
2026-07-18 17:30:00,-7047.09320168416,-252.00680900369338,-458.40902640975895,0.44252557745040244,1.117432966349286,-7.4128827377522715,LARETS,6743.786846,-2059.83824,-454.865368,13790.88004768416,-1807.8314309963066,3.5436584097589616,13908.869096013024
2026-07-18 17:33:00,-6839.199769567563,-47.49160771247103,-1776.177104032584,1.8602715551651012,1.1480118582675187,-7.184139382519833,LARETS,6451.932908,-2270.540196,-1772.815215,13291.132677567562,-2223.0485882875287,3.361889032584031,13475.762100188966
2026-07-18 17:36:00,-6381.511556390036,158.75879575128204,-3028.9048157192246,3.20949828975521,1.1366585403868006,-6.692470604748104,LARETS,5921.1722199999995,-2387.882843,-3025.835358,12302.683776390037,-2546.641638751282,3.069457719224829,12563.495578844413
2026-07-18 17:39:00,-5690.867551805468,359.214709209354,-4170.777077457375,4.440753453237426,1.0838333534022946,-5.956243264593521,LARETS,5173.507484,-2401.664646,-4168.095741,10864.375035805468,-2760.8793552093543,2.6813364573745275,11209.688083181418
2026-07-18 17:42:00,-4792.622276058889,546.5677992715267,-5160.106273557988,5.509165536966443,0.9915246976700852,-5.002786597924943,LARETS,4239.0386579999995,-2306.1480109999998,-5157.8924019999995,9031.660934058888,-2852.7158102715266,2.2138715579885684,9471.477795107048
2026-07-18 17:45:00,-3719.6716356831053,713.9982340805822,-5960.845536051156,6.376058253328663,0.8631516819943844,-3.8672317530711107,LARETS,3154.7005750000003,-2100.446887,-5959.163328,6874.372210683106,-2814.4451210805823,1.6822080511565218,7428.1961107936795
2026-07-18 17:48:00,-2511.216122130758,855.4195825068969,-6543.869618116631,7.010248539519936,0.703416356062301,-2.5911058167298058,LARETS,1962.757405,-1788.6992790000002,-6542.767655000001,4473.973527130758,-2644.118861506897,1.1019631166300314,5196.90339428838
2026-07-18 17:51:00,-1211.3198837393516,965.6936068799212,-6887.987889205468,7.389016624093162,0.5181190389977768,-1.2207756872073532,LARETS,709.132645,-1380.020624,-6887.500958,1920.4525287393517,-2345.714230879921,0.486931205467954,3031.585955435859
2026-07-18 17:54:00,132.6767220551358,1040.8094032581546,-6980.669449958685,7.498767904889724,0.31394855006796074,0.19418398703144665,LARETS,-558.366116,-888.241169,-6980.821576,-691.0428380551358,-1929.0505722581547,-0.15212604131556873,2049.0915883627904
2026-07-18 17:57:00,1471.8384661054295,1078.0231417218497,-6818.471082720821,7.335419266433241,0.09825526866981593,1.6026547819412793,LARETS,-1791.85704,-331.440741,-6819.276144,-3263.6955061054296,-1409.4638827218496,-0.8050612791794265,3555.038317851692
2026-07-18 18:00:00,2757.3633587500053,1075.9556910165315,-6407.164116029671,6.904535605704875,-0.1211894383028384,2.9536539368612673,LARETS,-2945.173727,268.707238,-6408.623771,-5702.537085750006,-807.2484530165316,-1.4596549703283017,5759.3907151576705
2026-07-18 18:03:00,3942.313313082982,1034.645744748901,-5761.5577201044,6.221221071486798,-0.3364470061895864,4.198027362712983,LARETS,-3975.578703,887.763819,-5763.654570000001,-7917.892016082982,-146.88192574890104,-2.096849895600826,7919.2545530019315
2026-07-18 18:06:00,4983.301679344514,955.5560529899634,-4905.016591248033,5.309744131960553,-0.5396788062049949,5.290150132767289,LARETS,-4845.353234,1499.499254,-4907.708957999999,-9828.654913344515,543.9432010100367,-2.692366751965892,9843.695386407233
2026-07-18 18:09:00,5842.086466672271,841.5305178992065,-3868.673816252859,4.2028579680909255,-0.7234242997003242,6.189606327072387,LARETS,-5523.215048,2076.985886,-3871.893977,-11365.301514672272,1235.4553681007933,-3.220160747141108,11432.254320798507
2026-07-18 18:12:00,6487.010823792952,696.7007309837176,-2690.3475804252157,2.940777453985049,-0.8808830947245162,6.862787581339806,LARETS,-5985.502928999999,2593.771383,-2694.0010890000003,-12472.513752792951,1897.070652016282,-3.6535085747846097,12615.96170414589
2026-07-18 18:15:00,6894.226948871853,526.3423110398729,-1413.1841980354013,1.56979515979349,-1.006188174872162,7.284318306596179,LARETS,-6217.071074,3025.075526,-1417.152016,-13111.298022871853,2498.733214960127,-3.96781796459868,13347.277597610973
2026-07-18 18:18:00,7048.639733091077,336.6841244785138,-84.0684042812412,0.14055827986994204,-1.0946530772909862,7.438197446733082,LARETS,-6211.846538,3348.956855,-88.212525,-13260.486271091077,3012.272730521486,-4.144120718758799,13598.319761006316
2026-07-18 18:21:00,6944.5146514646485,134.67677212965165,1248.1382914945896,-1.2939233963336922,-1.142974140863691,7.31855050524991,LARETS,-5973.009945000001,3547.386792,1243.9683300000002,-12917.52459646465,3412.7100198703483,-4.1699614945894155,13360.727853248547
2026-07-18 18:24:00,6585.711139721436,-72.27000136256055,2534.453405058266,-2.6804244883986237,-1.1493710536445834,6.929913599160031,LARETS,-5512.778545,3607.169057,2530.415676,-12098.489684721437,3679.4390583625604,-4.037729058265995,12645.621405797776
2026-07-18 18:27:00,5985.525993499673,-276.5687591336514,3727.6355413606266,-3.967665017341448,-1.113654604595914,6.287018256706455,LARETS,-4851.801818,3520.6541469999997,3723.888781,-10837.327811499672,3797.222906133651,-3.7467603606264674,11483.31789732321
2026-07-18 18:30:00,5166.15734360114,-470.7411642826779,4783.964108741828,-5.108342121444578,-1.0372185025701894,5.414100394100573,LARETS,-4018.209667,3286.211236,4780.659070000001,-9184.367010601141,3756.952400282678,-3.3050387418270475,9923.069063887917
2026-07-18 18:33:00,4157.823847951955,-647.6967849987365,5664.856895140556,-6.060912322348885,-0.9229603846864479,4.343805755713377,LARETS,-3046.367407,2908.434889,5662.126215,-7204.191254951955,3556.1316739987365,-2.7306801405557053,8034.080630498882
2026-07-18 18:36:00,2997.5918218631095,-800.9921384307586,6338.261906920659,-6.7910458324239755,-0.7751436484870077,3.115795314743635,LARETS,-1975.409067,2398.085893,6336.211542,-4973.000888863109,3199.0780314307585,-2.0503649206593764,5913.107668207343
2026-07-18 18:39:00,1727.9727871095877,-925.0606498858649,6779.779560027886,-7.272722629128985,-0.5992150391102864,1.7751614947290235,LARETS,-847.619451,1771.770564,6778.483661,-2575.592238109588,2696.8312138858646,-1.2958990278857527,3729.152135882063
2026-07-18 18:42:00,395.3554026765671,-1015.4069129621323,6973.490183950442,-7.4889815252267855,-0.4015925643978563,0.3707507543598165,LARETS,293.25527600000004,1051.377367,6972.984788,-102.10012667656707,2066.784279962132,-0.5053959504421073,2069.304702355607
2026-07-18 18:45:00,-951.6688126233868,-1068.760991258868,6912.476397764411,-7.432357876450241,-0.18943499085489285,-1.0465419864249328,LARETS,1403.698317,263.29852600000004,6912.75517,2355.367129623387,1332.059517258868,0.2787722355897131,2705.9447426997103
2026-07-18 18:48:00,-2264.0335611968612,-1083.1901036691352,6599.038649322676,-7.1050486449674874,0.029600545930585424,-2.42547449391075,LARETS,2442.064929,-562.535904,6600.053071,4706.098490196861,520.6541996691352,1.0144216773242078,4734.812015710616
2026-07-18 18:51:00,-3493.933028620627,-1058.1658053361732,6044.605693443362,-6.518828248720154,0.24761050476532614,-3.7161451487148005,LARETS,3370.1268849999997,-1393.7842,6046.271135,6864.0599136206265,-335.61839466382685,1.665441556638143,6872.260252515609
2026-07-18 18:54:00,-4596.519709501668,-994.5849610835668,5269.342487154994,-5.694713919492987,0.45670628172656796,-4.87166545745808,LARETS,4154.475915,-2196.945897,5271.547868,8750.99562450167,-1202.3609359164334,2.205380845005493,8833.210124522673
2026-07-18 18:57:00,-5531.517788033014,-894.7428740911114,4301.459256947186,-4.662356983262697,0.6492839433151555,-5.849802586395808,LARETS,4767.73895,-2938.70112,4304.075933,10299.256738033015,-2043.9582459088888,2.6166760528140003,10500.117214294845
2026-07-18 19:00:00,-6264.699735952529,-762.2573961838597,3176.2303845585316,-3.4591273231785897,0.8182978918825314,-6.614551020127459,LARETS,5189.56229,-3587.289744,3179.122462,11454.262025952528,-2825.0323478161404,2.8920774414682455,11797.496967132376
2026-07-18 19:03:00,-6769.168540446765,-601.9440901641002,1934.7419079385818,-2.128868481388512,0.9575290516208557,-7.137562154014595,LARETS,5407.326206000001,-4113.875748,1937.77477,12176.494746446766,-3511.9316578359003,3.0328620614182,12672.83304860472
2026-07-18 19:06:00,-7026.38633941647,-419.6446504248695,622.4014781109456,-0.7203300214036513,1.0618334746802816,-7.399338117229597,LARETS,5416.546966,-4493.830256,625.446659,12442.93330541647,-4074.1856055751305,3.045180889054336,13092.959438753513
2026-07-18 19:09:00,-7026.895081243355,-222.01360548840572,-712.7377798311978,0.7146749496102964,1.1273545872933606,-7.3900910540324665,LARETS,5220.94458,-4707.871682,-709.797698,12247.839661243355,-4485.858076511594,2.9400818311978583,13043.485258711004
2026-07-18 19:12:00,-6770.687336117256,-16.271346815109865,-2021.7715036992042,2.1232969998602167,1.151682801554352,-7.1101859057604795,LARETS,4832.170272,-4743.00142,-2019.0384299999998,11602.857608117256,-4726.73007318489,2.7330736992043967,12528.698628695909
2026-07-18 19:15:00,-6267.204628865145,190.0658543798867,-3256.7767545753372,3.4537411178804716,1.1339501357692179,-6.570121175620641,LARETS,4269.2017510000005,-4593.181915,-3254.335138,10536.406379865146,-4783.247769379886,2.4416165753373207,11571.314730247039
2026-07-18 19:18:00,-5534.963770954103,389.4665194133835,-4372.599462421898,4.657288771433906,1.0748540085105769,-5.790049899622954,LARETS,3557.438573,-4259.721785,-4370.516399,9092.402343954103,-4649.188304413383,2.0830634218982595,10212.087769569427
2026-07-18 19:21:00,-4600.834650878445,574.6626273756983,-5328.51775464702,5.690131408813253,0.97661190377068,-4.798890261275328,LARETS,2727.54832,-3751.350876,-5326.845871,7328.382970878445,-4326.013503375698,1.6718836470199676,8509.9701876355
2026-07-18 19:24:00,-3499.0118446390593,738.9145034559737,-6089.714531572185,6.514927595882188,0.8428552576911107,-3.633110309268726,LARETS,1814.125112,-3083.9857039999997,-6088.495014,5313.1369566390595,-3822.9002074559735,1.2195175721844862,6545.532201692526
2026-07-18 19:27:00,-2269.7344635835375,876.2520776318103,-6628.509484261507,7.102038471255372,0.6784750936203578,-2.335286174724024,LARETS,854.2342120000001,-2280.207886,-6627.772537,3123.9686755835373,-3156.4599636318103,0.7369472615073391,4440.993169453085
2026-07-18 19:30:00,-957.8130584086871,981.6850388882771,-6925.318298885699,7.430437060257175,0.4894328182571393,-0.9525263336930921,LARETS,-114.095623,-1368.479392,-6925.088065000001,843.717435408687,-2350.164430888277,0.23023388569799863,2497.0246326443544
2026-07-18 19:33:00,388.97954339934626,1051.3766636368093,-6969.321504148431,7.488315196087697,0.28254740140565376,0.46516924260701065,LARETS,-1053.3718700000002,-382.122109,-6969.619694,-1442.3514133993465,-1433.4987726368095,-0.2981898515690773,2033.542824679018
2026-07-18 19:36:00,1721.6019445848965,1082.7777664178454,-6758.835101198839,7.273420815342374,0.06526605660163408,1.866576821636048,LARETS,-1928.0727490000002,641.8942519999999,-6759.680202,-3649.674693584897,-440.8835144178455,-0.8451008011606973,3676.207877211897
2026-07-18 19:39:00,2991.476136509456,1074.718111631992,-6301.379566665299,6.7931482013862805,-0.15457875094390952,3.2009310933252837,LARETS,-2705.976968,1664.319348,-6302.781765,-5697.453104509455,589.6012363680079,-1.4021983347010973,5727.879490891135
2026-07-18 19:42:00,4152.213558130829,1027.4528607744048,-5613.444814840474,6.064380811292799,-0.36902587979379176,4.4196206063364345,LARETS,-3359.3457089999997,2645.106903,-5615.398789,-7511.5592671308295,1617.654042225595,-1.9539741595262967,7683.770626584507
2026-07-18 19:45:00,5161.2887887413735,942.6616043670999,-4719.949349708512,5.11306151815611,-0.5702555836740797,5.477887385446692,LARETS,-3865.925976,3544.975269,-4722.430429999999,-9027.214764741373,2602.3136646329003,-2.48108029148716,9394.820326842828
2026-07-18 19:48:00,5981.608346636315,823.3977678589675,-3653.3954716896706,3.973450192838883,-0.7508700314824529,6.336496884055677,LARETS,-4209.741967,4326.993483,-3656.356398,-10191.350313636314,3503.5957151410325,-2.9609263103293415,10776.771915443614
2026-07-18 19:51:00,6582.914880205002,673.9871605308253,-2452.7314057041785,2.687032293659275,-0.9041761364522315,6.963311164748078,LARETS,-4381.631479000001,4958.125006,-2456.096853,-10964.546359205004,4284.137845469175,-3.3654472958214683,11771.79363004519
2026-07-18 19:54:00,6942.962430211717,499.876404260804,-1161.946084126535,1.3010672500738902,-1.0244569766204477,7.334668480683853,LARETS,-4379.502334,5410.659921,-1165.61181,-11322.464764211716,4910.783516739197,-3.665725873465135,12341.556487033531
2026-07-18 19:57:00,7048.399977612033,307.43485107771244,171.55866142778248,-0.13319255544037645,-1.1072139728886972,7.436458033019151,LARETS,-4208.2961,5663.466127999999,167.720157,-11256.696077612032,5356.031276922286,-3.838504427782482,12465.965360019742
2026-07-18 20:00:00,6895.310363831091,103.7169582171875,1498.7540998307427,-1.562532981809757,-1.1493609566414564,7.264787222375142,LARETS,-3879.647239,5702.987115,1494.886007,-10774.957602831091,5599.270156782813,-3.8680928307426257,12142.963089525896
2026-07-18 20:03:00,6489.3698652589,-103.80470226618823,2770.8484491654567,-2.9339387694419563,-1.1493540495444043,6.826170972843782,LARETS,-3411.252985,5523.926541,2767.1019309999997,-9900.6228502589,5627.731243266188,-3.7465181654570188,11388.314440947854
2026-07-18 20:06:00,5845.617853062,-307.52323899042824,3941.1397984966707,-4.196740211062256,-1.1072474893445206,6.137222132136783,LARETS,-2825.981248,5129.577297,3937.669861,-8671.599101062,5437.100535990428,-3.469937496670809,10235.17001561151
2026-07-18 20:09:00,4987.851970625961,-499.9844252356667,4966.770490718906,-5.304605195004185,-1.0246737167638735,5.223876588357529,LARETS,-2150.770358,4531.781346,4963.727348,-7138.622328625961,5031.765771235667,-3.043142718905983,8733.762350101679
2026-07-18 20:12:00,3947.68746813702,-674.1637014911691,5810.305821435741,-6.2172633198968965,-0.9047541435583768,4.120232988058797,LARETS,-1415.388034,3750.534825,5807.823811,-5363.0755021370205,4424.698526491169,-2.482010435740449,6952.7362996399615
2026-07-18 20:15:00,2763.3359309373313,-823.7217748615328,6441.077094048597,-6.9018927105148435,-0.7519530571793502,2.8671138475700406,LARETS,-651.112329,2813.261065,6439.264813,-3414.4482599373314,3636.9828398615327,-1.8122810485974696,4988.597436314031
2026-07-18 20:18:00,1478.1667371605015,-943.2299347107154,6836.248923056337,-7.334148090541392,-0.5718897710490997,1.5104575510507792,LARETS,110.599562,1753.793974,6835.17924,-1367.5671751605014,2697.023908710715,-1.0696830563365438,3023.9343721310383
2026-07-18 20:21:00,139.11468139812223,-1028.358887442491,6981.588946652191,-7.498847540682084,-0.37112316590424066,0.09963180745226549,LARETS,839.396336,611.124482,6981.291931,700.2816546018778,1639.483369442491,-0.29701565219147597,1782.7787868013083
2026-07-18 20:24:00,-1205.0081147104463,-1076.0271518648494,6871.9316375823355,-7.390355808293278,-0.1569190656789257,-1.3142724424998968,LARETS,1507.2279720000001,-572.04372,6872.391892,2712.236086710446,503.9834318648494,0.4602544176641459,2758.663462889737
2026-07-18 20:27:00,-2505.2449170873456,-1084.5065023134714,6511.335512043895,-7.012701157368954,0.06299387979652023,-2.6801396797970036,LARETS,2089.410456,-1750.879853,6512.495484,4594.655373087346,-666.3733506865285,1.1599719561054371,4642.726869575739
2026-07-18 20:30:00,-3714.225833242294,-1053.482582843507,5912.935752134555,-6.379444828178129,0.28067807965528474,-3.9485149879711714,LARETS,2565.529064,-2880.109449,5914.7044129999995,6279.754897242294,-1826.626866156493,1.7686608654448719,6540.022202237888
2026-07-18 20:33:00,-4787.853263198255,-984.0689384100472,5098.494799625348,-5.5132969873866955,0.48825055145394036,-5.073272617151962,LARETS,2920.154721,-3915.743979,5100.758468,7708.007984198255,-2931.675040589953,2.2636683746522976,8246.703023164873
2026-07-18 20:36:00,-5686.893475095106,-878.7728083329313,4097.655239288103,-4.445452513533777,0.6781547000591692,-6.013249170981377,LARETS,3143.348173,-4816.798236,4100.286848000001,8830.241648095105,-3938.0254276670685,2.63160871189757,9668.568599232782
2026-07-18 20:39:00,-6378.4208482318045,-741.4116101571452,2946.9051153915325,-3.2146142047620105,0.8434350278689394,-6.733794675215364,LARETS,3230.9359950000003,-5546.934445,2949.7722489999996,9609.356843231804,-4805.5228348428545,2.8671336084671566,10743.965602942759
2026-07-18 20:42:00,-6837.0564898724,-576.9804516642968,1688.2770046852613,-1.8656850523571917,0.9780044127433764,-7.208165070624571,LARETS,3184.5441690000002,-6075.96395,1691.247494,10021.6006588724,-5498.983498335703,2.970489314738643,11431.155151807137
2026-07-18 20:45:00,-7045.94234401672,-391.4733002387974,367.817939520521,-0.4481434076807492,1.0768891190126406,-7.418659857240048,LARETS,3011.382031,-6381.133956000001,370.764313,10057.32437501672,-5989.660655761203,2.946373479479007,11705.802707913535
2026-07-18 20:48:00,-6997.39817819584,-191.66334669730497,-966.1150107268865,0.9858427217502007,1.1364345164194567,-7.357407571633098,LARETS,2723.7882400000003,-6448.133229,-963.3073919999999,9721.18641819584,-6256.469882302695,2.807618726886517,11560.488253019372
2026-07-18 20:51:00,-6693.222764341808,15.148889733842791,-2264.6627847628965,2.3834650228284837,1.1544556030632274,-7.02672272128074,LARETS,2338.556138,-6271.765252,-2262.0894500000004,9031.778902341808,-6286.914141733843,2.5733347628961383,11004.468464599797
2026-07-18 20:54:00,-6144.620820813156,221.4086698933052,-3480.294902398811,3.6933628015782696,1.1303209009563795,-6.4389971994439685,LARETS,1876.068356,-5856.2412429999995,-3478.0305120000003,8020.689176813155,-6077.649912893305,2.2643903988105194,10063.26430449899
2026-07-18 20:57:00,-5371.760694860524,419.58884974698907,-4568.579148779252,4.867617807518224,1.0649651414359407,-5.6161378212890884,LARETS,1359.286336,-5215.080078,-4566.68184,6731.0470308605245,-5634.668927746989,1.8973087792519436,8778.182708098202
2026-07-18 21:00:00,-4402.990258817401,602.4677514720728,-5489.813278618428,5.863540857155708,0.9608336897638146,-4.588607357588807,LARETS,812.655349,-4370.619955,-5488.328961,5215.645607817401,-4973.087706472073,1.4843176184276672,7206.563858442343
2026-07-18 21:03:00,-3273.756258847855,763.3915662003168,-6210.455059885988,6.645170059235262,0.8217679887905811,-3.394158089854431,LARETS,260.983649,-3353.184925,-6209.420539,3534.7399078478547,-4116.576491200317,1.0345208859880586,5425.9182904158115
2026-07-18 21:06:00,-2025.2829537214252,896.5118017395848,-6704.304253711841,7.18444358127359,0.6528449374990648,-2.0763576229295087,LARETS,-271.655109,-2199.9482519999997,-6703.7504579999995,1753.6278447214252,-3096.4600537395845,0.5537957118413033,3558.549674920522
2026-07-18 21:09:00,-703.0689166218772,996.9906835336707,-6953.4073864117645,7.46204910952765,0.4601834196738483,-0.6829960603674311,LARETS,-762.947776,-953.54549,-6953.361443,-59.8788593781228,-1950.5361735336705,0.04594341176471062,1951.455058200059
2026-07-18 21:12:00,644.7419773598372,1061.1695923418667,-6948.670041486926,7.467977037950113,0.25072855930301857,0.7355622478453582,LARETS,-1193.255369,339.506838,-6949.156523,-1837.9973463598371,-721.6627543418667,-0.48648151307406806,1974.596569655269
2026-07-18 21:15:00,1969.0649581020414,1086.6971560498096,-6690.170040302052,7.20180957874841,0.03202000267279745,2.1280497708351778,LARETS,-1546.384418,1630.533314,-6691.208866,-3515.4493761020412,543.8361579501905,-1.0388256979476864,3557.2662483695376
2026-07-18 21:18:00,3221.608574772702,1072.6143662329926,-6187.168486010571,6.672764699469697,-0.18805360828220263,3.443980712090611,LARETS,-1810.192328,2870.5077850000002,-6188.769062,-5031.800902772702,1797.8934187670077,-1.6005759894296716,5343.3550913478875
2026-07-18 21:21:00,4356.594470929814,1019.394241552805,-5457.816313562943,5.899489585201019,-0.4015141180325643,4.63534856077999,LARETS,-1977.008749,4011.899504,-5459.972674,-6333.603219929813,2992.505262447195,-2.156360437056719,7004.971244992358
2026-07-18 21:24:00,5332.415327149782,928.9335404657298,-4528.554962007429,4.909574545818583,-0.6005668924064501,5.658323591495203,LARETS,-2043.860297,5010.50416,-4531.242517,-7376.275624149782,4081.5706195342705,-2.6875549925707674,8430.223486279796
2026-07-18 21:27:00,6113.177057455094,804.4943676173926,-3433.214309122808,3.738746415907203,-0.7778835585287819,6.474910433758255,LARETS,-2012.489023,5827.193493,-3436.385753,-8125.666080455094,5022.699125382607,-3.171443877191905,9552.694165167955
2026-07-18 21:30:00,6670.0643568425685,650.5946684058113,-2211.8211579094636,2.4297083209178676,-0.9268852643803154,7.054492280954121,LARETS,-1889.1582150000002,6429.505784,-2215.4000419999998,-8559.222571842569,5778.911115594188,-3.578884090536121,10327.444869118824
2026-07-18 21:33:00,6982.4650165695075,472.84875928648455,-909.1474184667627,1.0306215750010028,-1.0420117912495774,7.375160694301902,LARETS,-1684.251115,6793.004685,-913.0259649999999,-8666.716131569508,6320.155925713515,-3.878546533237227,10726.432513825928
2026-07-18 21:36:00,7038.7914418766795,277.76205073042087,426.95342317502104,-0.40673034848583317,-1.1189581685564427,7.424719545772515,LARETS,-1411.68005,6902.335195000001,422.91030800000004,-8450.47149187668,6624.57314426958,-4.043115175021001,10737.572077782694
2026-07-18 21:39:00,6836.949341779705,72.48751695396898,1747.3536894458985,-1.8290077036262968,-1.1548600554773738,7.201264892583424,LARETS,-1088.131731,6751.9182980000005,1743.298535,-7925.081072779705,6679.430781046031,-4.055154445898552,10364.44508949678
2026-07-18 21:42:00,6384.4231354406775,-135.44541051700372,3003.520131843515,-3.1834834438130395,-1.1484126177650127,6.713278821910463,LARETS,-732.1862659999999,6346.228518,2999.618989,-7116.609401440677,6481.673928517003,-3.9011428435151174,9625.915099729811
2026-07-18 21:45:00,5697.972467056412,-338.4166589860798,4149.354482950152,-4.420170388121783,-1.0999143306611885,5.979226745840814,LARETS,-363.359232,5699.633822,4145.779345,-6061.331699056412,6038.0504809860795,-3.5751379501516567,8555.571772741649
2026-07-18 21:48:00,4802.960032480662,-529.0023720446563,5142.91967752694,-5.493769447356521,-1.0112354786730569,5.026701670901139,LARETS,-1.12243,4835.831635,5139.835546,-4804.082462480663,5364.834007044656,-3.0841315269399274,7201.434700205533
2026-07-18 21:51:00,3732.353106375107,-700.2498351340662,5947.9774896920035,-6.365333094212347,-0.8857190090421931,3.8912021963168484,LARETS,336.049395,3786.9016290000004,5945.533088,-3396.303711375107,4487.151464134066,-2.444401692003339,5627.558363720491
2026-07-18 21:54:00,2525.456203052097,-845.9294234244628,6535.281361832671,-7.003583986572669,-0.7280269102930065,2.614653417540882,LARETS,631.558402,2592.040193,6533.595074,-1893.8978010520968,3437.9696164244624,-1.6862878326710415,3925.109782904726
2026-07-18 21:57:00,1226.4387631346988,-960.7551371954586,6883.588056263035,-7.38587578257342,-0.5439472878185762,1.243778051045273,LARETS,871.446496,1296.042885,6882.737849,-354.99226713469875,2256.7980221954585,-0.8502072630344628,2284.547558174957
2026-07-18 22:00:00,-117.2794233394404,-1040.5679290776518,6980.369309676261,-7.498819078867066,-0.3401757662705142,-0.171597089105061,LARETS,1045.013602,-52.402992,6980.386529,1162.2930253394404,988.1649370776518,0.017219323739482206,1525.580224019338
2026-07-18 22:03:00,-1456.7282866863354,-1082.4781383500008,6822.21708437051,-7.338611761508593,-0.1240808176075449,-1.5802467699484817,LARETS,1145.270252,-1402.5465609999999,6823.084554999999,2601.9985386863355,-320.0684226499991,0.8674706294896168,2621.610372082163
2026-07-18 22:06:00,-2743.123196566782,-1084.9646369474508,6414.942539191724,-6.911108389506419,0.0965421477431271,-2.9312433608634976,LARETS,1169.210045,-2703.468053,6416.6009859999995,3912.333241566782,-1618.5034160525493,1.6584468082755848,4233.8997923059105
2026-07-18 22:09:00,-3929.59102559145,-1047.928803721461,5773.370892677451,-6.23164304699089,0.31372671025944016,-4.175639242269604,LARETS,1117.893731,-3905.986022,5775.728805,5047.48475659145,-2858.057218278539,2.357912322549055,5800.482651532338
2026-07-18 22:12:00,-4972.841525664441,-972.7015203568653,4920.834861072522,-5.324594876245596,0.5196012800591143,-5.268130812663369,LARETS,996.342167,-4964.512433,4923.7734900000005,5969.183692664441,-3991.8109126431345,2.9386289274789306,7180.927304645819
2026-07-18 22:15:00,-5834.73518586728,-862.0015325102357,3888.371705329456,-4.222667119712156,0.7066628750326238,-6.1686806664798866,LARETS,813.246994,-5838.790749,3891.74963,6647.98217986728,-4976.789216489764,3.377924670543962,8304.463220436151
2026-07-18 22:18:00,-6483.693018375832,-719.8442342864139,2713.6357296069355,-2.9658483251847785,0.8680526525240455,-6.844045286300018,LARETS,580.507752,-6495.46787,2717.297673,7064.200770375832,-5775.623635713587,3.6619433930645755,9124.734205193121
2026-07-18 22:21:00,-6895.889427011684,-551.401512812867,1439.5502557036612,-1.6000422246526962,0.9978218891406236,-7.269126890298396,LARETS,312.609676,-6909.424029,1443.335692,7208.499103011684,-6358.022516187133,3.7854362963389576,9611.811689998445
2026-07-18 22:24:00,-7056.169870012844,-362.81572969813107,112.7394964312076,-0.17538770708390194,1.0911729061175601,-7.428051289415262,LARETS,25.869183,-7064.793115,116.494322,7082.039053012843,-6701.97738530187,3.7548255687923984,9750.476507341156
2026-07-18 22:27:00,-6958.642755781029,-160.9738989901395,-1218.2015671992328,1.2556665883698386,1.1446577729249185,-7.314876710004357,LARETS,-262.41718099999997,-6955.621946,-1214.6159010000001,6696.2255747810295,-6794.64804700986,3.585666199232719,9539.742757962005
2026-07-18 22:30:00,-6606.910311862192,46.74889964946286,-2504.526074191859,2.640429190561382,1.1563193638479219,-6.933863478709111,LARETS,-534.8751609999999,-6586.113324,-2501.2307170000004,6072.0351508621925,-6632.862223649463,3.295357191858784,8992.46812674925
2026-07-18 22:33:00,-6013.924310397346,252.76547123507544,-3699.1607122297546,3.9280460812720257,1.1257643425327217,-6.299276483297666,LARETS,-774.956405,-5970.447099999999,-3696.257361,5238.967905397346,-6223.212571235075,2.903351229754662,8134.812096785648
2026-07-18 22:36:00,-5201.476099092231,449.5591660587033,-4758.454811304336,5.071464068150398,1.0541647724779544,-5.434741366363393,LARETS,-967.799124,-5132.19528,-4756.026041,4233.676975092231,-5581.754446058703,2.4287703043355577,7005.712620743689
2026-07-18 22:39:00,-4199.352251822818,629.9606831340209,-5643.778085621886,6.029167597229785,0.9441925232746006,-4.372219247308652,LARETS,-1101.001287,-4103.3585060000005,-5641.890057,3098.3509648228182,-4733.319189134021,1.8880286218864057,5657.215994824213
2026-07-18 22:42:00,-3044.2036910109473,787.4077647352374,-6322.906442591842,6.766616723779727,0.7998966010423425,-3.1506927846926174,LARETS,-1165.268215,-2923.085242,-6321.611023,1878.9354760109472,-3710.4930067352375,1.2954195918418918,4159.105499281727
2026-07-18 22:45:00,-1778.1852603332854,916.178671588502,-6771.152857010087,7.257357294152174,0.6265366039405392,-1.8146628605873487,LARETS,-1154.905682,-1636.13816,-6770.490962,623.2795783332854,-2552.316831588502,0.6618950100873917,2627.3178490015803
2026-07-18 22:48:00,-447.42445810564186,1011.592722007005,-6972.2171523246225,7.483811570839529,0.4303852266211267,-0.4125409833571604,LARETS,-1068.140551,-291.17490399999997,-6972.220999,-620.7160928943581,-1302.767626007005,-0.003846675377644715,1443.0841816625814
2026-07-18 22:51:00,899.6256015377148,1070.1732616155264,-6918.741493856301,7.437778890982965,0.21850969039389917,1.0050051899893628,LARETS,-907.258565,1061.087894,-6919.434125,-1806.884166537715,-9.085367615526366,-0.6926311436991455,1806.9071406487117
2026-07-18 22:54:00,2213.8996515816907,1089.7698239555086,-6612.566004707089,7.120677291076075,-0.0014624151079566361,2.3867259518900172,LARETS,-678.552661,2369.765827,-6613.957338,-2892.4523125816904,1279.9960030444915,-1.3913332929114404,3163.016295275346
2026-07-18 22:57:00,3447.455147279888,1069.6368636526897,-6064.681754010877,6.543540929188962,-0.22159131733707543,3.68247717594883,LARETS,-392.085401,3585.6982799999996,-6066.7639819999995,-3839.540548279888,2516.06141634731,-2.082227989122657,4590.494636571363
2026-07-18 23:00:00,4555.184042634732,1010.4665250965567,-5294.878829480091,5.726763084065144,-0.43388756095244846,4.844919533953741,LARETS,-61.269734,4663.291421,-5297.6241629999995,-4616.453776634732,3652.824895903443,-2.745333519908854,5886.831297803023
2026-07-18 23:03:00,5496.453022430785,914.3729136217219,-4331.088629560909,4.699552184971141,-0.6305880058572755,5.831212407537548,LARETS,297.720647,5562.250486999999,-4334.4467079999995,-5198.7323754307845,4647.877573378278,-3.3580784390906047,6973.492347823704
2026-07-18 23:06:00,6236.616872336869,784.8257956017275,-3208.425001598833,3.499059779606308,-0.8044406052602686,6.604656346691723,LARETS,666.689485,6249.13899,-3212.320561,-5569.927387336869,5464.313194398273,-3.8955594011667927,7802.744706964558
2026-07-18 23:09:00,6748.343018836184,626.5329822130029,-1967.9401520618692,2.1691513044252066,-0.9489877187245972,7.136204546444151,LARETS,1026.277368,6698.694858,-1972.270348,-5722.0656508361835,6072.1618757869965,-4.330195938130828,8343.452757032741
2026-07-18 23:12:00,7012.682643229151,445.2729868587472,-655.1280166889068,0.7588229705728473,-1.0588323945989986,7.405738726517658,LARETS,1356.9050149999998,6894.838085,-659.7617809999999,-5655.777628229151,6449.565098141253,-4.6337643110931594,8578.154347347152
2026-07-18 23:15:00,7019.828342039735,247.6826788766379,681.7724880045912,-0.6796860135910393,-1.1298688559659786,7.402998614076417,LARETS,1639.754542,6831.310383999999,676.994233,-5380.073800039735,6583.627705123362,-4.778255004591188,8502.31560724858
2026-07-18 23:18:00,6769.511484558526,41.0080700344843,1993.6031814022715,-2.092989325227182,-1.159458710062216,7.128072157052742,LARETS,1857.735382,6511.9008380000005,1988.864967,-4911.776102558526,6470.892767965516,-4.738214402271524,8123.916552184
2026-07-18 23:21:00,6271.013269091891,-167.17061368037696,3232.1567153527585,-3.4287254750560328,-1.1465385225118243,6.591393532285897,LARETS,1996.380308,5950.247244,3227.658329,-4274.632961091891,6117.417857680377,-4.498386352758644,7462.9289446570365
2026-07-18 23:24:00,5542.788863359053,-369.22644222909435,4352.001580591676,-4.637660421438254,-1.0916515424106197,5.813248996217724,LARETS,2044.627176,5169.2277300000005,4347.942421,-3498.161687359053,5538.454172229095,-4.059159591676689,6550.696625975378
2026-07-18 23:27:00,4611.729464412528,-557.7721980322425,5312.177444865326,-5.675588117024409,-0.9969047962622462,4.822843574096172,LARETS,1995.444006,4199.972087,5308.744155,-2616.285458412528,4757.744285032242,-3.433289865325605,5429.649350477166
2026-07-18 23:30:00,3512.1081471514217,-725.9329592671854,6077.689683896382,-6.5049311891228045,-0.8658603733009885,3.657021426081976,LARETS,1846.2645360000001,3080.5444559999996,6075.046357,-1665.8436111514216,3806.4774152671853,-2.64332689638195,4155.034565070458
2026-07-18 23:33:00,2284.2688094036425,-867.5942002217209,6620.750681084363,-7.095990985959931,-0.7033746797580396,2.3587505384094913,LARETS,1599.219312,1854.38676,6619.0249539999995,-685.0494974036426,2721.980960221721,-1.7257270843638253,2806.862330046936
2026-07-18 23:36:00,973.1223779324282,-977.6174190548073,6921.735175197916,-7.42784208131003,-0.515400784105087,0.9754761171805528,LARETS,1261.1575220000002,568.594426,6921.009369,288.035144067572,1546.2118450548073,-0.7258061979155173,1572.8114447703053
2026-07-18 23:39:00,-373.4879155551751,-1052.017880344419,6969.833659062168,-7.488898934989104,-0.30876688678810127,-0.44257801484960896,LARETS,843.4593299999999,-727.90675,6970.138012,1216.947245555175,324.11113034441894,0.3043529378319363,1259.3683797476317
2026-07-18 23:42:00,-1706.4968012109384,-1088.101033337336,6763.399104788111,-7.2771946316809535,-0.09093964432887373,-1.8441139455464368,LARETS,361.648541,-1986.210892,6764.712495,2068.1453422109385,-898.109858662664,1.3133902118888727,2254.7346184705902
2026-07-18 23:45:00,-2977.354088041273,-1084.5553013703095,6309.987791907301,-6.8004033675717155,0.1302236127171888,-3.1784530033756075,LARETS,-165.184856,-3159.2624619999997,6312.245639000001,2812.169232041273,-2074.7071606296904,2.2578470927001035,3494.668895601014
2026-07-18 23:48:00,-4139.743744075843,-1041.4993368139378,5626.096509110567,-6.075616298341868,0.34673297749575777,-4.39721530798969,LARETS,-715.132617,-4203.60501,5629.195035,3424.611127075843,-3162.1056731860626,3.0985258894324943,4661.2104930961705
2026-07-18 23:51:00,-5151.239462186068,-960.4818840396657,4736.599005816491,-5.1288555473578645,0.5507341602715647,-5.455978435538875,LARETS,-1264.356683,-5080.985846,4740.3954539999995,3886.8827791860676,-4120.503961960334,3.796448183508801,5664.488066249485
2026-07-18 23:54:00,-5974.846845248124,-844.4326108280662,3673.887611002193,-3.994295290912628,0.7347841890985817,-6.3158867019567735,LARETS,-1788.096256,-5759.780598,3678.2109640000003,4186.750589248124,-4915.347987171934,4.323352997807433,6456.744150339692
2026-07-18 23:57:00,-6580.376609976212,-697.5631261240507,2476.733763546756,-2.7131603912220146,0.8921275057927337,-6.945152505935599,LARETS,-2261.75952,-6216.18459,2481.3973509999996,4318.617089976213,-5518.621463875949,4.663587453243508,7007.542948882645
2026-07-19 00:00:00,-6945.589589455349,-525.2191512424681,1188.894340168117,-1.3322945942817395,1.0169602307915486,-7.32036391074273,LARETS,-2662.048443,-6435.100555999999,1193.705975,4283.541146455349,-5909.8814047575315,4.8116348318831115,7299.003091073781
2026-07-19 00:03:00,-7057.056103721086,-333.6873914265753,-142.49241470649622,0.09757238273442788,1.1046665012138897,-7.427499186144787,LARETS,-2968.0618790000003,-6410.681467,-137.720866,4088.994224721086,-6076.994075573425,4.771548706496219,7324.599206238793
2026-07-19 00:06:00,-6910.681470653954,-129.96369571501626,-1468.6600465737697,1.5237861900496525,1.1520096793284722,-7.262556355334182,LARETS,-3162.319035,-6146.4976799999995,-1464.103628,3748.3624356539544,-6016.5339842849835,4.556418573769633,7088.647465774272
2026-07-19 00:09:00,-6511.8660393246055,78.50797788318441,-2741.040614388158,2.893847651334687,1.157263590969188,-6.831734556513972,LARETS,-3231.6515210000002,-5655.313611,-2736.8538679999997,3280.2145183246053,-5733.821588883184,4.186746388158099,6605.795548472244
2026-07-19 00:12:00,-5875.290036907106,284.114064827291,-3913.0819364075087,4.157480638469948,1.1202744484985496,-6.151148290717121,LARETS,-3167.917109,-4958.481484,-3909.3956719999996,2707.372927907106,-5242.595548827291,3.686264407509043,5900.397431350985
2026-07-19 00:15:00,-5024.33708707414,479.35460332234123,-4941.973339781753,5.26855997630077,1.0424514553199677,-5.246104641082207,LARETS,-2968.4945780000003,-4084.984454,-4938.895516,2055.84250907414,-4564.339057322341,3.077823781753068,5005.965334010383
2026-07-19 00:18:00,-3990.191359450998,657.1187024726545,-5790.2072157693465,6.186795802604504,0.9266914406843255,-4.150015093695043,LARETS,-2636.538032,-3070.188656,-5787.823706,1353.653327450998,-3727.3073584726544,2.3835097693463467,3965.501627355911
2026-07-19 00:21:00,-2810.6585424345876,810.9413148360436,-6426.919016278428,6.879110241428441,0.7772484144486447,-2.9030377605457676,LARETS,-2180.9861260000002,-1954.372957,-6425.295183,629.6724164345874,-2765.3142718360436,1.62383327842781,2836.0982019093058
2026-07-19 00:24:00,-1528.7684862347735,935.2325861061961,-6828.966064264711,7.320685328371877,0.5995614227425261,-1.5505480634321196,LARETS,-1616.32645,-781.104301,-6828.151008999999,-87.55796376522653,-1716.3368871061962,0.8150552647121003,1718.5689894139207
2026-07-19 00:27:00,-191.21786573239294,1025.4734293406202,-6981.721861871938,7.495695913226941,0.4000532480116668,-0.1415184628491183,LARETS,-962.12716,404.471063,-6981.749976,-770.909294267607,-621.0023663406203,-0.028114128062043164,989.9217543721494
2026-07-19 00:30:00,1153.2931008758326,1078.3729502813271,-6879.574579067652,7.3977589414651135,0.18590908563394176,1.2731412667001463,LARETS,-242.35967000000002,1557.351203,-6880.4619,-1395.6527708758326,478.9782527186728,-0.8873209323483024,1475.556712149438
2026-07-19 00:33:00,2455.781548509174,1091.9846007244316,-6526.124998353681,7.030128139403205,-0.03516011765155345,2.642260974581847,LARETS,515.468562,2634.364203,-6527.864889,-1940.3129865091742,1542.3796022755685,-1.739890646319509,2478.6593857065864
2026-07-19 00:36:00,3668.715895765035,1065.7784338169904,-5934.0813523625575,6.405644529056948,-0.25516863794895506,3.916100438605812,LARETS,1281.34759,3595.7715789999997,-5936.643934000001,-2387.368305765035,2529.9931451830093,-2.562581637443145,3478.562822326065
2026-07-19 00:39:00,4747.717868375628,1000.6668614754346,-5124.848872234739,5.546427736401259,-0.46612159109188944,5.048049640335148,LARETS,2023.9395849999999,4406.742174,-5128.18025,-2723.7782833756282,3406.0753125245656,-3.331377765261095,4361.230132618069
2026-07-19 00:42:00,5653.183007263541,898.9813598672309,-4127.813854156828,4.4832725965359685,-0.6602938644167744,5.996317383042084,LARETS,2711.851545,5038.6425,-4131.834636,-2941.331462263541,4139.661140132769,-4.02078184317179,5078.212411145614
2026-07-19 00:45:00,6351.762948150325,764.3981605897939,-2979.328574678509,3.254710588601737,-0.8305167143543662,6.725555683068463,LARETS,3314.96162,5470.099023,-2983.9320669999997,-3036.8013281503254,4705.700862410205,-4.6034923214906485,5600.51819971021
2026-07-19 00:48:00,6817.646588964223,601.8124778907478,-1721.4158220349154,1.9057117197767044,-0.9704607225651813,7.2083346204524155,LARETS,3805.743488,5687.7800640000005,-1726.4668459999998,-3011.903100964223,5085.967586109253,-5.051023965084369,5910.892664343938
2026-07-19 00:51:00,7033.575805351622,417.163334411303,-400.2293863258155,0.4860382188114841,-1.074898706983351,7.426360173052252,LARETS,4160.526823,5686.854135,-405.564458,-2873.048982351622,5269.690800588696,-5.335071674184519,6002.006335534026
2026-07-19 00:54:00,6991.537544643536,217.21428835151468,935.6732783442934,-0.9516914107569808,-1.1399295147034356,7.371325794244104,LARETS,4360.623675,5471.093608,930.244226,-2630.9138696435366,5253.879319648486,-5.429052344293382,5875.7965561719475
2026-07-19 00:57:00,6693.088914822638,9.298773899827056,2237.171978158613,-2.354123379776853,-1.1631445957352124,7.045311019510057,LARETS,4393.258561,5052.60931,2231.8596239999997,-2299.8303538226382,5043.310536100173,-5.312354158613289,5542.9440770234805
2026-07-19 01:00:00,6149.293893453803,-198.95834493285142,3456.4520510592674,-3.66933816640549,-1.143724012818822,6.460683675987493,LARETS,4252.252066,4451.233918,3451.474077,-1897.0418274538033,4650.192262932851,-4.977974059267581,5022.258511623585
2026-07-19 01:03:00,5380.27603461997,-399.9296498255117,4548.810716159083,-4.848923698232985,-1.082456075772553,5.6395163026216855,LARETS,3938.4210630000002,3693.583162,4544.379150999999,-1441.85497161997,4093.5128118255116,-4.43156515908413,4340.024485937215
2026-07-19 01:06:00,4414.416473356779,-586.2708342151943,5474.318924736801,-5.849824659207832,-0.9816832451875951,4.6125787506373035,LARETS,3459.6756490000002,2811.847198,5470.625565,-954.7408243567784,3398.118032215194,-3.6933597368006303,3529.695432111058
2026-07-19 01:09:00,3287.2462909586457,-751.1906887857531,6199.270882885447,-6.635878584390878,-0.8451842134630767,3.4180050559701347,LARETS,2830.8136120000004,1842.384812,6196.4775740000005,-456.4326789586453,2593.5755007857533,-2.793308885446095,2633.433589683242
2026-07-19 01:12:00,2040.0941029264413,-888.6951692615996,6697.372654636848,-7.178997244680998,-0.6780064335887944,2.0997457990086175,LARETS,2073.028307,824.190578,6695.60009,32.9342040735587,1712.8857472615996,-1.7725646368480739,1713.2032532525961
2026-07-19 01:15:00,718.5530379034461,-993.797997937111,6950.640657439508,-7.459995963932328,-0.48626405796550226,0.7059066871645254,LARETS,1213.164543,-202.688238,6949.958227,494.61150509655397,791.109759937111,-0.6824304395076979,933.003568563881
2026-07-19 01:18:00,-629.1721340391919,-1062.6927484586733,6949.996668074999,-7.469102563809395,-0.27691365246006644,-0.71295347119856,LARETS,282.749726,-1198.719982,6950.418888,911.9218600391919,-136.02723354132672,0.4222199250007179,922.0114236558629
2026-07-19 01:21:00,-1953.983726644561,-1092.8831918911237,6695.556077195956,-7.206185722820545,-0.057515533235675695,-2.1055255834767315,LARETS,-683.165489,-2126.398426,6697.047280000001,1270.8182376445611,-1033.5152341088765,1.4912028040444056,1638.0277640964932
2026-07-19 01:24:00,-3207.6280626678627,-1083.2696650186472,6196.6106703690575,-6.680730950936097,0.16401598531769201,-3.421440905246012,LARETS,-1647.320011,-2951.642174,6199.089513,1560.3080516678626,-1868.372508981353,2.478842630942381,2434.2110001143337
2026-07-19 01:27:00,-4344.405961079402,-1034.1895203851664,5471.308270331085,-5.911568867272294,0.3796729778815972,-4.612947560236766,LARETS,-2571.660374,-3645.036489,5474.649071999999,1772.745587079402,-2610.8469686148337,3.340801668914537,3155.813678117032
2026-07-19 01:30:00,-5322.810717141579,-947.4097545471816,4546.032401276698,-4.926336499678531,0.5816245014999396,-5.636562888660549,LARETS,-3418.829451,-4182.888034,4550.074957999999,1903.9812661415785,-3235.4782794528182,4.042556723301459,3754.128487531283
2026-07-19 01:33:00,-6107.04261920939,-826.0702130790954,3454.4889559733124,-3.7606392633374326,0.7624941102543952,-6.454667727384013,LARETS,-4153.684846,-4548.057355999999,3459.050251,1953.35777320939,-3721.987142920904,4.561295026687731,4203.429039205775
2026-07-19 01:36:00,-6668.343429375518,-674.5767810065962,2236.515712346291,-2.4568866534171363,0.9156362248360052,-7.036978260641786,LARETS,-4744.769757,-4730.528402,2241.3983080000003,1923.573672375518,-4055.9516209934036,4.882595653709359,4488.975725556507
2026-07-19 01:39:00,-6986.09143127811,-498.4458868182146,936.6445917861037,-1.0627997677276226,1.0353982409087978,-7.361805669176443,LARETS,-5165.675406,-4727.693224000001,941.647099,1820.4160252781094,-4229.247337181786,5.002507213896365,4604.397090741306
2026-07-19 01:42:00,-7048.600746071022,-304.1043572234164,-397.5361292434225,0.37037187971532903,1.1173517703042297,-7.417003939291231,LARETS,-5396.232147,-4544.3304419999995,-392.60796999999997,1652.368599071022,-4240.226084776583,4.928159243422556,4550.809106518225
2026-07-19 01:45:00,-6853.579297057654,-98.65174145713856,-1717.155256460175,1.7898436306110717,1.1584758862851445,-7.200517766520588,LARETS,-5423.463023,-4192.272772,-1712.4782180000002,1430.1162740576538,-4093.6210305428617,4.677038460174799,4336.241180298452
2026-07-19 01:48:00,-6408.217644819765,110.40491665559004,-2973.890197216173,3.143383610718036,1.1572782202142433,-6.72047485838277,LARETS,-5242.244489,-3689.7757930000002,-2969.619124,1165.9731558197655,-3800.1807096555904,4.271073216173136,3975.032712846171
2026-07-19 01:51:00,-5728.903455243762,315.4318385069777,-4121.773015600898,4.381363504904207,1.113845708885397,-5.9948130485885,LARETS,-4855.633951000001,-3060.6191320000003,-4118.040151,873.2695042437617,-3376.050970506978,3.7328646008982105,3487.1670044294383
2026-07-19 01:54:00,-4840.57977803291,508.95197314312077,-5118.890169126599,5.458647199925716,1.0298242962044026,-5.05048116398862,LARETS,-4274.856070000001,-2332.995721,-5115.804642,565.7237080329096,-2841.9476941431203,3.0855271265991178,2897.709359227311
2026-07-19 01:57:00,-3775.7855251569376,683.9188690319822,-5928.905771096965,6.336220350427168,0.90833406571169,-3.9222914664362,LARETS,-3518.9535339999998,-1538.2480309999999,-5926.554967,256.8319911569379,-2222.166900031982,2.3508040969645663,2236.960869027281
2026-07-19 02:00:00,-2573.4304023238474,833.9703198565707,-6522.354321082384,6.982505002711205,0.7538313617402543,-2.6515216448030308,LARETS,-2614.1243130000003,-709.5140429999999,-6520.8071660000005,-40.69391067615288,-1543.4843628565704,1.5471550823831421,1544.0214915724848
2026-07-19 02:03:00,-1277.3627448376412,953.6534439149762,-6877.666597877113,7.374345794007706,0.5719313553359843,-1.2843624588200364,LARETS,-1592.780305,119.65371300000001,-6876.976988,-315.41756016235877,-833.9997309149761,0.689609877113071,891.6525466720826
2026-07-19 02:06:00,65.21193078405693,1038.615195064479,-6981.9080807989085,7.49768631098505,0.36920313477701255,0.12971332641702238,LARETS,-492.369058,916.6348839999999,-6982.113169,-557.5809887840569,-121.980311064479,-0.2050882010917121,570.7677263142722
2026-07-19 02:09:00,1405.4087048073238,1085.754167080249,-6831.22025892028,7.347968075252754,0.15294567325358313,1.5396151202100115,LARETS,645.9912800000001,1651.0061899999998,-6832.334645999999,-759.4174248073238,565.2520229197507,-1.1143870797195632,946.6920916403712
2026-07-19 02:12:00,2694.389977427283,1093.3306593840841,-6430.960804005372,6.93027867022171,-0.06905141752446727,2.894314173747724,LARETS,1779.026331,2295.6882450000003,-6432.973612,-915.3636464272831,1202.3575856159162,-2.0128079946280195,1511.1447383638704
2026-07-19 02:15:00,3885.096832868875,1061.0323535872544,-5795.54016547223,6.259254776083565,-0.2887617830022095,4.144536458722707,LARETS,2862.934394,2827.9428709999997,-5798.416127,-1022.1624388688751,1766.9105174127453,-2.8759615277704142,2041.2734013680902
2026-07-19 02:18:00,4933.9395116036185,989.9929378765756,-4947.952572224652,5.358720449442131,-0.4981911420373968,5.244463215480928,LARETS,3855.0741949999997,3230.1860699999997,-4951.629463,-1078.8653166036188,2240.193132123424,-3.676890775348511,2486.4491066798364
2026-07-19 02:21:00,5802.396128525814,882.7611217209651,-3919.0020911907677,4.261022780148464,-0.6896590918943247,6.15341233091398,LARETS,4715.653657,3490.588996,-3923.388923,-1086.742471525814,2607.827874279035,-4.3868318092322625,2825.207012871458
2026-07-19 02:24:00,6458.46156334149,743.218220938144,-2746.231999122446,3.006025870015696,-0.8560872694923974,6.837441490059969,LARETS,5409.3630060000005,3603.444308,-2751.207965,-1049.0985573414891,2860.226087061856,-4.975965877554245,3046.5596682752803
2026-07-19 02:27:00,6877.882899787936,576.4441944599104,-1472.579268447678,1.639744240221191,-0.9912815083386092,7.2707824005268735,LARETS,5906.872181,3569.274994,-1477.9925930000002,-971.0107187879366,2992.8307995400896,-5.413324552322138,3146.4149940463267
2026-07-19 02:30:00,7045.11761436393,388.53469593045975,-144.79425036186467,0.21263549931920578,-1.0901908206507676,7.4369965193120695,LARETS,6186.120006,3394.6771559999997,-150.463077,-858.9976083639303,3006.14246006954,-5.668826638135329,3126.467897964627
2026-07-19 02:33:00,6953.958523501803,186.37503438849177,1188.3145099087183,-1.2223798961774732,-1.1491239383638427,7.329745512233898,LARETS,6233.323207,3091.894954,1182.597416,-720.6353165018027,2905.519919611508,-5.717093908718198,2993.55874300333
2026-07-19 02:36:00,6607.785839100153,-22.619679711812687,2477.7332196901016,-2.6120596849842124,-1.1659058138114347,6.95309666472757,LARETS,6043.64666,2678.147284,2472.1906129999998,-564.1391791001524,2700.766963711813,-5.54260669010182,2759.062508563704
2026-07-19 02:39:00,6019.429717584221,-230.7861864408532,3676.1059931779814,-3.9050016087794024,-1.1399618428405651,6.321329725502861,LARETS,5621.494632,2174.744737,3670.962311,-397.93508558422127,2405.5309234408533,-5.143682177981191,2438.2284169936734
2026-07-19 02:42:00,5210.652638679098,-430.50298767397254,4739.519508250236,-5.053682481237402,-1.0723254371829285,5.45826624379842,LARETS,4980.407665,1606.041709,4734.988026999999,-230.24497367909862,2036.5446966739726,-4.5314812502365385,2049.523745599863
2026-07-19 02:45:00,4211.285181759611,-614.474959203312,5629.12889079095,-6.016253013513347,-0.9655729855388155,4.396191765889952,LARETS,4142.574557,998.282453,5625.397605,-68.71062475961116,1612.757412203312,-3.7312857909500963,1614.2247498614415
2026-07-19 02:48:00,3058.06715808751,-776.0004930254006,6312.560470140139,-6.758007874415117,-0.8236971081764096,3.174473369279755,LARETS,3137.9996,378.404259,6309.780472,79.93244191249005,1154.4047520254007,-2.7799981401385594,1157.172094011336
2026-07-19 02:51:00,1793.2561970998545,-909.211358342992,6765.04664954923,-7.252498610013849,-0.651932852578596,1.837983431121239,LARETS,2003.3630959999998,-227.143508,6763.322507,210.10689890014532,682.067850342992,-1.724142549230237,713.6977189990704
2026-07-19 02:54:00,463.0677096539961,-1009.2781662886764,6970.267097325594,-7.482299042841219,-0.4565515270293399,0.43542608570930424,LARETS,780.64443,-793.509196,6969.649187,317.576720346004,215.76897028867643,-0.6179103255935843,383.94218791157897
2026-07-19 02:57:00,-883.9941862940867,-1072.5767270004387,6920.885275296794,-7.439458054409906,-0.24463380616710942,-0.982366804859817,LARETS,-484.446604,-1298.442331,6921.37126,399.54758229408674,-225.86560399956124,0.4859847032057587,458.9703451948376
2026-07-19 03:00:00,-2198.862151189817,-1096.812265351661,6618.778293845899,-7.125678662867508,-0.02382907147044094,-2.3641363550596064,LARETS,-1744.1753999999999,-1723.155017,6620.316462000001,454.68675118981696,-626.3427516483391,1.5381681541020953,773.9816859662984
2026-07-19 03:03:00,-3433.6407775091716,-1081.0992980794886,6074.961740846086,-6.55224768199436,0.19789641990643148,-3.659884609968448,LARETS,-2950.564047,-2053.011963,6077.451715,483.07673050917174,-971.9126649205114,2.489974153913863,1085.3495085748223
2026-07-19 03:06:00,-4543.306852483841,-1025.9951872628776,5309.211873751704,-5.739715705438141,0.4125223271970268,-4.82254775173184,LARETS,-4057.1990210000004,-2278.0293730000003,5312.512025999999,486.1078314838405,-1252.0341857371227,3.3001522482954897,1343.0939345739016
2026-07-19 03:09:00,-5487.327935588495,-933.4854287151139,4349.388732483251,-4.717304462352539,0.612247241351558,-5.809640952326757,LARETS,-5021.02369,-2393.176066,4353.329716,466.3042455884952,-1459.6906372848862,3.940983516748929,1532.3680815594182
2026-07-19 03:12:00,-6231.147173556937,-806.9191356962242,3230.4684070143235,-3.522008630731333,0.7897678721204262,-6.584835322746164,LARETS,-5804.038248,-2398.4588369999997,3234.8619679999997,427.1089255569368,-1591.5397013037755,4.393560985676231,1647.859204693971
2026-07-19 03:15:00,-6747.4769076520015,-650.8943492955123,1993.3026048177558,-2.1973684454895284,0.9385553675881791,-7.119396976897659,LARETS,-6374.835898,-2298.7853560000003,1997.950474,372.64100965200123,-1647.891006704488,4.6478691822442215,1689.5051626851955
2026-07-19 03:18:00,-7017.34171733392,-471.0948943640864,683.1385422138123,-0.7919178525183738,1.0531148021460037,-7.3933950630405665,LARETS,-6709.9149019999995,-2103.61465,687.845851,307.4268153339208,-1632.5197556359135,4.707308786187696,1661.2206831375256
2026-07-19 03:21:00,-7030.8160131075165,-274.0833260155428,-652.0502221069054,0.6426460449089927,1.1292108066861732,-7.396579562719899,LARETS,-6794.692789,-1826.404405,-647.464773,236.12322410751676,-1552.3210789844572,4.585449106905344,1570.1834082571086
2026-07-19 03:24:00,-6787.413433334531,-67.05761533204159,-1963.3546722020528,2.053483988666648,1.164042397671755,-7.128845459113212,LARETS,-6624.160895,-1483.877841,-1959.0519709999999,163.25253833453098,-1416.8202256679583,4.302701202052958,1426.2010574852713
2026-07-19 03:27:00,-6296.104282139749,142.41800648921443,-3202.763590766687,3.3887057960959837,1.1563536389583915,-6.600235590702545,LARETS,-6203.141227,-1095.151153,-3198.880922,92.96305513974858,-1237.5691594892144,3.8826687666869475,1241.0618958200707
2026-07-19 03:30:00,-5574.960276594056,346.69576647955626,-4324.955457529488,4.5993994570582455,1.106473136514038,-5.830482039756363,LARETS,-5546.134628,-680.769123,-4321.605091,28.825648594056474,-1027.4648894795564,3.3503665294874736,1027.8746237192486
2026-07-19 03:33:00,-4650.4489839074695,538.3277723136514,-5288.969597080149,5.641476964646159,1.0162829733132464,-4.848133499421966,LARETS,-4676.77358,-261.696707,-5286.240855,-26.324596092530555,-800.0244793136515,2.7287420801485496,800.4621152146141
2026-07-19 03:36:00,-3556.419534390726,710.3380337772965,-6059.6891638230245,6.477247051156847,0.8891246282304368,-3.68935194010973,LARETS,-3626.911002,141.681498,-6057.653845,-70.49146760927397,-568.6565357772964,2.0353188230246815,573.012604757222
2026-07-19 03:39:00,-2332.8336415269805,856.4727860871377,-6609.085274902436,7.0766672899080305,0.7296540070047765,-2.396477906841612,LARETS,-2435.395201,510.50248,-6607.802572,-102.56155947301932,-345.9703060871377,1.2827029024365402,360.8545018456904
2026-07-19 03:42:00,-1024.3007325657118,971.4211619954971,-6917.189230624538,7.4182692780201736,0.5436590127750826,-1.016457899779551,LARETS,-1146.597013,828.26478,-6916.7060839999995,-122.29628043428829,-143.1563819954971,0.4831466245386764,188.2826687317863
2026-07-19 03:45:00,321.52569219041,1051.0005449510566,-6972.774696331369,7.489779667156884,0.3378511958621923,0.40079582554448134,LARETS,191.25075,1081.5348999999999,-6973.12292,-130.27494219040997,30.534355048943326,-0.3482236686304532,133.805936567452
2026-07-19 03:48:00,1655.6386232279401,1092.3026749640171,-6773.741682295691,7.288469839329589,0.11963903074499978,1.8040732723277537,LARETS,1527.840875,1260.497914,-6774.932159,-127.79774822794002,168.19523903598292,-1.1904767043088214,211.24232559145642
2026-07-19 03:51:00,2929.4084949217668,1093.7975413265738,-6327.198847745152,6.821257682208734,-0.1031140131250924,3.142549046973758,LARETS,2812.6602390000003,1359.334831,-6329.222431,-116.74825592176649,265.53728967342613,-2.0235832548478356,290.0763733175672
2026-07-19 03:54:00,4096.310338830385,1055.3923730500478,-5649.241766519606,6.104562398829057,-0.3223464204339123,4.367477631682994,LARETS,3996.888167,1376.415625,-5652.068687,-99.4221718303852,321.0232519499523,-2.82692048039371,336.07839565106775
2026-07-19 03:57:00,5113.600859195357,978.4430037717863,-4764.4253907445545,5.1638883324553015,-0.5300707089043512,5.433893224214202,LARETS,5035.254977,1314.2983700000002,-4768.000496000001,-78.34588219535726,335.85536622821394,-3.575105255446033,344.89083150881817
2026-07-19 04:00:00,5943.893244207359,865.7150707477933,-3704.9323903493773,4.03309820440582,-0.7186580138066452,6.302281686338622,LARETS,5887.805042999999,1179.53581,-3709.1716060000003,-56.088201207359816,313.82073925220675,-4.239215650623009,318.8217584306493
2026-07-19 04:03:00,6556.570340428084,721.293403277605,-2509.4477736235117,2.7533389184699377,-0.8811275195851941,6.9401590816154,LARETS,6521.49317,982.2937,-2514.234597,-35.07717042808417,261.000296722395,-4.786823376488428,263.3903499607698
2026-07-19 04:06:00,6928.9720280466545,550.4398480201495,-1221.7648002459541,1.3716072173551057,-1.011427345348243,7.323461195889611,LARETS,6911.540263,735.794172,-1226.951007,-17.43176504665462,185.3543239798505,-5.18620675404577,186.24443237628572
2026-07-19 04:09:00,7047.293835407114,359.4026209076402,110.83393135976495,-0.06101616253302949,-1.1046890278084256,7.437633188612801,LARETS,7042.477054999999,455.607583,105.42574400000001,-4.816780407114493,96.20496209235978,-5.408187359764938,96.47717136815872
2026-07-19 04:12:00,6907.143297708325,155.18367866002575,1439.3566671614956,-1.491386868636941,-1.1574362608507585,7.278315981409307,LARETS,6908.807321,158.82737,1433.927381,1.6640232916752211,3.6436913399742537,-5.429286161495611,6.747044413641335
2026-07-19 04:15:00,6513.718390723231,-54.72606420705999,2714.964233032864,-2.8664528472424884,-1.1677309149274655,6.851557255256656,LARETS,6515.2566289999995,-136.82929800000002,2709.7271549999996,1.5382382767684248,-82.10323379294003,-5.237078032864247,82.28447096856486
2026-07-19 04:18:00,5881.5962906707,-262.6312737115416,3890.8248023337514,-4.135403113201586,-1.1352452921468146,6.1735237514040735,LARETS,5876.585508,-413.948129,3885.994077,-5.010782670699882,-151.31685528845838,-4.830725333751616,151.47684491238715
2026-07-19 04:21:00,5034.146686897444,-460.92281425222944,4923.873911697652,-5.251668252132603,-1.0612577063714972,5.269746185319519,LARETS,5016.978475,-656.31943,4919.650506,-17.168211897444053,-195.39661574777057,-4.223405697652197,196.1948574787943
2026-07-19 04:24:00,4002.6072625252255,-642.3610101192214,5776.402029575363,-6.1746578540474495,-0.9485767787870468,4.173974884588737,LARETS,3969.055286,-849.767041,5772.95974,-33.551976525225655,-207.40603088077853,-3.442289575362338,210.13054545207936
2026-07-19 04:27:00,2824.875886585754,-800.339709707682,6417.408928850556,-6.871163431077783,-0.8014062543945247,2.9267521239842456,LARETS,2772.555687,-982.864204,6414.882164,-52.320199585753926,-182.52449429231797,-2.526764850555992,189.89201890013584
2026-07-19 04:30:00,1544.0825415963914,-929.1217760289453,6823.68391448518,-7.316403327638722,-0.6251652470956595,1.5738108778528683,LARETS,1472.774371,-1047.5032979999999,6822.15805,-71.30817059639139,-118.38152197105455,-1.5258644851801364,138.20769949758395
2026-07-19 04:33:00,207.00443593925633,-1024.0393112997538,6980.589346013687,-7.494725588134988,-0.4262782444904796,0.16439159734771266,LARETS,118.81434399999999,-1039.300805,6980.0984450000005,-88.19009193925633,-15.26149370024632,-0.490901013686198,89.5022150006489
2026-07-19 04:36:00,-1137.6173814227118,-1081.6542185457488,6882.538648211009,-7.400006093923361,-0.21194572217063803,-1.250462630493348,LARETS,-1238.2768629999998,-957.82125,6883.066715,-100.65948157728803,123.83296854574883,0.5280667889910546,159.58450483926828
2026-07-19 04:39:00,-2440.8086039041477,-1099.8762260129906,6533.167848693536,-7.035779307383575,0.010098545173038813,-2.619604407721224,LARETS,-2547.416869,-806.61423,6534.649775999999,-106.6082650958524,293.2619960129906,1.4819273064631489,312.0418507200797
2026-07-19 04:42:00,-3655.0934732917212,-1078.0361972006742,5945.202548583371,-6.4151216224833965,0.23184151228004923,-3.893467318694135,LARETS,-3759.3877310000003,-593.0629309999999,5947.527657,-104.29425770827902,484.9732662006743,2.325108416628609,496.06629320023353
2026-07-19 04:45:00,-4736.183159108807,-1016.9126902778253,5140.022785411387,-5.56028219068755,0.4452561659410147,-5.025735407037455,LARETS,-4828.677081,-328.050423,5143.04558,-92.49392189119317,688.8622672778253,3.022794588612669,695.0507076128223
2026-07-19 04:48:00,-5644.573073998406,-918.709798863393,4146.92987419706,-4.502035071333413,0.642576958980457,-5.974979141522135,LARETS,-5715.204452,-25.455688,4150.482781,-70.63137800159438,893.254110863393,3.552906802940015,896.0492850728162
2026-07-19 04:51:00,-6346.995919052235,-786.9848224545568,3002.124911014334,-3.2787199401176417,0.8165804940620233,-6.706212493336801,LARETS,-6385.861439,298.503731,3006.0277629999996,-38.86551994776528,1085.488553454557,3.9028519856656203,1086.1911252515824
2026-07-19 04:54:00,-6817.672266613837,-626.5256529960578,1747.419570842064,-1.9349517123516635,0.960861437598894,-7.1922957886288765,LARETS,-6815.801323,626.0576659999999,1751.489588,1.870943613836971,1252.5833189960576,4.070017157935808,1252.5913286051646
2026-07-19 04:57:00,-7039.299599959386,-443.1800155850815,428.71546071812696,-0.5200109418067866,1.0700889036643628,-7.415088448853805,LARETS,-6989.421626,938.763373,432.778663,49.8779739593856,1381.9433885850815,4.063202281873032,1382.8491787440503
2026-07-19 05:00:00,-7003.726618386239,-243.6416308787351,-905.6939753064075,0.9140309096201091,1.1402259579481184,-7.366253671858066,LARETS,-6900.98176,1218.435919,-901.793851,102.74485838623968,1462.0775498787352,3.9001243064075197,1465.6883975640317
2026-07-19 05:03:00,-6712.273190978706,-35.201473283911945,-2206.9288900258357,2.3143558224760628,1.1686955959001082,-7.047637067655027,LARETS,-6554.812967,1448.0818060000001,-2203.325289,157.46022397870638,1483.2832792839122,3.6036010258358147,1491.6219342309946
2026-07-19 05:06:00,-6175.676363257928,174.52503826631343,-3427.3549582228784,3.6294889093563447,1.1544807091448008,-6.471180021926203,LARETS,-5965.111866,1612.7868629999998,-3424.154234,210.56449725792754,1438.2618247336864,3.200724222878307,1453.597168622486
2026-07-19 05:09:00,-5413.666195775997,377.8824153176897,-4522.358204938584,4.811301395686668,1.098152287884593,-5.6583770822659485,LARETS,-5155.32679,1700.513431,-4519.643145,258.33940577599697,1322.6310156823104,2.7150599385840906,1347.627331190632
2026-07-19 05:12:00,-4454.197875735913,567.4581924474364,-5451.985089209551,5.81681035042943,1.0018277563412736,-4.6393328824991915,LARETS,-4157.166207,1702.760602,-5449.822177,297.0316687359127,1135.3024095525636,2.1629122095509956,1173.5178104984705
2026-07-19 05:15:00,-3332.3846350501335,736.352852191557,-6182.383350723191,6.6096928630103555,0.8690679833023188,-3.451506688171012,LARETS,-3009.296725,1615.0590149999998,-6180.827719,323.08791005013336,878.7061628084429,1.5556317231912544,936.222590075757
2026-07-19 05:18:00,-2089.1870012372983,878.4266392526548,-6686.996333176446,7.161475416526207,0.7047255644211579,-2.138244437407718,LARETS,-1755.801203,1437.279561,-6686.094658,333.38579823729833,558.8529217473452,0.9016751764456785,650.7407253507258
2026-07-19 05:21:00,-769.9172985310212,988.5156954888342,-6947.480869063869,7.452398917370112,0.5147576735575682,-0.747188438070468,LARETS,-444.461945,1173.745369,-6947.272769,325.45535353102116,185.22967351116574,0.20810006386909663,374.47464853670886
2026-07-19 05:24:00,577.384307612866,1062.6121638325844,-6954.332923319006,7.4719856253361145,0.3060144136284087,0.671370522802025,LARETS,875.0575600000001,833.144607,-6954.84605,297.6732523871341,-229.46755683258448,-0.5131266809939916,375.8523488345398
2026-07-19 05:27:00,1903.6514809408998,1098.0045163109385,-6707.214113246635,7.219340390834463,0.08600939576024776,2.0661645603105128,LARETS,2153.070412,428.249364,-6708.461652,249.41893105910026,-669.7551523109385,-1.2475387533650064,714.6910686238172
2026-07-19 05:30:00,3160.525304675197,1093.3751829192909,-6214.976048382878,6.703206104571823,-0.1373249844092696,3.386633692111182,LARETS,3341.720572,-24.555103,-6216.957128,181.19526732480335,-1117.9302859192908,-1.9810796171223046,1132.5209815950182
2026-07-19 05:33:00,4302.075551424571,1048.8527421826775,-5495.380188698776,5.941769373904089,-0.35589767709741066,4.584623218462215,LARETS,4396.769044,-505.916294,-5498.075718,94.69349257542854,-1554.7690361826776,-2.695529301224269,1557.6523615000744
2026-07-19 05:36:00,5286.462466692019,966.0158961143502,-4574.511816190327,4.962188402207327,-0.5617343607585035,5.616081661515443,LARETS,5279.253971,-994.316294,-4577.87817,-7.208495692018914,-1960.3321901143502,-3.366353809672546,1960.3483339311506
2026-07-19 05:39:00,6077.48550725697,847.846729810554,-3485.891024166376,3.799802419848244,-0.7472646774421787,6.442720852769689,LARETS,5956.975112,-1467.003953,-3489.856149,-120.51039525696979,-2314.8506828105537,-3.9651248336240315,2317.988818197453
2026-07-19 05:42:00,6645.95845254616,698.6318206119992,-2269.29349824333,2.4969888268906972,-0.9056126044082363,7.03356629979827,LARETS,6405.735917,-1901.0214979999998,-2273.7535,-240.22253554615963,-2599.653318611999,-4.4600017566699535,2610.7324901587053
2026-07-19 05:45:00,6970.846410996475,523.8118449376673,-969.3094707404473,1.1016621529707677,-1.0308755682139747,7.366297877908949,LARETS,6610.28103,-2274.281051,-974.1274080000001,-360.56538099647514,-2798.092895937667,-4.817937259552764,2821.2327909602586
2026-07-19 05:48:00,7040.102905740671,329.78332235742226,366.3114419111542,-0.33454744926291113,-1.1183738491310544,7.428269565390565,LARETS,6564.875532999999,-2566.636919,361.302744,-475.22737274067185,-2896.420241357422,-5.008697911154172,2935.151845714588
2026-07-19 05:51:00,6851.15635094301,123.65959232896319,1688.4624754830672,-1.7583503104077938,-1.164850982824593,7.217109096011623,LARETS,6273.489539,-2760.897247,1683.452298,-577.6668119430096,-2884.556839328963,-5.010177483067309,2941.834836767406
2026-07-19 05:54:00,6411.014455663064,-86.998619568497,2948.546974371745,-3.1169627538434237,-1.16860892237526,6.740833707275423,LARETS,5749.571008000001,-2843.718832,2943.736197,-661.4434476630631,-2756.720212431503,-4.810777371744734,2834.9668265543623
2026-07-19 05:57:00,5735.979745776948,-294.4703009439774,4100.321538442604,-4.360237627088148,-1.1295681860113902,6.017469104254872,LARETS,5015.414116000001,-2806.336585,4095.910959,-720.5656297769474,-2511.866284056023,-4.410579442604103,2613.1793870693764
2026-07-19 06:00:00,4850.995221041573,-491.16514940762045,5101.628546939574,-5.4426220370490626,-1.0492515544995873,5.0742128971359755,LARETS,4101.163493,-2645.0864070000002,5097.803938,-749.8317280415731,-2153.92125759238,-3.8246089395743184,2280.7102034058803
2026-07-19 06:03:00,3788.661565763715,-669.9051945446588,5915.943197463311,-6.3248348220628285,-0.9306980049401843,3.946227652858871,LARETS,3043.519485,-2361.702799,5912.860589,-745.1420807637151,-1691.7976044553413,-3.082608463310862,1848.6279662064642
2026-07-19 06:06:00,2587.982724923473,-824.1855599599666,6513.678022200507,-6.9752015511826,-0.7783194843630906,2.6751721216051805,LARETS,1884.205782,-1963.378159,6511.453821,-703.7769429234731,-1139.1925990400337,-2.2242012005071956,1339.0544089652508
2026-07-19 06:09:00,1292.9034951857589,-948.4054297192938,6873.207682299998,-7.370632115704517,-0.5977155739121068,1.307578362668146,LARETS,668.283048,-1462.584946,6871.91163,-624.6204471857588,-514.1795162807061,-1.2960522999983368,809.0321116969108
2026-07-19 06:12:00,-49.298099006818695,-1038.0629359270115,6981.594536910596,-7.497262538674309,-0.39545991479109427,-0.10683895976372175,LARETS,-557.619546,-876.674271,6981.2470410000005,-508.3214469931813,161.38866492701152,-0.34749591059517115,533.3264623038807
2026-07-19 06:15:00,-1389.70666150365,-1089.909858276355,6835.008132312937,-7.350799920187888,-0.17886841885899385,-1.5168872525981225,LARETS,-1747.08648,-227.265847,6835.579862,-357.37981849635,862.644011276355,0.5717296870625432,933.7426581956503
2026-07-19 06:18:00,-2679.5034721805637,-1102.0633925984698,6438.838510857994,-6.9366056311507265,0.04424550459598702,-2.8715917831129567,LARETS,-2855.653368,460.548415,6440.253074,-176.1498958194361,1562.6118075984698,1.4145631420060454,1572.5096018887255
2026-07-19 06:21:00,-3871.693366245756,-1074.0728117385515,5807.505416619098,-6.269532175947164,0.26582729897366036,-4.121878300012311,LARETS,-3842.451762,1159.163759,5809.646506,29.241604245755752,2233.2365707385516,2.1410893809024856,2233.4290310118854
2026-07-19 06:24:00,-4922.77953968698,-1006.9389279182849,4963.965966601982,-5.373503871102064,0.4778491666504678,-5.222238211571605,LARETS,-4671.715261,1839.554756,4966.688566,251.06427868697938,2846.4936839182847,2.7225993980182466,2857.545621187312
2026-07-19 06:27:00,-5794.337699636878,-903.0843764156281,3938.925550907525,-4.280812530105869,0.6725878902711865,-6.1323540534998155,LARETS,-5314.098405000001,2472.465916,3942.068159,480.2392946368773,3375.550292415628,3.142608092474802,3409.5424081137603
2026-07-19 06:30:00,-6454.435242425647,-766.2733847448759,2769.763298079214,-3.0310962732373166,0.8429068029112404,-6.818633950316487,LARETS,-5747.753423,3029.657996,2773.157402,706.6818194256466,3795.9313807448757,3.39410392078571,3861.1534236769025
2026-07-19 06:33:00,-6878.836668399635,-601.4812017023578,1499.1954019993343,-1.6699865277059343,0.9825309100855222,-7.255574725381594,LARETS,-5959.1177099999995,3485.155577,1502.675591,919.7189583996351,4086.636778702358,3.480189000665632,4188.853689877216
2026-07-19 06:36:00,-7051.936677914319,-414.7157701121609,173.71589067975663,-0.2474425939577502,1.0862996689978088,-7.4268557188240445,LARETS,-5943.376705,3816.4415320000003,177.13090400000002,1108.5599729143196,4231.157302112161,3.415013320243389,4373.969477611937
2026-07-19 06:39:00,-6967.369737297535,-212.79724509215507,-1158.1278443711492,1.184163800920199,1.1503798533870417,-7.326067440351702,LARETS,-5704.566119,4005.53314,-1154.907082,1262.8036182975347,4218.330385092155,3.220762371149249,4403.293607004571
2026-07-19 06:42:00,-6628.259866459303,-3.104049353954689,-2447.5520751945105,2.5721116670454287,1.1724222674155307,-6.95700318692272,LARETS,-5255.306961,4039.882762,-2444.6268,1372.952905459303,4042.986811353955,2.9252751945105047,4269.74830577004
2026-07-19 06:45:00,-6047.095345470868,206.70330632698625,-3647.36426817815,3.865414066926678,1.1516507903626323,-6.333483224682836,LARETS,-4616.180184999999,3913.054189,-3644.810838,1430.9151604708686,3706.3508826730135,2.553430178149938,3972.978930470444
2026-07-19 06:48:00,-5245.23660577044,408.96795102696416,-4713.717992387174,5.016790709973539,1.0888792841897348,-5.478730196182943,LARETS,-3814.772014,3625.1350860000002,-4711.595922,1430.4645917704402,3216.167134973036,2.122070387173153,3519.938137463834
2026-07-19 06:51:00,-4252.087640109659,596.3191307007213,-5607.719570891246,5.984418572254155,0.9864595262560909,-4.424358836484627,LARETS,-2884.451685,3182.870634,-5606.078086,1367.6359551096593,2586.5515032992785,1.6414848912454545,2925.863886000358
2026-07-19 06:54:00,-3103.978150764949,761.9397985020229,-6296.82505350404,6.7333860914187085,0.8481696303922653,-3.209072073021124,LARETS,-1862.952583,2599.519702,-6295.7052,1241.025567764949,1837.5799034979773,1.1198535040393836,2217.396134130711
2026-07-19 06:57:00,-1842.8131771108685,899.8097421602832,-6755.983634160033,7.236819853443393,0.6790559170437672,-1.8771631263078818,LARETS,-790.822676,1894.444661,-6755.421222,1051.9905011108685,994.6349188397168,0.5624121600330909,1447.7509981036878
2026-07-19 07:00:00,-514.5490119048106,1004.9170586313062,-6968.5006222189,7.4766904601378315,0.48524130119275344,-0.4769098963327378,LARETS,290.18980300000004,1092.452576,-6968.5262680000005,804.7388149048106,87.53551736869372,-0.025645781100138265,809.4856562491456
2026-07-19 07:03:00,832.4492326606809,1073.43291946752,-6926.6062955056295,7.444326569726131,0.2737104585620705,0.941079385858136,LARETS,1338.74783,222.91963800000002,-6927.243662999999,506.29859733931914,-850.5132814675198,-0.6373674943697551,989.8037774517398
2026-07-19 07:06:00,2149.1187501106956,1102.8460390218029,-6631.724844054278,7.140668433268246,0.0520776758152059,2.3255405734714687,LARETS,2315.489556,-681.2749520000001,-6632.991052,166.3708058893044,-1784.120991021803,-1.2662079457222717,1791.861757764655
2026-07-19 07:09:00,3387.433672037145,1092.0539427397764,-6094.440651803517,6.576276860564977,-0.17166079024865,3.6262412441854828,LARETS,3184.4940030000002,-1584.976673,-6096.342651,-202.93966903714454,-2677.0306157397763,-1.9019991964833025,2684.7124696097226
2026-07-19 07:12:00,4502.118748591328,1041.4082378197256,-5334.159681732289,5.771088705555498,-0.38939014454055254,4.795679770901691,LARETS,3914.602768,-2452.10414,-5336.687979,-587.5159805913277,-3493.5123778197258,-2.528297267711423,3542.571121899587
2026-07-19 07:15:00,5452.293893023157,952.711064489827,-4378.465046632491,4.753887270561558,-0.5931557549796438,5.790779945079203,LARETS,4480.561052,-3247.082904,-4381.589301,-971.7328410231567,-4199.7939684898265,-3.124254367508911,4310.747481939973
2026-07-19 07:18:00,6202.994635784962,829.1602949355653,-3262.1711048982183,3.561446655044901,-0.7754528736675784,6.574536533963171,LARETS,4863.930575,-3936.315212,-3265.83306,-1339.0640607849618,-4765.475506935565,-3.6619551017815866,4950.03664390516
2026-07-19 07:21:00,6726.506813574649,675.2422897543427,-2026.0914392151099,2.237320003953188,-0.9295175815763168,7.117533756668305,LARETS,5053.734125,-4489.618203,-2030.200322,-1672.7726885746488,-5164.860492754343,-4.108882784890056,5428.993392902006
2026-07-19 07:24:00,7003.450944417861,496.5732941668755,-715.5526088686546,0.8302731632740847,-1.0496036061815204,7.399233007085835,LARETS,5046.8022359999995,-4881.567893,-719.984885,-1956.6487084178616,-5378.141187166876,-4.432276131345361,5723.0146288757405
2026-07-19 07:27:00,7023.555934074653,299.6936838678934,621.2947873400739,-0.607589305322998,-1.1312260626763033,7.408918993326664,LARETS,4847.7921289999995,-5092.679688,616.691911,-2175.7638050746536,-5392.373371867893,-4.602876340073863,5814.779437224894
2026-07-19 07:30:00,6786.074532285774,91.82275807913094,1935.2973692466292,-2.0229113213488525,-1.1713529982476458,7.146210300802689,LARETS,4468.869104,-5110.356158,1930.699959,-2317.2054282857735,-5202.17891607913,-4.597410246629124,5694.9212117426405
2026-07-19 07:33:00,6299.813481665285,-119.41505481189975,3178.1684630746986,-3.36325505237673,-1.1685293553991754,6.621079446408892,LARETS,3929.0650060000003,-4929.54526,3173.767654,-2370.7484756652843,-4810.1302051881,-4.400809074698373,5362.631843866657
2026-07-19 07:36:00,5582.776529598137,-326.2795273946259,4304.316442376864,-4.579208133845388,-1.1229249156909848,5.853380081927761,LARETS,3253.34975,-4553.076459,4300.305665,-2329.4267795981373,-4226.796931605374,-4.010777376864098,4826.184570535272
2026-07-19 07:39:00,4661.443979336999,-521.2056841697067,5272.5470160755685,-5.626294714079166,-1.03630626239937,4.871932162319713,LARETS,2471.469326,-3991.660034,5269.10742,-2189.9746533369994,-3470.4543498302933,-3.439596075568261,4103.663510491044
2026-07-19 07:42:00,3569.7337378410202,-697.0835035250266,6047.567663182466,-6.466590741538007,-0.9119406798850408,3.7132564762910563,LARETS,1616.61575,-3263.554248,6044.853999,-1953.1179878410203,-2566.4707444749733,-2.7136641824663457,3225.1277991185675
2026-07-19 07:45:00,2347.7026199413403,-847.5151644158268,6601.240958821351,-7.0699905889186505,-0.7544452827786531,2.4200687755033288,LARETS,723.997764,-2393.924713,6599.371142,-1623.7048559413404,-1546.409548584173,-1.8698168213513782,2242.276398523327
2026-07-19 07:48:00,1040.0518963728819,-967.0413448220368,6913.5532578524035,-7.41511822622116,-0.5695964530035752,1.0396384592816146,LARETS,-170.62018700000002,-1413.932305,6912.599695,-1210.6720833728818,-446.8909601779633,-0.9535628524035928,1290.519016918902
2026-07-19 07:51:00,-305.50100424380906,-1051.3306809766043,6973.282096502297,-7.489909501909819,-0.3641129089142297,-0.3779076590226119,LARETS,-1032.345821,-359.593671,6973.265984000001,-726.8448167561908,691.7370099766043,-0.016112502295982267,1003.3959731214422
2026-07-19 07:54:00,-1639.9290311355537,-1097.3285385397542,6778.3571857658835,-7.291905263225693,-0.14542157061932698,-1.781289086734103,LARETS,-1828.504593,729.5473760000001,6779.24918,-188.5755618644464,1826.8759145397544,0.8919942341162823,1836.583008010166
2026-07-19 07:57:00,-2914.6314152498207,-1103.362456485057,6335.91558376942,-6.828287607380526,0.07858937208493848,-3.1197648342097573,LARETS,-2529.8634739999998,1811.893461,6337.640357,384.767941249821,2915.2559174850567,1.7247732305804675,2940.538455434304
2026-07-19 08:00:00,-4083.154033648033,-1069.2020704746717,5662.053230559141,-6.115669895931633,0.2998292582896977,-4.3448132970979945,LARETS,-3111.695508,2845.366114,5664.495744,971.4585256480332,3914.5681844746714,2.44251344085842,4033.3090265720384
2026-07-19 08:03:00,-5102.84891473065,-996.071370131611,4781.275587286712,-5.179626193390856,0.5102755430945496,-5.411792394544385,LARETS,-3554.6541669999997,3789.031041,4784.290236,1548.1947477306503,4785.102411131611,3.0146487132878974,5029.326112912662
2026-07-19 08:06:00,-5936.423278006611,-886.6113153283403,3725.652985100739,-4.053929254692481,0.7022539448399158,-6.281552704690036,LARETS,-3845.4312680000003,4604.723814,3729.074884,2090.992010006611,5491.33512932834,3.421898899261123,5875.969775100878
2026-07-19 08:09:00,-6553.322722776003,-744.7916213523513,2533.6938752827105,-2.7794668142935928,0.8687214562347578,-6.921946375564511,LARETS,-3977.1698930000002,5258.615256,2537.350971,2576.1528297760024,6003.406877352351,3.657095717289394,6532.799622807476
2026-07-19 08:12:00,-6930.889348372278,-575.7722077963114,1248.9621060230488,-1.4028266020752622,1.0035402591362013,-7.3091468804953035,LARETS,-3949.609977,5722.646251,1252.685257,2981.2793713722776,6298.418458796312,3.723150976951274,6968.365348783686
2026-07-19 08:15:00,-7055.23703738306,-385.7173656590165,-81.51881603516864,0.025422691377418632,1.1017263846249417,-7.4286803548668905,LARETS,-3768.956333,5975.758395999999,-77.88510099999999,3286.28070438306,6361.475761659016,3.633715035168649,7160.169546739835
2026-07-19 08:18:00,-6921.79495338972,-181.56878718454746,-1409.0139229749113,1.4526838643279698,1.1596554317892218,-7.276075533971776,LARETS,-3447.475796,6004.863104,-1405.600176,3474.3191573897197,6186.431891184548,3.413746974911419,7095.269184839913
2026-07-19 08:21:00,-6535.4865961288415,29.21334409028966,-2684.902404344101,2.8264085223001176,1.1752096283404623,-6.857067192689453,LARETS,-3002.833792,5805.486083,-2681.812561,3532.6528041288416,5776.27273890971,3.0898433441007,6770.891531838532
2026-07-19 08:24:00,-5910.533503612487,238.92961264088134,-3862.497695890821,4.096169226530063,1.1478557630034074,-6.1873318014715695,LARETS,-2457.1997340000003,5382.045613,-3859.814474,3453.333769612487,5143.1160003591185,2.683221890821187,6194.930469115508
2026-07-19 08:27:00,-5069.896300001752,439.9281471903954,-4898.779691397667,5.215597626007703,1.0786508324460804,-5.291783258972153,LARETS,-1836.180027,4747.759985999999,-4896.569444,3233.7162730017517,4307.831838809604,2.2102473976674446,5386.496168283389
2026-07-19 08:30:00,-4044.3871262055386,624.8862016076164,-5755.965706060219,6.14408324487751,0.9701797952286005,-4.203498783322959,LARETS,-1167.637723,3924.194767,-5754.279814,2876.7494032055383,3299.3085653923836,1.6858920602189755,4377.342456416565
2026-07-19 08:33:00,-2871.503087567389,787.0751810450632,-6402.861965020352,6.848166573757174,0.8264357327388195,-2.9623702327430688,LARETS,-480.458505,2940.485139,-6401.737107,2391.0445825673887,2153.4099579549365,1.124858020351894,3217.8051383124343
2026-07-19 08:36:00,-1594.0383992387412,920.599913503949,-6815.955129654201,7.302603342025914,0.6526556355725723,-1.613579438639047,LARETS,196.684597,1832.26502,-6815.417442,1790.7229962387412,911.6651064960511,0.5376876542013633,2009.4333541495532
2026-07-19 08:39:00,-258.53372737937184,1020.6053468155563,-6980.219855520956,7.491112314793089,0.4551245614244026,-0.20597943934268634,LARETS,836.5115820000001,640.354458,-6980.287490000001,1095.045309379372,-380.2508888155563,-0.06763447904450004,1159.1872034374808
2026-07-19 08:42:00,1086.3829273341178,1083.4458874316072,-6889.630641891813,7.40683761334558,0.24095770317708012,1.2095652949616384,LARETS,1414.217805,-590.742592,-6890.316746,327.83487766588223,-1674.188479431607,-0.6861041081874646,1705.9845375660846
2026-07-19 08:45:00,2391.7151802396284,1106.813923449916,-6547.373093242698,7.052555139559741,0.017865456697467957,2.5818560903375167,LARETS,1908.424304,-1814.4854269999998,-6548.685192,-483.29087623962846,-2921.299350449916,-1.3120987573020102,2961.0068705760746
2026-07-19 08:48:00,3609.8323335977207,1089.8246293714612,-5965.752050283845,6.440634715754596,-0.2060972675095267,3.86105031126137,LARETS,2301.9640830000003,-2984.033608,-5967.686109,-1307.8682505977204,-4073.8582373714617,-1.9340587161550502,4278.649791663717
2026-07-19 08:51:00,4696.17372311688,1033.054190847255,-5165.794453831878,5.592744188073483,-0.42279788673617047,5.000361552549583,LARETS,2582.4857540000003,-4054.027719,-5168.331383999999,-2113.6879691168797,-5087.081909847255,-2.5369301681212164,5508.728131274887
2026-07-19 08:54:00,5610.874024170119,938.5285961331582,-4176.546658987852,4.539260814151679,-0.6243081535825905,5.957749298572059,LARETS,2742.853494,-4982.365456,-4179.647538,-2868.020530170119,-5920.894052133159,-3.100879012147743,6578.946553477522
2026-07-19 08:57:00,6320.253169027096,809.6606567196606,-3034.072190254453,3.3183493963031077,-0.8031961604265225,6.6975470509334345,LARETS,2781.322202,-5731.8915369999995,-3037.670039,-3538.9309670270964,-6541.55219371966,-3.597848745547253,7437.469357049979
2026-07-19 09:00:00,6798.108251411643,651.1343480297722,-1780.168085755549,1.9746816790715145,-0.9528174547882687,7.1919450558069675,LARETS,2701.480678,-6271.940826,-1784.1656810000002,-4096.627573411643,-6923.075174029772,-3.9975952444510767,8044.336101958425
2026-07-19 09:03:00,7026.743062047602,468.73801865855,-460.8353465206247,0.5578064367966176,-1.0675890132047983,7.422220936034437,LARETS,2511.9618969999997,-6579.658629,-465.107712,-4514.7811650476015,-7048.396647658549,-4.27236547937531,8370.374097022166
2026-07-19 09:06:00,6997.676680840096,269.15126562826083,875.4411762811428,-0.879773490248728,-1.1432267331403194,7.379608748407667,LARETS,2225.926342,-6641.019795,871.043479,-4771.750338840096,-6910.171060628261,-4.397697281142769,8397.623754557373
2026-07-19 09:09:00,6711.986938796201,59.69377110102421,2179.5299549864612,-2.284714644914219,-1.1769276209759405,7.06571843743301,LARETS,1860.341546,-6451.482891,2175.174765,-4851.645392796201,-6511.176662101024,-4.355189986461028,8119.969427911011
2026-07-19 09:12:00,6180.266271155285,-151.95255148286392,3403.5212069704767,-3.6050016163592606,-1.1674822524337045,6.492460144483549,LARETS,1435.097466,-6016.244406999999,3399.388276,-4745.168805155285,-5864.291855517135,-4.1329309704765365,7543.643883245142
2026-07-19 09:15:00,5422.193118813999,-358.0347847727139,4502.537305929205,-4.792026035335706,-1.1153104586915028,5.681481583455986,LARETS,972.00371,-5350.074533,4498.808808,-4450.189408813999,-4992.039748227286,-3.728497929205332,6687.649850575181
2026-07-19 09:18:00,4465.747052325594,-551.0197915989672,5436.402205312951,-5.802447302816853,-1.0224217389169512,4.663178378048706,LARETS,493.726656,-4476.758012,5433.24833,-3972.0203963255944,-3925.738220401033,-3.1538753129507313,5584.655454983189
2026-07-19 09:21:00,3346.115833411044,-723.8717256323334,6171.10133575807,-6.599743817967702,-0.8923094729141781,3.475374194939371,LARETS,22.720659,-3428.174835,6168.667848,-3323.395174411044,-2704.3031093676664,-2.433487758069532,4284.6489604746985
2026-07-19 09:24:00,2104.3548005144166,-870.3055604155252,6679.982543436417,-7.155411073852525,-0.7297928040685814,2.1617816789209754,LARETS,-419.791673,-2243.0651740000003,6678.380701,-2524.146473514417,-1372.7596135844751,-1.6018424364165185,2873.2885240335777
2026-07-19 09:27:00,785.8626321828569,-985.0085850253072,6944.6680910780515,-7.449807494151457,-0.5408211842441185,0.7703456624872339,LARETS,-814.744651,-965.5518199999999,6943.9630449999995,-1600.607283182857,19.456765025307277,-0.7050460780519643,1600.7256909830705
2026-07-19 09:30:00,-561.2656166984477,-1063.824348237447,6955.663740621093,-7.472678742604168,-0.3322542791737073,-0.6484568896852536,LARETS,-1146.025756,356.517374,6955.869403,-584.7601393015523,1420.3417222374471,0.2056623789067089,1536.006207911095
2026-07-19 09:33:00,-1887.9539847486183,-1103.8954343244789,6712.661299625512,-7.223400275399487,-0.11162551872937806,-2.043319080083355,LARETS,-1401.117284,1673.3588200000002,6713.743449,486.83670074861834,2777.254254324479,1.0821493744879263,2819.6014501000823
2026-07-19 09:36:00,-3145.8817732969646,-1103.7625086236042,6224.535750034791,-6.710967074196817,0.11310708544739143,-3.36379464121736,LARETS,-1571.5614580000001,2935.112451,6226.418245,1574.3203152969645,4038.874959623604,1.8824949652089344,4334.858583439441
2026-07-19 09:39:00,-4289.195792434149,-1063.4174087384952,5509.039209493174,-5.953736279658131,0.33382231309320515,-4.561974931573402,LARETS,-1653.236741,4093.7140830000003,5511.611110999999,2635.959051434149,5157.131491738495,2.57190150682527,5791.743429969589
2026-07-19 09:42:00,-5276.152800800878,-984.3080841932159,4592.194726492589,-4.978904215450269,0.5425090613803122,-5.594143105070918,LARETS,-1646.437651,5104.72462,4595.318319,3629.715149800878,6089.032704193216,3.123592507410649,7088.805336462464
2026-07-19 09:45:00,-6070.641447832283,-869.2934352518179,3507.396534166713,-3.8216855031404853,0.7315487248374921,-6.422372855989322,LARETS,-1555.756135,5929.057346,3510.916707,4514.885312832283,6798.350781251817,3.5201728332867788,8160.991062646291
2026-07-19 09:48:00,-6643.527332923939,-722.547037663377,2294.2320115670436,-2.524166404578351,0.8939989671018072,-7.016008669936045,LARETS,-1389.767861,6534.532022,2297.98542,5253.759471923939,7257.079059663377,3.7534084329563484,8959.196345382215
2026-07-19 09:51:00,-6973.761730980706,-549.4106008458356,997.0544558088717,-1.133828782315094,1.0238659859865464,-7.352938558603464,LARETS,-1160.5377290000001,6897.187868,1000.879177,5813.224001980705,7446.598468845836,3.824721191128333,9446.97923581469
2026-07-19 09:54:00,-7049.197274957321,-356.2007072076236,-336.64696631997487,0.2982199997547257,1.116348529193233,-7.420559459824791,LARETS,-882.9570640000001,7002.286152,-332.90281699999997,6166.24021095732,7358.486859207624,3.7441493199748948,9600.513591210232
2026-07-19 09:57:00,-6867.064186811728,-149.9755249441935,-1658.016404934333,1.7192325823961496,1.1680359695139189,-7.216346022019436,LARETS,-573.948003,6844.947438,-1654.4864129999999,6293.116183811728,6994.922962944193,3.529991934333111,9409.158890215433
2026-07-19 10:00:00,-6434.078194511859,61.72881720446627,-2918.6625013999214,3.07690833143141,1.1770453502282814,-6.747965042643519,LARETS,-251.575742,6430.378468000001,-2915.462495,6182.502452511859,6368.649650795534,3.2000063999212216,8875.98136489336
2026-07-19 10:03:00,-5766.173687840219,271.1802720614233,-4072.4680148614057,4.321449599969613,1.1430880514811024,-6.032923594881102,LARETS,65.88009600000001,5773.670989,-4069.697458,5832.053783840219,5502.490716938577,2.7705568614055665,8018.120920988006
2026-07-19 10:06:00,-4887.8791628551,470.73839422229673,-5077.296643648055,5.407461539437953,1.0674642467313888,-5.097787650316248,LARETS,360.847667,4899.204003,-5075.037068,5248.7268298551,4428.465608777703,2.2595756480550335,6867.34636437174
2026-07-19 10:09:00,-3831.3724839709957,653.1347500394992,-5896.526162474152,6.295596631812746,0.952990726722481,-3.97704764813851,LARETS,617.336183,3839.6801609999998,-5894.841148,4448.708666970996,3186.5454109605007,1.6850144741520126,5472.2100927294505
2026-07-19 10:12:00,-2635.267734417427,811.73515878583,-6500.352941244278,6.953885849678811,0.8038731368391138,-2.711728664957291,LARETS,821.7161679999999,2634.8459730000004,-6499.29113,3456.983902417427,1823.1108142141704,1.061811244278033,3908.2568838193065
2026-07-19 10:15:00,-1343.192008458267,940.7749478249784,-6866.830701121869,7.358740994495331,0.6255359970482054,-1.34784198979479,LARETS,963.369968,1329.9590640000001,-6866.429252,2306.561976458267,389.1841161750217,0.4014491218695184,2339.1649340496274
2026-07-19 10:18:00,-2.2101491476738224,1035.5607597650355,-6982.622229969162,7.495645587712921,0.42442283901690353,0.06524485559090708,LARETS,1035.188202,-25.925572,-6982.9085,1037.3983511476738,-1061.4863317650356,-0.28627003083784075,1484.233355452718
2026-07-19 10:21:00,1338.8492932719648,1092.6343770014003,-6843.454048163132,7.359566574229622,0.20777523500864742,1.476472477004562,LARETS,1033.894697,-1381.792092,-6844.446752999999,-304.9545962719649,-2474.4264690014,-0.9927048368672331,2493.147537099445
2026-07-19 10:24:00,2631.119225283614,1109.8952101162643,-6454.269888511301,6.955114061604276,-0.016604990541002392,2.8347695162434077,LARETS,960.188261,-2686.562491,-6455.974131,-1670.930964283614,-3796.4577011162646,-1.7042424886985827,4147.903599194323
2026-07-19 10:27:00,3827.425901234343,1086.678529693223,-5829.080586821283,6.296456110620203,-0.24060963193344773,4.090745408757939,LARETS,818.7000790000001,-3890.9978539999997,-5831.4824419999995,-3008.725822234343,-4977.676383693222,-2.401855178716687,5816.330374305199
2026-07-19 10:30:00,4883.982148810933,1023.7865135446712,-4990.508399244743,5.4069701507368935,-0.45609444981164127,5.19839095426932,LARETS,617.764353,-4949.560068,-4993.572139999999,-4266.217795810933,-5973.346581544671,-3.063740755256731,7340.401423018548
2026-07-19 10:33:00,5761.991385074028,923.4692407399025,-3969.026265217674,4.318593826327779,-0.6551644414685165,6.116761124438862,LARETS,369.009915,-5822.162257,-3972.689503,-5392.981470074028,-6745.631497739902,-3.6632377823261777,8636.423267717577
2026-07-19 10:36:00,6429.104708540604,789.353421199259,-2801.8998784814457,3.0708359515333026,-0.8304678878845608,6.811582642771599,LARETS,86.78544000000001,-6475.743919,-2806.070369,-6342.319268540605,-7265.097340199259,-4.170490518554288,9643.996602014278
2026-07-19 10:39:00,6860.667663970375,626.3182691908382,-1531.8536996694002,1.7094273960378978,-0.9754872032548781,7.256696992606321,LARETS,-212.559772,-6885.5987350000005,-1536.408699,-7073.227435970374,-7511.917004190838,-4.554999330599912,10317.91956679419
2026-07-19 10:42:00,7040.692796241238,440.3205658158342,-205.50014282618483,0.2846296874143902,-1.0848094987118904,7.4352298880391166,LARETS,-511.50739899999996,-7036.387426,-210.28900700000003,-7552.200195241238,-7476.707991815834,-4.788864173815199,10627.178041093724
2026-07-19 10:45:00,6962.50151946494,238.1743094248617,1128.4089980943043,-1.1507331293155063,-1.1543572413737462,7.340379987059697,LARETS,-792.273574,-6922.770238,1123.560291,-7754.77509346494,-7160.944547424861,-4.848707094304245,10555.362953090647
2026-07-19 10:48:00,6628.99478019264,27.293839025416965,2420.832468777987,-2.5434091847446627,-1.181560611351696,6.97574556821553,LARETS,-1037.737384,-6549.621796,2416.111839,-7666.73216419264,-6576.915635025417,-4.720629777986687,10101.21891813326
2026-07-19 10:51:00,6052.534758430263,-184.58776820195123,3624.3036181897187,-3.841880996214446,-1.1654581942648976,6.355153438247707,LARETS,-1232.343997,-5931.81376,3619.902472,-7284.878755430263,-5747.225991798049,-4.4011461897184745,9279.013118441315
2026-07-19 10:54:00,5254.445723653067,-389.7114856776608,4694.719829619771,-4.99841151685225,-1.1067203990224386,5.502008750560068,LARETS,-1362.930479,-5093.572154,4690.823752,-6617.376202653068,-4703.86066832234,-3.8960776197709492,8118.866187704404
2026-07-19 10:57:00,4264.166529106903,-580.582538694423,5592.97657359147,-5.970851236064686,-1.007598539354897,4.448234149794896,LARETS,-1419.432796,-4067.4548990000003,5589.752089,-5683.599325106903,-3486.8723603055773,-3.2244845914701727,6667.9525000347385
2026-07-19 11:00:00,3118.1059209340756,-750.2454621113422,6286.38097782591,-6.724123820807003,-0.8718097244123238,3.2328996558729868,LARETS,-1395.4421200000002,-2893.015632,6283.964252999999,-4513.548040934076,-2142.7701698886576,-2.416724825910933,4996.357248970833
2026-07-19 11:03:00,1858.262357479965,-892.5337203081701,6749.799312671374,-7.231355814883111,-0.7043718897533581,1.9006541731814803,LARETS,-1288.5833559999999,-1615.2149180000001,6748.28746,-3146.8457134799646,-722.68119769183,-1.511852671374072,3228.762664495956
2026-07-19 11:06:00,530.6722055393734,-1002.2862736649505,6966.511835356534,-7.474658374529176,-0.5114037639225183,0.5000559600144243,LARETS,-1100.702464,-282.666079,6965.954618,-1631.3746695393734,719.6201946649505,-0.5572173565342382,1783.0414598307868
2026-07-19 11:09:00,-816.2539350959036,-1075.525924641735,6928.763456178748,-7.445595160519561,-0.2999017734097454,-0.9181297802983187,LARETS,-837.863932,1054.2209269999998,6929.161034,-21.60999690409642,2129.746851641735,0.3975778212516161,2129.856521485004
2026-07-19 11:12:00,-2133.4539312549127,-1109.596029611707,6638.007903665679,-7.145375450066876,-0.07750128116769645,-2.3026311313033836,LARETS,-510.154342,2345.134833,6639.314463000001,1623.2995892549127,3454.7308626117074,1.3065593343217188,3817.102120281077
2026-07-19 11:15:00,-3372.948971743954,-1103.2530670982628,6104.846902068092,-6.584797588045416,0.14777495168541235,-3.6033574260314984,LARETS,-131.29548499999999,3541.7391749999997,6106.977674,3241.653486743954,4644.992242098262,2.130771931907475,5664.298261696792
2026-07-19 11:18:00,-4489.546070522769,-1056.7127958596861,5348.666663079334,-5.783943546758239,0.3677808354624857,-4.773073103668891,LARETS,281.916424,4599.471178000001,5351.505106,4771.462494522769,5656.183973859686,2.8384429206653294,7399.951320079263
2026-07-19 11:21:00,-5442.461634635498,-971.6477605646593,4396.9750599196395,-4.7716023029931085,0.5745230529871785,-5.769044780616747,LARETS,710.327191,5479.209232,4400.3799850000005,6152.788825635498,6450.85699256466,3.404925080360954,8914.615968447559
2026-07-19 11:24:00,-6196.814283074576,-851.1342443430033,3284.447316335674,-3.584388989751666,0.7604455455319915,-6.554623325475597,LARETS,1133.2732330000001,6148.751179,3288.259281,7330.087516074576,6999.885423343003,3.8119646643262968,10135.511504818925
2026-07-19 11:27:00,-6724.929625252543,-699.5478642392671,2051.6977144406987,-2.2655350847635396,0.9187137302843125,-7.100692184011127,LARETS,1529.5290519999999,6584.045227,2055.7520560000003,8254.458677252544,7283.593091239267,4.05434155930152,11008.489124802896
2026-07-19 11:30:00,-7007.397528310546,-522.4090411507635,743.8095337311647,-0.8633525437117674,1.0434846482915994,-7.386889401872898,LARETS,1878.3174920000001,6770.1206090000005,747.9448590000001,8885.715020310545,7292.529650150764,4.135325268835345,11495.083175924197
2026-07-19 11:33:00,-7033.826502519252,-326.18240520276544,-591.3269937413432,0.5705845295799219,1.1301458033107863,-7.402503765727428,LARETS,2160.324921,6701.645493,-587.266901,9194.151423519252,7027.827898202765,4.060092741343283,11572.5019701753
2026-07-19 11:36:00,-6803.251605030219,-118.03737835737353,-1904.802042839675,1.9834542880376285,1.1755051088251494,-7.146960266560288,LARETS,2358.671935,6383.089734,-1900.965608,9161.923540030219,6501.127112357373,3.836434839675121,11234.122636086018
2026-07-19 11:39:00,-6324.170976333117,94.41990461395565,-3148.519866370792,3.323278448447974,1.177917585893852,-6.62984505819227,LARETS,2459.789351,5828.48626,-3145.041621,8783.960327333118,5734.066355386044,3.4782453707921377,10489.875504424406
2026-07-19 11:42:00,-5614.209067449867,303.43111869111175,-4276.994978266005,4.54095805145679,1.137340647500281,-5.870467383232679,LARETS,2454.155041,5060.800489,-4273.9911950000005,8068.364108449867,4757.369370308888,3.003783266004575,9366.486627054412
2026-07-19 11:45:00,-4699.427849039933,501.373709734824,-5249.030981785636,5.592131332100971,1.0553174695255205,-4.897003887361391,LARETS,2336.8512769999998,4110.935847,-5246.600102,7036.279126039933,3609.562137265176,2.430879785635625,7908.107780721009
2026-07-19 11:48:00,-3613.3267939894286,681.0398653066219,-6029.2138633055865,6.438761878714312,0.9348951557235599,-3.745307458410646,LARETS,2107.914864,3016.436841,-6027.437355999999,5721.241657989429,2335.3969756933784,1.7765073055870744,6179.537871003755
2026-07-19 11:51:00,-2395.585258121302,835.8957589972784,-6589.16817887054,7.050407317348608,0.7804893920126393,-2.457479808273941,LARETS,1772.469819,1819.961773,-6588.112303999999,4168.055077121302,984.0660140027215,1.0558748705407197,4282.647564381596
2026-07-19 11:54:00,-1090.6060293925395,960.3126366334618,-6908.542261163494,7.405160381818299,0.5977090033932437,-1.0803021193483624,LARETS,1340.639158,567.594615,-6908.258931,2431.2451873925393,-392.71802163346183,0.28333016349370155,2462.7587551384454
2026-07-19 11:57:00,254.0826062182892,1049.7636258082316,-6975.70372648019,7.49028410900172,0.3931522540020597,0.33640442911963564,LARETS,827.243789,-692.931296,-6976.230563,573.1611827817107,-1742.6949218082316,-0.5268365198098763,1834.5298061085425
2026-07-19 12:00:00,1589.5141099917398,1100.9819579985326,-6788.1368031436305,7.30257393941567,0.17418286857589685,1.7414469405117547,LARETS,251.294238,-1914.0390009999999,-6789.495578,-1338.2198719917399,-3015.0209589985325,-1.358774856369564,3298.6642228731207
2026-07-19 12:03:00,2867.0134673413427,1112.0773281548386,-6352.537934603969,6.848471025917901,-0.05131070409390478,3.0839433210176264,LARETS,-364.70410200000003,-3050.080883,-6354.728316,-3231.717569341343,-4162.158211154839,-2.190381396030716,5269.493734738075
2026-07-19 12:06:00,4039.925260089378,1082.6074375921603,-5684.60734453468,6.143928977086149,-0.2751724808949144,4.315017391644258,LARETS,-995.614168,-4059.0334350000003,-5687.6029960000005,-5035.539428089378,-5141.640872592161,-2.9956514653204067,7196.744900889615
2026-07-19 12:09:00,5065.2939375522155,1013.6017269954697,-4808.5348115986035,5.214011185115519,-0.4892528738031768,5.389498903694846,LARETS,-1614.673786,-4904.063394000001,-4812.278494,-6679.967723552216,-5917.665120995471,-3.7436824013966543,8924.166251650831
2026-07-19 12:12:00,5905.444439235974,907.5344349848026,-3756.1811558700756,4.092179651499313,-0.6856971466000111,6.267597365227308,LARETS,-2194.6131219999997,-5554.910809,-3760.582327,-8100.0575612359735,-6462.445243984803,-4.401171129924478,10362.149892620988
2026-07-19 12:15:00,6529.404144079339,768.2449301115215,-2565.965393409611,2.8192379989746557,-0.8572412251552147,6.916485750244739,LARETS,-2708.843391,-5989.032997,-2570.8988990000003,-9238.24753507934,-6757.277927111521,-4.933505590389359,11445.78729677891
2026-07-19 12:18:00,6914.102157545408,600.8050784772443,-1281.4818584334182,1.441914496355139,-0.9975018122331587,7.311699732558778,LARETS,-3132.662792,-6192.451887,-1286.790297,-10046.764949545408,-6793.256965477244,-5.308438566581799,12127.895709064258
2026-07-19 12:21:00,7045.282819737759,411.3362169316887,50.10969390054458,0.01111160368924726,-1.1012429589803308,7.438242010888368,LARETS,-3444.4224169999998,-6160.26117,44.609146,-10489.705236737758,-6571.597386931689,-5.500547900544575,12378.200128677761
2026-07-19 12:24:00,6918.079378759194,206.78174255245105,1379.8582988249168,-1.4201032604640156,-1.1645993140968909,7.291287669585802,LARETS,-3626.588383,-5896.753486,1374.366376,-10544.667761759194,-6103.5352285524505,-5.4919228249168555,12183.726468255958
2026-07-19 12:27:00,6537.211225927512,-5.355219244964888,2658.8812272404407,-2.798648510865095,-1.1852382027577677,6.876416777983909,LARETS,-3666.639145,-5415.153918999999,2653.6080970000003,-10203.850370927512,-5409.798699755034,-5.273130240440423,11549.221279811523
2026-07-19 12:30:00,5916.7917716229185,-217.29684628707415,3840.220419041717,-4.073578854939238,-1.162448327099488,6.209348631067716,LARETS,-3557.749249,-4736.972549,3835.375706,-9474.541020622919,-4519.675702712926,-4.844713041717114,10497.35297493632
2026-07-19 12:33:00,5079.7599792284955,-421.2846331049948,4880.607968002001,-5.198093894414923,-1.0971509474353622,5.3152065979151235,LARETS,-3299.22406,-3891.016713,4876.388229,-8378.984039228495,-3469.732079895005,-4.219739002001006,9068.981863588417
2026-07-19 12:36:00,4056.9721346297674,-609.8686993651429,5742.062427126085,-6.131288613831001,-0.9918378840175414,4.227389879724165,LARETS,-2896.667755,-2912.1191430000003,5738.638227,-6953.639889629767,-2302.250443634857,-3.4242001260845427,7324.853346314428
2026-07-19 12:39:00,2886.0076822496612,-776.1801431195448,6393.254404233401,-6.839572249978638,-0.8504474636816034,2.9861572839274917,LARETS,-2361.880479,-1839.6544609999999,6390.757351,-5247.888161249661,-1063.4743178804551,-2.4970532334009476,5354.560113870279
2026-07-19 12:42:00,1609.7518202784047,-914.1765708649135,6810.5996560541735,-7.297729990623316,-0.678193085835508,1.6370329162995916,LARETS,-1712.495332,-715.922777,6809.114746,-3322.2471522784044,198.25379386491352,-1.4849100541732696,3328.1575852957544
2026-07-19 12:45:00,274.8183015688637,-1018.8536161871414,6979.056391216769,-7.489641967900894,-0.48135890098564404,0.22912640535052137,LARETS,-971.3727809999999,415.53653499999996,6978.6212479999995,-1246.1910825688637,1434.3901511871413,-0.4351432167695748,1900.1230248187737
2026-07-19 12:48:00,-1070.1290528999873,-1086.4176074312813,6892.617468395725,-7.408696257092688,-0.26707384848137383,-1.1865706213573868,LARETS,-165.78418599999998,1511.626761,6893.220574,904.3448668999873,2598.0443684312813,0.6031056042747878,2750.9406650021047
2026-07-19 12:51:00,-2376.104615711044,-1114.4161445621833,6554.496257812319,-7.057933528482465,-0.043070561222872276,-2.55888250970483,LARETS,673.588787,2531.318891,6556.081203,3049.693402711044,3645.735035562183,1.5849451876811145,4753.105964747273
2026-07-19 12:54:00,-3595.5329202291687,-1101.8241052650187,5977.007958548154,-6.449944263681684,0.18256864529329755,-3.8381349649246075,LARETS,1513.813166,3437.173074,5979.479230000001,5109.346086229169,4538.9971792650185,2.4712714518464054,6834.31920014157
2026-07-19 12:57:00,-4683.939770218447,-1049.0827628814789,5181.148735013682,-5.606514402860813,0.4016786532258643,-4.977825387931639,LARETS,2320.982039,4196.7076179999995,5184.378155,7004.921809218447,5245.790380881478,3.2294199863181348,8751.41455437727
2026-07-19 13:00:00,-5601.555086564311,-958.0897386643348,4195.876535071819,-4.557993810249673,0.6062904297336237,-5.9362615068660665,LARETS,3061.572075,4783.57823,4199.710911,8663.12716156431,5741.667968664335,3.8343759281815437,10393.100498997308
2026-07-19 13:03:00,-6314.774541441626,-832.1379616557296,3057.102826109759,-3.342354484445427,0.7889174576332255,-6.678124287561709,LARETS,3703.8328730000003,5178.519759,3061.371036,10018.607414441627,6010.6577206557295,4.268209890240996,11683.343655700568
2026-07-19 13:06:00,-6797.421901650222,-675.8030746823669,1806.4151990290834,-2.003917625587362,0.9428400498315219,-7.175880930520745,LARETS,4219.153627999999,5370.017547,1810.93996,11016.575529650221,6045.820621682367,4.524760970916532,12566.499268432304
2026-07-19 13:09:00,-7031.752821101782,-494.78093237070686,489.5662719225632,-0.5917594756971166,1.0623728903223448,-7.410952494488512,LARETS,4583.343365000001,5354.666297000001,494.170768,11615.096186101782,5849.447229370708,4.6044960774368064,13004.864993646528
2026-07-19 13:12:00,-7009.146334011267,-295.67978270950823,-845.2179263722796,0.8421521196870708,1.1430981598366545,-7.374537619050875,LARETS,4777.7527359999995,5137.195272,-840.704635,11786.899070011266,5432.875054709508,4.513291372279582,12978.718789484434
2026-07-19 13:15:00,-6730.443516028899,-85.77492145185677,-2149.0406025271814,2.2449966713910303,1.1820468864175528,-7.06801278991511,LARETS,4790.181412,4730.148689000001,-2144.781118,11520.624928028898,4815.923610451858,4.259484527181485,12486.710419371346
2026-07-19 13:18:00,-6205.912562679479,127.26356847599004,-3374.1672963573915,3.5651920940444644,1.1778149952914643,-6.502867687940771,LARETS,4615.522478,4153.240375,-3370.310809,10821.43504067948,4025.9768065240105,3.8564873573914156,11546.079874087556
2026-07-19 13:21:00,-5454.8428612484695,335.6575133687038,-4475.805689717711,4.754405480978054,1.1306071333613374,-5.700182562618662,LARETS,4256.1093169999995,3432.419352,-4472.484058,9710.95217824847,3096.761838631296,3.3216317177111705,10192.768864575957
2026-07-19 13:24:00,-4504.793452300115,531.8087500448383,-5413.753937600048,5.769365672623203,1.0422090931420214,-4.689701251232195,LARETS,3721.746718,2598.694577,-5411.079366,8226.540170300115,2066.885826955162,2.674571600047784,8482.215945645503
2026-07-19 13:27:00,-3390.539689551513,708.5763964169553,-6153.852224890391,6.5733932313997165,0.9158966090870942,-3.5085869384892794,LARETS,3029.434402,1686.783124,-6151.917178000001,6419.974091551513,978.2067275830448,1.9350468903903675,6494.07110235851
2026-07-19 13:30:00,-2152.7732930646525,859.5328961139738,-6669.189378504153,7.137606375931384,0.7562927699893801,-2.199960621649724,LARETS,2202.7978,733.6496940000001,-6668.068312,4355.571093064653,-125.88320211397377,1.1210665041526227,4357.3899738381215
2026-07-19 13:33:00,-836.6147406931029,979.1907906830276,-6941.033840302027,7.441801609337012,0.5691873997287906,-0.8113134639716777,LARETS,1271.2575120000001,-222.994043,-6940.782155,2107.8722526931033,-1202.1848336830276,0.2516853020269991,2426.5971794586094
2026-07-19 13:36:00,510.00544755566204,1063.1944272314208,-6959.47265539422,7.475034446615972,0.36132967728872967,0.6071406712167886,LARETS,268.97617099999997,-1146.170433,-6960.126045,-241.02927655566208,-2209.3648602314206,-0.6533896057799211,2222.4735374578318
2026-07-19 13:39:00,1838.0454696254699,1108.4724885533929,-6723.751330253549,7.235932816476169,0.14020115621278242,2.004136911422965,LARETS,-766.388827,-2001.049763,-6725.323415,-2604.43429662547,-3109.522251553393,-1.5720847464508552,4056.1322845532463
2026-07-19 13:42:00,3099.0850365092015,1113.3481244305362,-6242.31146608943,6.732764014975981,-0.08622802752686284,3.3290444765387237,LARETS,-1795.081901,-2756.248801,-6244.789541,-4894.1669375092015,-3869.5969254305364,-2.4780749105702853,6239.123056837789
2026-07-19 13:45:00,4247.047959913323,1077.6036830260934,-5532.523921222763,5.983252538607954,-0.30975979810253873,4.533563883869723,LARETS,-2776.758424,-3384.9821030000003,-5535.863911,-7023.806383913323,-4462.585786026094,-3.3399897772369513,8321.570715428392
2026-07-19 13:48:00,5239.867586605863,1002.4969884843155,-4620.1160832620135,5.014121854579905,-0.5222457064586596,5.573425267600474,LARETS,-3672.0588119999998,-3866.0275269999997,-4624.239503,-8911.926398605863,-4868.524515484315,-4.123419737986296,10155.047025722244
2026-07-19 13:51:00,6041.041875388386,890.7263266685155,-3538.295931403635,3.860319802174225,-0.7158784620679478,6.410050852307282,LARETS,-4444.201199,-4184.475367999999,-3543.089691,-10485.243074388385,-5075.201694668515,-4.793759596364907,11648.949203713906
2026-07-19 13:54:00,6621.017863650973,746.3422804735775,-2326.5851600588708,2.5638931215224017,-0.8834891885430275,7.012111281161304,LARETS,-5060.52338,-4332.222744,-2331.902255,-11681.541243650972,-5078.565024473577,-5.317094941129199,12737.749283386906
2026-07-19 13:57:00,6958.341167206328,574.6065667658008,-1029.3889925614083,1.1725035934698083,-1.0188363045766176,7.356876966829187,LARETS,-5493.90396,-4308.187735,-1035.051718,-12452.245127206326,-4882.794301765802,-5.6627254385916785,13375.354984741514
2026-07-19 14:00:00,7040.508468413334,381.8009955903397,305.65048552967784,-0.26237870387784923,-1.1168675090234923,7.431253405757744,LARETS,-5723.988665,-4118.22527,299.843606,-12764.497133413333,-4500.02626559034,-5.806879529677815,13534.49877829874
2026-07-19 14:03:00,6864.471666575575,174.99318062853604,1629.4512540349288,-1.687521376005166,-1.1739350537435214,7.232400459256341,LARETS,-5738.15443,-3774.7450750000003,1623.7146129999999,-12602.626096575576,-3949.7382556285365,-5.73664103492888,13207.068173031957
2026-07-19 14:06:00,6436.761235090376,-38.23097579702944,2893.357071256099,-3.050091354211315,-1.1879471280944782,6.767869954895558,LARETS,-5532.151956000001,-3296.045133,2887.908373,-11968.913191090378,-3257.814157202971,-5.448698256098851,12404.364786116297
2026-07-19 14:09:00,5773.220779992879,-250.05541646203946,4050.983037328011,-4.299788387772755,-1.1584443855302988,6.055246378693888,LARETS,-5110.387482,-2705.394023,4046.033181,-10883.608261992878,-2455.3386065379605,-4.949856328011265,11157.134084268822
2026-07-19 14:12:00,4898.370625334363,-452.72883101745606,5059.954262015669,-5.390811944133174,-1.0865989616538427,5.121329633339298,LARETS,-4485.836082000001,-2029.9182039999998,5055.696910000001,-9384.206707334364,-1577.1893729825438,-4.257352015668403,9515.822611276153
2026-07-19 14:15:00,3844.4408585839515,-638.8527684897922,5883.462179733903,-6.2835524399053435,-0.9751416768487414,4.000943350148462,LARETS,-3679.595472,-1299.354293,5880.061452,-7524.036330583951,-660.5015245102079,-3.4007277339032953,7552.972695090102
2026-07-19 14:18:00,2650.1300067767006,-801.6510450682362,6491.580665865078,-6.945942486872244,-0.8282294268832129,2.7354766512530855,LARETS,-2720.118599,-544.737866,6489.158749,-5370.2486057767,256.9131790682361,-2.4219168650779466,5376.391013970881
2026-07-19 14:21:00,1359.1527307579356,-935.2110138076456,6862.3039222254865,-7.354451226642308,-0.6512676601559645,1.3712674522127926,LARETS,-1642.158823,202.91578,6860.936967000001,-3001.3115537579356,1138.1267938076455,-1.366955225485981,3209.860668326638
2026-07-19 14:24:00,18.639353317312203,-1034.689923689704,6982.285935405003,-7.494742034319421,-0.4507020329339554,-0.042085308389798175,LARETS,-485.47545299999996,913.877861,6982.001234,-504.1148063173122,1948.5677846897042,-0.28470140500303387,2012.7215978703496
2026-07-19 14:27:00,-1322.5555898795396,-1096.4818303021332,6847.274193552368,-7.362032091063331,-0.23378968294993913,-1.4534252872499882,LARETS,706.6394359999999,1560.871244,6848.050179999999,2029.1950258795396,2657.353074302133,0.7759864476311122,3343.524849124383
2026-07-19 14:30:00,-2615.585537508853,-1118.3419634903203,6462.2373292313405,-6.9611893946992005,-0.008355754809357923,-2.8117342735876183,LARETS,1888.97025,2120.1041090000003,6464.007642,4504.555787508853,3238.4460724903206,1.770312768659096,5547.8427285941325
2026-07-19 14:33:00,-3813.339405865531,-1099.4660804043672,5841.188666743951,-6.3065836003466345,0.21746320827221927,-4.067814999141398,LARETS,3016.075505,2572.136663,5843.846861,6829.414910865531,3671.602743404367,2.6581942560487732,7753.810791870255
2026-07-19 14:36:00,-4872.119623240693,-1040.5224304562162,5006.7081329973,-5.421681787724398,0.43548905844421015,-5.175957423872204,LARETS,4044.0229449999997,2902.555852,5010.115104,8916.142568240692,3943.078282456216,3.4069710027006295,9749.12694789759
2026-07-19 14:39:00,-5753.222362701165,-943.6340324672381,3989.1670341781037,-4.338360744739148,0.6377837006838962,-6.095567368134533,LARETS,4932.10671,3102.439359,3993.1587969999996,10685.329072701166,4046.0733914672383,3.991762821895918,11425.7158732056
2026-07-19 14:42:00,-6424.365898890957,-812.3095390340366,2825.666539683368,-3.0959033977207637,0.8169372713158752,-6.792707557618045,LARETS,5644.483585,3168.591724,2830.065602,12068.849483890957,3980.9012630340367,4.399062316632353,12708.450813635402
2026-07-19 14:45:00,-6860.908367164289,-651.3224027298215,1558.7124501286512,-1.739663047809636,0.9663521679473294,-7.241471777648015,LARETS,6151.663025999999,3103.53636,1563.33636,13012.57139316429,3754.8587627298216,4.623909871348815,13543.48551779744
2026-07-19 14:48:00,-7046.796122019818,-466.54043319348204,234.66498934582177,-0.3194127624213709,1.080507474000272,-7.425094444939526,LARETS,6431.768459,2915.263012,239.334305,13478.564581019818,3381.803445193482,4.669315654178234,13896.341947043227
2026-07-19 14:51:00,-6975.190854109238,-264.7108814877712,-1097.9798538070877,1.1125597756545578,1.1551858346012196,-7.336698943011349,LARETS,6471.510011,2616.738226,-1093.437062,13446.700865109238,2881.449107487771,4.542791807087724,13751.964723330591
2026-07-19 14:54:00,-6648.738244205204,-53.20938300445924,-2390.405312738385,2.503511279197896,1.1876457620880567,-6.97961112088079,LARETS,6266.805252,2225.197369,-2386.1502680000003,12915.543496205204,2278.406752004459,4.25504473838464,13114.96928076287
2026-07-19 14:57:00,-6079.461671675505,160.23620268904705,-3595.303298222813,3.8023287990621744,1.1767267714125917,-6.367205253637051,LARETS,5823.023117,1761.2629299999999,-3591.480435,11902.484788675505,1601.0267273109528,3.8228632228128845,12009.681317191518
2026-07-19 15:00:00,-5288.288054987065,367.83435230017056,-4668.634962928476,4.961511192348506,1.1228817052910884,-5.522298816270954,LARETS,5154.836759,1247.9294650000002,-4665.369678999999,10443.124813987066,880.0951126998295,3.2652839284764923,10480.144748522782
2026-07-19 15:03:00,-4304.235164046505,562.017822831037,-5571.246137240358,5.938933300974013,1.0281383812431228,-4.476157405706013,LARETS,4285.690361,709.4676979999999,-5568.645795,8589.925525046505,147.44987516896288,2.6003422403573495,8591.19134656612
2026-07-19 15:06:00,-3163.3069714780786,735.7189685017527,-6270.275380466986,6.699316238754062,0.8959993259805639,-3.267201100089392,LARETS,3246.919151,170.311277,-6268.428443,6410.226122478079,-565.4076915017527,1.8469374669857643,6435.11369053319
2026-07-19 15:09:00,-1907.153526284644,882.6223917599463,-6740.309893338593,7.215370554627845,0.731292284477301,-1.939512162021426,LARETS,2076.57312,-346.022064,-6739.285681,3983.7266462846437,-1228.6444557599461,1.024212338592406,4168.890288793753
2026-07-19 15:12:00,-581.5542428745835,997.3872633957667,-6964.261659050561,7.468617380343872,0.53998469237908,-0.5412315294298192,LARETS,817.9965259999999,-817.930884,-6964.109525999999,1399.5507688745834,-1815.3181473957666,0.15213305056204263,2292.187242366186
2026-07-19 15:15:00,765.2197471669493,1075.833826687333,-6933.949651107761,7.449915908751559,0.32897274552864897,0.8770953534271333,LARETS,-481.77957000000004,-1226.614224,-6934.699084,-1246.9993171669494,-2302.448050687333,-0.7494328922384739,2618.448946376155
2026-07-19 15:18:00,2084.1142097570155,1115.0901437465861,-6650.382103938743,7.159728872306609,0.10585139764925616,2.2641932696160727,LARETS,-1773.781014,-1556.8072209999998,-6652.040657,-3857.8952237570156,-2671.897364746586,-1.658553061256498,4692.8023435922805
2026-07-19 15:21:00,3327.0260263429523,1113.6958932673904,-6123.736085085409,6.608143033843353,-0.12133260760508854,3.569744893736019,LARETS,-3008.915017,-1797.3481550000001,-6126.285701000001,-6335.941043342952,-2911.0440482673903,-2.5496159145914135,6972.684766731684
2026-07-19 15:24:00,4448.518599181073,1071.6601613603925,-5373.0321892027205,5.8146370934813,-0.34434496029927675,4.746089704303428,LARETS,-4139.820558,-1941.558649,-5376.422648,-8588.339157181073,-3013.2188103603926,-3.3904587972792797,9101.597034207252
2026-07-19 15:27:00,5407.470515586173,990.4701187985427,-4425.50339099297,4.807566385962256,-0.5550450190978535,5.74991924618107,LARETS,-5122.692893,-1987.427631,-4429.650109,-10530.163408586173,-2977.8977497985425,-4.146718007030358,10943.136370120434
2026-07-19 15:30:00,6168.602880648318,873.0477984123335,-3315.6621217472157,3.623323559063295,-0.7456802700131444,6.543925640878787,LARETS,-5919.019633999999,-1937.588989,-3320.4461,-12087.622514648318,-2810.6367874123334,-4.783978252784436,12410.089447455097
2026-07-19 15:33:00,6703.823947271455,723.6533434109903,-2084.0803714606,2.3051443275175396,-0.9091846712288112,7.098326856515795,LARETS,-6497.1519579999995,-1799.0905460000001,-2089.350608,-13200.975905271454,-2522.7438894109905,-5.27023653940023,13439.867162978628
2026-07-19 15:36:00,6993.326558934471,547.7353037514013,-775.9139180160399,0.9015580391112183,-1.0394657732143255,7.392166044492452,LARETS,-6833.6345,-1582.959602,-781.4916920000001,-13826.96105893447,-2130.694905751401,-5.577773983960128,13990.165975364545
2026-07-19 15:39:00,7026.377744988944,351.73167497541425,560.778664062907,-0.5354722564007056,-1.131661514912999,7.414274131047787,LARETS,-6914.22087,-1303.582929,555.092853,-13940.598614988943,-1655.3146039754142,-5.685811062906964,14038.532277656856
2026-07-19 15:42:00,6801.75217494926,142.8289292779848,1876.8526377215824,-1.9526279578170085,-1.1823469683736303,7.163800597490868,LARETS,-6734.514093999999,-977.92898,1871.270313,-13536.266268949259,-1120.7579092779847,-5.582324721582381,13582.585687469524
2026-07-19 15:45:00,6327.781369530892,-71.31039709602078,3123.9458017975708,-3.2974020885746866,-1.1896746461474128,6.650255551026453,LARETS,-6300.189993,-624.6548310000001,3118.6803999999997,-12627.971362530892,-553.3444339039793,-5.26540179757103,12640.090131003375
2026-07-19 15:48:00,5622.015627130799,-282.83860665967796,4256.309990538434,-4.520210725282722,-1.153438715390769,5.8930583602222,LARETS,-5626.792576999999,-263.14635,4251.566441999999,-11248.808204130797,19.69225665967798,-4.7435485384348794,11248.826440991319
2026-07-19 15:51:00,4710.521175233929,-484.0182960145494,5232.52015815967,-5.576314213669747,-1.0750619665884524,4.920641468888334,LARETS,-4739.113819,87.45673,5228.4855800000005,-9449.63499423393,571.4750260145494,-4.034578159669763,9466.900311476282
2026-07-19 15:54:00,3626.8565765318785,-667.5089770696909,6016.98859875795,-6.4274468412667005,-0.9575125241593798,3.769199302918314,LARETS,-3670.20242,409.197372,6013.8199079999995,-7297.058996531879,1076.706349069691,-3.1686907579505714,7376.067827887358
2026-07-19 15:57:00,2410.7865808184993,-826.6333090808338,6581.230218685597,-7.043099930321245,-0.8051630750578949,2.481192046103508,LARETS,-2460.0639309999997,686.155797,6579.043111999999,-4870.8505118184985,1512.7891060808338,-2.1871066855974277,5100.364729251726
2026-07-19 16:00:00,1106.7972146192778,-955.6139474513463,6904.8445103784425,-7.401449659967284,-0.6236076196584578,1.1037097808301448,LARETS,-1154.1104639999999,905.18114,6903.707945,-2260.9076786192777,1860.7950874513463,-1.1365653784423557,2928.184280489111
2026-07-19 16:03:00,-237.52589278360762,-1049.7746375332674,6976.196935359152,-7.489954996089457,-0.4194493412687855,-0.3132212736431846,LARETS,198.570584,1056.474801,6976.13167,436.0964767836076,2106.2494385332675,-0.06526535915236309,2150.9223227825655
2026-07-19 16:06:00,-1573.2001219353313,-1105.7012904964251,6792.794177282772,-7.305665222968027,-0.20006918884302033,-1.7183416575470736,LARETS,1547.059231,1134.004569,6793.772368,3120.259352935331,2239.705859496425,0.9781907172282445,3840.872521120704
2026-07-19 16:09:00,-2851.5803647405774,-1121.3600635758585,6361.3536550824365,-6.855269958149905,0.026620043624216296,-3.0608516876709326,LARETS,2840.5006639999997,1135.737883,6363.301831000001,5692.081028740577,2257.0979465758583,1.9481759175641855,6123.257415263117
2026-07-19 16:12:00,-4026.080480212013,-1096.1699628229424,5697.5693908356725,-6.154903293825126,0.2524330519234274,-4.2920916428816644,LARETS,4030.0050380000002,1063.68701,5700.374911,8056.085518212013,2159.856972822942,2.8055201643273904,8340.593737303154
2026-07-19 16:15:00,-5053.836536816447,-1031.0275368466237,4825.5768454080635,-5.22968860772501,0.46918481787075045,-5.367203300777252,LARETS,5070.492239,923.765035,4829.094718,10124.328775816448,1954.7925718466236,3.5178725919367935,10311.31706113236
2026-07-19 16:18:00,-5897.262495327472,-928.2813558584046,3777.122025294639,-4.112993416278671,0.6689749909765288,-6.246746787341213,LARETS,5922.418306,725.4577029999999,3781.18499,11819.680801327471,1653.7390588584044,4.0629647053610825,11934.811419865222
2026-07-19 16:21:00,-6525.443169657692,-791.6546824291604,2590.4475108265638,-2.845363351709861,0.8444775818977752,-6.898216861136822,LARETS,6553.32546,481.32362,2594.876838,13078.768629657692,1272.9783024291605,4.429327173436377,13140.573893308952
2026-07-19 16:24:00,-6915.305266999373,-626.116358518372,1308.920777984985,-1.4731241324263324,0.9892242950901527,-7.297374622453634,LARETS,6939.135446,206.34208900000002,1313.5335870000001,13854.440712999374,832.4584475183719,4.612809015015046,13879.428511825201
2026-07-19 16:27:00,-7052.508421030083,-437.70246798683746,-20.553073631184887,-0.046676659320599515,1.0978653106939424,-7.429295445771641,LARETS,7065.127335,-82.864016,-15.935595,14117.635756030082,354.83845198683747,4.617478631184888,14122.09513450665
2026-07-19 16:30:00,-6932.006568867174,-233.2944669593298,-1349.2743924974518,1.3814461935318898,1.1663893774834984,-7.289039177031593,LARETS,6926.543571,-368.89096500000005,-1344.8201740000002,13858.550139867173,-135.59649804067024,4.45421849745162,13859.214199569748
2026-07-19 16:33:00,-6558.245989266557,-20.36264610474752,-2628.5733091387115,2.758654005506819,1.19228664750411,-6.881875620284204,LARETS,6528.784753999999,-634.460508,-2624.435613,13087.030743266558,-614.0978618952524,4.137696138711362,13101.431485899458
2026-07-19 16:36:00,-5944.987894153053,193.31363825321344,-3811.6324922485783,4.0343748347265995,1.174642666180816,-6.223041679496796,LARETS,5887.180633999999,-863.3208070000001,-3807.947418,11832.168528153052,-1056.6344452532135,3.6850742485780756,11879.255111718214
2026-07-19 16:39:00,-5114.767106381648,399.9360768496351,-4855.225669848339,5.162003245650165,1.1141591967885502,-5.337055772208338,LARETS,5026.353913,-1041.094715,-4852.110527,10141.121019381648,-1441.030791849635,3.115142848339019,10242.993457818764
2026-07-19 16:42:00,-4098.019922444117,591.97490095941,-5721.2978832327535,6.100613297054943,1.0131052904247984,-4.256658008854284,LARETS,3979.215021,-1156.0297190000001,-5718.849977,8077.234943444117,-1748.00461995941,2.4479062327536667,8264.215054997
2026-07-19 16:45:00,-2931.9302161800842,762.4420004233664,-6378.328389791307,6.816367940823272,0.8752082783893251,-3.0214708292929333,LARETS,2785.6469300000003,-1199.616773,-6376.625026,5717.577146180085,-1962.0587734233663,1.7033637913073107,6044.862773821802
2026-07-19 16:48:00,-1659.0512782865353,905.1399959600724,-6802.4348632851215,7.283599628589082,0.705497710644043,-1.6764791604200378,LARETS,1490.9431829999999,-1167.051217,-6801.5341260000005,3149.994461286535,-2072.1912129600723,0.9007372851210675,3770.469777167355
2026-07-19 16:51:00,-325.762024167598,1014.8799754265165,-6978.194185226736,7.485573047752158,0.5101151664778749,-0.27041326170665697,LARETS,144.07141000000001,-1057.514743,-6978.135502,469.833434167598,-2072.394718426516,0.05868322673632065,2124.9854889545854
2026-07-19 16:54:00,1019.3877787595047,1087.6626946333129,-6899.167651799137,7.414960534397361,0.29609987512629443,1.1459110620361352,LARETS,-1204.1736529999998,-874.273478,-6899.972063,-2223.5614317595046,-1961.9361726333127,-0.8044112008628872,2965.3700668504785
2026-07-19 16:57:00,2327.394343901248,1120.8194450801818,-6568.125551050147,7.074060258847674,0.07115564823438095,2.521269986020729,LARETS,-2503.067102,-624.586288,-6569.795051,-4830.461445901248,-1745.4057330801818,-1.6694999498531615,5136.127114922062
2026-07-19 17:00:00,3550.533904452905,1113.1094067209751,-5996.968583934571,6.4747699616595495,-0.15659939392060185,3.8057218586504775,LARETS,-3703.84382,-319.425336,-5999.480903,-7254.377724452905,-1432.5347427209751,-2.512319065428528,7394.468085662974
2026-07-19 17:03:00,4644.069201435383,1064.770362898535,-5206.344040535207,5.638303781035954,-0.3789007460205783,4.95230728845504,LARETS,-4761.521945,26.982163,-5209.646512,-9405.591146435383,-1037.7881998985351,-3.302471464793598,9462.671930700655
2026-07-19 17:06:00,5567.87939245848,977.5196293493616,-4224.956368164121,4.594618343365645,-0.5876224245338556,5.918739758222872,LARETS,-5636.611489,397.777452,-4228.962188,-11204.49088145848,-579.7421773493616,-4.005819835879265,11219.480066004688
2026-07-19 17:09:00,6287.95739957309,854.5024908221095,-3088.577794598899,3.3815075547213964,-0.7750741673559937,6.669037330162062,LARETS,-6296.641872,774.237937,-3093.166639,-12584.59927157309,-80.26455382210952,-4.588844401101142,12584.856069187725
2026-07-19 17:12:00,6777.71234397952,700.1867821629461,-1838.7765473427141,2.0433395588968093,-0.9343004743217393,7.175013036495139,LARETS,-6717.442938,1136.662341,-1843.79877,-13495.15528197952,436.4755588370539,-5.022222657285965,13502.212863857623
2026-07-19 17:15:00,7019.012713243181,520.2046501192987,-521.3973645725454,0.6294433831226288,-1.0593654144588578,7.417518080891399,LARETS,-6884.109052,1465.331571,-526.6807249999999,-13903.12176524318,945.1269208807013,-5.283360427454568,13935.21035469682
2026-07-19 17:18:00,7002.911303688558,321.14578405662866,815.1512512377103,-0.8078007594832087,-1.1456036264499925,7.387328181173246,LARETS,-6791.591012,1741.497159,809.7957299999999,-13794.502315688558,1420.3513749433714,-5.355521237710377,13867.433823438576
2026-07-19 17:21:00,6730.006966959592,110.30998466066087,2121.7302865307875,-2.2150670047626395,-1.1898180015971367,7.0855837556598615,LARETS,-6444.8691770000005,1948.3428529999999,2116.502176,-13174.876143959593,1838.032868339339,-5.2281105307874896,13302.471708931052
2026-07-19 17:24:00,6210.419590671971,-104.56984850933249,3350.338607139528,-3.540251198977277,-1.190408567817202,6.523736323714824,LARETS,-5858.703871000001,2071.871293,3345.438593,-12069.12346167197,2176.4411415093327,-4.900014139528139,12263.79473024862
2026-07-19 17:27:00,5463.380250619549,-315.6210509431835,4455.9272584994005,-4.73455531947389,-1.1474242964905443,5.723006935330139,LARETS,-5056.972377,2101.664469,4451.548151,-10520.352627619548,2417.2855199431833,-4.379107499400561,10794.494331415946
2026-07-19 17:30:00,4516.463574147049,-515.1268700941861,5398.076314100879,-5.754359315713226,-1.0625381745457458,4.7134144239958555,LARETS,-4071.632048,2031.4764850000001,5394.39238,-8588.09562214705,2546.603355094186,-3.6839341008790143,8957.711126994927
2026-07-19 17:33:00,3404.509663846208,-695.8113084909493,6142.465036481171,-6.5627872706850106,-0.9389537534322625,3.53246901551478,LARETS,-2941.378833,1859.634911,6139.618632000001,-6345.888496846208,2555.4462194909493,-2.8464044811707936,6841.097448299804
2026-07-19 17:36:00,2168.2954725063364,-851.101960572889,6662.085077970568,-7.13092211800721,-0.7812566121912004,2.223642041316821,LARETS,-1710.070825,1589.236098,6660.178736,-3878.366297506336,2440.338058572889,-1.9063419705680644,4582.246022628206
2026-07-19 17:39:00,853.0195508732356,-975.3622894636995,6938.165946971007,-7.438667991234369,-0.5952257274842501,0.8347139289480748,LARETS,-424.98471,1228.125753,6937.25908,-1278.0042608732356,2203.4880424636995,-0.9068669710068207,2547.2838998624306
2026-07-19 17:42:00,-493.3388113438587,-1064.0873550065057,6960.798149117905,-7.4752899294001365,-0.38761776639011397,-0.5839237927093736,LARETS,865.0105679999999,788.6691189999999,6960.902736999999,1358.3493793438586,1852.7564740065056,0.10458788209416525,2297.3505608146725
2026-07-19 17:45:00,-1821.7316087502973,-1114.0589768041955,6729.250018444834,-7.2396706483749345,-0.16593302239875374,-1.9809700376146684,LARETS,2111.298346,287.322908,6730.329035,3933.0299547502973,1401.3818848041956,1.079016555166163,4175.236158146891
2026-07-19 17:48:00,-3083.777344281794,-1123.4574442575974,6251.979190980623,-6.740314023589568,0.061833036690097286,-3.305904639404093,LARETS,3267.325312,-255.977229,6253.950134,6351.102656281793,867.4802152575975,1.9709430193770459,6410.072601703463
2026-07-19 17:51:00,-4233.474839577978,-1091.9272653306798,5546.340886263362,-5.995102033972835,0.28745196051293465,-4.510665788292747,LARETS,4290.32816,-818.597095,5549.084482,8523.802999577978,273.33017033067983,2.7435957366378716,8528.184712173224
2026-07-19 17:54:00,-5228.849930302978,-1020.5944659530289,4637.995844885639,-5.030787452533185,0.5027381854182426,-5.551305935904619,LARETS,5142.921511,-1376.1281299999998,4641.365411999999,10371.771441302977,-355.5336640469709,3.369567114360507,10377.863863574297
2026-07-19 17:57:00,-6033.484620980322,-912.0331476528124,3560.024201894328,-3.882190070349013,0.699836062569257,-6.389594854633219,LARETS,5794.491707,-1903.423679,3563.8556519999997,11827.976327980323,-991.3905313471876,3.8314501056715926,11869.452130613176
2026-07-19 18:00:00,-6617.872511328578,-770.1798725686223,2351.759957798558,-2.591067737962341,0.8715107971138064,-6.99450808649667,LARETS,6222.344155000001,-2375.707443,2355.881222,12840.216666328579,-1605.5275704313776,4.121264201442045,12940.20478209275
2026-07-19 18:03:00,-6960.54100657015,-600.1962439447233,1057.374368380356,-1.20465692202664,1.011430641228021,-7.3435125437810695,LARETS,6412.546927,-2769.707663,1061.6133379999999,13373.08793357015,-2169.5114190552767,4.238969619643967,13547.925252424233
2026-07-19 18:06:00,-7048.883212754634,-408.2827363927235,-275.74622233859094,0.22608403305287658,1.1144234936928947,-7.423549310544399,LARETS,6360.427227,-3064.760465,-271.553579,13409.310439754634,-2656.4777286072763,4.192643338590926,13669.912142020417
2026-07-19 18:09:00,-6879.652338436396,-201.45003202533883,-1598.7651486874156,1.648452279809771,1.1766896837813223,-7.231623193599393,LARETS,6070.689133999999,-3243.8266,-1594.7686429999999,12950.341472436396,-3042.376567974661,3.99650568741572,13302.910035256386
2026-07-19 18:12:00,-6459.08866842323,12.7427534586942,-2863.226072059719,3.0100855727598512,1.1959549350268968,-6.774939286497768,LARETS,5557.138218,-3294.365139,-2859.559037,12016.22688642323,-3307.107892458694,3.6670350597191828,12463.012663297313
2026-07-19 18:15:00,-5802.671454752828,226.47114980864504,-4022.8660062732406,4.2610236290794345,1.171553016322743,-6.070572205782911,LARETS,4842.027989,-3209.0166209999998,-4019.6436409999997,10644.699443752828,-3435.4877708086447,3.222365273240939,11185.35707319375
2026-07-19 18:18:00,-4934.511638279872,431.93668450118764,-5035.329076871936,5.355618793809242,1.1044351019784586,-5.14470265012451,LARETS,3955.06899,-2986.064461,-5032.6477350000005,8889.580628279873,-3418.0011455011877,2.6813418719357287,9524.042354322584
2026-07-19 18:21:00,-3886.4220525327605,621.6536374846147,-5863.709423042496,6.254195333421644,0.9971104918621303,-4.031496318469104,LARETS,2932.15159,-2629.652308,-5861.6479500000005,6818.5736425327605,-3251.3059454846148,2.0614730424958907,7554.0678524525565
2026-07-19 18:24:00,-2696.7163775057047,788.719723568465,-6477.867434489954,6.924397042377438,0.8535291916570983,-2.7717224706074233,LARETS,1813.855085,-2149.749881,-6476.485764999999,4510.571462505704,-2938.469604568465,1.38166948995422,5383.294571575494
2026-07-19 18:27:00,-1408.7950801372547,927.0614095270164,-6855.481334478679,7.342205721974632,0.6789196044611554,-1.4112095968636718,LARETS,643.818708,-1561.877218,-6854.822278,2052.6137881372547,-2488.9386275270163,0.6590564786793038,3226.149297413664
2026-07-19 18:30:00,-69.57652479449054,1031.6469403535775,-6982.812176482735,7.4926466539749095,0.47959390308309596,0.0007833827249500293,LARETS,-532.967611,-886.594047,-6982.905849000001,-463.3910862055095,-1918.2409873535776,-0.09367251726598624,1973.4183016057418
2026-07-19 18:33:00,1272.1731548170108,1098.6621377652514,-6855.1718642173455,7.370213071915195,0.2627302752884938,1.4132316321108576,LARETS,-1671.881758,-148.780448,-6856.036413,-2944.0549128170105,-1247.4425857652514,-0.8645487826543103,3197.4322638497397
2026-07-19 18:36:00,2567.563489173847,1125.6452907269813,-6477.089937153008,6.97903752538548,0.03613672569141392,2.775024560146021,LARETS,-2730.343492,623.269713,-6478.7289900000005,-5297.906981173846,-502.3755777269813,-1.639052846992854,5321.672884419084
2026-07-19 18:39:00,3769.3119176561163,1111.5779453260254,-5862.176752896972,6.332818387590018,-0.19200264039496043,4.036658467013319,LARETS,-3669.392924,1398.9172250000001,-5864.572255,-7438.7048416561165,287.3392796739747,-2.395502103027866,7444.252771188793
2026-07-19 18:42:00,4833.439583223874,1056.9284025268762,-5032.681117824494,5.45448433048069,-0.4133993464451964,5.151937105108238,LARETS,-4455.128477,2146.3758820000003,-5035.788028,-9288.568060223875,1089.447479473124,-3.106910175505618,9352.240484121026
2026-07-19 18:45:00,5720.880447949459,963.644749030518,-4018.74276391909,4.375560284230061,-0.6199490970437613,6.079655816087082,LARETS,-5059.963665,2834.006543,-4022.48692,-10780.84411294946,1870.3617939694818,-3.744156080909761,10941.885899915176
2026-07-19 18:48:00,6398.946378580584,835.0948250390067,-2857.347152960031,3.13519534124285,-0.8040314932851448,6.785213367702672,LARETS,-5463.645576999999,3431.658285,-2861.622363,-11862.591955580583,2596.5634599609934,-4.275210039968897,12143.444650659492
2026-07-19 18:51:00,6842.585031675064,675.9520692055193,-1591.0030854453785,1.77883118777783,-0.9588093391867083,7.242063525456553,LARETS,-5653.9897089999995,3911.9963909999997,-1595.672522,-12496.574740675063,3236.0443217944803,-4.669436554621598,12908.771626515596
2026-07-19 18:54:00,7035.366590105505,492.0287686395372,-266.1815008229594,0.35652682796547513,-1.0785105620626465,7.432898041703421,LARETS,-5627.291285,4251.7571100000005,-271.083512,-12662.657875105506,3759.728341360463,-4.902011177040606,13209.030459973743
2026-07-19 18:57:00,6970.14241590609,290.0616126258138,1068.4263369018433,-1.078997153970973,-1.1586728101037087,7.350453440419287,LARETS,-5388.382894,4432.859573,1063.469815,-12358.52530990609,4142.797960374186,-4.956521901843416,13034.413962398898
2026-07-19 19:00:00,6649.334245625177,77.45803283238303,2363.7555584026063,-2.4744865510144356,-1.1963315624527744,6.997858864152564,LARETS,-4950.326182,4443.312139000001,2358.9320150000003,-11599.660427625176,4365.854106167618,-4.823543402605992,12394.064199411148
2026-07-19 19:03:00,6084.835040486319,-137.98509998477024,3572.2324808403746,-3.778315735657783,-1.1901372821867837,6.38848705863331,LARETS,-4333.748245,4277.858437,3567.7313280000003,-10418.583285486318,4415.84353698477,-4.501152840374289,11315.766526405621
2026-07-19 19:06:00,5297.52838877846,-348.37689954853556,4649.568643977219,-4.942540312502987,-1.1403947652304547,5.5453247889418344,LARETS,-3565.865733,3938.335321,4645.57083,-8863.39412177846,4286.712220548536,-3.9978139772192662,9845.591551668884
2026-07-19 19:09:00,4316.457847995291,-546.0280345314313,5556.402890529191,-5.924716203615922,-1.0490265054264196,4.499929121603594,LARETS,-2679.253986,3433.724684,5553.069391,-6995.71183399529,3979.752718531431,-3.3334995291907035,8048.504636091053
2026-07-19 19:12:00,3177.696603014775,-723.7335159080964,6259.725646937198,-6.689400692903875,-0.9194694321889577,3.291069874543659,LARETS,-1710.428545,2779.903284,6257.187807,-4888.125148014775,3503.6367999080962,-2.537839937197532,6014.0871900028405
2026-07-19 19:15:00,1922.9787128976957,-875.0319299574566,6734.038957717628,-7.209298833749132,-0.7565190032842936,1.9631690628704095,LARETS,-698.30985,1999.1084939999998,6732.391141,-2621.2885628976956,2874.1404239574563,-1.6478167176283023,3889.966532234506
2026-07-19 19:18:00,598.1557398075997,-994.4330007303558,6962.224947729484,-7.466061524810587,-0.5661355198332965,0.5646355221801328,LARETS,317.35228600000005,1119.149591,6961.516046,-280.8034538075997,2113.582591730356,-0.7089017294838413,2132.154416142871
2026-07-19 19:21:00,-748.4613318522433,-1077.607856018821,6936.110610698334,-7.450768544932072,-0.35522502186083954,-0.8538358011542143,LARETS,1297.531679,172.40187,6936.339339,2045.9930108522433,1250.0097260188209,0.2287283016657966,2397.6262777827806
2026-07-19 19:24:00,-2067.821818983668,-1121.538198438611,6656.726278564806,-7.164135719654016,-0.1314025936626551,-2.2409635786612374,LARETS,2205.409134,-805.3824109999999,6657.841442,4273.2309529836675,316.1557874386111,1.1151634351936082,4284.910559516747
2026-07-19 19:27:00,-3311.869707131907,-1124.621557251046,6134.259145219525,-6.616472148065629,0.09725872125232993,-3.546568053899285,LARETS,3007.7394160000003,-1776.411646,6136.166234,6319.609123131908,-651.7900887489541,1.907088780475533,6353.13256795032
2026-07-19 19:30:00,-4435.248198071321,-1086.7300730223787,5387.704060265459,-5.827389287436768,0.32249309685564664,-4.723245506825915,LARETS,3676.0641600000004,-2702.301617,5390.276047,8111.312358071322,-1615.5715439776213,2.571986734541497,8270.638802355386
2026-07-19 19:33:00,-5396.928061797191,-1009.2202752854871,4444.214779071002,-4.825240295875181,0.5361209166535724,-5.728017445224317,LARETS,4187.731785,-3545.585563,4447.30323,9584.65984679719,-2536.365287714513,3.0884509289980997,9914.578296128315
2026-07-19 19:36:00,-6161.708245666822,-894.8915962076798,3338.163111412207,-3.6462565061518246,0.7303383368629612,-6.523917643641707,LARETS,4526.687237,-4271.235057,3341.60906,10688.395482666823,-3376.34346079232,3.445948587793282,11208.99215066588
2026-07-19 19:39:00,-6701.531614511602,-747.8923849081917,2109.9228418901344,-2.3333552626798655,0.8980091659199818,-7.081449520426014,LARETS,4684.000369,-4848.13221,2113.5662340000003,11385.531983511602,-4100.239825091808,3.6433921098659994,12101.335399249978
2026-07-19 19:42:00,-6996.556254289125,-573.5741670817059,804.4098278884503,-0.9346202145020748,1.0329454481522233,-7.379821934000937,LARETS,4658.1050159999995,-5250.423939,808.096083,11654.661270289125,-4676.849771918294,3.6862551115497126,12558.027978259415
2026-07-19 19:45:00,-7035.926505739644,-378.2977218171918,-530.5727758200723,0.49850449671405855,1.1301593312793214,-7.407863487831526,LARETS,4454.7297929999995,-5458.689269,-526.987838,11490.656298739643,-5080.391547182809,3.5849378200722413,12563.660823988792
2026-07-19 19:48:00,-6818.199292005745,-169.19779970538252,-1846.118178162696,1.913221666414003,1.1860680258089984,-7.164529192828551,LARETS,4086.523032,-5460.858715,-1842.762343,10904.722324005745,-5291.660915294618,3.3558351626959393,12120.835592802814
2026-07-19 19:51:00,-6351.399742217343,46.08363001203728,-3094.0498572914084,3.257472002312308,1.1986365265490506,-6.658947541618962,LARETS,3572.388123,-5252.835182,-3091.030914,9923.787865217344,-5298.918812012037,3.0189432914085046,11249.894012129567
2026-07-19 19:54:00,-5652.702958922627,259.68346337239524,-4228.721859805291,4.48197616906286,1.1674487691952893,-5.910003087547121,LARETS,2936.560915,-4838.779941,-4226.126889,8589.263873922628,-5098.463404372395,2.5949708052912683,9988.48285354039
2026-07-19 19:57:00,-4747.762120508725,463.80974100887244,-5208.705168770684,5.542104403181146,1.0937055989629445,-4.945497898431939,LARETS,2207.48026,-4231.052804,-5206.60375,6955.242380508726,-4694.862545008872,2.1014187706841767,8391.491840198185
2026-07-19 20:00:00,-3669.7228978875664,651.0273818460146,-5998.291204004041,6.399479912343048,0.9801553929952908,-3.800972791974302,LARETS,1416.51269,-3449.812973,-5996.739844,5086.235587887566,-4100.840354846015,1.5513600040412712,6533.504915292054
2026-07-19 20:03:00,-2457.977382820511,814.5262018410505,-6568.759999079356,7.02326407229154,0.8309685650168218,-2.5182874084732574,LARETS,596.601655,-2522.3107379999997,-6567.803779,3054.579037820511,-3336.83693984105,0.9562200793561715,4523.8186055297465
2026-07-19 20:06:00,-1156.716247155422,948.362307633952,-6899.378364149467,7.391113398458969,0.651569321825222,-1.1440542740656336,LARETS,-219.101642,-1481.9078160000001,-6899.0541220000005,937.614605155422,-2430.270123633952,0.3242421494669543,2604.867391396636
2026-07-19 20:09:00,186.66329988912972,1047.6662914765823,-6978.108708019836,7.489828959077617,0.4484367957079159,0.27199986744839494,LARETS,-998.567642,-366.861448,-6978.447326,-1185.2309418891298,-1414.5277394765822,-0.33861798016459943,1845.4433684137425
2026-07-19 20:12:00,1523.241263019399,1108.813528412869,-6802.019713500513,7.31573094545406,0.22888395999622763,1.678702582421883,LARETS,-1712.129206,781.078262,-6803.045224,-3235.370469019399,-327.7352664128689,-1.0255104994876092,3251.9276634521416
2026-07-19 20:15:00,2804.303290638832,1129.5529865014557,-6377.395237772465,6.874783517068647,0.0008182153063135569,3.025118457742278,LARETS,-2333.5990920000004,1918.212459,-6379.119541,-5137.902382638833,788.6594724985443,-1.7243032275346195,5198.079225089697
2026-07-19 20:18:00,3983.069491194274,1109.0913292454657,-5719.539172891887,6.182473430813691,-0.22751590874555833,4.262244056838183,LARETS,-2841.227256,3000.536471,-5721.95479,-6824.296747194274,1891.4451417545342,-2.4156171081131106,7081.567386761153
2026-07-19 20:21:00,5016.377713055193,1048.1290493888891,-4852.274530763374,5.263420792167183,-0.44781237837776655,5.344708067012735,LARETS,-3218.472777,3985.4360269999997,-4855.349998,-8234.850490055192,2937.3069776111106,-3.0754672366256273,8743.02832734653
2026-07-19 20:24:00,5866.269777793219,948.845450725119,-3807.138089585487,4.150683397777628,-0.6519957943795701,6.232446889461346,LARETS,-3454.5648659999997,4833.382946000001,-3810.8149670000003,-9320.83464379322,3884.5374952748816,-3.6768774145134557,10097.900946660146
2026-07-19 20:27:00,6501.421995171023,814.8300246047487,-2622.280122518586,2.8847169427073385,-0.8325233584360779,6.892293336699279,LARETS,-3544.823599,5509.558588999999,-2626.466611,-10046.245594171023,4694.728564395251,-4.186488481414017,11089.07319654962
2026-07-19 20:30:00,6898.356159420957,650.9595024241312,-1341.0928061624425,1.5119755025212112,-0.9826839809631844,7.299385355095989,LARETS,-3490.7224300000003,5985.329935,-1345.661629,-10389.078589420957,5334.370432575868,-4.568822837557491,11678.547971526541
2026-07-19 20:33:00,7042.367775015093,463.2226341523195,-10.609456776545558,0.08317667938555483,-1.0968767219183737,7.438284802358693,LARETS,-3299.688963,6239.513893,-15.403069,-10342.056738015093,5776.291258847681,-4.793612223454442,11845.830543194583
2026-07-19 20:36:00,6928.11691697067,258.4982151344712,1320.2635554134765,-1.3486961632956793,-1.1708483821449056,7.303701612066487,LARETS,-2984.645563,6259.351486,1315.422344,-9912.76247997067,6000.853270865528,-4.841211413476458,11587.628031659444
2026-07-19 20:39:00,6559.844205161086,44.29544791207987,2602.6037849285976,-2.730539174159465,-1.2018715551942958,6.9007479194152594,LARETS,-2563.31129,6041.137922,2597.902515,-9123.155495161087,5996.84247408792,-4.701269928597412,10917.60541281154
2026-07-19 20:42:00,5951.197807168114,-171.53133288966706,3789.3306298487955,-4.011279752867807,-1.1888497824062791,6.244694275646711,LARETS,-2057.290418,5590.45885,3784.96209,-8008.488225168114,5761.990182889667,-4.368539848795535,9865.922846065321
2026-07-19 20:45:00,5124.683275073988,-381.07983006547295,4836.976120857251,-5.1438928877640615,-1.1323444370935265,5.360254564416468,LARETS,-1491.0111510000002,4922.029576999999,4833.127996,-6615.694426073987,5303.109407065473,-3.8481248572506956,8478.82049170506
2026-07-19 20:48:00,4110.771743018338,-576.6949248845459,5707.289829029838,-6.0871644293462985,-1.0345266069114227,4.280474078243641,LARETS,-890.573219,4059.159234,5704.131529,-5001.344962018338,4635.854158884546,-3.1583000298378465,6819.428508783741
2026-07-19 20:51:00,2946.71958491565,-751.2491407526969,6368.615588019419,-6.807125754794432,-0.8990643869055185,3.0453249473257187,LARETS,-282.56014899999997,3032.870953,6366.285217000001,-3229.27973391565,3784.120093752697,-2.330371019418635,4974.717872849709
2026-07-19 20:54:00,1675.1618736377116,-898.3980744873646,6796.997395269932,-7.278132201156953,-0.730959992372986,1.700118958730751,LARETS,307.120737,1880.727581,6795.590256,-1368.0411366377116,2779.125655487365,-1.4071392699315766,3097.5922812019667
2026-07-19 20:57:00,342.54306979969255,-1012.8031103243104,6976.990464992144,-7.483598197199381,-0.5363513225011596,0.29383135785014924,LARETS,854.323919,645.4208050000001,6976.551398,511.7808492003075,1658.2239153243104,-0.4390669921440349,1735.4038099939442
2026-07-19 21:00:00,-1002.5563716968296,-1090.3161308043896,6902.16760096492,-7.416425157466335,-0.3222896079098562,-1.1226012905332168,LARETS,1337.6368659999998,-626.8215309999999,6902.687771,2340.1932376968293,463.4945998043896,0.5201700350799001,2385.6512537222757
2026-07-19 21:03:00,-2311.1457524446937,-1128.1226147359746,6575.3193769189165,-7.079160056099753,-0.09650007485667583,-2.4979786970099975,LARETS,1739.203725,-1887.954191,6576.739614,4050.3494774446935,-759.8315762640254,1.4202370810835419,4121.004359473275
2026-07-19 21:06:00,-3535.5560686272224,-1124.840337127073,6008.34979877706,-6.4839064845260745,0.13287188731862606,-3.782522307260415,LARETS,2045.377798,-3089.9128259999998,6010.570081,5580.933866627222,-1965.0724888729267,2.2202822229401136,5916.784400317885
2026-07-19 21:09:00,-4631.1336528888705,-1080.5710732880978,5221.869718741871,-5.651985065270678,0.3575290098779801,-4.929546446353448,LARETS,2247.183645,-4186.436761,5224.760471,6878.317297888871,-3105.865687711902,2.8907522581284866,7547.02980496248
2026-07-19 21:12:00,-5557.848344196962,-996.9027237972728,4244.491648756075,-4.6133181803191565,0.5693042853336261,-5.897099505841588,LARETS,2340.573079,-5134.853697,4247.90221,7898.421423196962,-4137.950973202727,3.410561243925258,8916.709643527376
2026-07-19 21:15:00,-6281.76349671528,-876.8596635427555,3111.8347731451126,-3.405505679664593,0.7604529191774401,-6.649532514426599,LARETS,2326.47034,-5897.7642829999995,3115.602059,8608.23383671528,-5020.904619457244,3.7672858548871773,9965.499845853177
2026-07-19 21:18:00,-6776.309876709776,-724.800308787483,1865.2594381335741,-2.0725694801016035,0.9239448087676476,-7.158922065337593,LARETS,2210.599651,-6444.5618190000005,1869.214995,8986.909527709777,-5719.761510212517,3.9555568664259226,10652.709995084793
2026-07-19 21:21:00,-7023.304026880363,-546.2630555685713,550.3657248452768,-0.6633750500171431,1.0537430227828246,-7.406252609102726,LARETS,2003.0986799999998,-6752.708081000001,554.3424170000001,9026.402706880363,-6206.44502543143,3.9766921547233096,10954.26499106901
2026-07-19 21:24:00,-7013.656813597582,-347.76469876765765,-784.6915350177429,0.7702204242376639,1.1450503803193222,-7.3822590521849465,LARETS,1717.9380409999999,-6808.706075,-780.848062,8731.594854597583,-6460.941376232342,3.8434730177428946,10862.06826273113
2026-07-19 21:27:00,-6747.730725170866,-136.55872458070397,-2091.0024419874926,2.175401219478068,1.1945060846592295,-7.087848575140522,LARETS,1372.168727,-6608.716643,-2087.426046,8119.899452170866,-6472.157918419296,3.5763959874925604,10383.718410325397
2026-07-19 21:30:00,-6235.324024380661,79.63615202267572,-3320.7361192326766,3.500485073456796,1.20031786231059,-6.534057999097006,LARETS,985.0308689999999,-6158.765633999999,-3317.539838,7220.354893380661,-6238.401786022675,3.1962812326764833,9542.07481873993
2026-07-19 21:33:00,-5495.283126371472,292.92476527250267,-4428.925337528508,4.696941387680783,1.1623215085567862,-5.74155127953996,LARETS,576.981209,-5474.537351,-4426.203137,6072.264335371472,-5767.4621162725025,2.7222005285075284,8374.725119765935
2026-07-19 21:36:00,-4554.767540930277,495.52839375223317,-5375.122960043359,5.721216358086785,1.08196757316037,-4.739708822340486,LARETS,168.69149900000002,-4580.774473,-5372.952190999999,4723.459039930278,-5076.302866752234,2.1707690433595417,6933.968618989723
2026-07-19 21:39:00,-3448.210444375141,680.0691972656272,-6124.864114421636,6.536278587395713,0.9622421592393323,-3.565394681528776,LARETS,-219.935888,-3510.322625,-6123.307848,3228.274556375141,-4190.391822265627,1.5562664216358826,5289.720470631216
2026-07-19 21:42:00,-2216.0297238378635,839.835352856181,-6650.885037550062,7.112841529049043,0.8075336920725094,-2.2615016466407165,LARETS,-570.6858599999999,-2302.870228,-6649.9949289999995,1645.3438638378634,-3142.7055808561813,0.8901085500629051,3547.3589599174666
2026-07-19 21:45:00,-903.1484497625537,969.0183645547454,-6934.067110787964,7.430259739388549,0.6234590373998524,-0.8753663902196397,LARETS,-867.842171,-1003.443488,-6933.885268,35.30627876255369,-1972.4618525547453,0.18184278796434228,1972.7778197685
2026-07-19 21:48:00,442.6184170554653,1062.916309705478,-6964.089185458794,7.477123457226129,0.41666056615576563,0.5428775075502283,LARETS,-1098.861944,339.280364,-6964.648703,-1541.4803610554652,-723.635945705478,-0.5595175412054232,1702.883142936305
2026-07-19 21:51:00,1772.2597012476779,1118.0985348543618,-6739.780778000522,7.251584208971483,0.19458175879195855,1.9419715511520947,LARETS,-1254.889343,1674.783887,-6741.103247,-3027.149044247678,556.6853521456383,-1.3224689994776782,3077.9102758702047
2026-07-19 21:54:00,3037.299841944279,1132.528277492852,-6269.172994539094,6.761433259208068,-0.03477552657031017,3.2712175484048616,LARETS,-1331.092905,2952.585826,-6271.262479,-4368.392746944279,1820.0575485071479,-2.0894844609056236,4732.385131979279
2026-07-19 21:57:00,4191.5226214080885,1105.639949745631,-5569.244993398684,6.023931544196888,-0.2631120739767205,4.482174638347339,LARETS,-1326.816469,4124.1332059999995,-5572.083177,-5518.339090408089,3018.4932562543686,-2.838183601316814,6289.9424409182975
2026-07-19 22:00:00,5192.6400607469195,1038.3677565050016,-4665.36455866017,5.065365251139574,-0.4821108993831247,5.530357934680762,LARETS,-1245.538479,5144.654925,-4668.9075250000005,-6438.178539746919,4106.287168494999,-3.542966339830855,7636.213051795696
2026-07-19 22:03:00,6003.853632168077,933.1224773813648,-3590.4252528058346,3.920287126151203,-0.6837328817816203,6.376903256736019,LARETS,-1094.63968,5974.910726,-3594.600551,-7098.493312168077,5041.788248618635,-4.175298194165407,8706.793524594395
2026-07-19 22:06:00,6595.2478714598265,793.7141365614273,-2383.6919294472195,2.630408393073315,-0.860520675695537,6.99012922534497,LARETS,-884.985545,6582.7611830000005,-2388.393676,-7480.233416459827,5789.0470464385735,-4.701746552780605,9458.69863020395
2026-07-19 22:09:00,6944.952171862183,625.2202202766308,-1089.381491290661,1.2431321844457341,-1.0058971231799863,7.346899045077279,LARETS,-630.337585,6944.484956,-1094.468389,-7575.289756862183,6319.264735723369,-5.086897709338928,9864.996075878915
2026-07-19 22:12:00,7040.008506082844,433.8020423944806,244.9751551375537,-0.19023820541447048,-1.1144396073136125,7.433671182584878,LARETS,-346.620308,7045.775426,239.676772,-7386.628814082844,6611.973383605519,-5.298383137553714,9913.652471990867
2026-07-19 22:15:00,6876.893134171401,226.47541332737921,1570.324559075428,-1.616534835877109,-1.1821100418916983,7.247138123117608,LARETS,-51.077144999999994,6882.358319,1565.012342,-6927.970279171401,6655.882905672621,-5.312217075427952,9607.162831073361
2026-07-19 22:18:00,6461.658864961461,10.84528903389119,2837.9547167011187,-2.9828824920016452,-1.2064224089388667,6.794385769737966,LARETS,238.637971,6460.184967,2832.8428339999996,-6223.020893961461,6449.339677966109,-5.111882701119157,8962.142459245648
2026-07-19 22:21:00,5809.688676011359,-205.18314803127433,4001.3428722122535,-4.238834731863038,-1.1865356913782588,6.092555918499017,LARETS,505.380991,5795.184642,3996.650527,-5304.307685011359,6000.367790031274,-4.692345212253713,8008.752440362916
2026-07-19 22:24:00,4945.077320831992,-413.70305976185415,5017.90016949976,-5.338349603135629,-1.1232683290135173,5.168048486387645,LARETS,733.403869,4912.610053,5013.834755,-4211.673451831993,5326.313112761854,-4.065414499759754,6790.274012706729
2026-07-19 22:27:00,3899.6803569291988,-607.1003471279834,5850.537115738745,-6.241494383929292,-1.0190388746399348,4.055345289047628,LARETS,909.161079,3846.001846,5847.284828,-2990.519277929199,4453.102193127984,-3.2522877387455082,5364.0782312978035
2026-07-19 22:30:00,2711.886104516588,-778.3315323877808,6468.9912088807905,-6.915812939970758,-0.877744221943734,2.795562552066037,LARETS,1021.9962879999999,2635.8350929999997,6466.702327,-1689.8898165165883,3414.1666253877806,-2.288881880790541,3809.4968928794938
2026-07-19 22:33:00,1425.1736417281693,-921.1752012265727,6850.877861142036,-7.33733676405587,-0.7045901204520388,1.4348405683168104,LARETS,1064.680098,1327.931953,6849.65443,-360.49354372816924,2249.1071542265727,-1.2234311420361337,2277.814760476937
2026-07-19 22:36:00,86.51968340672738,-1030.4497415650953,6982.443720420817,-7.491258593972645,-0.5058882670109186,0.022658978875836056,LARETS,1033.776037,-28.301997,6982.332425,947.2563535932727,1002.1477445650953,-0.11129542081744148,1378.9832173548746
2026-07-19 22:39:00,-1255.288267825179,-1102.1924085999615,6859.014604026002,-7.372306644482714,-0.2888308240943108,-1.3898657303264177,LARETS,929.825339,-1381.74319,6860.003928,2185.113606825179,-279.55078140003843,0.9893239739976707,2202.9233061720147
2026-07-19 22:42:00,-2551.3820590390123,-1133.7962656371683,6485.137471225901,-6.984855442091661,-0.061248407378585695,-2.7516754927296443,LARETS,757.343742,-2681.4614309999997,6487.16424,3308.7258010390124,-1547.6651653628314,2.026768774098855,3652.7986528592673
2026-07-19 22:45:00,-3754.540822983246,-1124.102232385988,5874.418311202608,-6.342790611741139,0.16864661870569697,-4.013453637869184,LARETS,524.62977,-3878.623066,5877.377963999999,4279.170592983246,-2754.520833614012,2.9596527973917546,5089.076020871657
2026-07-19 22:48:00,-4820.8720413974615,-1073.4435859699233,5049.058299539027,-5.469119675118076,0.39253164422312575,-5.129292223447281,LARETS,243.391872,-4928.319654,5052.808949,5064.263913397462,-3854.8760680300766,3.7506494609733636,6364.499395222076
2026-07-19 22:51:00,-5711.397650146465,-983.6402994985427,4039.092473766648,-4.395300886133536,0.6022591019796615,-6.058323709169256,LARETS,-71.787927,-5791.260497,4043.4601230000003,5639.609723146465,-4807.620197501457,4.367649233352495,7410.696921963002
2026-07-19 22:54:00,-6393.491360748949,-857.941108890048,2881.3412859855625,-3.16025729213282,0.790150625034566,-6.766268402132315,LARETS,-404.140175,-6435.285986,2886.131413,5989.351185748948,-5577.344877109952,4.79012701443753,8184.077617531115
2026-07-19 22:57:00,-6842.1085599759945,-700.9125657307626,1618.0968988959696,-1.8090583149746786,0.9492897492628364,-7.226819437692833,LARETS,-735.51996,-6836.625940999999,1623.105603,6106.588599975995,-6135.713375269237,5.0087041040303575,8656.640690240723
2026-07-19 23:00:00,-7040.749756973832,-518.2766689476337,295.5821269772955,-0.391284192598143,1.0737977713609062,-7.4227678966465565,LARETS,-1047.304311,-6980.837713000001,300.608759,5993.445445973832,-6462.561044052367,5.0266320227045185,8813.972363752746
2026-07-19 23:03:00,-6982.105128038754,-316.7017390147867,-1037.7622502298104,1.0408685456878852,1.159074480287669,-7.346770672085834,LARETS,-1321.334518,-6863.3778059999995,-1032.904965,5660.770610038754,-6546.676066985213,4.857285229810486,8654.670127667217
2026-07-19 23:06:00,-6668.341979916913,-103.5544929862798,-2333.090257662243,2.434641540953626,1.2019859820762577,-7.001685792497321,LARETS,-1540.850012,-6489.758716,-2328.5714190000003,5127.491967916913,-6386.20422301372,4.518838662242615,8189.920553887784
2026-07-19 23:09:00,-6111.017476109648,113.3758473640299,-3542.981925817474,3.738802770182144,1.2009859496603683,-6.400440213604289,LARETS,-1691.364396,-5875.289277,-3538.94814,4419.653080109648,-5988.66512436403,4.033785817473927,7442.946969562846
2026-07-19 23:12:00,-5330.622511407075,326.1687123176934,-4623.209351863865,4.905636535972925,1.1561634802628378,-5.565444108147203,LARETS,-1761.441816,-5044.413364,-4619.783982,3569.180695407075,-5370.5820763176935,3.425369863864944,6448.427281755615
2026-07-19 23:15:00,-4355.785066329416,527.0653862952846,-5534.360793324091,5.892720949219822,1.0692186406286652,-4.52761120392135,LARETS,-1743.331185,-4029.680588,-5531.6455750000005,2612.4538813294157,-4556.745974295285,2.7152183240905288,5252.509545801889
2026-07-19 23:18:00,-3222.1789365302698,708.7518793581738,-6243.259710685504,6.664414169848988,0.9433737356952792,-3.3250756249513453,LARETS,-1633.42889,-2870.414691,-6241.335483,1588.7500465302699,-3579.166570358174,1.9242276855038654,3915.937148547154
2026-07-19 23:21:00,-1971.1940426809447,864.6209703372011,-6724.133125445597,7.193014012691365,0.7832326811845136,-2.001705385754889,LARETS,-1432.551212,-1611.1469169999998,-6723.062766,538.6428306809446,-2475.767887337201,1.0703594455972052,2533.6858283306224
2026-07-19 23:24:00,-648.4272818074148,989.0052795742521,-6959.500909594731,7.45959440982416,0.5946017630829981,-0.6055011108280537,LARETS,-1146.0068079999999,-299.88198,-6959.331639,-497.57952619258504,-1288.887259574252,0.16927059473073314,1381.5989944377484
2026-07-19 23:27:00,697.9501543657409,1077.3754525094116,-6940.771342834062,7.454546381396953,0.38428277956916773,0.8130579018783228,LARETS,-783.470229,1013.730149,-6941.533175,-1481.420383365741,-63.64530350941163,-0.7618321659374487,1482.7871247412936
2026-07-19 23:30:00,2018.8987108002484,1126.4991525076166,-6668.53670907445,7.177855487574717,0.15984532625929881,2.202688732368536,LARETS,-358.65846999999997,2280.2538539999996,-6670.237912,-2377.5571808002483,1153.754701492383,-1.7012029255492962,2642.7128018916464
2026-07-19 23:33:00,3266.2441016192106,1134.557380295407,-6152.5661562950045,6.639133827002127,-0.07061937078315196,3.512992542633008,LARETS,111.177519,3452.305892,-6155.188695000001,-3155.0665826192107,2317.7485117045926,-2.622538704996259,3914.8959350126506
2026-07-19 23:36:00,4394.3942613511945,1101.2148009169568,-5411.493695587184,5.857400301266455,-0.298763331969355,4.696153320597572,LARETS,605.9354529999999,4486.323992,-5414.99171,-3788.4588083511944,3385.109191083043,-3.4980144128157917,5080.491768936692
2026-07-19 23:39:00,5361.991936558715,1027.640690251525,-4472.200339199829,4.860579522883933,-0.5162654250875448,5.708633712314503,LARETS,1103.49849,5344.205935999999,-4476.497789,-4258.493446558715,4316.565245748474,-4.297449800171307,6063.622714455599
2026-07-19 23:42:00,6133.448691759076,916.4773675699237,-3368.894179803681,3.6846787685632214,-0.715130357963633,6.512826342928412,LARETS,1580.695501,5994.761706,-3373.8834049999996,-4552.753190759076,5078.284338430077,-4.989225196318785,6820.304856110114
2026-07-19 23:45:00,6680.2992715210385,771.7540517160039,-2141.902669287381,2.37261126038095,-0.8879941925502592,7.0785856771758535,LARETS,2014.349023,6414.915112,-2147.4429959999998,-4665.950248521039,5643.1610602839955,-5.540326712618935,7322.321296501486
2026-07-19 23:48:00,6982.311915470604,598.7462158836289,-836.2074176343453,0.9726637763727797,-1.028421533373182,7.3845387404882485,LARETS,2382.363276,6590.595758,-842.126252,-4599.948639470604,5991.849542116372,-5.918834365654675,7553.927683909072
2026-07-19 23:51:00,7028.293682110999,403.7836176309849,500.22871977680904,-0.46334897065290476,-1.131175174644163,7.419063955949201,LARETS,2664.798946,6517.267784,494.13453100000004,-4363.494736110999,6113.484166369015,-6.0941887768090055,7510.979437040811
2026-07-19 23:54:00,6816.541796230356,194.01379763217065,1818.2734878683361,-1.8821530813437954,-1.1924379050018534,7.1808420050368404,LARETS,2844.8748339999997,6200.055964,1812.2335959999998,-3971.6669622303566,6006.04216636783,-6.039891868336326,7200.466474010851
2026-07-19 23:57:00,6354.9118867437055,-22.868703919274097,3069.492960871609,-3.231179646952047,-1.209969107136378,6.678919880677307,LARETS,2909.842399,5653.463712000001,3063.75185,-3445.0694877437054,5676.332415919274,-5.741110871608726,6639.976387891199
